# Blender 5.2.1 LTS
# www.blender.org
mtllib Bathroom Soap Box - blender.mtl
o bathroom_wall_mounted_soap_box_printable
v -60.000000 2.824999 0.000000
v -60.000000 2.824999 -81.600006
v -60.000000 18.574999 -81.600006
v 60.000000 2.824999 -81.600006
v -60.000000 28.574999 0.000000
v 60.000000 18.574999 -81.600006
v 60.000000 2.824999 0.000000
v 60.000000 28.574999 0.000000
v -60.000000 3.200000 0.250000
v -60.000000 0.000002 -0.250000
v -60.000000 3.200000 -85.000000
v 60.000000 3.200000 0.250000
v 60.000000 0.000002 -0.250000
v 60.000000 3.200000 -85.000000
v -60.000000 3.200000 -0.250000
v 60.000000 3.200000 -0.057999
v 60.000000 3.200000 -0.250000
v 60.000000 3.181232 -0.250000
v 60.000000 3.188413 -0.058697
v -60.000000 3.200000 0.000000
v -60.000000 2.824999 -0.250000
v 60.000000 3.200000 -83.762131
v 60.000000 28.499264 -0.250000
v 60.000000 3.200000 0.000000
v 60.000000 2.824999 -0.250000
v 60.000000 28.574999 -0.130932
v 60.000000 3.199726 -83.763039
v 60.000000 28.535368 -0.130821
v 60.000000 3.200000 -81.600006
v 60.000000 3.854999 -81.600006
v -60.000000 3.184956 -81.600006
v -60.000000 3.200000 -81.600006
v -60.000000 4.217993 -81.600006
v -60.000000 4.133424 -81.882462
v -60.000000 3.200000 -81.680954
v -60.000000 3.185300 -81.677780
v 60.000000 7.571398 -83.975388
v -39.000000 3.200000 -14.500002
v -39.000000 3.200002 -14.500000
v -39.000000 3.200002 -14.500002
v -39.000000 3.200000 -14.500000
v -39.000000 3.200001 -14.499998
v -39.000000 3.200000 -14.500000
v -39.000000 3.200001 -14.500000
v -39.000000 3.200001 -14.499998
v -39.000000 3.200001 -14.499998
v -39.000000 3.200002 -14.499998
v -39.000000 3.200002 -14.499998
v -39.000000 3.200001 -14.499998
v -39.000000 3.200001 -14.499998
v -39.000000 3.200001 -14.499998
v -39.000000 3.200001 -14.500000
v -39.000000 3.200001 -14.500000
v -39.000000 3.200002 -14.500000
v -39.000000 3.200001 -14.500000
v -39.000000 3.200001 -14.500000
v 33.000000 3.200000 -14.500002
v 33.000000 3.200002 -14.500000
v 33.000000 3.200002 -14.500002
v 33.000000 3.200000 -14.500000
v 33.000000 3.200001 -14.499998
v 33.000000 3.200000 -14.500000
v 33.000000 3.200001 -14.500000
v 33.000000 3.200001 -14.499998
v 33.000000 3.200001 -14.499998
v 33.000000 3.200002 -14.499998
v 33.000000 3.200002 -14.499998
v 33.000000 3.200001 -14.499998
v 33.000000 3.200001 -14.499998
v 33.000000 3.200001 -14.499998
v 33.000000 3.200001 -14.500000
v 33.000000 3.200001 -14.500000
v 33.000000 3.200002 -14.500000
v 33.000000 3.200001 -14.500000
v 33.000000 3.200001 -14.500000
v -49.700001 2.950001 -28.000000
v -49.700001 2.950000 -27.999998
v -49.700001 2.950002 -27.999996
v -49.700005 2.950001 -27.999998
v -49.700005 2.950001 -27.999998
v -49.700005 2.950001 -27.999998
v -49.700005 2.950001 -27.999998
v -49.700005 2.950001 -27.999998
v -49.700005 2.950001 -27.999998
v -49.700005 2.950000 -27.999996
v -49.700005 2.950001 -27.999996
v -49.700005 2.950000 -27.999998
v -49.700005 2.950001 -27.999998
v -49.700005 2.950001 -27.999996
v -49.700005 2.950002 -27.999996
v -49.700005 2.950002 -27.999996
v -49.700005 2.950001 -27.999996
v -49.700005 2.950001 -27.999996
v -49.700005 2.950001 -27.999998
v 9.000002 3.200000 -14.500002
v 9.000002 3.200002 -14.500000
v 9.000000 3.200002 -14.500002
v 9.000002 3.200000 -14.500000
v 9.000002 3.200001 -14.499998
v 9.000001 3.200000 -14.500000
v 9.000001 3.200001 -14.500000
v 9.000001 3.200001 -14.499998
v 9.000001 3.200001 -14.499998
v 9.000001 3.200002 -14.499998
v 9.000001 3.200002 -14.499998
v 9.000002 3.200001 -14.499998
v 9.000001 3.200001 -14.499998
v 9.000001 3.200001 -14.499998
v 9.000000 3.200001 -14.500000
v 9.000001 3.200001 -14.500000
v 9.000000 3.200002 -14.500000
v 9.000000 3.200001 -14.500000
v 9.000001 3.200001 -14.500000
v 33.000000 6.599998 -14.500000
v 33.000000 6.600000 -14.500002
v 33.000000 6.599998 -14.500002
v 33.000000 6.599998 -14.499998
v 33.000000 6.599999 -14.499998
v 33.000000 6.599998 -14.499998
v 33.000000 6.599998 -14.499998
v 33.000000 6.599999 -14.499998
v 33.000000 6.599999 -14.499998
v 33.000000 6.599999 -14.500000
v 33.000000 6.599999 -14.500000
v 33.000000 6.599999 -14.500000
v 33.000000 6.599999 -14.500000
v 33.000000 6.599999 -14.500000
v 33.000000 6.599998 -14.500000
v 33.000000 6.599998 -14.499998
v 33.000000 6.599998 -14.500000
v 33.000000 6.599998 -14.500000
v 33.000000 6.599998 -14.499998
v 49.700001 2.950000 -27.999998
v 49.700001 2.950001 -28.000000
v 49.700001 2.950002 -27.999996
v 49.700005 2.950000 -27.999998
v 49.700005 2.950001 -27.999998
v 49.700005 2.950000 -27.999996
v 49.700005 2.950001 -27.999998
v 49.700005 2.950001 -27.999998
v 49.700005 2.950001 -27.999998
v 49.700005 2.950001 -27.999998
v 49.700005 2.950002 -27.999996
v 49.700005 2.950001 -27.999998
v 49.700005 2.950001 -27.999998
v 49.700005 2.950001 -27.999998
v 49.700005 2.950001 -27.999996
v 49.700005 2.950001 -27.999996
v 49.700005 2.950002 -27.999996
v 49.700005 2.950001 -27.999996
v 49.700005 2.950001 -27.999996
v 33.000000 3.200000 -75.500000
v 33.000000 3.200002 -75.500000
v 33.000000 3.200002 -75.500000
v 33.000000 3.200000 -75.500000
v 33.000000 3.200001 -75.500000
v 33.000000 3.200000 -75.500000
v 33.000000 3.200001 -75.500000
v 33.000000 3.200001 -75.500000
v 33.000000 3.200001 -75.500000
v 33.000000 3.200002 -75.500000
v 33.000000 3.200002 -75.500000
v 33.000000 3.200001 -75.500000
v 33.000000 3.200001 -75.500000
v 33.000000 3.200001 -75.500000
v 33.000000 3.200001 -75.500000
v 33.000000 3.200001 -75.500000
v 33.000000 3.200002 -75.500000
v 33.000000 3.200001 -75.500000
v 33.000000 3.200001 -75.500000
v -14.999998 3.200000 -14.500002
v -14.999998 3.200002 -14.500000
v -15.000000 3.200002 -14.500002
v -14.999998 3.200000 -14.500000
v -14.999998 3.200001 -14.499998
v -14.999999 3.200000 -14.500000
v -14.999999 3.200001 -14.500000
v -14.999999 3.200001 -14.499998
v -14.999999 3.200001 -14.499998
v -14.999999 3.200002 -14.499998
v -14.999999 3.200002 -14.499998
v -14.999998 3.200001 -14.499998
v -14.999999 3.200001 -14.499998
v -14.999999 3.200001 -14.499998
v -15.000000 3.200001 -14.500000
v -14.999999 3.200001 -14.500000
v -15.000000 3.200002 -14.500000
v -15.000000 3.200001 -14.500000
v -14.999999 3.200001 -14.500000
v 9.000002 6.599998 -14.500000
v 9.000002 6.600000 -14.500002
v 9.000000 6.599998 -14.500002
v 9.000002 6.599998 -14.499998
v 9.000002 6.599999 -14.499998
v 9.000001 6.599998 -14.499998
v 9.000001 6.599998 -14.499998
v 9.000001 6.599999 -14.499998
v 9.000001 6.599999 -14.499998
v 9.000001 6.599999 -14.500000
v 9.000001 6.599999 -14.500000
v 9.000002 6.599999 -14.500000
v 9.000001 6.599999 -14.500000
v 9.000001 6.599999 -14.500000
v 9.000000 6.599998 -14.500000
v 9.000001 6.599998 -14.499998
v 9.000000 6.599998 -14.500000
v 9.000000 6.599998 -14.500000
v 9.000001 6.599998 -14.499998
v 33.000000 6.600000 -75.500000
v 33.000000 6.599998 -75.500000
v 33.000000 6.599998 -75.500000
v 33.000000 6.599999 -75.500000
v 33.000000 6.599999 -75.500000
v 33.000000 6.599999 -75.500000
v 33.000000 6.599999 -75.500000
v 33.000000 6.599999 -75.500000
v 33.000000 6.599999 -75.500000
v 33.000000 6.599998 -75.500000
v 33.000000 6.599998 -75.500000
v 33.000000 6.599998 -75.500000
v 33.000000 6.599998 -75.500000
v 33.000000 6.599998 -75.500000
v 33.000000 6.599998 -75.500000
v 33.000000 6.599999 -75.500000
v 33.000000 6.599998 -75.500000
v 33.000000 6.599998 -75.500000
v 33.000000 6.599999 -75.500000
v 9.000002 3.200000 -75.500000
v 9.000000 3.200002 -75.500000
v 9.000002 3.200002 -75.500000
v 9.000001 3.200000 -75.500000
v 9.000001 3.200001 -75.500000
v 9.000002 3.200000 -75.500000
v 9.000001 3.200001 -75.500000
v 9.000001 3.200001 -75.500000
v 9.000001 3.200001 -75.500000
v 9.000000 3.200002 -75.500000
v 9.000001 3.200002 -75.500000
v 9.000000 3.200001 -75.500000
v 9.000000 3.200001 -75.500000
v 9.000001 3.200001 -75.500000
v 9.000002 3.200001 -75.500000
v 9.000002 3.200001 -75.500000
v 9.000001 3.200002 -75.500000
v 9.000001 3.200001 -75.500000
v 9.000001 3.200001 -75.500000
v 39.000000 3.200000 -14.500002
v 39.000000 3.200002 -14.500002
v 39.000000 3.200002 -14.500000
v 39.000000 3.200000 -14.500000
v 39.000000 3.200001 -14.500000
v 39.000000 3.200000 -14.500000
v 39.000000 3.200001 -14.500000
v 39.000000 3.200001 -14.500000
v 39.000000 3.200001 -14.499998
v 39.000000 3.200002 -14.500000
v 39.000000 3.200002 -14.499998
v 39.000000 3.200001 -14.500000
v 39.000000 3.200001 -14.500000
v 39.000000 3.200001 -14.499998
v 39.000000 3.200001 -14.499998
v 39.000000 3.200001 -14.499998
v 39.000000 3.200002 -14.499998
v 39.000000 3.200001 -14.499998
v 39.000000 3.200001 -14.499998
v 39.000000 6.600000 -14.500002
v 39.000000 6.599998 -14.500000
v 39.000000 6.599998 -14.500002
v 39.000000 6.599999 -14.500000
v 39.000000 6.599999 -14.499998
v 39.000000 6.599999 -14.500000
v 39.000000 6.599999 -14.500000
v 39.000000 6.599999 -14.499998
v 39.000000 6.599999 -14.499998
v 39.000000 6.599998 -14.499998
v 39.000000 6.599998 -14.499998
v 39.000000 6.599998 -14.499998
v 39.000000 6.599998 -14.499998
v 39.000000 6.599998 -14.499998
v 39.000000 6.599998 -14.500000
v 39.000000 6.599999 -14.500000
v 39.000000 6.599998 -14.500000
v 39.000000 6.599998 -14.500000
v 39.000000 6.599999 -14.500000
v 39.000000 3.200000 -75.500000
v 39.000000 3.200002 -75.500000
v 39.000000 3.200002 -75.500000
v 39.000000 3.200000 -75.500000
v 39.000000 3.200001 -75.500000
v 39.000000 3.200000 -75.500000
v 39.000000 3.200001 -75.500000
v 39.000000 3.200001 -75.500000
v 39.000000 3.200001 -75.500000
v 39.000000 3.200002 -75.500000
v 39.000000 3.200002 -75.500000
v 39.000000 3.200001 -75.500000
v 39.000000 3.200001 -75.500000
v 39.000000 3.200001 -75.500000
v 39.000000 3.200001 -75.500000
v 39.000000 3.200001 -75.500000
v 39.000000 3.200002 -75.500000
v 39.000000 3.200001 -75.500000
v 39.000000 3.200001 -75.500000
v -14.999998 6.599998 -14.500000
v -14.999998 6.600000 -14.500002
v -15.000000 6.599998 -14.500002
v -14.999998 6.599998 -14.499998
v -14.999998 6.599999 -14.499998
v -14.999999 6.599998 -14.499998
v -14.999999 6.599998 -14.499998
v -14.999999 6.599999 -14.499998
v -14.999999 6.599999 -14.499998
v -14.999999 6.599999 -14.500000
v -14.999999 6.599999 -14.500000
v -14.999998 6.599999 -14.500000
v -14.999999 6.599999 -14.500000
v -14.999999 6.599999 -14.500000
v -15.000000 6.599998 -14.500000
v -14.999999 6.599998 -14.499998
v -15.000000 6.599998 -14.500000
v -15.000000 6.599998 -14.500000
v -14.999999 6.599998 -14.499998
v 39.000000 6.600000 -75.500000
v 39.000000 6.599998 -75.500000
v 39.000000 6.599998 -75.500000
v 39.000000 6.599999 -75.500000
v 39.000000 6.599999 -75.500000
v 39.000000 6.599999 -75.500000
v 39.000000 6.599999 -75.500000
v 39.000000 6.599999 -75.500000
v 39.000000 6.599999 -75.500000
v 39.000000 6.599998 -75.500000
v 39.000000 6.599998 -75.500000
v 39.000000 6.599998 -75.500000
v 39.000000 6.599998 -75.500000
v 39.000000 6.599998 -75.500000
v 39.000000 6.599998 -75.500000
v 39.000000 6.599999 -75.500000
v 39.000000 6.599998 -75.500000
v 39.000000 6.599998 -75.500000
v 39.000000 6.599999 -75.500000
v 9.000002 6.600000 -75.500000
v 9.000002 6.599998 -75.500000
v 9.000000 6.599998 -75.500000
v 9.000002 6.599999 -75.500000
v 9.000002 6.599999 -75.500000
v 9.000001 6.599999 -75.500000
v 9.000001 6.599999 -75.500000
v 9.000001 6.599999 -75.500000
v 9.000001 6.599999 -75.500000
v 9.000001 6.599998 -75.500000
v 9.000001 6.599998 -75.500000
v 9.000002 6.599998 -75.500000
v 9.000001 6.599998 -75.500000
v 9.000001 6.599998 -75.500000
v 9.000000 6.599998 -75.500000
v 9.000001 6.599999 -75.500000
v 9.000000 6.599998 -75.500000
v 9.000000 6.599998 -75.500000
v 9.000001 6.599999 -75.500000
v 14.999998 3.200000 -14.500002
v 15.000000 3.200002 -14.500002
v 14.999998 3.200002 -14.500000
v 14.999999 3.200000 -14.500000
v 14.999999 3.200001 -14.500000
v 14.999998 3.200000 -14.500000
v 14.999999 3.200001 -14.500000
v 14.999999 3.200001 -14.500000
v 14.999999 3.200001 -14.499998
v 15.000000 3.200002 -14.500000
v 14.999999 3.200002 -14.499998
v 15.000000 3.200001 -14.500000
v 15.000000 3.200001 -14.500000
v 14.999999 3.200001 -14.499998
v 14.999998 3.200001 -14.499998
v 14.999998 3.200001 -14.499998
v 14.999999 3.200002 -14.499998
v 14.999999 3.200001 -14.499998
v 14.999999 3.200001 -14.499998
v -14.999998 3.200000 -75.500000
v -15.000000 3.200002 -75.500000
v -14.999998 3.200002 -75.500000
v -14.999999 3.200000 -75.500000
v -14.999999 3.200001 -75.500000
v -14.999998 3.200000 -75.500000
v -14.999999 3.200001 -75.500000
v -14.999999 3.200001 -75.500000
v -14.999999 3.200001 -75.500000
v -15.000000 3.200002 -75.500000
v -14.999999 3.200002 -75.500000
v -15.000000 3.200001 -75.500000
v -15.000000 3.200001 -75.500000
v -14.999999 3.200001 -75.500000
v -14.999998 3.200001 -75.500000
v -14.999998 3.200001 -75.500000
v -14.999999 3.200002 -75.500000
v -14.999999 3.200001 -75.500000
v -14.999999 3.200001 -75.500000
v 14.999998 6.600000 -14.500002
v 14.999998 6.599998 -14.500000
v 15.000000 6.599998 -14.500002
v 14.999998 6.599999 -14.500000
v 14.999998 6.599999 -14.499998
v 14.999999 6.599999 -14.500000
v 14.999999 6.599999 -14.500000
v 14.999999 6.599999 -14.499998
v 14.999999 6.599999 -14.499998
v 14.999999 6.599998 -14.499998
v 14.999999 6.599998 -14.499998
v 14.999998 6.599998 -14.499998
v 14.999999 6.599998 -14.499998
v 14.999999 6.599998 -14.499998
v 15.000000 6.599998 -14.500000
v 14.999999 6.599999 -14.500000
v 15.000000 6.599998 -14.500000
v 15.000000 6.599998 -14.500000
v 14.999999 6.599999 -14.500000
v -39.000000 6.599998 -14.500000
v -39.000000 6.600000 -14.500002
v -39.000000 6.599998 -14.500002
v -39.000000 6.599998 -14.499998
v -39.000000 6.599999 -14.499998
v -39.000000 6.599998 -14.499998
v -39.000000 6.599998 -14.499998
v -39.000000 6.599999 -14.499998
v -39.000000 6.599999 -14.499998
v -39.000000 6.599999 -14.500000
v -39.000000 6.599999 -14.500000
v -39.000000 6.599999 -14.500000
v -39.000000 6.599999 -14.500000
v -39.000000 6.599999 -14.500000
v -39.000000 6.599998 -14.500000
v -39.000000 6.599998 -14.499998
v -39.000000 6.599998 -14.500000
v -39.000000 6.599998 -14.500000
v -39.000000 6.599998 -14.499998
v 14.999998 3.200000 -75.500000
v 14.999998 3.200002 -75.500000
v 15.000000 3.200002 -75.500000
v 14.999998 3.200000 -75.500000
v 14.999998 3.200001 -75.500000
v 14.999999 3.200000 -75.500000
v 14.999999 3.200001 -75.500000
v 14.999999 3.200001 -75.500000
v 14.999999 3.200001 -75.500000
v 14.999999 3.200002 -75.500000
v 14.999999 3.200002 -75.500000
v 14.999998 3.200001 -75.500000
v 14.999999 3.200001 -75.500000
v 14.999999 3.200001 -75.500000
v 15.000000 3.200001 -75.500000
v 14.999999 3.200001 -75.500000
v 15.000000 3.200002 -75.500000
v 15.000000 3.200001 -75.500000
v 14.999999 3.200001 -75.500000
v 14.999998 6.600000 -75.500000
v 15.000000 6.599998 -75.500000
v 14.999998 6.599998 -75.500000
v 14.999999 6.599999 -75.500000
v 14.999999 6.599999 -75.500000
v 14.999998 6.599999 -75.500000
v 14.999999 6.599999 -75.500000
v 14.999999 6.599999 -75.500000
v 14.999999 6.599999 -75.500000
v 15.000000 6.599998 -75.500000
v 14.999999 6.599998 -75.500000
v 15.000000 6.599998 -75.500000
v 15.000000 6.599998 -75.500000
v 14.999999 6.599998 -75.500000
v 14.999998 6.599998 -75.500000
v 14.999998 6.599999 -75.500000
v 14.999999 6.599998 -75.500000
v 14.999999 6.599998 -75.500000
v 14.999999 6.599999 -75.500000
v -14.999998 6.600000 -75.500000
v -14.999998 6.599998 -75.500000
v -15.000000 6.599998 -75.500000
v -14.999998 6.599999 -75.500000
v -14.999998 6.599999 -75.500000
v -14.999999 6.599999 -75.500000
v -14.999999 6.599999 -75.500000
v -14.999999 6.599999 -75.500000
v -14.999999 6.599999 -75.500000
v -14.999999 6.599998 -75.500000
v -14.999999 6.599998 -75.500000
v -14.999998 6.599998 -75.500000
v -14.999999 6.599998 -75.500000
v -14.999999 6.599998 -75.500000
v -15.000000 6.599998 -75.500000
v -14.999999 6.599999 -75.500000
v -15.000000 6.599998 -75.500000
v -15.000000 6.599998 -75.500000
v -14.999999 6.599999 -75.500000
v -9.000002 3.200000 -14.500002
v -9.000000 3.200002 -14.500002
v -9.000002 3.200002 -14.500000
v -9.000001 3.200000 -14.500000
v -9.000001 3.200001 -14.500000
v -9.000002 3.200000 -14.500000
v -9.000001 3.200001 -14.500000
v -9.000001 3.200001 -14.500000
v -9.000001 3.200001 -14.499998
v -9.000000 3.200002 -14.500000
v -9.000001 3.200002 -14.499998
v -9.000000 3.200001 -14.500000
v -9.000000 3.200001 -14.500000
v -9.000001 3.200001 -14.499998
v -9.000002 3.200001 -14.499998
v -9.000002 3.200001 -14.499998
v -9.000001 3.200002 -14.499998
v -9.000001 3.200001 -14.499998
v -9.000001 3.200001 -14.499998
v -60.000000 0.000002 3.949997
v -60.000000 0.000004 3.949997
v -60.000000 0.000003 3.949997
v -60.000000 0.000002 3.949997
v -60.000000 0.000002 3.949997
v -60.000000 0.000002 3.949997
v -60.000000 0.000002 3.949997
v -60.000000 0.000002 3.949997
v -60.000000 0.000002 3.949997
v -60.000000 0.000003 3.949997
v -60.000000 0.000003 3.949997
v -60.000000 0.000003 3.949997
v -60.000000 0.000003 3.949997
v -60.000000 0.000003 3.949997
v -60.000000 0.000002 3.949997
v -60.000000 0.000002 3.949997
v -60.000000 0.000003 3.949997
v -60.000000 0.000003 3.949997
v -60.000000 0.000002 3.949997
v -39.000000 3.200000 -75.500000
v -39.000000 3.200002 -75.500000
v -39.000000 3.200002 -75.500000
v -39.000000 3.200000 -75.500000
v -39.000000 3.200001 -75.500000
v -39.000000 3.200000 -75.500000
v -39.000000 3.200001 -75.500000
v -39.000000 3.200001 -75.500000
v -39.000000 3.200001 -75.500000
v -39.000000 3.200002 -75.500000
v -39.000000 3.200002 -75.500000
v -39.000000 3.200001 -75.500000
v -39.000000 3.200001 -75.500000
v -39.000000 3.200001 -75.500000
v -39.000000 3.200001 -75.500000
v -39.000000 3.200001 -75.500000
v -39.000000 3.200002 -75.500000
v -39.000000 3.200001 -75.500000
v -39.000000 3.200001 -75.500000
v -9.000002 6.600000 -14.500002
v -9.000002 6.599998 -14.500000
v -9.000000 6.599998 -14.500002
v -9.000002 6.599999 -14.500000
v -9.000002 6.599999 -14.499998
v -9.000001 6.599999 -14.500000
v -9.000001 6.599999 -14.500000
v -9.000001 6.599999 -14.499998
v -9.000001 6.599999 -14.499998
v -9.000001 6.599998 -14.499998
v -9.000001 6.599998 -14.499998
v -9.000002 6.599998 -14.499998
v -9.000001 6.599998 -14.499998
v -9.000001 6.599998 -14.499998
v -9.000000 6.599998 -14.500000
v -9.000001 6.599999 -14.500000
v -9.000000 6.599998 -14.500000
v -9.000000 6.599998 -14.500000
v -9.000001 6.599999 -14.500000
v -9.000002 3.200000 -75.500000
v -9.000002 3.200002 -75.500000
v -9.000000 3.200002 -75.500000
v -9.000002 3.200000 -75.500000
v -9.000002 3.200001 -75.500000
v -9.000001 3.200000 -75.500000
v -9.000001 3.200001 -75.500000
v -9.000001 3.200001 -75.500000
v -9.000001 3.200001 -75.500000
v -9.000001 3.200002 -75.500000
v -9.000001 3.200002 -75.500000
v -9.000002 3.200001 -75.500000
v -9.000001 3.200001 -75.500000
v -9.000001 3.200001 -75.500000
v -9.000000 3.200001 -75.500000
v -9.000001 3.200001 -75.500000
v -9.000000 3.200002 -75.500000
v -9.000000 3.200001 -75.500000
v -9.000001 3.200001 -75.500000
v -9.000002 6.600000 -75.500000
v -9.000000 6.599998 -75.500000
v -9.000002 6.599998 -75.500000
v -9.000001 6.599999 -75.500000
v -9.000001 6.599999 -75.500000
v -9.000002 6.599999 -75.500000
v -9.000001 6.599999 -75.500000
v -9.000001 6.599999 -75.500000
v -9.000001 6.599999 -75.500000
v -9.000000 6.599998 -75.500000
v -9.000001 6.599998 -75.500000
v -9.000000 6.599998 -75.500000
v -9.000000 6.599998 -75.500000
v -9.000001 6.599998 -75.500000
v -9.000002 6.599998 -75.500000
v -9.000002 6.599999 -75.500000
v -9.000001 6.599998 -75.500000
v -9.000001 6.599998 -75.500000
v -9.000001 6.599999 -75.500000
v -39.000000 6.600000 -75.500000
v -39.000000 6.599998 -75.500000
v -39.000000 6.599998 -75.500000
v -39.000000 6.599999 -75.500000
v -39.000000 6.599999 -75.500000
v -39.000000 6.599999 -75.500000
v -39.000000 6.599999 -75.500000
v -39.000000 6.599999 -75.500000
v -39.000000 6.599999 -75.500000
v -39.000000 6.599998 -75.500000
v -39.000000 6.599998 -75.500000
v -39.000000 6.599998 -75.500000
v -39.000000 6.599998 -75.500000
v -39.000000 6.599998 -75.500000
v -39.000000 6.599998 -75.500000
v -39.000000 6.599999 -75.500000
v -39.000000 6.599998 -75.500000
v -39.000000 6.599998 -75.500000
v -39.000000 6.599999 -75.500000
v -33.000000 3.200000 -14.500002
v -33.000000 3.200002 -14.500002
v -33.000000 3.200002 -14.500000
v -33.000000 3.200000 -14.500000
v -33.000000 3.200001 -14.500000
v -33.000000 3.200000 -14.500000
v -33.000000 3.200001 -14.500000
v -33.000000 3.200001 -14.500000
v -33.000000 3.200001 -14.499998
v -33.000000 3.200002 -14.500000
v -33.000000 3.200002 -14.499998
v -33.000000 3.200001 -14.500000
v -33.000000 3.200001 -14.500000
v -33.000000 3.200001 -14.499998
v -33.000000 3.200001 -14.499998
v -33.000000 3.200001 -14.499998
v -33.000000 3.200002 -14.499998
v -33.000000 3.200001 -14.499998
v -33.000000 3.200001 -14.499998
v -60.000000 2.825001 -85.000000
v -60.000000 2.824999 -85.000000
v -60.000000 2.825001 -85.000000
v -60.000000 2.825001 -85.000000
v -60.000000 2.825000 -85.000000
v -60.000000 2.825001 -85.000000
v -60.000000 2.825001 -85.000008
v -60.000000 2.825000 -85.000008
v -60.000000 2.825000 -85.000008
v -60.000000 2.825000 -85.000000
v -60.000000 2.825000 -85.000000
v -60.000000 2.825000 -85.000000
v -60.000000 2.825000 -85.000008
v -60.000000 2.825000 -85.000008
v -60.000000 2.825001 -85.000000
v -60.000000 2.825001 -85.000000
v -60.000000 2.825001 -85.000000
v -60.000000 2.825001 -85.000008
v -60.000000 2.825000 -85.000008
v 56.599998 2.824998 -85.000000
v 56.599998 2.824999 -85.000000
v 56.599998 2.824998 -85.000000
v 56.599998 2.824999 -85.000000
v 56.599998 2.824999 -85.000000
v -33.000000 6.600000 -14.500002
v -33.000000 6.599998 -14.500000
v -33.000000 6.599998 -14.500002
v -33.000000 6.599999 -14.500000
v -33.000000 6.599999 -14.499998
v -33.000000 6.599999 -14.500000
v -33.000000 6.599999 -14.500000
v -33.000000 6.599999 -14.499998
v -33.000000 6.599999 -14.499998
v -33.000000 6.599998 -14.499998
v -33.000000 6.599998 -14.499998
v -33.000000 6.599998 -14.499998
v -33.000000 6.599998 -14.499998
v -33.000000 6.599998 -14.499998
v -33.000000 6.599998 -14.500000
v -33.000000 6.599999 -14.500000
v -33.000000 6.599998 -14.500000
v -33.000000 6.599998 -14.500000
v -33.000000 6.599999 -14.500000
v -60.000000 0.000000 0.250000
v -60.000000 0.000002 0.250000
v -60.000000 0.000002 0.250000
v -60.000000 0.000000 0.250000
v -60.000000 0.000001 0.250000
v -60.000000 0.000000 0.250000
v -60.000000 0.000001 0.250000
v -60.000000 0.000001 0.250000
v -60.000000 0.000001 0.250000
v -60.000000 0.000002 0.250000
v -60.000000 0.000002 0.250000
v -60.000000 0.000001 0.250000
v -60.000000 0.000001 0.250000
v -60.000000 0.000001 0.250000
v -60.000000 0.000001 0.250000
v -60.000000 0.000001 0.250000
v -60.000000 0.000002 0.250000
v -60.000000 0.000001 0.250000
v -60.000000 0.000001 0.250000
v -33.000000 3.200000 -75.500000
v -33.000000 3.200002 -75.500000
v -33.000000 3.200002 -75.500000
v -33.000000 3.200000 -75.500000
v -33.000000 3.200001 -75.500000
v -33.000000 3.200000 -75.500000
v -33.000000 3.200001 -75.500000
v -33.000000 3.200001 -75.500000
v -33.000000 3.200001 -75.500000
v -33.000000 3.200002 -75.500000
v -33.000000 3.200002 -75.500000
v -33.000000 3.200001 -75.500000
v -33.000000 3.200001 -75.500000
v -33.000000 3.200001 -75.500000
v -33.000000 3.200001 -75.500000
v -33.000000 3.200001 -75.500000
v -33.000000 3.200002 -75.500000
v -33.000000 3.200001 -75.500000
v -33.000000 3.200001 -75.500000
v -60.000000 18.574999 -85.000000
v -60.000000 18.574997 -85.000000
v -60.000000 18.574997 -85.000000
v -60.000000 18.575001 -85.000008
v -60.000000 18.575001 -85.000008
v -60.000000 18.575001 -85.000008
v -60.000000 18.575001 -85.000008
v -60.000000 18.575001 -85.000008
v -60.000000 18.575001 -85.000008
v -60.000000 18.574999 -85.000008
v -60.000000 18.574999 -85.000008
v -60.000000 18.574999 -85.000008
v -60.000000 18.574999 -85.000008
v -60.000000 18.574999 -85.000008
v -60.000000 18.574999 -85.000008
v -60.000000 18.575001 -85.000008
v -60.000000 18.574999 -85.000008
v -60.000000 18.574999 -85.000008
v -60.000000 18.575001 -85.000008
v -33.000000 6.600000 -75.500000
v -33.000000 6.599998 -75.500000
v -33.000000 6.599998 -75.500000
v -33.000000 6.599999 -75.500000
v -33.000000 6.599999 -75.500000
v -33.000000 6.599999 -75.500000
v -33.000000 6.599999 -75.500000
v -33.000000 6.599999 -75.500000
v -33.000000 6.599999 -75.500000
v -33.000000 6.599998 -75.500000
v -33.000000 6.599998 -75.500000
v -33.000000 6.599998 -75.500000
v -33.000000 6.599998 -75.500000
v -33.000000 6.599998 -75.500000
v -33.000000 6.599998 -75.500000
v -33.000000 6.599999 -75.500000
v -33.000000 6.599998 -75.500000
v -33.000000 6.599998 -75.500000
v -33.000000 6.599999 -75.500000
v 56.599998 28.574999 -85.000000
v 56.599998 28.574997 -85.000000
v 56.599998 28.574997 -85.000000
v 56.599995 28.575001 -85.000000
v 56.599995 28.575001 -85.000000
v 56.599995 28.575001 -85.000000
v 56.599995 28.575001 -85.000000
v 56.599995 28.575001 -85.000000
v 56.599995 28.575001 -85.000000
v 56.599995 28.574999 -85.000000
v 56.599995 28.574999 -85.000000
v 56.599995 28.574999 -85.000000
v 56.599995 28.574999 -85.000000
v 56.599995 28.574999 -85.000000
v 56.599995 28.574999 -85.000000
v 56.599995 28.575001 -85.000000
v 56.599995 28.574999 -85.000000
v 56.599995 28.574999 -85.000000
v 56.599995 28.575001 -85.000000
v 60.000000 2.824999 -85.000000
v 60.000000 2.825001 -85.000000
v 60.000000 2.825001 -85.000000
v 60.000000 2.825000 -85.000000
v 60.000000 2.825000 -85.000000
v 60.000000 2.825000 -85.000000
v 60.000000 2.825000 -85.000008
v 60.000000 2.825000 -85.000008
v 60.000000 2.825000 -85.000008
v 60.000000 2.825001 -85.000000
v 60.000000 2.825001 -85.000000
v 60.000000 2.825001 -85.000000
v 60.000000 2.825001 -85.000008
v 60.000000 2.825000 -85.000008
v 60.000000 2.825001 -85.000000
v 60.000000 2.825000 -85.000000
v 60.000000 2.825001 -85.000000
v 60.000000 2.825001 -85.000008
v 60.000000 2.825000 -85.000008
v -60.000000 2.824998 -85.000000
v -60.000000 2.825001 -85.000000
v -60.000000 2.824999 -85.000000
v -60.000000 2.824999 -85.000000
v -60.000000 2.824999 -85.000000
v -60.000000 2.824998 -85.000000
v -60.000000 2.824999 -85.000000
v -60.000000 2.824999 -85.000000
v -60.000000 2.824999 -85.000000
v -60.000000 2.825001 -85.000000
v -60.000000 2.825000 -85.000000
v -60.000000 2.825000 -85.000000
v -60.000000 2.825000 -85.000000
v -60.000000 2.825000 -85.000000
v -60.000000 2.824999 -85.000000
v -60.000000 2.824999 -85.000000
v -60.000000 2.825000 -85.000000
v -60.000000 2.824999 -85.000000
v -60.000000 2.824999 -85.000000
v 60.000000 18.574999 -85.000000
v 60.000000 18.574997 -85.000000
v 60.000000 18.574997 -85.000000
v 60.000000 18.575001 -85.000008
v 60.000000 18.575001 -85.000008
v 60.000000 18.575001 -85.000008
v 60.000000 18.575001 -85.000008
v 60.000000 18.575001 -85.000008
v 60.000000 18.575001 -85.000008
v 60.000000 18.574999 -85.000008
v 60.000000 18.574999 -85.000008
v 60.000000 18.574999 -85.000008
v 60.000000 18.574999 -85.000008
v 60.000000 18.574999 -85.000008
v 60.000000 18.574999 -85.000008
v 60.000000 18.575001 -85.000008
v 60.000000 18.574999 -85.000008
v 60.000000 18.574999 -85.000008
v 60.000000 18.575001 -85.000008
v -60.000000 28.574999 -85.000000
v -60.000000 28.574997 -85.000000
v -60.000000 28.574997 -85.000000
v -60.000000 28.575001 -85.000000
v -60.000000 28.575001 -85.000000
v -60.000000 28.575001 -85.000000
v -60.000000 28.575001 -85.000000
v -60.000000 28.575001 -85.000000
v -60.000000 28.575001 -85.000000
v -60.000000 28.574999 -85.000000
v -60.000000 28.574999 -85.000000
v -60.000000 28.574999 -85.000000
v -60.000000 28.574999 -85.000000
v -60.000000 28.574999 -85.000000
v -60.000000 28.574999 -85.000000
v -60.000000 28.575001 -85.000000
v -60.000000 28.574999 -85.000000
v -60.000000 28.574999 -85.000000
v -60.000000 28.575001 -85.000000
v 60.000000 2.824999 -85.000000
v 60.000000 2.825001 -85.000000
v 60.000000 2.824998 -85.000000
v 60.000000 2.825000 -85.000000
v 60.000000 2.825000 -85.000000
v 60.000000 2.824999 -85.000000
v 60.000000 2.824999 -85.000000
v 60.000000 2.825000 -85.000000
v 60.000000 2.824999 -85.000000
v 60.000000 2.825000 -85.000000
v 60.000000 2.824999 -85.000000
v 60.000000 2.825001 -85.000000
v 60.000000 2.825000 -85.000000
v 60.000000 2.824999 -85.000000
v 60.000000 2.824998 -85.000000
v 60.000000 2.824999 -85.000000
v 60.000000 2.824999 -85.000000
v 60.000000 2.824999 -85.000000
v 60.000000 2.824999 -85.000000
v -60.000000 70.000000 3.949997
v -60.000000 70.000000 3.949997
v -60.000000 70.000000 3.949997
v -60.000000 70.000000 3.949997
v -60.000000 70.000000 3.949997
v -60.000000 70.000000 3.949997
v -60.000000 70.000008 3.949997
v -60.000000 70.000008 3.949997
v -60.000000 70.000008 3.949997
v -60.000000 70.000000 3.949997
v -60.000000 70.000000 3.949997
v -60.000000 70.000000 3.949997
v -60.000000 70.000008 3.949997
v -60.000000 70.000008 3.949997
v -60.000000 70.000000 3.949997
v -60.000000 70.000000 3.949997
v -60.000000 70.000000 3.949997
v -60.000000 70.000008 3.949997
v -60.000000 70.000008 3.949997
v 60.000000 28.574999 -85.000000
v 60.000000 28.574997 -85.000000
v 60.000000 28.574997 -85.000000
v 60.000000 28.575001 -85.000000
v 60.000000 28.575001 -85.000000
v 60.000000 28.575001 -85.000000
v 60.000000 28.575001 -85.000000
v 60.000000 28.575001 -85.000000
v 60.000000 28.575001 -85.000000
v 60.000000 28.574999 -85.000000
v 60.000000 28.574999 -85.000000
v 60.000000 28.574999 -85.000000
v 60.000000 28.574999 -85.000000
v 60.000000 28.574999 -85.000000
v 60.000000 28.574999 -85.000000
v 60.000000 28.575001 -85.000000
v 60.000000 28.574999 -85.000000
v 60.000000 28.574999 -85.000000
v 60.000000 28.575001 -85.000000
v -60.000000 0.000002 -85.000000
v -60.000000 0.000000 -85.000000
v -60.000000 0.000002 -85.000000
v -60.000000 0.000001 -85.000000
v -60.000000 0.000000 -85.000000
v -60.000000 0.000002 -85.000000
v -60.000000 0.000001 -85.000000
v -60.000000 0.000001 -85.000000
v -60.000000 0.000001 -85.000000
v -60.000000 0.000000 -85.000000
v -60.000000 0.000000 -85.000000
v -60.000000 0.000000 -85.000000
v -60.000000 0.000000 -85.000000
v -60.000000 0.000001 -85.000000
v -60.000000 0.000002 -85.000000
v -60.000000 0.000002 -85.000000
v -60.000000 0.000001 -85.000000
v -60.000000 0.000001 -85.000000
v -60.000000 0.000001 -85.000000
v -56.599998 2.824998 -85.000000
v -56.599998 2.824999 -85.000000
v -56.599998 2.824998 -85.000000
v -56.599998 2.824999 -85.000000
v -56.599998 2.824999 -85.000000
v -56.599998 28.574999 -85.000000
v -56.599998 28.574997 -85.000000
v -56.599998 28.574997 -85.000000
v -56.599995 28.575001 -85.000000
v -56.599995 28.575001 -85.000000
v -56.599995 28.575001 -85.000000
v -56.599995 28.575001 -85.000000
v -56.599995 28.575001 -85.000000
v -56.599995 28.575001 -85.000000
v -56.599995 28.574999 -85.000000
v -56.599995 28.574999 -85.000000
v -56.599995 28.574999 -85.000000
v -56.599995 28.574999 -85.000000
v -56.599995 28.574999 -85.000000
v -56.599995 28.574999 -85.000000
v -56.599995 28.575001 -85.000000
v -56.599995 28.574999 -85.000000
v -56.599995 28.574999 -85.000000
v -56.599995 28.575001 -85.000000
v -60.000000 70.000000 -0.250000
v -60.000000 70.000000 -0.250000
v -60.000000 70.000000 -0.250000
v -60.000000 70.000008 -0.250000
v -60.000000 70.000008 -0.250000
v -60.000000 70.000008 -0.250000
v -60.000000 70.000008 -0.250000
v -60.000000 70.000008 -0.250000
v -60.000000 70.000008 -0.250000
v -60.000000 70.000008 -0.250000
v -60.000000 70.000008 -0.250000
v -60.000000 70.000008 -0.250000
v -60.000000 70.000008 -0.250000
v -60.000000 70.000008 -0.250000
v -60.000000 70.000008 -0.250000
v -60.000000 70.000008 -0.250000
v -60.000000 70.000008 -0.250000
v -60.000000 70.000008 -0.250000
v -60.000000 70.000008 -0.250000
v 60.000000 0.000004 3.949997
v 60.000000 0.000002 3.949997
v 60.000000 0.000003 3.949997
v 60.000000 0.000003 3.949997
v 60.000000 0.000003 3.949997
v 60.000000 0.000003 3.949997
v 60.000000 0.000003 3.949997
v 60.000000 0.000002 3.949997
v 60.000000 0.000003 3.949997
v 60.000000 0.000002 3.949997
v 60.000000 0.000002 3.949997
v 60.000000 0.000002 3.949997
v 60.000000 0.000002 3.949997
v 60.000000 0.000002 3.949997
v 60.000000 0.000003 3.949997
v 60.000000 0.000003 3.949997
v 60.000000 0.000003 3.949997
v 60.000000 0.000003 3.949997
v 60.000000 0.000003 3.949997
v 60.000000 0.000002 0.250000
v 60.000000 0.000000 0.250000
v 60.000000 0.000002 0.250000
v 60.000000 0.000001 0.250000
v 60.000000 0.000000 0.250000
v 60.000000 0.000002 0.250000
v 60.000000 0.000001 0.250000
v 60.000000 0.000001 0.250000
v 60.000000 0.000001 0.250000
v 60.000000 0.000000 0.250000
v 60.000000 0.000000 0.250000
v 60.000000 0.000000 0.250000
v 60.000000 0.000000 0.250000
v 60.000000 0.000001 0.250000
v 60.000000 0.000002 0.250000
v 60.000000 0.000002 0.250000
v 60.000000 0.000001 0.250000
v 60.000000 0.000001 0.250000
v 60.000000 0.000001 0.250000
v 60.000000 70.000000 3.949997
v 60.000000 70.000000 3.949997
v 60.000000 70.000000 3.949997
v 60.000000 70.000008 3.949997
v 60.000000 70.000008 3.949997
v 60.000000 70.000008 3.949997
v 60.000000 70.000008 3.949997
v 60.000000 70.000008 3.949997
v 60.000000 70.000008 3.949997
v 60.000000 70.000008 3.949997
v 60.000000 70.000008 3.949997
v 60.000000 70.000008 3.949997
v 60.000000 70.000008 3.949997
v 60.000000 70.000008 3.949997
v 60.000000 70.000008 3.949997
v 60.000000 70.000008 3.949997
v 60.000000 70.000008 3.949997
v 60.000000 70.000008 3.949997
v 60.000000 70.000008 3.949997
v 60.000000 0.000000 -85.000000
v 60.000000 0.000002 -85.000000
v 60.000000 0.000002 -85.000000
v 60.000000 0.000000 -85.000000
v 60.000000 0.000000 -85.000000
v 60.000000 0.000000 -85.000000
v 60.000000 0.000000 -85.000000
v 60.000000 0.000001 -85.000000
v 60.000000 0.000001 -85.000000
v 60.000000 0.000002 -85.000000
v 60.000000 0.000002 -85.000000
v 60.000000 0.000001 -85.000000
v 60.000000 0.000001 -85.000000
v 60.000000 0.000001 -85.000000
v 60.000000 0.000001 -85.000000
v 60.000000 0.000000 -85.000000
v 60.000000 0.000002 -85.000000
v 60.000000 0.000001 -85.000000
v 60.000000 0.000001 -85.000000
v 60.000000 70.000000 -0.250000
v 60.000000 70.000000 -0.250000
v 60.000000 70.000000 -0.250000
v 60.000000 70.000008 -0.250000
v 60.000000 70.000008 -0.250000
v 60.000000 70.000008 -0.250000
v 60.000000 70.000008 -0.250000
v 60.000000 70.000008 -0.250000
v 60.000000 70.000008 -0.250000
v 60.000000 70.000008 -0.250000
v 60.000000 70.000008 -0.250000
v 60.000000 70.000008 -0.250000
v 60.000000 70.000008 -0.250000
v 60.000000 70.000008 -0.250000
v 60.000000 70.000008 -0.250000
v 60.000000 70.000008 -0.250000
v 60.000000 70.000008 -0.250000
v 60.000000 70.000008 -0.250000
v 60.000000 70.000008 -0.250000
v -40.200001 42.000000 -0.250000
v -40.200001 42.000000 -0.250000
v -40.200001 42.000000 -0.250000
v -40.200001 42.000000 -0.250000
v -40.200001 42.000000 -0.250000
v -51.000000 0.000002 -22.000000
v -51.000000 0.000000 -21.999996
v -51.000000 0.000001 -22.000000
v -51.000000 0.000001 -21.999998
v -51.000000 0.000000 -21.999996
v -40.174961 41.490311 -0.250000
v -40.174961 41.490311 -0.250000
v -40.174961 41.490311 -0.250000
v -40.174961 41.490311 -0.250000
v -40.174961 41.490311 -0.250000
v -51.000000 0.000000 -68.000000
v -51.000000 0.000002 -68.000000
v -51.000000 0.000000 -68.000000
v -51.000000 0.000001 -68.000000
v -51.000000 0.000001 -68.000000
v -45.000000 0.000000 -68.000000
v -45.000000 0.000002 -68.000000
v -45.000000 0.000000 -68.000000
v -45.000000 0.000001 -68.000000
v -45.000000 0.000001 -68.000000
v -40.174961 42.509689 -0.250000
v -40.174961 42.509689 -0.250000
v -40.174961 42.509689 -0.250000
v -40.174961 42.509689 -0.250000
v -40.174961 42.509689 -0.250000
v -45.000000 0.000002 -22.000000
v -45.000000 0.000000 -22.000000
v -45.000000 0.000001 -22.000000
v -45.000000 0.000001 -22.000000
v -45.000000 0.000000 -22.000000
v -40.100082 40.985531 -0.250000
v -40.100082 40.985531 -0.250000
v -40.100082 40.985531 -0.250000
v -40.100082 40.985531 -0.250000
v -40.100082 40.985531 -0.250000
v -39.976089 43.509480 -0.250000
v -39.976089 43.509480 -0.250000
v -39.976089 43.509480 -0.250000
v -39.976089 43.509480 -0.250000
v -39.976089 43.509480 -0.250000
v -51.000000 3.200000 -21.999996
v -51.000000 3.199998 -22.000000
v -51.000000 3.200000 -21.999996
v -51.000000 3.199999 -21.999998
v -51.000000 3.199999 -22.000000
v -39.976089 40.490520 -0.250000
v -39.976089 40.490520 -0.250000
v -39.976089 40.490520 -0.250000
v -39.976089 40.490520 -0.250000
v -39.976089 40.490520 -0.250000
v -51.000000 3.199998 -68.000000
v -51.000000 3.200000 -68.000000
v -51.000000 3.199999 -68.000000
v -51.000000 3.199999 -68.000000
v -51.000000 3.200000 -68.000000
v -40.100082 43.014469 -0.250000
v -40.100082 43.014469 -0.250000
v -40.100082 43.014469 -0.250000
v -40.100082 43.014469 -0.250000
v -40.100082 43.014469 -0.250000
v -45.000000 3.199998 -68.000000
v -45.000000 3.200000 -68.000000
v -45.000000 3.199999 -68.000000
v -45.000000 3.199999 -68.000000
v -45.000000 3.200000 -68.000000
v -39.804173 40.010048 -0.250000
v -39.804173 40.010048 -0.250000
v -39.804173 40.010048 -0.250000
v -39.804173 40.010048 -0.250000
v -39.804173 40.010048 -0.250000
v -39.585991 44.451263 -0.250000
v -39.585991 44.451263 -0.250000
v -39.585991 44.451263 -0.250000
v -39.585991 44.451263 -0.250000
v -39.585991 44.451263 -0.250000
v -50.974335 0.000002 -21.608421
v -50.974335 0.000000 -21.608421
v -50.974335 0.000001 -21.608421
v -50.974335 0.000001 -21.608421
v -50.974335 0.000000 -21.608421
v -39.323643 39.111034 -0.250000
v -39.323643 39.111034 -0.250000
v -39.323643 39.111034 -0.250000
v -39.323643 39.111034 -0.250000
v -39.323643 39.111034 -0.250000
v -50.897778 0.000002 -21.223543
v -50.897778 0.000000 -21.223543
v -50.897778 0.000001 -21.223543
v -50.897778 0.000001 -21.223543
v -50.897778 0.000000 -21.223543
v -50.771637 0.000002 -20.851950
v -50.771637 0.000000 -20.851950
v -50.771637 0.000001 -20.851950
v -50.771637 0.000001 -20.851950
v -50.771637 0.000000 -20.851950
v -39.019653 45.298843 -0.250000
v -39.019653 45.298843 -0.250000
v -39.019653 45.298843 -0.250000
v -39.019653 45.298843 -0.250000
v -39.019653 45.298843 -0.250000
v -50.598076 0.000002 -20.500000
v -50.598076 0.000000 -20.500000
v -50.598076 0.000001 -20.500000
v -50.598076 0.000001 -20.500000
v -50.598076 0.000000 -20.500000
v -39.585991 39.548737 -0.250000
v -39.585991 39.548737 -0.250000
v -39.585991 39.548737 -0.250000
v -39.585991 39.548737 -0.250000
v -39.585991 39.548737 -0.250000
v -50.121319 0.000002 -19.878679
v -50.121319 0.000000 -19.878677
v -50.121319 0.000001 -19.878677
v -50.121319 0.000001 -19.878677
v -50.121319 0.000000 -19.878675
v -39.323643 44.888966 -0.250000
v -39.323643 44.888966 -0.250000
v -39.323643 44.888966 -0.250000
v -39.323643 44.888966 -0.250000
v -39.323643 44.888966 -0.250000
v -39.019653 38.701157 -0.250000
v -39.019653 38.701157 -0.250000
v -39.019653 38.701157 -0.250000
v -39.019653 38.701157 -0.250000
v -39.019653 38.701157 -0.250000
v -50.380058 0.000002 -20.173716
v -50.380054 0.000000 -20.173708
v -50.380047 0.000001 -20.173693
v -50.380051 0.000001 -20.173698
v -50.380051 0.000000 -20.173698
v -49.826283 0.000002 -19.619940
v -49.826283 0.000000 -19.619938
v -49.826283 0.000001 -19.619938
v -49.826283 0.000001 -19.619938
v -49.826283 0.000000 -19.619936
v -39.804173 43.989952 -0.250000
v -39.804173 43.989952 -0.250000
v -39.804173 43.989952 -0.250000
v -39.804173 43.989952 -0.250000
v -39.804173 43.989952 -0.250000
v -38.676956 38.323044 -0.250000
v -38.676956 38.323044 -0.250000
v -38.676956 38.323044 -0.250000
v -38.676956 38.323044 -0.250000
v -38.676956 38.323044 -0.250000
v -49.500000 0.000002 -19.401924
v -49.500000 0.000000 -19.401922
v -49.500000 0.000001 -19.401926
v -49.500000 0.000001 -19.401926
v -49.500000 0.000000 -19.401924
v -48.776459 0.000002 -19.102222
v -48.776459 0.000000 -19.102221
v -48.776459 0.000001 -19.102224
v -48.776459 0.000001 -19.102224
v -48.776459 0.000000 -19.102222
v -38.298843 46.019653 -0.250000
v -38.298843 46.019653 -0.250000
v -38.298843 46.019653 -0.250000
v -38.298843 46.019653 -0.250000
v -38.298843 46.019653 -0.250000
v -49.148048 0.000002 -19.228361
v -49.148048 0.000000 -19.228359
v -49.148048 0.000001 -19.228359
v -49.148048 0.000001 -19.228359
v -49.148048 0.000000 -19.228357
v -37.888966 37.676357 -0.250000
v -37.888966 37.676357 -0.250000
v -37.888966 37.676357 -0.250000
v -37.888966 37.676357 -0.250000
v -37.888966 37.676357 -0.250000
v -37.558311 37.478172 -0.250000
v -37.558311 37.478172 -0.250000
v -37.558311 37.478172 -0.250000
v -37.558311 37.478172 -0.250000
v -37.558311 37.478172 -0.250000
v -48.000000 0.000002 -19.000000
v -48.000000 0.000000 -18.999998
v -48.000000 0.000001 -19.000002
v -48.000000 0.000001 -19.000002
v -48.000000 0.000000 -19.000000
v -47.223541 0.000002 -19.102222
v -47.223541 0.000000 -19.102221
v -47.223541 0.000001 -19.102224
v -47.223541 0.000001 -19.102224
v -47.223541 0.000000 -19.102222
v -37.451263 46.585991 -0.250000
v -37.451263 46.585991 -0.250000
v -37.451263 46.585991 -0.250000
v -37.451263 46.585991 -0.250000
v -37.451263 46.585991 -0.250000
v -47.608421 0.000002 -19.025665
v -47.608421 0.000000 -19.025663
v -47.608421 0.000001 -19.025667
v -47.608421 0.000001 -19.025667
v -47.608421 0.000000 -19.025665
v -38.298843 37.980347 -0.250000
v -38.298843 37.980347 -0.250000
v -38.298843 37.980347 -0.250000
v -38.298843 37.980347 -0.250000
v -38.298843 37.980347 -0.250000
v -48.391579 0.000002 -19.025665
v -48.391579 0.000000 -19.025663
v -48.391579 0.000001 -19.025667
v -48.391579 0.000001 -19.025667
v -48.391579 0.000000 -19.025665
v -37.888966 46.323643 -0.250000
v -37.888966 46.323643 -0.250000
v -37.888966 46.323643 -0.250000
v -37.888966 46.323643 -0.250000
v -37.888966 46.323643 -0.250000
v -46.500000 0.000002 -19.401924
v -46.500000 0.000000 -19.401922
v -46.500000 0.000001 -19.401926
v -46.500000 0.000001 -19.401926
v -46.500000 0.000000 -19.401924
v -36.989952 37.195827 -0.250000
v -36.989952 37.195827 -0.250000
v -36.989952 37.195827 -0.250000
v -36.989952 37.195827 -0.250000
v -36.989952 37.195827 -0.250000
v -46.851952 0.000002 -19.228361
v -46.851952 0.000000 -19.228359
v -46.851952 0.000001 -19.228359
v -46.851952 0.000001 -19.228359
v -46.851952 0.000000 -19.228357
v -35.509689 36.825039 -0.250000
v -35.509689 36.825039 -0.250000
v -35.509689 36.825039 -0.250000
v -35.509689 36.825039 -0.250000
v -35.509689 36.825039 -0.250000
v -46.173717 0.000002 -19.619940
v -46.173717 0.000000 -19.619938
v -46.173717 0.000001 -19.619938
v -46.173717 0.000001 -19.619938
v -46.173717 0.000000 -19.619936
v -36.014469 36.899918 -0.250000
v -36.014469 36.899918 -0.250000
v -36.014469 36.899918 -0.250000
v -36.014469 36.899918 -0.250000
v -36.014469 36.899918 -0.250000
v -45.878681 0.000002 -19.878679
v -45.878681 0.000000 -19.878677
v -45.878681 0.000001 -19.878677
v -45.878681 0.000001 -19.878677
v -45.878681 0.000000 -19.878675
v -36.509480 37.023911 -0.250000
v -36.509480 37.023911 -0.250000
v -36.509480 37.023911 -0.250000
v -36.509480 37.023911 -0.250000
v -36.509480 37.023911 -0.250000
v -37.451263 37.414009 -0.250000
v -37.451263 37.414009 -0.250000
v -37.451263 37.414009 -0.250000
v -37.451263 37.414009 -0.250000
v -37.451263 37.414009 -0.250000
v -45.619942 0.000002 -20.173716
v -45.619946 0.000000 -20.173708
v -45.619953 0.000001 -20.173693
v -45.619949 0.000001 -20.173698
v -45.619949 0.000000 -20.173698
v -45.228363 0.000002 -20.851950
v -45.228363 0.000000 -20.851950
v -45.228363 0.000001 -20.851950
v -45.228363 0.000001 -20.851950
v -45.228363 0.000000 -20.851950
v -38.676956 45.676956 -0.250000
v -38.676956 45.676956 -0.250000
v -38.676956 45.676956 -0.250000
v -38.676956 45.676956 -0.250000
v -38.676956 45.676956 -0.250000
v -34.490311 36.825039 -0.250000
v -34.490311 36.825039 -0.250000
v -34.490311 36.825039 -0.250000
v -34.490311 36.825039 -0.250000
v -34.490311 36.825039 -0.250000
v -45.401924 0.000002 -20.500000
v -45.401924 0.000000 -20.500000
v -45.401924 0.000001 -20.500000
v -45.401924 0.000001 -20.500000
v -45.401924 0.000000 -20.500000
v -33.490520 37.023911 -0.250000
v -33.490520 37.023911 -0.250000
v -33.490520 37.023911 -0.250000
v -33.490520 37.023911 -0.250000
v -33.490520 37.023911 -0.250000
v -45.102222 0.000002 -21.223543
v -45.102222 0.000000 -21.223543
v -45.102222 0.000001 -21.223543
v -45.102222 0.000001 -21.223543
v -45.102222 0.000000 -21.223543
v -33.985531 36.899918 -0.250000
v -33.985531 36.899918 -0.250000
v -33.985531 36.899918 -0.250000
v -33.985531 36.899918 -0.250000
v -33.985531 36.899918 -0.250000
v -45.025665 0.000002 -21.608421
v -45.025665 0.000000 -21.608421
v -45.025665 0.000001 -21.608421
v -45.025665 0.000001 -21.608421
v -45.025665 0.000000 -21.608421
v -32.548737 37.414009 -0.250000
v -32.548737 37.414009 -0.250000
v -32.548737 37.414009 -0.250000
v -32.548737 37.414009 -0.250000
v -32.548737 37.414009 -0.250000
v -50.974335 3.199998 -21.608421
v -50.974335 3.200000 -21.608421
v -50.974335 3.199999 -21.608421
v -50.974335 3.199999 -21.608421
v -50.974335 3.200000 -21.608421
v -32.548737 46.585991 -0.250000
v -32.548737 46.585991 -0.250000
v -32.548737 46.585991 -0.250000
v -32.548737 46.585991 -0.250000
v -32.548737 46.585991 -0.250000
v -50.897778 3.199998 -21.223543
v -50.897778 3.200000 -21.223543
v -50.897778 3.199999 -21.223543
v -50.897778 3.199999 -21.223543
v -50.897778 3.200000 -21.223543
v -31.701155 37.980347 -0.250000
v -31.701143 37.980354 -0.250000
v -31.701151 37.980347 -0.250000
v -31.701149 37.980350 -0.250000
v -31.701147 37.980354 -0.250000
v -50.771637 3.199998 -20.851950
v -50.771637 3.200000 -20.851950
v -50.771637 3.199999 -20.851950
v -50.771637 3.199999 -20.851950
v -50.771637 3.200000 -20.851950
v -31.701155 46.019653 -0.250000
v -31.701143 46.019646 -0.250000
v -31.701151 46.019653 -0.250000
v -31.701149 46.019650 -0.250000
v -31.701147 46.019646 -0.250000
v -50.598076 3.199998 -20.500000
v -50.598076 3.200000 -20.500000
v -50.598076 3.199999 -20.500000
v -50.598076 3.199999 -20.500000
v -50.598076 3.200000 -20.500000
v -50.121319 3.199998 -19.878679
v -50.121319 3.200000 -19.878677
v -50.121319 3.199999 -19.878677
v -50.121319 3.199999 -19.878677
v -50.121319 3.200000 -19.878675
v -32.111034 37.676357 -0.250000
v -32.111034 37.676357 -0.250000
v -32.111034 37.676357 -0.250000
v -32.111034 37.676357 -0.250000
v -32.111034 37.676357 -0.250000
v -50.380058 3.199998 -20.173716
v -50.380054 3.200000 -20.173708
v -50.380047 3.199999 -20.173693
v -50.380051 3.199999 -20.173698
v -50.380051 3.200000 -20.173698
v -32.111034 46.323643 -0.250000
v -32.111034 46.323643 -0.250000
v -32.111034 46.323643 -0.250000
v -32.111034 46.323643 -0.250000
v -32.111034 46.323643 -0.250000
v -49.826283 3.199998 -19.619940
v -49.826283 3.200000 -19.619938
v -49.826283 3.199999 -19.619938
v -49.826283 3.199999 -19.619938
v -49.826283 3.200000 -19.619936
v -33.010048 37.195827 -0.250000
v -33.010048 37.195827 -0.250000
v -33.010048 37.195827 -0.250000
v -33.010048 37.195827 -0.250000
v -33.010048 37.195827 -0.250000
v -30.980347 38.701157 -0.250000
v -30.980345 38.701157 -0.250000
v -30.980347 38.701157 -0.250000
v -30.980347 38.701157 -0.250000
v -30.980345 38.701157 -0.250000
v -30.980347 45.298843 -0.250000
v -30.980345 45.298843 -0.250000
v -30.980347 45.298843 -0.250000
v -30.980347 45.298843 -0.250000
v -30.980345 45.298843 -0.250000
v -30.414009 39.548737 -0.250000
v -30.414007 39.548737 -0.250000
v -30.414009 39.548737 -0.250000
v -30.414009 39.548737 -0.250000
v -30.414007 39.548737 -0.250000
v -30.414009 44.451263 -0.250000
v -30.414007 44.451263 -0.250000
v -30.414009 44.451263 -0.250000
v -30.414009 44.451263 -0.250000
v -30.414007 44.451263 -0.250000
v -30.676357 39.111034 -0.250000
v -30.676355 39.111034 -0.250000
v -30.676355 39.111034 -0.250000
v -30.676357 39.111034 -0.250000
v -30.676357 39.111034 -0.250000
v -30.676357 44.888966 -0.250000
v -30.676355 44.888966 -0.250000
v -30.676355 44.888966 -0.250000
v -30.676357 44.888966 -0.250000
v -30.676357 44.888966 -0.250000
v -30.023911 40.490520 -0.250000
v -30.023909 40.490520 -0.250000
v -30.023911 40.490520 -0.250000
v -30.023911 40.490520 -0.250000
v -30.023909 40.490520 -0.250000
v -30.023911 43.509480 -0.250000
v -30.023909 43.509480 -0.250000
v -30.023911 43.509480 -0.250000
v -30.023911 43.509480 -0.250000
v -30.023909 43.509480 -0.250000
v -29.799999 42.000000 -0.250000
v -29.799997 42.000000 -0.250000
v -29.799997 42.000000 -0.250000
v -29.799999 42.000000 -0.250000
v -29.799999 42.000000 -0.250000
v -29.825039 42.509689 -0.250000
v -29.825037 42.509689 -0.250000
v -29.825037 42.509689 -0.250000
v -29.825039 42.509689 -0.250000
v -29.825039 42.509689 -0.250000
v -29.825039 41.490311 -0.250000
v -29.825037 41.490311 -0.250000
v -29.825037 41.490311 -0.250000
v -29.825039 41.490311 -0.250000
v -29.825039 41.490311 -0.250000
v -29.899918 43.014469 -0.250000
v -29.899916 43.014469 -0.250000
v -29.899918 43.014469 -0.250000
v -29.899918 43.014469 -0.250000
v -29.899916 43.014469 -0.250000
v -29.899918 40.985531 -0.250000
v -29.899916 40.985531 -0.250000
v -29.899918 40.985531 -0.250000
v -29.899918 40.985531 -0.250000
v -29.899916 40.985531 -0.250000
v -30.195827 43.989952 -0.250000
v -30.195826 43.989952 -0.250000
v -30.195826 43.989952 -0.250000
v -30.195827 43.989952 -0.250000
v -30.195827 43.989952 -0.250000
v -30.195827 40.010048 -0.250000
v -30.195826 40.010048 -0.250000
v -30.195826 40.010048 -0.250000
v -30.195827 40.010048 -0.250000
v -30.195827 40.010048 -0.250000
v -31.323046 45.676956 -0.250000
v -31.323044 45.676956 -0.250000
v -31.323046 45.676956 -0.250000
v -31.323044 45.676956 -0.250000
v -31.323044 45.676956 -0.250000
v -31.323046 38.323044 -0.250000
v -31.323044 38.323044 -0.250000
v -31.323046 38.323044 -0.250000
v -31.323044 38.323044 -0.250000
v -31.323044 38.323044 -0.250000
v -50.897778 0.000000 -68.776459
v -50.897778 0.000002 -68.776459
v -50.897778 0.000000 -68.776459
v -50.897778 0.000001 -68.776459
v -50.897778 0.000001 -68.776459
v -35.000000 36.799999 -0.250000
v -35.000000 36.799999 -0.250000
v -35.000000 36.799999 -0.250000
v -35.000000 36.799999 -0.250000
v -35.000000 36.799999 -0.250000
v -50.974335 0.000002 -68.391579
v -50.974335 0.000000 -68.391579
v -50.974335 0.000001 -68.391579
v -50.974335 0.000001 -68.391579
v -50.974335 0.000000 -68.391579
v -50.380058 0.000002 -69.826286
v -50.380054 0.000000 -69.826294
v -50.380047 0.000001 -69.826309
v -50.380051 0.000001 -69.826302
v -50.380051 0.000000 -69.826302
v -40.200001 42.000000 3.949997
v -40.200001 42.000000 3.949997
v -40.200001 42.000000 3.949997
v -40.200001 42.000000 3.949997
v -40.200001 42.000000 3.949997
v -40.174961 41.490311 3.949997
v -40.174961 41.490311 3.949997
v -40.174961 41.490311 3.949997
v -40.174961 41.490311 3.949997
v -40.174961 41.490311 3.949997
v -50.598076 0.000002 -69.500000
v -50.598076 0.000000 -69.500000
v -50.598076 0.000001 -69.500000
v -50.598076 0.000001 -69.500000
v -50.598076 0.000000 -69.500000
v -40.174961 42.509689 3.949997
v -40.174961 42.509689 3.949997
v -40.174961 42.509689 3.949997
v -40.174961 42.509689 3.949997
v -40.174961 42.509689 3.949997
v -50.771637 0.000002 -69.148048
v -50.771637 0.000000 -69.148048
v -50.771637 0.000001 -69.148048
v -50.771637 0.000001 -69.148048
v -50.771637 0.000000 -69.148048
v -50.121319 0.000002 -70.121323
v -50.121319 0.000000 -70.121323
v -50.121319 0.000001 -70.121323
v -50.121319 0.000001 -70.121323
v -50.121319 0.000000 -70.121323
v -39.976089 40.490520 3.949997
v -39.976089 40.490520 3.949997
v -39.976089 40.490520 3.949997
v -39.976089 40.490520 3.949997
v -39.976089 40.490520 3.949997
v -49.826283 0.000002 -70.380058
v -49.826283 0.000000 -70.380066
v -49.826283 0.000001 -70.380066
v -49.826283 0.000001 -70.380066
v -49.826283 0.000000 -70.380066
v -40.100082 43.014469 3.949997
v -40.100082 43.014469 3.949997
v -40.100082 43.014469 3.949997
v -40.100082 43.014469 3.949997
v -40.100082 43.014469 3.949997
v -40.100082 40.985531 3.949997
v -40.100082 40.985531 3.949997
v -40.100082 40.985531 3.949997
v -40.100082 40.985531 3.949997
v -40.100082 40.985531 3.949997
v -49.148048 0.000002 -70.771637
v -49.148048 0.000000 -70.771637
v -49.148048 0.000001 -70.771637
v -49.148048 0.000001 -70.771637
v -49.148048 0.000000 -70.771645
v -49.500000 0.000002 -70.598076
v -49.500000 0.000000 -70.598076
v -49.500000 0.000001 -70.598076
v -49.500000 0.000001 -70.598076
v -49.500000 0.000000 -70.598076
v -39.976089 43.509480 3.949997
v -39.976089 43.509480 3.949997
v -39.976089 43.509480 3.949997
v -39.976089 43.509480 3.949997
v -39.976089 43.509480 3.949997
v -39.585991 39.548737 3.949997
v -39.585991 39.548737 3.949997
v -39.585991 39.548737 3.949997
v -39.585991 39.548737 3.949997
v -39.585991 39.548737 3.949997
v -48.391579 0.000002 -70.974335
v -48.391579 0.000000 -70.974335
v -48.391579 0.000001 -70.974335
v -48.391579 0.000001 -70.974335
v -48.391579 0.000000 -70.974335
v -39.804173 43.989952 3.949997
v -39.804173 43.989952 3.949997
v -39.804173 43.989952 3.949997
v -39.804173 43.989952 3.949997
v -39.804173 43.989952 3.949997
v -48.000000 0.000002 -71.000000
v -48.000000 0.000000 -71.000000
v -48.000000 0.000001 -71.000000
v -48.000000 0.000001 -71.000000
v -48.000000 0.000000 -71.000000
v -39.019653 38.701157 3.949997
v -39.019653 38.701157 3.949997
v -39.019653 38.701157 3.949997
v -39.019653 38.701157 3.949997
v -39.019653 38.701157 3.949997
v -48.776459 0.000002 -70.897781
v -48.776459 0.000000 -70.897781
v -48.776459 0.000001 -70.897774
v -48.776459 0.000001 -70.897774
v -48.776459 0.000000 -70.897781
v -47.608421 0.000002 -70.974335
v -47.608421 0.000000 -70.974335
v -47.608421 0.000001 -70.974335
v -47.608421 0.000001 -70.974335
v -47.608421 0.000000 -70.974335
v -39.323643 44.888966 3.949997
v -39.323643 44.888966 3.949997
v -39.323643 44.888966 3.949997
v -39.323643 44.888966 3.949997
v -39.323643 44.888966 3.949997
v -39.323643 39.111034 3.949997
v -39.323643 39.111034 3.949997
v -39.323643 39.111034 3.949997
v -39.323643 39.111034 3.949997
v -39.323643 39.111034 3.949997
v -47.223541 0.000002 -70.897781
v -47.223541 0.000000 -70.897781
v -47.223541 0.000001 -70.897774
v -47.223541 0.000001 -70.897774
v -47.223541 0.000000 -70.897781
v -39.585991 44.451263 3.949997
v -39.585991 44.451263 3.949997
v -39.585991 44.451263 3.949997
v -39.585991 44.451263 3.949997
v -39.585991 44.451263 3.949997
v -46.173717 0.000002 -70.380058
v -46.173717 0.000000 -70.380066
v -46.173717 0.000001 -70.380066
v -46.173717 0.000001 -70.380066
v -46.173717 0.000000 -70.380066
v -39.804173 40.010048 3.949997
v -39.804173 40.010048 3.949997
v -39.804173 40.010048 3.949997
v -39.804173 40.010048 3.949997
v -39.804173 40.010048 3.949997
v -46.500000 0.000002 -70.598076
v -46.500000 0.000000 -70.598076
v -46.500000 0.000001 -70.598076
v -46.500000 0.000001 -70.598076
v -46.500000 0.000000 -70.598076
v -46.851952 0.000002 -70.771637
v -46.851952 0.000000 -70.771637
v -46.851952 0.000001 -70.771637
v -46.851952 0.000001 -70.771637
v -46.851952 0.000000 -70.771645
v -39.019653 45.298843 3.949997
v -39.019653 45.298843 3.949997
v -39.019653 45.298843 3.949997
v -39.019653 45.298843 3.949997
v -39.019653 45.298843 3.949997
v -38.298843 37.980347 3.949997
v -38.298843 37.980347 3.949997
v -38.298843 37.980347 3.949997
v -38.298843 37.980347 3.949997
v -38.298843 37.980347 3.949997
v -45.878681 0.000002 -70.121323
v -45.878681 0.000000 -70.121323
v -45.878681 0.000001 -70.121323
v -45.878681 0.000001 -70.121323
v -45.878681 0.000000 -70.121323
v -38.676956 45.676956 3.949997
v -38.676956 45.676956 3.949997
v -38.676956 45.676956 3.949997
v -38.676956 45.676956 3.949997
v -38.676956 45.676956 3.949997
v -45.619942 0.000002 -69.826286
v -45.619946 0.000000 -69.826294
v -45.619953 0.000001 -69.826309
v -45.619949 0.000001 -69.826302
v -45.619949 0.000000 -69.826302
v -45.401924 0.000002 -69.500000
v -45.401924 0.000000 -69.500000
v -45.401924 0.000001 -69.500000
v -45.401924 0.000001 -69.500000
v -45.401924 0.000000 -69.500000
v -37.451263 37.414009 3.949997
v -37.451263 37.414009 3.949997
v -37.451263 37.414009 3.949997
v -37.451263 37.414009 3.949997
v -37.451263 37.414009 3.949997
v -45.102222 0.000002 -68.776459
v -45.102222 0.000000 -68.776459
v -45.102222 0.000001 -68.776459
v -45.102222 0.000001 -68.776459
v -45.102222 0.000000 -68.776459
v -37.888966 46.323643 3.949997
v -37.888966 46.323643 3.949997
v -37.888966 46.323643 3.949997
v -37.888966 46.323643 3.949997
v -37.888966 46.323643 3.949997
v -37.888966 37.676357 3.949997
v -37.888966 37.676357 3.949997
v -37.888966 37.676357 3.949997
v -37.888966 37.676357 3.949997
v -37.888966 37.676357 3.949997
v -45.025665 0.000002 -68.391579
v -45.025665 0.000000 -68.391579
v -45.025665 0.000001 -68.391579
v -45.025665 0.000001 -68.391579
v -45.025665 0.000000 -68.391579
v -38.298843 46.019653 3.949997
v -38.298843 46.019653 3.949997
v -38.298843 46.019653 3.949997
v -38.298843 46.019653 3.949997
v -38.298843 46.019653 3.949997
v -45.228363 0.000002 -69.148048
v -45.228363 0.000000 -69.148048
v -45.228363 0.000001 -69.148048
v -45.228363 0.000001 -69.148048
v -45.228363 0.000000 -69.148048
v -50.974335 3.199998 -68.391579
v -50.974335 3.200000 -68.391579
v -50.974335 3.199999 -68.391579
v -50.974335 3.199999 -68.391579
v -50.974335 3.200000 -68.391579
v -36.509480 37.023911 3.949997
v -36.509480 37.023911 3.949997
v -36.509480 37.023911 3.949997
v -36.509480 37.023911 3.949997
v -36.509480 37.023911 3.949997
v -50.598076 3.199998 -69.500000
v -50.598076 3.200000 -69.500000
v -50.598076 3.199999 -69.500000
v -50.598076 3.199999 -69.500000
v -50.598076 3.200000 -69.500000
v -35.509689 36.825039 3.949997
v -35.509689 36.825039 3.949997
v -35.509689 36.825039 3.949997
v -35.509689 36.825039 3.949997
v -35.509689 36.825039 3.949997
v -50.771637 3.199998 -69.148048
v -50.771637 3.200000 -69.148048
v -50.771637 3.199999 -69.148048
v -50.771637 3.199999 -69.148048
v -50.771637 3.200000 -69.148048
v -36.014469 36.899918 3.949997
v -36.014469 36.899918 3.949997
v -36.014469 36.899918 3.949997
v -36.014469 36.899918 3.949997
v -36.014469 36.899918 3.949997
v -50.897778 3.199998 -68.776459
v -50.897778 3.200000 -68.776459
v -50.897778 3.199999 -68.776459
v -50.897778 3.199999 -68.776459
v -50.897778 3.200000 -68.776459
v -36.989952 37.195827 3.949997
v -36.989952 37.195827 3.949997
v -36.989952 37.195827 3.949997
v -36.989952 37.195827 3.949997
v -36.989952 37.195827 3.949997
v -37.451263 46.585991 3.949997
v -37.451263 46.585991 3.949997
v -37.451263 46.585991 3.949997
v -37.451263 46.585991 3.949997
v -37.451263 46.585991 3.949997
v -49.826283 3.199998 -70.380058
v -49.826283 3.200000 -70.380066
v -49.826283 3.199999 -70.380066
v -49.826283 3.199999 -70.380066
v -49.826283 3.200000 -70.380066
v -50.121319 3.199998 -70.121323
v -50.121319 3.200000 -70.121323
v -50.121319 3.199999 -70.121323
v -50.121319 3.199999 -70.121323
v -50.121319 3.200000 -70.121323
v -38.676956 38.323044 3.949997
v -38.676956 38.323044 3.949997
v -38.676956 38.323044 3.949997
v -38.676956 38.323044 3.949997
v -38.676956 38.323044 3.949997
v -48.776459 3.199998 -70.897781
v -48.776459 3.200000 -70.897781
v -48.776459 3.199999 -70.897774
v -48.776459 3.199999 -70.897774
v -48.776459 3.200000 -70.897781
v -34.490311 36.825039 3.949997
v -34.490311 36.825039 3.949997
v -34.490311 36.825039 3.949997
v -34.490311 36.825039 3.949997
v -34.490311 36.825039 3.949997
v -49.148048 3.199998 -70.771637
v -49.148048 3.200000 -70.771637
v -49.148048 3.199999 -70.771637
v -49.148048 3.199999 -70.771637
v -49.148048 3.200000 -70.771645
v -33.490520 37.023911 3.949997
v -33.490520 37.023911 3.949997
v -33.490520 37.023911 3.949997
v -33.490520 37.023911 3.949997
v -33.490520 37.023911 3.949997
v -33.985531 36.899918 3.949997
v -33.985531 36.899918 3.949997
v -33.985531 36.899918 3.949997
v -33.985531 36.899918 3.949997
v -33.985531 36.899918 3.949997
v -49.500000 3.199998 -70.598076
v -49.500000 3.200000 -70.598076
v -49.500000 3.199999 -70.598076
v -49.500000 3.199999 -70.598076
v -49.500000 3.200000 -70.598076
v -50.380058 3.199998 -69.826286
v -50.380054 3.200000 -69.826294
v -50.380047 3.199999 -69.826309
v -50.380051 3.199999 -69.826302
v -50.380051 3.200000 -69.826302
v -32.548737 37.414009 3.949997
v -32.548737 37.414009 3.949997
v -32.548737 37.414009 3.949997
v -32.548737 37.414009 3.949997
v -32.548737 37.414009 3.949997
v -48.000000 3.199998 -71.000000
v -48.000000 3.200000 -71.000000
v -48.000000 3.199999 -71.000000
v -48.000000 3.199999 -71.000000
v -48.000000 3.200000 -71.000000
v -32.548737 46.585991 3.949997
v -32.548737 46.585991 3.949997
v -32.548737 46.585991 3.949997
v -32.548737 46.585991 3.949997
v -32.548737 46.585991 3.949997
v -31.701155 37.980347 3.949997
v -31.701143 37.980354 3.949997
v -31.701151 37.980347 3.949997
v -31.701149 37.980350 3.949997
v -31.701147 37.980354 3.949997
v -47.223541 3.199998 -70.897781
v -47.223541 3.200000 -70.897781
v -47.223541 3.199999 -70.897774
v -47.223541 3.199999 -70.897774
v -47.223541 3.200000 -70.897781
v -31.701155 46.019653 3.949997
v -31.701143 46.019646 3.949997
v -31.701151 46.019653 3.949997
v -31.701149 46.019650 3.949997
v -31.701147 46.019646 3.949997
v -46.851952 3.199998 -70.771637
v -46.851952 3.200000 -70.771637
v -46.851952 3.199999 -70.771637
v -46.851952 3.199999 -70.771637
v -46.851952 3.200000 -70.771645
v -32.111034 37.676357 3.949997
v -32.111034 37.676357 3.949997
v -32.111034 37.676357 3.949997
v -32.111034 37.676357 3.949997
v -32.111034 37.676357 3.949997
v -47.608421 3.199998 -70.974335
v -47.608421 3.200000 -70.974335
v -47.608421 3.199999 -70.974335
v -47.608421 3.199999 -70.974335
v -47.608421 3.200000 -70.974335
v -32.111034 46.323643 3.949997
v -32.111034 46.323643 3.949997
v -32.111034 46.323643 3.949997
v -32.111034 46.323643 3.949997
v -32.111034 46.323643 3.949997
v -46.173717 3.199998 -70.380058
v -46.173717 3.200000 -70.380066
v -46.173717 3.199999 -70.380066
v -46.173717 3.199999 -70.380066
v -46.173717 3.200000 -70.380066
v -33.010048 37.195827 3.949997
v -33.010048 37.195827 3.949997
v -33.010048 37.195827 3.949997
v -33.010048 37.195827 3.949997
v -33.010048 37.195827 3.949997
v -45.878681 3.199998 -70.121323
v -45.878681 3.200000 -70.121323
v -45.878681 3.199999 -70.121323
v -45.878681 3.199999 -70.121323
v -45.878681 3.200000 -70.121323
v -30.980347 38.701157 3.949997
v -30.980345 38.701157 3.949997
v -30.980347 38.701157 3.949997
v -30.980347 38.701157 3.949997
v -30.980345 38.701157 3.949997
v -45.401924 3.199998 -69.500000
v -45.401924 3.200000 -69.500000
v -45.401924 3.199999 -69.500000
v -45.401924 3.199999 -69.500000
v -45.401924 3.200000 -69.500000
v -30.980347 45.298843 3.949997
v -30.980345 45.298843 3.949997
v -30.980347 45.298843 3.949997
v -30.980347 45.298843 3.949997
v -30.980345 45.298843 3.949997
v -45.228363 3.199998 -69.148048
v -45.228363 3.200000 -69.148048
v -45.228363 3.199999 -69.148048
v -45.228363 3.199999 -69.148048
v -45.228363 3.200000 -69.148048
v -30.414009 39.548737 3.949997
v -30.414007 39.548737 3.949997
v -30.414009 39.548737 3.949997
v -30.414009 39.548737 3.949997
v -30.414007 39.548737 3.949997
v -45.619942 3.199998 -69.826286
v -45.619946 3.200000 -69.826294
v -45.619953 3.199999 -69.826309
v -45.619949 3.199999 -69.826302
v -45.619949 3.200000 -69.826302
v -30.414009 44.451263 3.949997
v -30.414007 44.451263 3.949997
v -30.414009 44.451263 3.949997
v -30.414009 44.451263 3.949997
v -30.414007 44.451263 3.949997
v -46.500000 3.199998 -70.598076
v -46.500000 3.200000 -70.598076
v -46.500000 3.199999 -70.598076
v -46.500000 3.199999 -70.598076
v -46.500000 3.200000 -70.598076
v -30.676357 39.111034 3.949997
v -30.676355 39.111034 3.949997
v -30.676355 39.111034 3.949997
v -30.676357 39.111034 3.949997
v -30.676357 39.111034 3.949997
v -48.391579 3.199998 -70.974335
v -48.391579 3.200000 -70.974335
v -48.391579 3.199999 -70.974335
v -48.391579 3.199999 -70.974335
v -48.391579 3.200000 -70.974335
v -45.025665 3.199998 -68.391579
v -45.025665 3.200000 -68.391579
v -45.025665 3.199999 -68.391579
v -45.025665 3.199999 -68.391579
v -45.025665 3.200000 -68.391579
v -30.676357 44.888966 3.949997
v -30.676355 44.888966 3.949997
v -30.676355 44.888966 3.949997
v -30.676357 44.888966 3.949997
v -30.676357 44.888966 3.949997
v -30.023911 40.490520 3.949997
v -30.023909 40.490520 3.949997
v -30.023911 40.490520 3.949997
v -30.023911 40.490520 3.949997
v -30.023909 40.490520 3.949997
v -45.102222 3.199998 -68.776459
v -45.102222 3.200000 -68.776459
v -45.102222 3.199999 -68.776459
v -45.102222 3.199999 -68.776459
v -45.102222 3.200000 -68.776459
v -27.000002 0.000000 -22.000000
v -27.000000 0.000002 -22.000000
v -27.000000 0.000000 -22.000000
v -26.999998 0.000001 -22.000000
v -26.999998 0.000001 -22.000000
v -30.023911 43.509480 3.949997
v -30.023909 43.509480 3.949997
v -30.023911 43.509480 3.949997
v -30.023911 43.509480 3.949997
v -30.023909 43.509480 3.949997
v -29.799999 42.000000 3.949997
v -29.799997 42.000000 3.949997
v -29.799997 42.000000 3.949997
v -29.799999 42.000000 3.949997
v -29.799999 42.000000 3.949997
v -21.000000 0.000002 -22.000000
v -20.999998 0.000000 -22.000000
v -21.000002 0.000001 -22.000000
v -21.000002 0.000001 -22.000000
v -21.000000 0.000000 -22.000000
v -29.825039 42.509689 3.949997
v -29.825037 42.509689 3.949997
v -29.825037 42.509689 3.949997
v -29.825039 42.509689 3.949997
v -29.825039 42.509689 3.949997
v -20.999998 0.000000 -68.000000
v -21.000000 0.000002 -68.000000
v -21.000000 0.000000 -68.000000
v -21.000002 0.000001 -68.000000
v -21.000002 0.000001 -68.000000
v -27.000000 0.000002 -68.000000
v -27.000002 0.000000 -68.000000
v -26.999998 0.000001 -68.000000
v -26.999998 0.000001 -68.000000
v -27.000000 0.000000 -68.000000
v -29.825039 41.490311 3.949997
v -29.825037 41.490311 3.949997
v -29.825037 41.490311 3.949997
v -29.825039 41.490311 3.949997
v -29.825039 41.490311 3.949997
v -29.899918 43.014469 3.949997
v -29.899916 43.014469 3.949997
v -29.899918 43.014469 3.949997
v -29.899918 43.014469 3.949997
v -29.899916 43.014469 3.949997
v -27.000000 3.199998 -22.000000
v -27.000002 3.200000 -22.000000
v -26.999998 3.199999 -22.000000
v -26.999998 3.199999 -22.000000
v -27.000000 3.200000 -22.000000
v -29.899918 40.985531 3.949997
v -29.899916 40.985531 3.949997
v -29.899918 40.985531 3.949997
v -29.899918 40.985531 3.949997
v -29.899916 40.985531 3.949997
v -27.000000 3.199998 -23.193750
v -27.000002 3.200000 -23.193750
v -26.999998 3.199999 -23.193750
v -26.999998 3.199999 -23.193750
v -27.000000 3.200000 -23.193750
v -30.195827 43.989952 3.949997
v -30.195826 43.989952 3.949997
v -30.195826 43.989952 3.949997
v -30.195827 43.989952 3.949997
v -30.195827 43.989952 3.949997
v -21.000000 3.199998 -22.000000
v -20.999998 3.200000 -22.000000
v -21.000002 3.199999 -22.000000
v -21.000002 3.199999 -22.000000
v -21.000000 3.200000 -22.000000
v -21.000000 3.199998 -68.000000
v -20.999998 3.200000 -68.000000
v -21.000002 3.199999 -68.000000
v -21.000002 3.199999 -68.000000
v -21.000000 3.200000 -68.000000
v -30.195827 40.010048 3.949997
v -30.195826 40.010048 3.949997
v -30.195826 40.010048 3.949997
v -30.195827 40.010048 3.949997
v -30.195827 40.010048 3.949997
v -31.323046 45.676956 3.949997
v -31.323044 45.676956 3.949997
v -31.323046 45.676956 3.949997
v -31.323044 45.676956 3.949997
v -31.323044 45.676956 3.949997
v -27.000002 3.200000 -68.000000
v -27.000000 3.199998 -68.000000
v -27.000000 3.200000 -68.000000
v -26.999998 3.199999 -68.000000
v -26.999998 3.199999 -68.000000
v -31.323046 38.323044 3.949997
v -31.323044 38.323044 3.949997
v -31.323046 38.323044 3.949997
v -31.323044 38.323044 3.949997
v -31.323044 38.323044 3.949997
v -26.974335 0.000002 -21.608421
v -26.974337 0.000000 -21.608421
v -26.974333 0.000001 -21.608421
v -26.974333 0.000001 -21.608421
v -26.974335 0.000000 -21.608421
v -26.598076 0.000002 -20.500000
v -26.598078 0.000000 -20.500000
v -26.598074 0.000001 -20.500000
v -26.598074 0.000001 -20.500000
v -26.598076 0.000000 -20.500000
v -35.000000 36.799999 3.949997
v -35.000000 36.799999 3.949997
v -35.000000 36.799999 3.949997
v -35.000000 36.799999 3.949997
v -35.000000 36.799999 3.949997
v -26.771639 0.000002 -20.851950
v -26.771641 0.000000 -20.851950
v -26.771641 0.000001 -20.851950
v -26.771641 0.000001 -20.851950
v -26.771643 0.000000 -20.851950
v -37.200001 63.000000 -0.250000
v -37.200001 63.000000 -0.250000
v -37.200001 63.000000 -0.250000
v -37.200001 63.000000 -0.250000
v -37.200001 63.000000 -0.250000
v -26.897778 0.000002 -21.223543
v -26.897779 0.000000 -21.223543
v -26.897776 0.000001 -21.223543
v -26.897776 0.000001 -21.223543
v -26.897778 0.000000 -21.223543
v -32.799999 63.000000 -0.250000
v -32.799999 63.000000 -0.250000
v -32.799999 63.000000 -0.250000
v -32.799999 63.000000 -0.250000
v -32.799999 63.000000 -0.250000
v -26.121321 0.000002 -19.878679
v -26.121323 0.000000 -19.878677
v -26.121323 0.000001 -19.878677
v -26.121323 0.000001 -19.878677
v -26.121325 0.000000 -19.878675
v -37.200001 46.704826 -0.250000
v -37.200001 46.704826 -0.250000
v -37.200001 46.704826 -0.250000
v -37.200005 46.704826 -0.250000
v -37.200005 46.704826 -0.250000
v -37.200005 46.704826 -0.250000
v -37.200005 46.704826 -0.250000
v -37.200005 46.704826 -0.250000
v -37.200005 46.704826 -0.250000
v -37.200005 46.704826 -0.250000
v -37.200005 46.704826 -0.250000
v -37.200005 46.704826 -0.250000
v -37.200005 46.704826 -0.250000
v -37.200005 46.704826 -0.250000
v -37.200005 46.704826 -0.250000
v -37.200005 46.704826 -0.250000
v -37.200005 46.704826 -0.250000
v -37.200005 46.704826 -0.250000
v -37.200005 46.704826 -0.250000
v -25.500000 0.000002 -19.401924
v -25.500000 0.000000 -19.401922
v -25.500000 0.000001 -19.401926
v -25.500000 0.000001 -19.401926
v -25.500000 0.000000 -19.401924
v -32.799999 46.704826 -0.250000
v -32.799999 46.704826 -0.250000
v -32.799999 46.704826 -0.250000
v -32.799995 46.704826 -0.250000
v -32.799995 46.704826 -0.250000
v -32.799995 46.704826 -0.250000
v -32.799995 46.704826 -0.250000
v -32.799995 46.704826 -0.250000
v -32.799995 46.704826 -0.250000
v -32.799995 46.704826 -0.250000
v -32.799995 46.704826 -0.250000
v -32.799995 46.704826 -0.250000
v -32.799995 46.704826 -0.250000
v -32.799995 46.704826 -0.250000
v -32.799995 46.704826 -0.250000
v -32.799995 46.704826 -0.250000
v -32.799995 46.704826 -0.250000
v -32.799995 46.704826 -0.250000
v -32.799995 46.704826 -0.250000
v -25.148050 0.000002 -19.228361
v -25.148050 0.000000 -19.228359
v -25.148050 0.000001 -19.228359
v -25.148050 0.000001 -19.228359
v -25.148050 0.000000 -19.228357
v -37.200001 46.704826 3.949997
v -37.200001 46.704826 3.949997
v -37.200001 46.704826 3.949997
v -37.200005 46.704826 3.949997
v -37.200005 46.704826 3.949997
v -37.200005 46.704826 3.949997
v -37.200005 46.704826 3.949997
v -37.200005 46.704826 3.949997
v -37.200005 46.704826 3.949997
v -37.200005 46.704826 3.949997
v -37.200005 46.704826 3.949997
v -37.200005 46.704826 3.949997
v -37.200005 46.704826 3.949997
v -37.200005 46.704826 3.949997
v -37.200005 46.704826 3.949997
v -37.200005 46.704826 3.949997
v -37.200005 46.704826 3.949997
v -37.200005 46.704826 3.949997
v -37.200005 46.704826 3.949997
v -37.200001 63.000000 3.949997
v -37.200001 63.000000 3.949997
v -37.200001 63.000000 3.949997
v -37.200001 63.000000 3.949997
v -37.200001 63.000000 3.949997
v -25.826284 0.000002 -19.619940
v -25.826292 0.000000 -19.619944
v -25.826284 0.000001 -19.619940
v -25.826288 0.000001 -19.619942
v -25.826286 0.000000 -19.619942
v -32.799999 63.000000 3.949997
v -32.799999 63.000000 3.949997
v -32.799999 63.000000 3.949997
v -32.799999 63.000000 3.949997
v -32.799999 63.000000 3.949997
v -24.776457 0.000002 -19.102222
v -24.776457 0.000000 -19.102221
v -24.776457 0.000001 -19.102224
v -24.776457 0.000001 -19.102224
v -24.776457 0.000000 -19.102222
v -26.380060 0.000002 -20.173716
v -26.380056 0.000000 -20.173708
v -26.380060 0.000001 -20.173716
v -26.380058 0.000001 -20.173712
v -26.380058 0.000000 -20.173714
v -32.799999 46.704826 3.949997
v -32.799999 46.704826 3.949997
v -32.799999 46.704826 3.949997
v -32.799995 46.704826 3.949997
v -32.799995 46.704826 3.949997
v -32.799995 46.704826 3.949997
v -32.799995 46.704826 3.949997
v -32.799995 46.704826 3.949997
v -32.799995 46.704826 3.949997
v -32.799995 46.704826 3.949997
v -32.799995 46.704826 3.949997
v -32.799995 46.704826 3.949997
v -32.799995 46.704826 3.949997
v -32.799995 46.704826 3.949997
v -32.799995 46.704826 3.949997
v -32.799995 46.704826 3.949997
v -32.799995 46.704826 3.949997
v -32.799995 46.704826 3.949997
v -32.799995 46.704826 3.949997
v -37.157726 63.429199 -0.250000
v -37.157726 63.429199 -0.250000
v -37.157726 63.429199 -0.250000
v -37.157726 63.429199 -0.250000
v -37.157726 63.429199 -0.250000
v -24.000000 0.000002 -19.000000
v -24.000000 0.000000 -18.999998
v -24.000000 0.000001 -19.000002
v -24.000000 0.000001 -19.000002
v -24.000000 0.000000 -19.000000
v -37.189407 63.215637 -0.250000
v -37.189407 63.215637 -0.250000
v -37.189407 63.215637 -0.250000
v -37.189407 63.215637 -0.250000
v -37.189407 63.215637 -0.250000
v -24.391579 0.000002 -19.025665
v -24.391579 0.000000 -19.025663
v -24.391579 0.000001 -19.025667
v -24.391579 0.000001 -19.025667
v -24.391579 0.000000 -19.025665
v -22.851950 0.000002 -19.228361
v -22.851950 0.000000 -19.228359
v -22.851950 0.000001 -19.228359
v -22.851950 0.000001 -19.228359
v -22.851950 0.000000 -19.228357
v -36.940228 64.037071 -0.250000
v -36.940228 64.037071 -0.250000
v -36.940228 64.037071 -0.250000
v -36.940228 64.037071 -0.250000
v -36.940228 64.037071 -0.250000
v -37.032536 63.841904 -0.250000
v -37.032536 63.841904 -0.250000
v -37.032536 63.841904 -0.250000
v -37.032536 63.841904 -0.250000
v -37.032536 63.841904 -0.250000
v -23.223543 0.000002 -19.102222
v -23.223543 0.000000 -19.102221
v -23.223543 0.000001 -19.102224
v -23.223543 0.000001 -19.102224
v -23.223543 0.000000 -19.102222
v -37.105270 63.638626 -0.250000
v -37.105270 63.638626 -0.250000
v -37.105270 63.638626 -0.250000
v -37.105270 63.638626 -0.250000
v -37.105270 63.638626 -0.250000
v -23.608421 0.000002 -19.025665
v -23.608421 0.000000 -19.025663
v -23.608421 0.000001 -19.025667
v -23.608421 0.000001 -19.025667
v -23.608421 0.000000 -19.025665
v -36.700623 64.395668 -0.250000
v -36.700623 64.395668 -0.250000
v -36.700623 64.395668 -0.250000
v -36.700623 64.395668 -0.250000
v -36.700623 64.395668 -0.250000
v -22.173716 0.000002 -19.619940
v -22.173712 0.000000 -19.619940
v -22.173716 0.000001 -19.619940
v -22.173714 0.000001 -19.619940
v -22.173714 0.000000 -19.619940
v -36.829231 64.222260 -0.250000
v -36.829231 64.222260 -0.250000
v -36.829231 64.222260 -0.250000
v -36.829231 64.222260 -0.250000
v -36.829231 64.222260 -0.250000
v -21.619940 0.000002 -20.173716
v -21.619944 0.000000 -20.173708
v -21.619940 0.000001 -20.173716
v -21.619942 0.000001 -20.173712
v -21.619942 0.000000 -20.173714
v -21.401924 0.000002 -20.500000
v -21.401922 0.000000 -20.500000
v -21.401926 0.000001 -20.500000
v -21.401926 0.000001 -20.500000
v -21.401924 0.000000 -20.500000
v -36.222256 64.829231 -0.250000
v -36.222256 64.829231 -0.250000
v -36.222256 64.829231 -0.250000
v -36.222256 64.829231 -0.250000
v -36.222256 64.829231 -0.250000
v -36.395664 64.700623 -0.250000
v -36.395664 64.700623 -0.250000
v -36.395664 64.700623 -0.250000
v -36.395664 64.700623 -0.250000
v -36.395664 64.700623 -0.250000
v -22.500000 0.000002 -19.401924
v -22.500000 0.000000 -19.401922
v -22.500000 0.000001 -19.401926
v -22.500000 0.000001 -19.401926
v -22.500000 0.000000 -19.401924
v -21.878679 0.000002 -19.878679
v -21.878677 0.000000 -19.878677
v -21.878677 0.000001 -19.878677
v -21.878677 0.000001 -19.878677
v -21.878675 0.000000 -19.878675
v -36.555634 64.555634 -0.250000
v -36.555634 64.555634 -0.250000
v -36.555634 64.555634 -0.250000
v -36.555634 64.555634 -0.250000
v -36.555634 64.555634 -0.250000
v -21.228361 0.000002 -20.851950
v -21.228359 0.000000 -20.851950
v -21.228359 0.000001 -20.851950
v -21.228359 0.000001 -20.851950
v -21.228357 0.000000 -20.851950
v -36.037071 64.940231 -0.250000
v -36.037071 64.940231 -0.250000
v -36.037071 64.940231 -0.250000
v -36.037071 64.940231 -0.250000
v -36.037071 64.940231 -0.250000
v -21.102222 0.000002 -21.223543
v -21.102221 0.000000 -21.223543
v -21.102224 0.000001 -21.223543
v -21.102224 0.000001 -21.223543
v -21.102222 0.000000 -21.223543
v -35.841904 65.032539 -0.250000
v -35.841904 65.032539 -0.250000
v -35.841904 65.032539 -0.250000
v -35.841904 65.032539 -0.250000
v -35.841904 65.032539 -0.250000
v -35.429199 65.157730 -0.250000
v -35.429199 65.157730 -0.250000
v -35.429199 65.157730 -0.250000
v -35.429199 65.157730 -0.250000
v -35.429199 65.157730 -0.250000
v -21.025665 0.000002 -21.608421
v -21.025663 0.000000 -21.608421
v -21.025667 0.000001 -21.608421
v -21.025667 0.000001 -21.608421
v -21.025665 0.000000 -21.608421
v -35.638626 65.105270 -0.250000
v -35.638626 65.105270 -0.250000
v -35.638626 65.105270 -0.250000
v -35.638626 65.105270 -0.250000
v -35.638626 65.105270 -0.250000
v -26.974335 3.199998 -21.608421
v -26.974337 3.200000 -21.608421
v -26.974333 3.199999 -21.608421
v -26.974333 3.199999 -21.608421
v -26.974335 3.200000 -21.608421
v -34.784363 65.189407 -0.250000
v -34.784363 65.189407 -0.250000
v -34.784363 65.189407 -0.250000
v -34.784363 65.189407 -0.250000
v -34.784363 65.189407 -0.250000
v -26.897778 3.199998 -21.223543
v -26.897779 3.200000 -21.223543
v -26.897776 3.199999 -21.223543
v -26.897776 3.199999 -21.223543
v -26.897778 3.200000 -21.223543
v -35.000000 65.200005 -0.250000
v -35.000000 65.200005 -0.250000
v -35.000000 65.200005 -0.250000
v -35.000000 65.200005 -0.250000
v -35.000000 65.200005 -0.250000
v -26.771639 3.199998 -20.851950
v -26.771641 3.200000 -20.851950
v -26.771641 3.199999 -20.851950
v -26.771641 3.199999 -20.851950
v -26.771643 3.200000 -20.851950
v -35.215637 65.189407 -0.250000
v -35.215637 65.189407 -0.250000
v -35.215637 65.189407 -0.250000
v -35.215637 65.189407 -0.250000
v -35.215637 65.189407 -0.250000
v -26.121321 3.199998 -19.878679
v -26.121323 3.200000 -19.878677
v -26.121323 3.199999 -19.878677
v -26.121323 3.199999 -19.878677
v -26.121325 3.200000 -19.878675
v -26.380060 3.199998 -20.173716
v -26.380056 3.200000 -20.173708
v -26.380060 3.199999 -20.173716
v -26.380058 3.199999 -20.173712
v -26.380058 3.200000 -20.173714
v -34.361374 65.105270 -0.250000
v -34.361374 65.105270 -0.250000
v -34.361374 65.105270 -0.250000
v -34.361374 65.105270 -0.250000
v -34.361374 65.105270 -0.250000
v -26.598076 3.199998 -20.500000
v -26.598078 3.200000 -20.500000
v -26.598074 3.199999 -20.500000
v -26.598074 3.199999 -20.500000
v -26.598076 3.200000 -20.500000
v -33.962929 64.940231 -0.250000
v -33.962929 64.940231 -0.250000
v -33.962929 64.940231 -0.250000
v -33.962929 64.940231 -0.250000
v -33.962929 64.940231 -0.250000
v -25.148050 3.199998 -19.228361
v -25.148050 3.200000 -19.228359
v -25.148050 3.199999 -19.228359
v -25.148050 3.199999 -19.228359
v -25.148050 3.200000 -19.228357
v -34.158096 65.032539 -0.250000
v -34.158096 65.032539 -0.250000
v -34.158096 65.032539 -0.250000
v -34.158096 65.032539 -0.250000
v -34.158096 65.032539 -0.250000
v -25.500000 3.199998 -19.401924
v -25.500000 3.200000 -19.401922
v -25.500000 3.199999 -19.401926
v -25.500000 3.199999 -19.401926
v -25.500000 3.200000 -19.401924
v -33.444366 64.555634 -0.250000
v -33.444366 64.555634 -0.250000
v -33.444366 64.555634 -0.250000
v -33.444366 64.555634 -0.250000
v -33.444366 64.555634 -0.250000
v -24.000000 3.199998 -19.000000
v -24.000000 3.200000 -18.999998
v -24.000000 3.199999 -19.000002
v -24.000000 3.199999 -19.000002
v -24.000000 3.200000 -19.000000
v -33.604336 64.700623 -0.250000
v -33.604336 64.700623 -0.250000
v -33.604336 64.700623 -0.250000
v -33.604336 64.700623 -0.250000
v -33.604336 64.700623 -0.250000
v -33.777744 64.829231 -0.250000
v -33.777744 64.829231 -0.250000
v -33.777744 64.829231 -0.250000
v -33.777744 64.829231 -0.250000
v -33.777744 64.829231 -0.250000
v -24.391579 3.199998 -19.025665
v -24.391579 3.200000 -19.025663
v -24.391579 3.199999 -19.025667
v -24.391579 3.199999 -19.025667
v -24.391579 3.200000 -19.025665
v -24.776457 3.199998 -19.102222
v -24.776457 3.200000 -19.102221
v -24.776457 3.199999 -19.102224
v -24.776457 3.199999 -19.102224
v -24.776457 3.200000 -19.102222
v -33.170769 64.222260 -0.250000
v -33.170769 64.222260 -0.250000
v -33.170769 64.222260 -0.250000
v -33.170769 64.222260 -0.250000
v -33.170769 64.222260 -0.250000
v -25.826284 3.199998 -19.619940
v -25.826292 3.200000 -19.619944
v -25.826284 3.199999 -19.619940
v -25.826288 3.199999 -19.619942
v -25.826286 3.200000 -19.619942
v -32.967464 63.841904 -0.250000
v -32.967464 63.841904 -0.250000
v -32.967464 63.841904 -0.250000
v -32.967464 63.841904 -0.250000
v -32.967464 63.841904 -0.250000
v -22.851950 3.199998 -19.228361
v -22.851950 3.200000 -19.228359
v -22.851950 3.199999 -19.228359
v -22.851950 3.199999 -19.228359
v -22.851950 3.200000 -19.228357
v -33.059772 64.037071 -0.250000
v -33.059772 64.037071 -0.250000
v -33.059772 64.037071 -0.250000
v -33.059772 64.037071 -0.250000
v -33.059772 64.037071 -0.250000
v -32.842274 63.429199 -0.250000
v -32.842274 63.429199 -0.250000
v -32.842274 63.429199 -0.250000
v -32.842274 63.429199 -0.250000
v -32.842274 63.429199 -0.250000
v -23.223543 3.199998 -19.102222
v -23.223543 3.200000 -19.102221
v -23.223543 3.199999 -19.102224
v -23.223543 3.199999 -19.102224
v -23.223543 3.200000 -19.102222
v -21.878679 3.199998 -19.878679
v -21.878677 3.200000 -19.878677
v -21.878677 3.199999 -19.878677
v -21.878677 3.199999 -19.878677
v -21.878675 3.200000 -19.878675
v -32.810593 63.215637 -0.250000
v -32.810593 63.215637 -0.250000
v -32.810593 63.215637 -0.250000
v -32.810593 63.215637 -0.250000
v -32.810593 63.215637 -0.250000
v -22.173712 3.200000 -19.619940
v -22.173716 3.199998 -19.619940
v -22.173714 3.200000 -19.619940
v -22.173714 3.199999 -19.619940
v -22.173716 3.199999 -19.619940
v -32.894730 63.638626 -0.250000
v -32.894730 63.638626 -0.250000
v -32.894730 63.638626 -0.250000
v -32.894730 63.638626 -0.250000
v -32.894730 63.638626 -0.250000
v -33.299377 64.395668 -0.250000
v -33.299377 64.395668 -0.250000
v -33.299377 64.395668 -0.250000
v -33.299377 64.395668 -0.250000
v -33.299377 64.395668 -0.250000
v -22.500000 3.199998 -19.401924
v -22.500000 3.200000 -19.401922
v -22.500000 3.199999 -19.401926
v -22.500000 3.199999 -19.401926
v -22.500000 3.200000 -19.401924
v -34.570801 65.157730 -0.250000
v -34.570801 65.157730 -0.250000
v -34.570801 65.157730 -0.250000
v -34.570801 65.157730 -0.250000
v -34.570801 65.157730 -0.250000
v -21.228361 3.199998 -20.851950
v -21.228359 3.200000 -20.851950
v -21.228359 3.199999 -20.851950
v -21.228359 3.199999 -20.851950
v -21.228357 3.200000 -20.851950
v -21.401924 3.199998 -20.500000
v -21.401922 3.200000 -20.500000
v -21.401926 3.199999 -20.500000
v -21.401926 3.199999 -20.500000
v -21.401924 3.200000 -20.500000
v -37.157726 63.429199 3.949997
v -37.157726 63.429199 3.949997
v -37.157726 63.429199 3.949997
v -37.157726 63.429199 3.949997
v -37.157726 63.429199 3.949997
v -21.102222 3.199998 -21.223543
v -21.102221 3.200000 -21.223543
v -21.102224 3.199999 -21.223543
v -21.102224 3.199999 -21.223543
v -21.102222 3.200000 -21.223543
v -37.189407 63.215637 3.949997
v -37.189407 63.215637 3.949997
v -37.189407 63.215637 3.949997
v -37.189407 63.215637 3.949997
v -37.189407 63.215637 3.949997
v -21.025665 3.199998 -21.608421
v -21.025663 3.200000 -21.608421
v -21.025667 3.199999 -21.608421
v -21.025667 3.199999 -21.608421
v -21.025665 3.200000 -21.608421
v -36.940228 64.037071 3.949997
v -36.940228 64.037071 3.949997
v -36.940228 64.037071 3.949997
v -36.940228 64.037071 3.949997
v -36.940228 64.037071 3.949997
v -21.619940 3.199998 -20.173716
v -21.619944 3.200000 -20.173708
v -21.619940 3.199999 -20.173716
v -21.619942 3.199999 -20.173712
v -21.619942 3.200000 -20.173714
v -37.032536 63.841904 3.949997
v -37.032536 63.841904 3.949997
v -37.032536 63.841904 3.949997
v -37.032536 63.841904 3.949997
v -37.032536 63.841904 3.949997
v -37.105270 63.638626 3.949997
v -37.105270 63.638626 3.949997
v -37.105270 63.638626 3.949997
v -37.105270 63.638626 3.949997
v -37.105270 63.638626 3.949997
v -23.608421 3.199998 -19.025665
v -23.608421 3.200000 -19.025663
v -23.608421 3.199999 -19.025667
v -23.608421 3.199999 -19.025667
v -23.608421 3.200000 -19.025665
v -26.974335 0.000002 -68.391579
v -26.974337 0.000000 -68.391579
v -26.974333 0.000001 -68.391579
v -26.974333 0.000001 -68.391579
v -26.974335 0.000000 -68.391579
v -36.700623 64.395668 3.949997
v -36.700623 64.395668 3.949997
v -36.700623 64.395668 3.949997
v -36.700623 64.395668 3.949997
v -36.700623 64.395668 3.949997
v -36.829231 64.222252 3.949997
v -36.829231 64.222252 3.949997
v -36.829231 64.222252 3.949997
v -36.829231 64.222252 3.949997
v -36.829231 64.222252 3.949997
v -26.897778 0.000002 -68.776459
v -26.897779 0.000000 -68.776459
v -26.897776 0.000001 -68.776459
v -26.897776 0.000001 -68.776459
v -26.897778 0.000000 -68.776459
v -36.222256 64.829231 3.949997
v -36.222256 64.829231 3.949997
v -36.222256 64.829231 3.949997
v -36.222256 64.829231 3.949997
v -36.222256 64.829231 3.949997
v -26.380060 0.000002 -69.826286
v -26.380056 0.000000 -69.826294
v -26.380060 0.000001 -69.826286
v -26.380058 0.000001 -69.826286
v -26.380058 0.000000 -69.826286
v -36.395664 64.700623 3.949997
v -36.395664 64.700623 3.949997
v -36.395664 64.700623 3.949997
v -36.395664 64.700623 3.949997
v -36.395664 64.700623 3.949997
v -26.598076 0.000002 -69.500000
v -26.598078 0.000000 -69.500000
v -26.598074 0.000001 -69.500000
v -26.598074 0.000001 -69.500000
v -26.598076 0.000000 -69.500000
v -36.555634 64.555634 3.949997
v -36.555634 64.555634 3.949997
v -36.555634 64.555634 3.949997
v -36.555634 64.555634 3.949997
v -36.555634 64.555634 3.949997
v -26.771639 0.000002 -69.148048
v -26.771641 0.000000 -69.148048
v -26.771641 0.000001 -69.148048
v -26.771641 0.000001 -69.148048
v -26.771643 0.000000 -69.148048
v -36.037071 64.940231 3.949997
v -36.037071 64.940231 3.949997
v -36.037071 64.940231 3.949997
v -36.037071 64.940231 3.949997
v -36.037071 64.940231 3.949997
v -25.500000 0.000002 -70.598076
v -25.500000 0.000000 -70.598076
v -25.500000 0.000001 -70.598076
v -25.500000 0.000001 -70.598076
v -25.500000 0.000000 -70.598076
v -35.841904 65.032539 3.949997
v -35.841904 65.032539 3.949997
v -35.841904 65.032539 3.949997
v -35.841904 65.032539 3.949997
v -35.841904 65.032539 3.949997
v -25.826284 0.000002 -70.380058
v -25.826292 0.000000 -70.380058
v -25.826284 0.000001 -70.380058
v -25.826288 0.000001 -70.380058
v -25.826286 0.000000 -70.380058
v -35.429199 65.157730 3.949997
v -35.429199 65.157730 3.949997
v -35.429199 65.157730 3.949997
v -35.429199 65.157730 3.949997
v -35.429199 65.157730 3.949997
v -24.391579 0.000002 -70.974335
v -24.391579 0.000000 -70.974335
v -24.391579 0.000001 -70.974335
v -24.391579 0.000001 -70.974335
v -24.391579 0.000000 -70.974335
v -35.638626 65.105270 3.949997
v -35.638626 65.105270 3.949997
v -35.638626 65.105270 3.949997
v -35.638626 65.105270 3.949997
v -35.638626 65.105270 3.949997
v -24.776457 0.000002 -70.897781
v -24.776457 0.000000 -70.897781
v -24.776457 0.000001 -70.897774
v -24.776457 0.000001 -70.897774
v -24.776457 0.000000 -70.897781
v -34.784363 65.189407 3.949997
v -34.784363 65.189407 3.949997
v -34.784363 65.189407 3.949997
v -34.784363 65.189407 3.949997
v -34.784363 65.189407 3.949997
v -25.148050 0.000002 -70.771637
v -25.148050 0.000000 -70.771637
v -25.148050 0.000001 -70.771637
v -25.148050 0.000001 -70.771637
v -25.148050 0.000000 -70.771645
v -35.000000 65.200005 3.949997
v -35.000000 65.200005 3.949997
v -35.000000 65.200005 3.949997
v -35.000000 65.200005 3.949997
v -35.000000 65.200005 3.949997
v -26.121321 0.000002 -70.121323
v -26.121323 0.000000 -70.121323
v -26.121323 0.000001 -70.121323
v -26.121323 0.000001 -70.121323
v -26.121325 0.000000 -70.121323
v -35.215637 65.189407 3.949997
v -35.215637 65.189407 3.949997
v -35.215637 65.189407 3.949997
v -35.215637 65.189407 3.949997
v -35.215637 65.189407 3.949997
v -23.608421 0.000002 -70.974335
v -23.608421 0.000000 -70.974335
v -23.608421 0.000001 -70.974335
v -23.608421 0.000001 -70.974335
v -23.608421 0.000000 -70.974335
v -23.223543 0.000002 -70.897781
v -23.223543 0.000000 -70.897781
v -23.223543 0.000001 -70.897774
v -23.223543 0.000001 -70.897774
v -23.223543 0.000000 -70.897781
v -34.361374 65.105270 3.949997
v -34.361374 65.105270 3.949997
v -34.361374 65.105270 3.949997
v -34.361374 65.105270 3.949997
v -34.361374 65.105270 3.949997
v -33.962929 64.940231 3.949997
v -33.962929 64.940231 3.949997
v -33.962929 64.940231 3.949997
v -33.962929 64.940231 3.949997
v -33.962929 64.940231 3.949997
v -22.500000 0.000002 -70.598076
v -22.500000 0.000000 -70.598076
v -22.500000 0.000001 -70.598076
v -22.500000 0.000001 -70.598076
v -22.500000 0.000000 -70.598076
v -22.173716 0.000002 -70.380058
v -22.173708 0.000000 -70.380058
v -22.173716 0.000001 -70.380058
v -22.173712 0.000001 -70.380058
v -22.173714 0.000000 -70.380058
v -34.158096 65.032539 3.949997
v -34.158096 65.032539 3.949997
v -34.158096 65.032539 3.949997
v -34.158096 65.032539 3.949997
v -34.158096 65.032539 3.949997
v -22.851950 0.000002 -70.771637
v -22.851950 0.000000 -70.771637
v -22.851950 0.000001 -70.771637
v -22.851950 0.000001 -70.771637
v -22.851950 0.000000 -70.771645
v -33.444366 64.555634 3.949997
v -33.444366 64.555634 3.949997
v -33.444366 64.555634 3.949997
v -33.444366 64.555634 3.949997
v -33.444366 64.555634 3.949997
v -33.604336 64.700623 3.949997
v -33.604336 64.700623 3.949997
v -33.604336 64.700623 3.949997
v -33.604336 64.700623 3.949997
v -33.604336 64.700623 3.949997
v -21.619940 0.000002 -69.826286
v -21.619944 0.000000 -69.826294
v -21.619940 0.000001 -69.826286
v -21.619942 0.000001 -69.826286
v -21.619942 0.000000 -69.826286
v -33.777744 64.829231 3.949997
v -33.777744 64.829231 3.949997
v -33.777744 64.829231 3.949997
v -33.777744 64.829231 3.949997
v -33.777744 64.829231 3.949997
v -21.401924 0.000002 -69.500000
v -21.401922 0.000000 -69.500000
v -21.401926 0.000001 -69.500000
v -21.401926 0.000001 -69.500000
v -21.401924 0.000000 -69.500000
v -21.102222 0.000002 -68.776459
v -21.102221 0.000000 -68.776459
v -21.102224 0.000001 -68.776459
v -21.102224 0.000001 -68.776459
v -21.102222 0.000000 -68.776459
v -33.170769 64.222252 3.949997
v -33.170769 64.222252 3.949997
v -33.170769 64.222252 3.949997
v -33.170769 64.222252 3.949997
v -33.170769 64.222252 3.949997
v -21.025665 0.000002 -68.391579
v -21.025663 0.000000 -68.391579
v -21.025667 0.000001 -68.391579
v -21.025667 0.000001 -68.391579
v -21.025665 0.000000 -68.391579
v -32.967464 63.841904 3.949997
v -32.967464 63.841904 3.949997
v -32.967464 63.841904 3.949997
v -32.967464 63.841904 3.949997
v -32.967464 63.841904 3.949997
v -21.228361 0.000002 -69.148048
v -21.228359 0.000000 -69.148048
v -21.228359 0.000001 -69.148048
v -21.228359 0.000001 -69.148048
v -21.228357 0.000000 -69.148048
v -33.059772 64.037071 3.949997
v -33.059772 64.037071 3.949997
v -33.059772 64.037071 3.949997
v -33.059772 64.037071 3.949997
v -33.059772 64.037071 3.949997
v -32.842274 63.429199 3.949997
v -32.842274 63.429199 3.949997
v -32.842274 63.429199 3.949997
v -32.842274 63.429199 3.949997
v -32.842274 63.429199 3.949997
v -21.878679 0.000002 -70.121323
v -21.878677 0.000000 -70.121323
v -21.878677 0.000001 -70.121323
v -21.878677 0.000001 -70.121323
v -21.878675 0.000000 -70.121323
v -32.810593 63.215637 3.949997
v -32.810593 63.215637 3.949997
v -32.810593 63.215637 3.949997
v -32.810593 63.215637 3.949997
v -32.810593 63.215637 3.949997
v -24.000000 0.000002 -71.000000
v -24.000000 0.000000 -71.000000
v -24.000000 0.000001 -71.000000
v -24.000000 0.000001 -71.000000
v -24.000000 0.000000 -71.000000
v -32.894730 63.638626 3.949997
v -32.894730 63.638626 3.949997
v -32.894730 63.638626 3.949997
v -32.894730 63.638626 3.949997
v -32.894730 63.638626 3.949997
v -26.974335 3.199998 -68.391579
v -26.974337 3.200000 -68.391579
v -26.974333 3.199999 -68.391579
v -26.974333 3.199999 -68.391579
v -26.974335 3.200000 -68.391579
v -26.598076 3.199998 -69.500000
v -26.598078 3.200000 -69.500000
v -26.598074 3.199999 -69.500000
v -26.598074 3.199999 -69.500000
v -26.598076 3.200000 -69.500000
v -33.299377 64.395668 3.949997
v -33.299377 64.395668 3.949997
v -33.299377 64.395668 3.949997
v -33.299377 64.395668 3.949997
v -33.299377 64.395668 3.949997
v -34.570801 65.157730 3.949997
v -34.570801 65.157730 3.949997
v -34.570801 65.157730 3.949997
v -34.570801 65.157730 3.949997
v -34.570801 65.157730 3.949997
v -26.771639 3.199998 -69.148048
v -26.771641 3.200000 -69.148048
v -26.771641 3.199999 -69.148048
v -26.771641 3.199999 -69.148048
v -26.771643 3.200000 -69.148048
v 29.799999 42.000000 -0.250000
v 29.799997 42.000000 -0.250000
v 29.799997 42.000000 -0.250000
v 29.799999 42.000000 -0.250000
v 29.799999 42.000000 -0.250000
v -26.897778 3.199998 -68.776459
v -26.897779 3.200000 -68.776459
v -26.897776 3.199999 -68.776459
v -26.897776 3.199999 -68.776459
v -26.897778 3.200000 -68.776459
v -25.826284 3.199998 -70.380058
v -25.826292 3.200000 -70.380058
v -25.826284 3.199999 -70.380058
v -25.826288 3.199999 -70.380058
v -25.826286 3.200000 -70.380058
v 29.825039 41.490311 -0.250000
v 29.825037 41.490311 -0.250000
v 29.825037 41.490311 -0.250000
v 29.825039 41.490311 -0.250000
v 29.825039 41.490311 -0.250000
v 29.825039 42.509689 -0.250000
v 29.825037 42.509689 -0.250000
v 29.825037 42.509689 -0.250000
v 29.825039 42.509689 -0.250000
v 29.825039 42.509689 -0.250000
v -26.121321 3.199998 -70.121323
v -26.121323 3.200000 -70.121323
v -26.121323 3.199999 -70.121323
v -26.121323 3.199999 -70.121323
v -26.121325 3.200000 -70.121323
v -24.776457 3.199998 -70.897781
v -24.776457 3.200000 -70.897781
v -24.776457 3.199999 -70.897774
v -24.776457 3.199999 -70.897774
v -24.776457 3.200000 -70.897781
v 30.023911 40.490520 -0.250000
v 30.023909 40.490520 -0.250000
v 30.023911 40.490520 -0.250000
v 30.023911 40.490520 -0.250000
v 30.023909 40.490520 -0.250000
v -25.148050 3.199998 -70.771637
v -25.148050 3.200000 -70.771637
v -25.148050 3.199999 -70.771637
v -25.148050 3.199999 -70.771637
v -25.148050 3.200000 -70.771645
v 30.023911 43.509480 -0.250000
v 30.023909 43.509480 -0.250000
v 30.023911 43.509480 -0.250000
v 30.023911 43.509480 -0.250000
v 30.023909 43.509480 -0.250000
v 29.899918 40.985531 -0.250000
v 29.899916 40.985531 -0.250000
v 29.899918 40.985531 -0.250000
v 29.899918 40.985531 -0.250000
v 29.899916 40.985531 -0.250000
v -25.500000 3.199998 -70.598076
v -25.500000 3.200000 -70.598076
v -25.500000 3.199999 -70.598076
v -25.500000 3.199999 -70.598076
v -25.500000 3.200000 -70.598076
v 29.899918 43.014469 -0.250000
v 29.899916 43.014469 -0.250000
v 29.899918 43.014469 -0.250000
v 29.899918 43.014469 -0.250000
v 29.899916 43.014469 -0.250000
v -26.380060 3.199998 -69.826286
v -26.380056 3.200000 -69.826294
v -26.380060 3.199999 -69.826286
v -26.380058 3.199999 -69.826286
v -26.380058 3.200000 -69.826286
v 30.414009 39.548737 -0.250000
v 30.414007 39.548737 -0.250000
v 30.414009 39.548737 -0.250000
v 30.414009 39.548737 -0.250000
v 30.414007 39.548737 -0.250000
v -24.000000 3.199998 -71.000000
v -24.000000 3.200000 -71.000000
v -24.000000 3.199999 -71.000000
v -24.000000 3.199999 -71.000000
v -24.000000 3.200000 -71.000000
v -23.223543 3.199998 -70.897781
v -23.223543 3.200000 -70.897781
v -23.223543 3.199999 -70.897774
v -23.223543 3.199999 -70.897774
v -23.223543 3.200000 -70.897781
v 30.414009 44.451263 -0.250000
v 30.414007 44.451263 -0.250000
v 30.414009 44.451263 -0.250000
v 30.414009 44.451263 -0.250000
v 30.414007 44.451263 -0.250000
v -22.851950 3.199998 -70.771637
v -22.851950 3.200000 -70.771637
v -22.851950 3.199999 -70.771637
v -22.851950 3.199999 -70.771637
v -22.851950 3.200000 -70.771645
v 30.980347 38.701157 -0.250000
v 30.980345 38.701157 -0.250000
v 30.980347 38.701157 -0.250000
v 30.980347 38.701157 -0.250000
v 30.980345 38.701157 -0.250000
v -23.608421 3.199998 -70.974335
v -23.608421 3.200000 -70.974335
v -23.608421 3.199999 -70.974335
v -23.608421 3.199999 -70.974335
v -23.608421 3.200000 -70.974335
v 30.980347 45.298843 -0.250000
v 30.980345 45.298843 -0.250000
v 30.980347 45.298843 -0.250000
v 30.980347 45.298843 -0.250000
v 30.980345 45.298843 -0.250000
v 30.676357 39.111034 -0.250000
v 30.676355 39.111034 -0.250000
v 30.676355 39.111034 -0.250000
v 30.676357 39.111034 -0.250000
v 30.676357 39.111034 -0.250000
v -22.173716 3.199998 -70.380058
v -22.173708 3.200000 -70.380058
v -22.173716 3.199999 -70.380058
v -22.173712 3.199999 -70.380058
v -22.173714 3.200000 -70.380058
v -21.878679 3.199998 -70.121323
v -21.878677 3.200000 -70.121323
v -21.878677 3.199999 -70.121323
v -21.878677 3.199999 -70.121323
v -21.878675 3.200000 -70.121323
v 30.676357 44.888966 -0.250000
v 30.676355 44.888966 -0.250000
v 30.676355 44.888966 -0.250000
v 30.676357 44.888966 -0.250000
v 30.676357 44.888966 -0.250000
v 30.195827 40.010048 -0.250000
v 30.195826 40.010048 -0.250000
v 30.195826 40.010048 -0.250000
v 30.195827 40.010048 -0.250000
v 30.195827 40.010048 -0.250000
v -21.401924 3.199998 -69.500000
v -21.401922 3.200000 -69.500000
v -21.401926 3.199999 -69.500000
v -21.401926 3.199999 -69.500000
v -21.401924 3.200000 -69.500000
v -21.228361 3.199998 -69.148048
v -21.228359 3.200000 -69.148048
v -21.228359 3.199999 -69.148048
v -21.228359 3.199999 -69.148048
v -21.228357 3.200000 -69.148048
v 30.195827 43.989952 -0.250000
v 30.195826 43.989952 -0.250000
v 30.195826 43.989952 -0.250000
v 30.195827 43.989952 -0.250000
v 30.195827 43.989952 -0.250000
v 31.701155 37.980347 -0.250000
v 31.701143 37.980354 -0.250000
v 31.701151 37.980347 -0.250000
v 31.701149 37.980350 -0.250000
v 31.701147 37.980354 -0.250000
v -21.619940 3.199998 -69.826286
v -21.619944 3.200000 -69.826294
v -21.619940 3.199999 -69.826286
v -21.619942 3.199999 -69.826286
v -21.619942 3.200000 -69.826286
v -22.500000 3.199998 -70.598076
v -22.500000 3.200000 -70.598076
v -22.500000 3.199999 -70.598076
v -22.500000 3.199999 -70.598076
v -22.500000 3.200000 -70.598076
v 31.701155 46.019653 -0.250000
v 31.701143 46.019646 -0.250000
v 31.701151 46.019653 -0.250000
v 31.701149 46.019650 -0.250000
v 31.701147 46.019646 -0.250000
v 32.548737 37.414009 -0.250000
v 32.548737 37.414009 -0.250000
v 32.548737 37.414009 -0.250000
v 32.548737 37.414009 -0.250000
v 32.548737 37.414009 -0.250000
v -24.391579 3.199998 -70.974335
v -24.391579 3.200000 -70.974335
v -24.391579 3.199999 -70.974335
v -24.391579 3.199999 -70.974335
v -24.391579 3.200000 -70.974335
v -21.025665 3.199998 -68.391579
v -21.025663 3.200000 -68.391579
v -21.025667 3.199999 -68.391579
v -21.025667 3.199999 -68.391579
v -21.025665 3.200000 -68.391579
v 32.548737 46.585991 -0.250000
v 32.548737 46.585991 -0.250000
v 32.548737 46.585991 -0.250000
v 32.548737 46.585991 -0.250000
v 32.548737 46.585991 -0.250000
v 32.111034 37.676357 -0.250000
v 32.111034 37.676357 -0.250000
v 32.111034 37.676357 -0.250000
v 32.111034 37.676357 -0.250000
v 32.111034 37.676357 -0.250000
v -21.102222 3.199998 -68.776459
v -21.102221 3.200000 -68.776459
v -21.102224 3.199999 -68.776459
v -21.102224 3.199999 -68.776459
v -21.102222 3.200000 -68.776459
v -3.000001 0.000000 -22.000000
v -3.000000 0.000002 -22.000000
v -3.000001 0.000000 -22.000000
v -3.000000 0.000001 -22.000000
v -3.000000 0.000001 -22.000000
v 32.111034 46.323643 -0.250000
v 32.111034 46.323643 -0.250000
v 32.111034 46.323643 -0.250000
v 32.111034 46.323643 -0.250000
v 32.111034 46.323643 -0.250000
v 3.000000 0.000002 -22.000000
v 3.000002 0.000000 -22.000004
v 3.000000 0.000001 -22.000002
v 3.000001 0.000001 -22.000002
v 3.000001 0.000000 -22.000004
v 33.490520 37.023911 -0.250000
v 33.490520 37.023911 -0.250000
v 33.490520 37.023911 -0.250000
v 33.490520 37.023911 -0.250000
v 33.490520 37.023911 -0.250000
v 3.000002 0.000000 -68.000000
v 3.000000 0.000002 -68.000000
v 3.000001 0.000000 -68.000000
v 3.000001 0.000001 -68.000000
v 3.000000 0.000001 -68.000000
v 34.490311 36.825039 -0.250000
v 34.490311 36.825039 -0.250000
v 34.490311 36.825039 -0.250000
v 34.490311 36.825039 -0.250000
v 34.490311 36.825039 -0.250000
v -3.000000 0.000002 -68.000000
v -3.000001 0.000000 -68.000000
v -3.000000 0.000001 -68.000000
v -3.000000 0.000001 -68.000000
v -3.000001 0.000000 -68.000000
v 33.985531 36.899918 -0.250000
v 33.985531 36.899918 -0.250000
v 33.985531 36.899918 -0.250000
v 33.985531 36.899918 -0.250000
v 33.985531 36.899918 -0.250000
v 33.010048 37.195827 -0.250000
v 33.010048 37.195827 -0.250000
v 33.010048 37.195827 -0.250000
v 33.010048 37.195827 -0.250000
v 33.010048 37.195827 -0.250000
v -3.000000 3.199998 -22.000000
v -3.000001 3.200000 -22.000000
v -3.000000 3.199999 -22.000000
v -3.000000 3.199999 -22.000000
v -3.000001 3.200000 -22.000000
v 31.323046 38.323044 -0.250000
v 31.323044 38.323044 -0.250000
v 31.323046 38.323044 -0.250000
v 31.323044 38.323044 -0.250000
v 31.323044 38.323044 -0.250000
v 3.000002 3.200000 -22.000000
v 3.000000 3.199998 -22.000000
v 3.000001 3.200000 -22.000000
v 3.000001 3.199999 -22.000000
v 3.000000 3.199999 -22.000000
v 31.323046 45.676956 -0.250000
v 31.323044 45.676956 -0.250000
v 31.323046 45.676956 -0.250000
v 31.323044 45.676956 -0.250000
v 31.323044 45.676956 -0.250000
v 3.000000 3.199998 -68.000000
v 3.000002 3.200000 -68.000000
v 3.000000 3.199999 -68.000000
v 3.000001 3.199999 -68.000000
v 3.000001 3.200000 -68.000000
v 35.509689 36.825039 -0.250000
v 35.509689 36.825039 -0.250000
v 35.509689 36.825039 -0.250000
v 35.509689 36.825039 -0.250000
v 35.509689 36.825039 -0.250000
v -3.000001 3.200000 -68.000000
v -3.000000 3.199998 -68.000000
v -3.000001 3.200000 -68.000000
v -3.000000 3.199999 -68.000000
v -3.000000 3.199999 -68.000000
v -2.974335 0.000002 -21.608421
v -2.974336 0.000000 -21.608423
v -2.974336 0.000001 -21.608421
v -2.974336 0.000001 -21.608421
v -2.974336 0.000000 -21.608423
v 36.509480 37.023911 -0.250000
v 36.509480 37.023911 -0.250000
v 36.509480 37.023911 -0.250000
v 36.509480 37.023911 -0.250000
v 36.509480 37.023911 -0.250000
v -2.771638 0.000002 -20.851950
v -2.771640 0.000000 -20.851950
v -2.771639 0.000001 -20.851950
v -2.771639 0.000001 -20.851950
v -2.771639 0.000000 -20.851950
v 36.014469 36.899918 -0.250000
v 36.014469 36.899918 -0.250000
v 36.014469 36.899918 -0.250000
v 36.014469 36.899918 -0.250000
v 36.014469 36.899918 -0.250000
v 37.451263 37.414009 -0.250000
v 37.451263 37.414009 -0.250000
v 37.451263 37.414009 -0.250000
v 37.451263 37.414009 -0.250000
v 37.451263 37.414009 -0.250000
v -2.897778 0.000002 -21.223543
v -2.897779 0.000000 -21.223543
v -2.897778 0.000001 -21.223543
v -2.897778 0.000001 -21.223543
v -2.897779 0.000000 -21.223543
v 37.451263 46.585991 -0.250000
v 37.451263 46.585991 -0.250000
v 37.451263 46.585991 -0.250000
v 37.451263 46.585991 -0.250000
v 37.451263 46.585991 -0.250000
v -2.598076 0.000002 -20.500000
v -2.598078 0.000000 -20.500002
v -2.598080 0.000001 -20.500004
v -2.598079 0.000001 -20.500004
v -2.598080 0.000000 -20.500004
v 38.298843 37.980347 -0.250000
v 38.298843 37.980347 -0.250000
v 38.298843 37.980347 -0.250000
v 38.298843 37.980347 -0.250000
v 38.298843 37.980347 -0.250000
v -2.380060 0.000002 -20.173716
v -2.380056 0.000000 -20.173708
v -2.380060 0.000001 -20.173717
v -2.380060 0.000001 -20.173716
v -2.380059 0.000000 -20.173714
v -2.121320 0.000002 -19.878679
v -2.121322 0.000000 -19.878677
v -2.121321 0.000001 -19.878677
v -2.121322 0.000001 -19.878677
v -2.121323 0.000000 -19.878677
v 38.298843 46.019653 -0.250000
v 38.298843 46.019653 -0.250000
v 38.298843 46.019653 -0.250000
v 38.298843 46.019653 -0.250000
v 38.298843 46.019653 -0.250000
v -1.826284 0.000002 -19.619940
v -1.826286 0.000000 -19.619938
v -1.826285 0.000001 -19.619938
v -1.826286 0.000001 -19.619938
v -1.826287 0.000000 -19.619938
v 37.888966 37.676357 -0.250000
v 37.888966 37.676357 -0.250000
v 37.888966 37.676357 -0.250000
v 37.888966 37.676357 -0.250000
v 37.888966 37.676357 -0.250000
v -1.500000 0.000002 -19.401924
v -1.500001 0.000000 -19.401922
v -1.499999 0.000001 -19.401926
v -1.499999 0.000001 -19.401926
v -1.500000 0.000000 -19.401924
v 37.888966 46.323643 -0.250000
v 37.888966 46.323643 -0.250000
v 37.888966 46.323643 -0.250000
v 37.888966 46.323643 -0.250000
v 37.888966 46.323643 -0.250000
v -0.776457 0.000002 -19.102222
v -0.776458 0.000000 -19.102221
v -0.776456 0.000001 -19.102224
v -0.776456 0.000001 -19.102224
v -0.776457 0.000000 -19.102222
v 36.989952 37.195827 -0.250000
v 36.989952 37.195827 -0.250000
v 36.989952 37.195827 -0.250000
v 36.989952 37.195827 -0.250000
v 36.989952 37.195827 -0.250000
v 39.019653 38.701157 -0.250000
v 39.019653 38.701157 -0.250000
v 39.019653 38.701157 -0.250000
v 39.019653 38.701157 -0.250000
v 39.019653 38.701157 -0.250000
v -0.391579 0.000002 -19.025665
v -0.391579 0.000000 -19.025663
v -0.391578 0.000001 -19.025667
v -0.391578 0.000001 -19.025667
v -0.391579 0.000000 -19.025665
v -1.148050 0.000002 -19.228361
v -1.148052 0.000000 -19.228359
v -1.148051 0.000001 -19.228359
v -1.148051 0.000001 -19.228359
v -1.148052 0.000000 -19.228357
v 39.019653 45.298843 -0.250000
v 39.019653 45.298843 -0.250000
v 39.019653 45.298843 -0.250000
v 39.019653 45.298843 -0.250000
v 39.019653 45.298843 -0.250000
v 39.585991 39.548737 -0.250000
v 39.585991 39.548737 -0.250000
v 39.585991 39.548737 -0.250000
v 39.585991 39.548737 -0.250000
v 39.585991 39.548737 -0.250000
v 0.391579 0.000002 -19.025665
v 0.391579 0.000000 -19.025663
v 0.391578 0.000001 -19.025667
v 0.391578 0.000001 -19.025667
v 0.391579 0.000000 -19.025665
v 0.776457 0.000002 -19.102222
v 0.776458 0.000000 -19.102221
v 0.776456 0.000001 -19.102224
v 0.776456 0.000001 -19.102224
v 0.776457 0.000000 -19.102222
v 39.585991 44.451263 -0.250000
v 39.585991 44.451263 -0.250000
v 39.585991 44.451263 -0.250000
v 39.585991 44.451263 -0.250000
v 39.585991 44.451263 -0.250000
v 1.500000 0.000002 -19.401924
v 1.500001 0.000000 -19.401922
v 1.499999 0.000001 -19.401926
v 1.499999 0.000001 -19.401926
v 1.500000 0.000000 -19.401924
v 39.323643 39.111034 -0.250000
v 39.323643 39.111034 -0.250000
v 39.323643 39.111034 -0.250000
v 39.323643 39.111034 -0.250000
v 39.323643 39.111034 -0.250000
v 1.826284 0.000002 -19.619940
v 1.826286 0.000000 -19.619938
v 1.826285 0.000001 -19.619938
v 1.826285 0.000001 -19.619938
v 1.826286 0.000000 -19.619938
v 39.323643 44.888966 -0.250000
v 39.323643 44.888966 -0.250000
v 39.323643 44.888966 -0.250000
v 39.323643 44.888966 -0.250000
v 39.323643 44.888966 -0.250000
v 1.148050 0.000002 -19.228361
v 1.148052 0.000000 -19.228359
v 1.148051 0.000001 -19.228359
v 1.148051 0.000001 -19.228359
v 1.148052 0.000000 -19.228357
v 39.976089 40.490520 -0.250000
v 39.976089 40.490520 -0.250000
v 39.976089 40.490520 -0.250000
v 39.976089 40.490520 -0.250000
v 39.976089 40.490520 -0.250000
v 39.976089 43.509480 -0.250000
v 39.976089 43.509480 -0.250000
v 39.976089 43.509480 -0.250000
v 39.976089 43.509480 -0.250000
v 39.976089 43.509480 -0.250000
v 2.380060 0.000002 -20.173716
v 2.380056 0.000000 -20.173708
v 2.380060 0.000001 -20.173717
v 2.380060 0.000001 -20.173716
v 2.380059 0.000000 -20.173714
v 40.200001 42.000000 -0.250000
v 40.200001 42.000000 -0.250000
v 40.200001 42.000000 -0.250000
v 40.200001 42.000000 -0.250000
v 40.200001 42.000000 -0.250000
v 2.598076 0.000002 -20.500000
v 2.598078 0.000000 -20.500002
v 2.598080 0.000001 -20.500004
v 2.598079 0.000001 -20.500004
v 2.598080 0.000000 -20.500004
v 40.174961 41.490311 -0.250000
v 40.174961 41.490311 -0.250000
v 40.174961 41.490311 -0.250000
v 40.174961 41.490311 -0.250000
v 40.174961 41.490311 -0.250000
v 2.897778 0.000002 -21.223543
v 2.897779 0.000000 -21.223543
v 2.897778 0.000001 -21.223543
v 2.897778 0.000001 -21.223543
v 2.897779 0.000000 -21.223543
v 40.174961 42.509689 -0.250000
v 40.174961 42.509689 -0.250000
v 40.174961 42.509689 -0.250000
v 40.174961 42.509689 -0.250000
v 40.174961 42.509689 -0.250000
v 2.974335 0.000002 -21.608421
v 2.974336 0.000000 -21.608421
v 2.974335 0.000001 -21.608421
v 2.974335 0.000001 -21.608421
v 2.974336 0.000000 -21.608421
v 40.100082 40.985531 -0.250000
v 40.100082 40.985531 -0.250000
v 40.100082 40.985531 -0.250000
v 40.100082 40.985531 -0.250000
v 40.100082 40.985531 -0.250000
v 2.771638 0.000002 -20.851950
v 2.771640 0.000000 -20.851950
v 2.771639 0.000001 -20.851950
v 2.771639 0.000001 -20.851950
v 2.771639 0.000000 -20.851950
v 40.100082 43.014469 -0.250000
v 40.100082 43.014469 -0.250000
v 40.100082 43.014469 -0.250000
v 40.100082 43.014469 -0.250000
v 40.100082 43.014469 -0.250000
v 2.121320 0.000002 -19.878679
v 2.121323 0.000000 -19.878679
v 2.121321 0.000001 -19.878679
v 2.121321 0.000001 -19.878679
v 2.121322 0.000000 -19.878679
v 39.804173 40.010048 -0.250000
v 39.804173 40.010048 -0.250000
v 39.804173 40.010048 -0.250000
v 39.804173 40.010048 -0.250000
v 39.804173 40.010048 -0.250000
v 0.000000 0.000002 -19.000000
v 0.000000 0.000000 -18.999998
v -0.000000 0.000001 -19.000002
v -0.000000 0.000001 -19.000002
v 0.000000 0.000000 -19.000000
v -2.974335 3.199998 -21.608421
v -2.974336 3.200000 -21.608423
v -2.974336 3.199999 -21.608421
v -2.974336 3.199999 -21.608421
v -2.974336 3.200000 -21.608423
v 39.804173 43.989952 -0.250000
v 39.804173 43.989952 -0.250000
v 39.804173 43.989952 -0.250000
v 39.804173 43.989952 -0.250000
v 39.804173 43.989952 -0.250000
v -2.897778 3.199998 -21.223543
v -2.897779 3.200000 -21.223543
v -2.897778 3.199999 -21.223543
v -2.897778 3.199999 -21.223543
v -2.897779 3.200000 -21.223543
v 38.676956 38.323044 -0.250000
v 38.676956 38.323044 -0.250000
v 38.676956 38.323044 -0.250000
v 38.676956 38.323044 -0.250000
v 38.676956 38.323044 -0.250000
v 38.676956 45.676956 -0.250000
v 38.676956 45.676956 -0.250000
v 38.676956 45.676956 -0.250000
v 38.676956 45.676956 -0.250000
v 38.676956 45.676956 -0.250000
v -2.771638 3.199998 -20.851950
v -2.771640 3.200000 -20.851950
v -2.771639 3.199999 -20.851950
v -2.771639 3.199999 -20.851950
v -2.771639 3.200000 -20.851950
v -2.121320 3.199998 -19.878679
v -2.121322 3.200000 -19.878677
v -2.121321 3.199999 -19.878677
v -2.121322 3.199999 -19.878677
v -2.121323 3.200000 -19.878677
v 35.000000 36.799999 -0.250000
v 35.000000 36.799999 -0.250000
v 35.000000 36.799999 -0.250000
v 35.000000 36.799999 -0.250000
v 35.000000 36.799999 -0.250000
v -2.380060 3.199998 -20.173716
v -2.380056 3.200000 -20.173708
v -2.380060 3.199999 -20.173717
v -2.380060 3.199999 -20.173716
v -2.380059 3.200000 -20.173714
v 29.799999 42.000000 3.949997
v 29.799997 42.000000 3.949997
v 29.799997 42.000000 3.949997
v 29.799999 42.000000 3.949997
v 29.799999 42.000000 3.949997
v -2.598076 3.199998 -20.500000
v -2.598078 3.200000 -20.500002
v -2.598080 3.199999 -20.500004
v -2.598079 3.199999 -20.500004
v -2.598080 3.200000 -20.500004
v 29.825039 41.490311 3.949997
v 29.825037 41.490311 3.949997
v 29.825037 41.490311 3.949997
v 29.825039 41.490311 3.949997
v 29.825039 41.490311 3.949997
v -1.148050 3.199998 -19.228361
v -1.148052 3.200000 -19.228359
v -1.148051 3.199999 -19.228359
v -1.148051 3.199999 -19.228359
v -1.148052 3.200000 -19.228357
v 29.825039 42.509689 3.949997
v 29.825037 42.509689 3.949997
v 29.825037 42.509689 3.949997
v 29.825039 42.509689 3.949997
v 29.825039 42.509689 3.949997
v 30.023911 40.490520 3.949997
v 30.023909 40.490520 3.949997
v 30.023911 40.490520 3.949997
v 30.023911 40.490520 3.949997
v 30.023909 40.490520 3.949997
v -1.500000 3.199998 -19.401924
v -1.500001 3.200000 -19.401922
v -1.499999 3.199999 -19.401926
v -1.499999 3.199999 -19.401926
v -1.500000 3.200000 -19.401924
v 30.023911 43.509480 3.949997
v 30.023909 43.509480 3.949997
v 30.023911 43.509480 3.949997
v 30.023911 43.509480 3.949997
v 30.023909 43.509480 3.949997
v 0.000000 3.199998 -19.000000
v -0.000000 3.200000 -18.999998
v 0.000000 3.199999 -19.000002
v 0.000000 3.199999 -19.000002
v 0.000000 3.200000 -19.000000
v -0.391579 3.199998 -19.025665
v -0.391579 3.200000 -19.025663
v -0.391578 3.199999 -19.025667
v -0.391578 3.199999 -19.025667
v -0.391579 3.200000 -19.025665
v 29.899918 40.985531 3.949997
v 29.899916 40.985531 3.949997
v 29.899918 40.985531 3.949997
v 29.899918 40.985531 3.949997
v 29.899916 40.985531 3.949997
v 29.899918 43.014469 3.949997
v 29.899916 43.014469 3.949997
v 29.899918 43.014469 3.949997
v 29.899918 43.014469 3.949997
v 29.899916 43.014469 3.949997
v -0.776457 3.199998 -19.102222
v -0.776458 3.200000 -19.102221
v -0.776456 3.199999 -19.102224
v -0.776456 3.199999 -19.102224
v -0.776457 3.200000 -19.102222
v -1.826284 3.199998 -19.619940
v -1.826286 3.200000 -19.619938
v -1.826285 3.199999 -19.619938
v -1.826286 3.199999 -19.619938
v -1.826287 3.200000 -19.619938
v 30.414009 39.548737 3.949997
v 30.414007 39.548737 3.949997
v 30.414009 39.548737 3.949997
v 30.414009 39.548737 3.949997
v 30.414007 39.548737 3.949997
v 30.414009 44.451263 3.949997
v 30.414007 44.451263 3.949997
v 30.414009 44.451263 3.949997
v 30.414009 44.451263 3.949997
v 30.414007 44.451263 3.949997
v 1.148050 3.199998 -19.228361
v 1.148052 3.200000 -19.228359
v 1.148051 3.199999 -19.228359
v 1.148051 3.199999 -19.228359
v 1.148052 3.200000 -19.228357
v 0.776457 3.199998 -19.102222
v 0.776458 3.200000 -19.102221
v 0.776456 3.199999 -19.102224
v 0.776456 3.199999 -19.102224
v 0.776457 3.200000 -19.102222
v 30.980347 38.701157 3.949997
v 30.980345 38.701157 3.949997
v 30.980347 38.701157 3.949997
v 30.980347 38.701157 3.949997
v 30.980345 38.701157 3.949997
v 2.121320 3.199998 -19.878679
v 2.121322 3.200000 -19.878677
v 2.121321 3.199999 -19.878677
v 2.121322 3.199999 -19.878677
v 2.121323 3.200000 -19.878677
v 30.980347 45.298843 3.949997
v 30.980345 45.298843 3.949997
v 30.980347 45.298843 3.949997
v 30.980347 45.298843 3.949997
v 30.980345 45.298843 3.949997
v 30.676357 39.111034 3.949997
v 30.676355 39.111034 3.949997
v 30.676355 39.111034 3.949997
v 30.676357 39.111034 3.949997
v 30.676357 39.111034 3.949997
v 1.826284 3.199998 -19.619940
v 1.826286 3.200000 -19.619938
v 1.826285 3.199999 -19.619938
v 1.826286 3.199999 -19.619938
v 1.826287 3.200000 -19.619938
v 1.500000 3.199998 -19.401924
v 1.500001 3.200000 -19.401922
v 1.499999 3.199999 -19.401926
v 1.499999 3.199999 -19.401926
v 1.500000 3.200000 -19.401924
v 30.676357 44.888966 3.949997
v 30.676355 44.888966 3.949997
v 30.676355 44.888966 3.949997
v 30.676357 44.888966 3.949997
v 30.676357 44.888966 3.949997
v 30.195827 40.010048 3.949997
v 30.195826 40.010048 3.949997
v 30.195826 40.010048 3.949997
v 30.195827 40.010048 3.949997
v 30.195827 40.010048 3.949997
v 2.771638 3.199998 -20.851950
v 2.771640 3.200000 -20.851950
v 2.771639 3.199999 -20.851950
v 2.771639 3.199999 -20.851950
v 2.771639 3.200000 -20.851950
v 30.195827 43.989952 3.949997
v 30.195826 43.989952 3.949997
v 30.195826 43.989952 3.949997
v 30.195827 43.989952 3.949997
v 30.195827 43.989952 3.949997
v 2.598076 3.199998 -20.500000
v 2.598078 3.200000 -20.500002
v 2.598080 3.199999 -20.500004
v 2.598079 3.199999 -20.500004
v 2.598080 3.200000 -20.500004
v 31.701155 37.980347 3.949997
v 31.701143 37.980354 3.949997
v 31.701151 37.980347 3.949997
v 31.701149 37.980350 3.949997
v 31.701147 37.980354 3.949997
v 2.897778 3.199998 -21.223543
v 2.897779 3.200000 -21.223543
v 2.897778 3.199999 -21.223543
v 2.897778 3.199999 -21.223543
v 2.897779 3.200000 -21.223543
v 2.974335 3.199998 -21.608421
v 2.974336 3.200000 -21.608421
v 2.974335 3.199999 -21.608421
v 2.974335 3.199999 -21.608421
v 2.974336 3.200000 -21.608421
v 31.701155 46.019653 3.949997
v 31.701143 46.019646 3.949997
v 31.701151 46.019653 3.949997
v 31.701149 46.019650 3.949997
v 31.701147 46.019646 3.949997
v 32.548737 37.414009 3.949997
v 32.548737 37.414009 3.949997
v 32.548737 37.414009 3.949997
v 32.548737 37.414009 3.949997
v 32.548737 37.414009 3.949997
v 2.380060 3.199998 -20.173716
v 2.380056 3.200000 -20.173708
v 2.380060 3.199999 -20.173717
v 2.380060 3.199999 -20.173716
v 2.380059 3.200000 -20.173714
v 32.548737 46.585991 3.949997
v 32.548737 46.585991 3.949997
v 32.548737 46.585991 3.949997
v 32.548737 46.585991 3.949997
v 32.548737 46.585991 3.949997
v 0.391579 3.199998 -19.025665
v 0.391579 3.200000 -19.025663
v 0.391578 3.199999 -19.025667
v 0.391578 3.199999 -19.025667
v 0.391579 3.200000 -19.025665
v 32.111034 37.676357 3.949997
v 32.111034 37.676357 3.949997
v 32.111034 37.676357 3.949997
v 32.111034 37.676357 3.949997
v 32.111034 37.676357 3.949997
v -2.974335 0.000002 -68.391579
v -2.974336 0.000000 -68.391579
v -2.974335 0.000001 -68.391579
v -2.974335 0.000001 -68.391579
v -2.974336 0.000000 -68.391579
v 32.111034 46.323643 3.949997
v 32.111034 46.323643 3.949997
v 32.111034 46.323643 3.949997
v 32.111034 46.323643 3.949997
v 32.111034 46.323643 3.949997
v -2.897778 0.000002 -68.776459
v -2.897779 0.000000 -68.776459
v -2.897778 0.000001 -68.776459
v -2.897778 0.000001 -68.776459
v -2.897779 0.000000 -68.776459
v -2.380060 0.000002 -69.826286
v -2.380056 0.000000 -69.826294
v -2.380060 0.000001 -69.826279
v -2.380060 0.000001 -69.826286
v -2.380059 0.000000 -69.826286
v 33.490520 37.023911 3.949997
v 33.490520 37.023911 3.949997
v 33.490520 37.023911 3.949997
v 33.490520 37.023911 3.949997
v 33.490520 37.023911 3.949997
v -2.598076 0.000002 -69.500000
v -2.598078 0.000000 -69.500000
v -2.598080 0.000001 -69.500000
v -2.598079 0.000001 -69.500000
v -2.598080 0.000000 -69.500000
v 34.490311 36.825039 3.949997
v 34.490311 36.825039 3.949997
v 34.490311 36.825039 3.949997
v 34.490311 36.825039 3.949997
v 34.490311 36.825039 3.949997
v -2.771638 0.000002 -69.148048
v -2.771640 0.000000 -69.148048
v -2.771639 0.000001 -69.148048
v -2.771639 0.000001 -69.148048
v -2.771639 0.000000 -69.148048
v 33.985531 36.899918 3.949997
v 33.985531 36.899918 3.949997
v 33.985531 36.899918 3.949997
v 33.985531 36.899918 3.949997
v 33.985531 36.899918 3.949997
v -1.500000 0.000002 -70.598076
v -1.500001 0.000000 -70.598076
v -1.499999 0.000001 -70.598076
v -1.499999 0.000001 -70.598076
v -1.500000 0.000000 -70.598076
v 33.010048 37.195827 3.949997
v 33.010048 37.195827 3.949997
v 33.010048 37.195827 3.949997
v 33.010048 37.195827 3.949997
v 33.010048 37.195827 3.949997
v -1.826284 0.000002 -70.380058
v -1.826286 0.000000 -70.380066
v -1.826285 0.000001 -70.380066
v -1.826286 0.000001 -70.380066
v -1.826287 0.000000 -70.380066
v 31.323046 38.323044 3.949997
v 31.323044 38.323044 3.949997
v 31.323046 38.323044 3.949997
v 31.323044 38.323044 3.949997
v 31.323044 38.323044 3.949997
v 31.323046 45.676956 3.949997
v 31.323044 45.676956 3.949997
v 31.323046 45.676956 3.949997
v 31.323044 45.676956 3.949997
v 31.323044 45.676956 3.949997
v -0.391579 0.000002 -70.974335
v -0.391579 0.000000 -70.974335
v -0.391578 0.000001 -70.974335
v -0.391578 0.000001 -70.974335
v -0.391579 0.000000 -70.974335
v -0.776457 0.000002 -70.897781
v -0.776458 0.000000 -70.897781
v -0.776456 0.000001 -70.897774
v -0.776456 0.000001 -70.897774
v -0.776457 0.000000 -70.897781
v 35.509689 36.825039 3.949997
v 35.509689 36.825039 3.949997
v 35.509689 36.825039 3.949997
v 35.509689 36.825039 3.949997
v 35.509689 36.825039 3.949997
v 36.509480 37.023911 3.949997
v 36.509480 37.023911 3.949997
v 36.509480 37.023911 3.949997
v 36.509480 37.023911 3.949997
v 36.509480 37.023911 3.949997
v -1.148050 0.000002 -70.771637
v -1.148052 0.000000 -70.771637
v -1.148051 0.000001 -70.771637
v -1.148051 0.000001 -70.771637
v -1.148052 0.000000 -70.771645
v 36.014469 36.899918 3.949997
v 36.014469 36.899918 3.949997
v 36.014469 36.899918 3.949997
v 36.014469 36.899918 3.949997
v 36.014469 36.899918 3.949997
v -2.121320 0.000002 -70.121323
v -2.121322 0.000000 -70.121323
v -2.121321 0.000001 -70.121323
v -2.121322 0.000001 -70.121323
v -2.121323 0.000000 -70.121323
v 37.451263 37.414009 3.949997
v 37.451263 37.414009 3.949997
v 37.451263 37.414009 3.949997
v 37.451263 37.414009 3.949997
v 37.451263 37.414009 3.949997
v 0.391579 0.000002 -70.974335
v 0.391579 0.000000 -70.974335
v 0.391578 0.000001 -70.974335
v 0.391578 0.000001 -70.974335
v 0.391579 0.000000 -70.974335
v 37.582100 37.492428 3.949997
v 37.582100 37.492428 3.949997
v 37.582100 37.492428 3.949997
v 37.582100 37.492428 3.949997
v 37.582100 37.492428 3.949997
v 0.776457 0.000002 -70.897781
v 0.776458 0.000000 -70.897781
v 0.776456 0.000001 -70.897774
v 0.776456 0.000001 -70.897774
v 0.776457 0.000000 -70.897781
v 37.451263 46.585991 3.949997
v 37.451263 46.585991 3.949997
v 37.451263 46.585991 3.949997
v 37.451263 46.585991 3.949997
v 37.451263 46.585991 3.949997
v 1.500000 0.000002 -70.598076
v 1.500001 0.000000 -70.598076
v 1.499999 0.000001 -70.598076
v 1.499999 0.000001 -70.598076
v 1.500000 0.000000 -70.598076
v 38.298843 37.980347 3.949997
v 38.298843 37.980347 3.949997
v 38.298843 37.980347 3.949997
v 38.298843 37.980347 3.949997
v 38.298843 37.980347 3.949997
v 1.826284 0.000002 -70.380058
v 1.826286 0.000000 -70.380066
v 1.826285 0.000001 -70.380066
v 1.826286 0.000001 -70.380066
v 1.826287 0.000000 -70.380066
v 1.148050 0.000002 -70.771637
v 1.148052 0.000000 -70.771637
v 1.148051 0.000001 -70.771637
v 1.148051 0.000001 -70.771637
v 1.148052 0.000000 -70.771645
v 38.298843 46.019653 3.949997
v 38.298843 46.019653 3.949997
v 38.298843 46.019653 3.949997
v 38.298843 46.019653 3.949997
v 38.298843 46.019653 3.949997
v 2.380060 0.000002 -69.826286
v 2.380056 0.000000 -69.826294
v 2.380060 0.000001 -69.826279
v 2.380060 0.000001 -69.826286
v 2.380059 0.000000 -69.826286
v 37.888966 37.676357 3.949997
v 37.888966 37.676357 3.949997
v 37.888966 37.676357 3.949997
v 37.888966 37.676357 3.949997
v 37.888966 37.676357 3.949997
v 2.598076 0.000002 -69.500000
v 2.598078 0.000000 -69.500000
v 2.598080 0.000001 -69.500000
v 2.598079 0.000001 -69.500000
v 2.598080 0.000000 -69.500000
v 37.888966 46.323643 3.949997
v 37.888966 46.323643 3.949997
v 37.888966 46.323643 3.949997
v 37.888966 46.323643 3.949997
v 37.888966 46.323643 3.949997
v 36.989952 37.195827 3.949997
v 36.989952 37.195827 3.949997
v 36.989952 37.195827 3.949997
v 36.989952 37.195827 3.949997
v 36.989952 37.195827 3.949997
v 2.897778 0.000002 -68.776459
v 2.897779 0.000000 -68.776459
v 2.897778 0.000001 -68.776459
v 2.897778 0.000001 -68.776459
v 2.897779 0.000000 -68.776459
v 39.019653 38.701157 3.949997
v 39.019653 38.701157 3.949997
v 39.019653 38.701157 3.949997
v 39.019653 38.701157 3.949997
v 39.019653 38.701157 3.949997
v 2.974335 0.000002 -68.391579
v 2.974336 0.000000 -68.391579
v 2.974335 0.000001 -68.391579
v 2.974335 0.000001 -68.391579
v 2.974336 0.000000 -68.391579
v 39.019653 45.298843 3.949997
v 39.019653 45.298843 3.949997
v 39.019653 45.298843 3.949997
v 39.019653 45.298843 3.949997
v 39.019653 45.298843 3.949997
v 2.771638 0.000002 -69.148048
v 2.771640 0.000000 -69.148048
v 2.771639 0.000001 -69.148048
v 2.771639 0.000001 -69.148048
v 2.771639 0.000000 -69.148048
v 39.585991 39.548737 3.949997
v 39.585991 39.548737 3.949997
v 39.585991 39.548737 3.949997
v 39.585991 39.548737 3.949997
v 39.585991 39.548737 3.949997
v 2.121320 0.000002 -70.121323
v 2.121322 0.000000 -70.121323
v 2.121321 0.000001 -70.121323
v 2.121322 0.000001 -70.121323
v 2.121323 0.000000 -70.121323
v 0.000000 0.000002 -71.000000
v -0.000000 0.000000 -71.000000
v 0.000000 0.000001 -71.000000
v 0.000000 0.000001 -71.000000
v 0.000000 0.000000 -71.000000
v 39.585991 44.451263 3.949997
v 39.585991 44.451263 3.949997
v 39.585991 44.451263 3.949997
v 39.585991 44.451263 3.949997
v 39.585991 44.451263 3.949997
v 39.323643 39.111034 3.949997
v 39.323643 39.111034 3.949997
v 39.323643 39.111034 3.949997
v 39.323643 39.111034 3.949997
v 39.323643 39.111034 3.949997
v -2.974335 3.199998 -68.391579
v -2.974336 3.200000 -68.391579
v -2.974335 3.199999 -68.391579
v -2.974335 3.199999 -68.391579
v -2.974336 3.200000 -68.391579
v 39.323643 44.888966 3.949997
v 39.323643 44.888966 3.949997
v 39.323643 44.888966 3.949997
v 39.323643 44.888966 3.949997
v 39.323643 44.888966 3.949997
v -2.897778 3.199998 -68.776459
v -2.897779 3.200000 -68.776459
v -2.897778 3.199999 -68.776459
v -2.897778 3.199999 -68.776459
v -2.897779 3.200000 -68.776459
v 39.976089 40.490520 3.949997
v 39.976089 40.490520 3.949997
v 39.976089 40.490520 3.949997
v 39.976089 40.490520 3.949997
v 39.976089 40.490520 3.949997
v -2.771638 3.199998 -69.148048
v -2.771640 3.200000 -69.148048
v -2.771639 3.199999 -69.148048
v -2.771639 3.199999 -69.148048
v -2.771639 3.200000 -69.148048
v 39.976089 43.509480 3.949997
v 39.976089 43.509480 3.949997
v 39.976089 43.509480 3.949997
v 39.976089 43.509480 3.949997
v 39.976089 43.509480 3.949997
v -2.598076 3.199998 -69.500000
v -2.598078 3.200000 -69.500000
v -2.598080 3.199999 -69.500000
v -2.598079 3.199999 -69.500000
v -2.598080 3.200000 -69.500000
v 40.200001 42.000000 3.949997
v 40.200001 42.000000 3.949997
v 40.200001 42.000000 3.949997
v 40.200001 42.000000 3.949997
v 40.200001 42.000000 3.949997
v -2.380060 3.199998 -69.826286
v -2.380056 3.200000 -69.826294
v -2.380060 3.199999 -69.826279
v -2.380060 3.199999 -69.826286
v -2.380059 3.200000 -69.826286
v 40.174961 41.490311 3.949997
v 40.174961 41.490311 3.949997
v 40.174961 41.490311 3.949997
v 40.174961 41.490311 3.949997
v 40.174961 41.490311 3.949997
v -2.121320 3.199998 -70.121323
v -2.121322 3.200000 -70.121323
v -2.121321 3.199999 -70.121323
v -2.121322 3.199999 -70.121323
v -2.121323 3.200000 -70.121323
v -1.826284 3.199998 -70.380058
v -1.826286 3.200000 -70.380066
v -1.826285 3.199999 -70.380066
v -1.826286 3.199999 -70.380066
v -1.826287 3.200000 -70.380066
v 40.174961 42.509689 3.949997
v 40.174961 42.509689 3.949997
v 40.174961 42.509689 3.949997
v 40.174961 42.509689 3.949997
v 40.174961 42.509689 3.949997
v -1.500000 3.199998 -70.598076
v -1.500001 3.200000 -70.598076
v -1.499999 3.199999 -70.598076
v -1.499999 3.199999 -70.598076
v -1.500000 3.200000 -70.598076
v 40.100082 40.985531 3.949997
v 40.100082 40.985531 3.949997
v 40.100082 40.985531 3.949997
v 40.100082 40.985531 3.949997
v 40.100082 40.985531 3.949997
v -0.776457 3.199998 -70.897781
v -0.776458 3.200000 -70.897781
v -0.776456 3.199999 -70.897774
v -0.776456 3.199999 -70.897774
v -0.776457 3.200000 -70.897781
v 40.100082 43.014469 3.949997
v 40.100082 43.014469 3.949997
v 40.100082 43.014469 3.949997
v 40.100082 43.014469 3.949997
v 40.100082 43.014469 3.949997
v 39.804173 40.010048 3.949997
v 39.804173 40.010048 3.949997
v 39.804173 40.010048 3.949997
v 39.804173 40.010048 3.949997
v 39.804173 40.010048 3.949997
v -0.391579 3.199998 -70.974335
v -0.391579 3.200000 -70.974335
v -0.391578 3.199999 -70.974335
v -0.391578 3.199999 -70.974335
v -0.391579 3.200000 -70.974335
v 39.804173 43.989952 3.949997
v 39.804173 43.989952 3.949997
v 39.804173 43.989952 3.949997
v 39.804173 43.989952 3.949997
v 39.804173 43.989952 3.949997
v -1.148050 3.199998 -70.771637
v -1.148052 3.200000 -70.771637
v -1.148051 3.199999 -70.771637
v -1.148051 3.199999 -70.771637
v -1.148052 3.200000 -70.771645
v 38.676956 38.323044 3.949997
v 38.676956 38.323044 3.949997
v 38.676956 38.323044 3.949997
v 38.676956 38.323044 3.949997
v 38.676956 38.323044 3.949997
v 0.391579 3.199998 -70.974335
v 0.391579 3.200000 -70.974335
v 0.391578 3.199999 -70.974335
v 0.391578 3.199999 -70.974335
v 0.391579 3.200000 -70.974335
v 38.676956 45.676956 3.949997
v 38.676956 45.676956 3.949997
v 38.676956 45.676956 3.949997
v 38.676956 45.676956 3.949997
v 38.676956 45.676956 3.949997
v 0.776457 3.199998 -70.897781
v 0.776458 3.200000 -70.897781
v 0.776456 3.199999 -70.897774
v 0.776456 3.199999 -70.897774
v 0.776457 3.200000 -70.897781
v 35.000000 36.799999 3.949997
v 35.000000 36.799999 3.949997
v 35.000000 36.799999 3.949997
v 35.000000 36.799999 3.949997
v 35.000000 36.799999 3.949997
v 1.500000 3.199998 -70.598076
v 1.500001 3.200000 -70.598076
v 1.499999 3.199999 -70.598076
v 1.499999 3.199999 -70.598076
v 1.500000 3.200000 -70.598076
v 37.200001 46.704826 -0.250000
v 37.200001 46.704826 -0.250000
v 37.200001 46.704826 -0.250000
v 37.200005 46.704826 -0.250000
v 37.200005 46.704826 -0.250000
v 37.200005 46.704826 -0.250000
v 37.200005 46.704826 -0.250000
v 37.200005 46.704826 -0.250000
v 37.200005 46.704826 -0.250000
v 37.200005 46.704826 -0.250000
v 37.200005 46.704826 -0.250000
v 37.200005 46.704826 -0.250000
v 37.200005 46.704826 -0.250000
v 37.200005 46.704826 -0.250000
v 37.200005 46.704826 -0.250000
v 37.200005 46.704826 -0.250000
v 37.200005 46.704826 -0.250000
v 37.200005 46.704826 -0.250000
v 37.200005 46.704826 -0.250000
v 1.826284 3.199998 -70.380058
v 1.826286 3.200000 -70.380066
v 1.826285 3.199999 -70.380066
v 1.826286 3.199999 -70.380066
v 1.826287 3.200000 -70.380066
v 1.148050 3.199998 -70.771637
v 1.148052 3.200000 -70.771637
v 1.148051 3.199999 -70.771637
v 1.148051 3.199999 -70.771637
v 1.148052 3.200000 -70.771645
v 32.799999 46.704826 -0.250000
v 32.799999 46.704826 -0.250000
v 32.799999 46.704826 -0.250000
v 32.799995 46.704826 -0.250000
v 32.799995 46.704826 -0.250000
v 32.799995 46.704826 -0.250000
v 32.799995 46.704826 -0.250000
v 32.799995 46.704826 -0.250000
v 32.799995 46.704826 -0.250000
v 32.799995 46.704826 -0.250000
v 32.799995 46.704826 -0.250000
v 32.799995 46.704826 -0.250000
v 32.799995 46.704826 -0.250000
v 32.799995 46.704826 -0.250000
v 32.799995 46.704826 -0.250000
v 32.799995 46.704826 -0.250000
v 32.799995 46.704826 -0.250000
v 32.799995 46.704826 -0.250000
v 32.799995 46.704826 -0.250000
v 37.200001 63.000000 -0.250000
v 37.200001 63.000000 -0.250000
v 37.200001 63.000000 -0.250000
v 37.200001 63.000000 -0.250000
v 37.200001 63.000000 -0.250000
v 2.380060 3.199998 -69.826286
v 2.380056 3.200000 -69.826294
v 2.380060 3.199999 -69.826279
v 2.380060 3.199999 -69.826286
v 2.380059 3.200000 -69.826286
v 2.598076 3.199998 -69.500000
v 2.598078 3.200000 -69.500000
v 2.598076 3.199999 -69.500000
v 2.598077 3.199999 -69.500000
v 2.598077 3.200000 -69.500000
v 32.799999 63.000000 -0.250000
v 32.799999 63.000000 -0.250000
v 32.799999 63.000000 -0.250000
v 32.799999 63.000000 -0.250000
v 32.799999 63.000000 -0.250000
v 2.897778 3.199998 -68.776459
v 2.897779 3.200000 -68.776459
v 2.897778 3.199999 -68.776459
v 2.897778 3.199999 -68.776459
v 2.897779 3.200000 -68.776459
v 32.799999 46.704826 3.949997
v 32.799999 46.704826 3.949997
v 32.799999 46.704826 3.949997
v 32.799995 46.704826 3.949997
v 32.799995 46.704826 3.949997
v 32.799995 46.704826 3.949997
v 32.799995 46.704826 3.949997
v 32.799995 46.704826 3.949997
v 32.799995 46.704826 3.949997
v 32.799995 46.704826 3.949997
v 32.799995 46.704826 3.949997
v 32.799995 46.704826 3.949997
v 32.799995 46.704826 3.949997
v 32.799995 46.704826 3.949997
v 32.799995 46.704826 3.949997
v 32.799995 46.704826 3.949997
v 32.799995 46.704826 3.949997
v 32.799995 46.704826 3.949997
v 32.799995 46.704826 3.949997
v 2.974335 3.199998 -68.391579
v 2.974336 3.200000 -68.391579
v 2.974335 3.199999 -68.391579
v 2.974335 3.199999 -68.391579
v 2.974336 3.200000 -68.391579
v 37.200001 46.704826 3.949997
v 37.200001 46.704826 3.949997
v 37.200001 46.704826 3.949997
v 37.200005 46.704826 3.949997
v 37.200005 46.704826 3.949997
v 37.200005 46.704826 3.949997
v 37.200005 46.704826 3.949997
v 37.200005 46.704826 3.949997
v 37.200005 46.704826 3.949997
v 37.200005 46.704826 3.949997
v 37.200005 46.704826 3.949997
v 37.200005 46.704826 3.949997
v 37.200005 46.704826 3.949997
v 37.200005 46.704826 3.949997
v 37.200005 46.704826 3.949997
v 37.200005 46.704826 3.949997
v 37.200005 46.704826 3.949997
v 37.200005 46.704826 3.949997
v 37.200005 46.704826 3.949997
v 2.771638 3.199998 -69.148048
v 2.771640 3.200000 -69.148048
v 2.771639 3.199999 -69.148048
v 2.771639 3.199999 -69.148048
v 2.771639 3.200000 -69.148048
v 32.799999 63.000000 3.949997
v 32.799999 63.000000 3.949997
v 32.799999 63.000000 3.949997
v 32.799999 63.000000 3.949997
v 32.799999 63.000000 3.949997
v 37.200001 63.000000 3.949997
v 37.200001 63.000000 3.949997
v 37.200001 63.000000 3.949997
v 37.200001 63.000000 3.949997
v 37.200001 63.000000 3.949997
v 2.121320 3.199998 -70.121323
v 2.121322 3.200000 -70.121323
v 2.121321 3.199999 -70.121323
v 2.121322 3.199999 -70.121323
v 2.121323 3.200000 -70.121323
v 0.000000 3.199998 -71.000000
v 0.000000 3.200000 -71.000000
v -0.000000 3.199999 -71.000000
v -0.000000 3.199999 -71.000000
v 0.000000 3.200000 -71.000000
v 32.842274 63.429199 -0.250000
v 32.842274 63.429199 -0.250000
v 32.842274 63.429199 -0.250000
v 32.842274 63.429199 -0.250000
v 32.842274 63.429199 -0.250000
v 20.999998 0.000000 -22.000000
v 21.000000 0.000002 -22.000000
v 21.000000 0.000000 -22.000000
v 21.000002 0.000001 -22.000000
v 21.000002 0.000001 -22.000000
v 32.967464 63.841904 -0.250000
v 32.967464 63.841904 -0.250000
v 32.967464 63.841904 -0.250000
v 32.967464 63.841904 -0.250000
v 32.967464 63.841904 -0.250000
v 32.894730 63.638626 -0.250000
v 32.894730 63.638626 -0.250000
v 32.894730 63.638626 -0.250000
v 32.894730 63.638626 -0.250000
v 32.894730 63.638626 -0.250000
v 27.000000 0.000002 -22.000000
v 27.000002 0.000000 -22.000000
v 26.999998 0.000001 -22.000000
v 26.999998 0.000001 -22.000000
v 27.000000 0.000000 -22.000000
v 27.000002 0.000000 -68.000000
v 27.000000 0.000002 -68.000000
v 27.000000 0.000000 -68.000000
v 26.999998 0.000001 -68.000000
v 26.999998 0.000001 -68.000000
v 33.170769 64.222260 -0.250000
v 33.170769 64.222260 -0.250000
v 33.170769 64.222260 -0.250000
v 33.170769 64.222260 -0.250000
v 33.170769 64.222260 -0.250000
v 21.000000 0.000002 -68.000000
v 20.999998 0.000000 -68.000000
v 21.000002 0.000001 -68.000000
v 21.000002 0.000001 -68.000000
v 21.000000 0.000000 -68.000000
v 33.444366 64.555634 -0.250000
v 33.444366 64.555634 -0.250000
v 33.444366 64.555634 -0.250000
v 33.444366 64.555634 -0.250000
v 33.444366 64.555634 -0.250000
v 20.999998 3.200000 -68.000000
v 21.000000 3.199998 -68.000000
v 21.000000 3.200000 -68.000000
v 21.000002 3.199999 -68.000000
v 21.000002 3.199999 -68.000000
v 33.299377 64.395668 -0.250000
v 33.299377 64.395668 -0.250000
v 33.299377 64.395668 -0.250000
v 33.299377 64.395668 -0.250000
v 33.299377 64.395668 -0.250000
v 33.059772 64.037071 -0.250000
v 33.059772 64.037071 -0.250000
v 33.059772 64.037071 -0.250000
v 33.059772 64.037071 -0.250000
v 33.059772 64.037071 -0.250000
v 27.000000 3.199998 -68.000000
v 27.000002 3.200000 -68.000000
v 26.999998 3.199999 -68.000000
v 26.999998 3.199999 -68.000000
v 27.000000 3.200000 -68.000000
v 33.777744 64.829231 -0.250000
v 33.777744 64.829231 -0.250000
v 33.777744 64.829231 -0.250000
v 33.777744 64.829231 -0.250000
v 33.777744 64.829231 -0.250000
v 27.000002 3.200000 -22.000000
v 27.000000 3.199998 -22.000000
v 27.000000 3.200000 -22.000000
v 26.999998 3.199999 -22.000000
v 26.999998 3.199999 -22.000000
v 34.158096 65.032539 -0.250000
v 34.158096 65.032539 -0.250000
v 34.158096 65.032539 -0.250000
v 34.158096 65.032539 -0.250000
v 34.158096 65.032539 -0.250000
v 21.000000 3.199998 -22.000000
v 20.999998 3.200000 -22.000000
v 21.000002 3.199999 -22.000000
v 21.000002 3.199999 -22.000000
v 21.000000 3.200000 -22.000000
v 33.962929 64.940231 -0.250000
v 33.962929 64.940231 -0.250000
v 33.962929 64.940231 -0.250000
v 33.962929 64.940231 -0.250000
v 33.962929 64.940231 -0.250000
v 21.025665 0.000002 -21.608421
v 21.025663 0.000000 -21.608421
v 21.025667 0.000001 -21.608421
v 21.025667 0.000001 -21.608421
v 21.025665 0.000000 -21.608421
v 34.570801 65.157730 -0.250000
v 34.570801 65.157730 -0.250000
v 34.570801 65.157730 -0.250000
v 34.570801 65.157730 -0.250000
v 34.570801 65.157730 -0.250000
v 21.228361 0.000002 -20.851950
v 21.228359 0.000000 -20.851950
v 21.228359 0.000001 -20.851950
v 21.228359 0.000001 -20.851950
v 21.228357 0.000000 -20.851950
v 21.102222 0.000002 -21.223543
v 21.102221 0.000000 -21.223543
v 21.102224 0.000001 -21.223543
v 21.102224 0.000001 -21.223543
v 21.102222 0.000000 -21.223543
v 35.000000 65.200005 -0.250000
v 35.000000 65.200005 -0.250000
v 35.000000 65.200005 -0.250000
v 35.000000 65.200005 -0.250000
v 35.000000 65.200005 -0.250000
v 34.784363 65.189407 -0.250000
v 34.784363 65.189407 -0.250000
v 34.784363 65.189407 -0.250000
v 34.784363 65.189407 -0.250000
v 34.784363 65.189407 -0.250000
v 21.401924 0.000002 -20.500000
v 21.401922 0.000000 -20.500000
v 21.401926 0.000001 -20.500000
v 21.401926 0.000001 -20.500000
v 21.401924 0.000000 -20.500000
v 34.361374 65.105270 -0.250000
v 34.361374 65.105270 -0.250000
v 34.361374 65.105270 -0.250000
v 34.361374 65.105270 -0.250000
v 34.361374 65.105270 -0.250000
v 21.619940 0.000002 -20.173716
v 21.619944 0.000000 -20.173708
v 21.619940 0.000001 -20.173716
v 21.619942 0.000001 -20.173712
v 21.619942 0.000000 -20.173714
v 33.604336 64.700623 -0.250000
v 33.604336 64.700623 -0.250000
v 33.604336 64.700623 -0.250000
v 33.604336 64.700623 -0.250000
v 33.604336 64.700623 -0.250000
v 21.878679 0.000002 -19.878679
v 21.878677 0.000000 -19.878677
v 21.878677 0.000001 -19.878677
v 21.878677 0.000001 -19.878677
v 21.878675 0.000000 -19.878675
v 35.429199 65.157730 -0.250000
v 35.429199 65.157730 -0.250000
v 35.429199 65.157730 -0.250000
v 35.429199 65.157730 -0.250000
v 35.429199 65.157730 -0.250000
v 22.173716 0.000002 -19.619940
v 22.173708 0.000000 -19.619944
v 22.173716 0.000001 -19.619940
v 22.173712 0.000001 -19.619942
v 22.173714 0.000000 -19.619942
v 35.841904 65.032539 -0.250000
v 35.841904 65.032539 -0.250000
v 35.841904 65.032539 -0.250000
v 35.841904 65.032539 -0.250000
v 35.841904 65.032539 -0.250000
v 22.500000 0.000002 -19.401924
v 22.500000 0.000000 -19.401922
v 22.500000 0.000001 -19.401926
v 22.500000 0.000001 -19.401926
v 22.500000 0.000000 -19.401924
v 35.638626 65.105270 -0.250000
v 35.638626 65.105270 -0.250000
v 35.638626 65.105270 -0.250000
v 35.638626 65.105270 -0.250000
v 35.638626 65.105270 -0.250000
v 23.223543 0.000002 -19.102222
v 23.223543 0.000000 -19.102221
v 23.223543 0.000001 -19.102224
v 23.223543 0.000001 -19.102224
v 23.223543 0.000000 -19.102222
v 23.608421 0.000002 -19.025665
v 23.608421 0.000000 -19.025663
v 23.608421 0.000001 -19.025667
v 23.608421 0.000001 -19.025667
v 23.608421 0.000000 -19.025665
v 36.222256 64.829231 -0.250000
v 36.222256 64.829231 -0.250000
v 36.222256 64.829231 -0.250000
v 36.222256 64.829231 -0.250000
v 36.222256 64.829231 -0.250000
v 36.555634 64.555634 -0.250000
v 36.555634 64.555634 -0.250000
v 36.555634 64.555634 -0.250000
v 36.555634 64.555634 -0.250000
v 36.555634 64.555634 -0.250000
v 22.851950 0.000002 -19.228361
v 22.851950 0.000000 -19.228359
v 22.851950 0.000001 -19.228359
v 22.851950 0.000001 -19.228359
v 22.851950 0.000000 -19.228357
v 36.395664 64.700623 -0.250000
v 36.395664 64.700623 -0.250000
v 36.395664 64.700623 -0.250000
v 36.395664 64.700623 -0.250000
v 36.395664 64.700623 -0.250000
v 24.391579 0.000002 -19.025665
v 24.391579 0.000000 -19.025663
v 24.391579 0.000001 -19.025667
v 24.391579 0.000001 -19.025667
v 24.391579 0.000000 -19.025665
v 36.037071 64.940231 -0.250000
v 36.037071 64.940231 -0.250000
v 36.037071 64.940231 -0.250000
v 36.037071 64.940231 -0.250000
v 36.037071 64.940231 -0.250000
v 24.776457 0.000002 -19.102222
v 24.776457 0.000000 -19.102221
v 24.776457 0.000001 -19.102224
v 24.776457 0.000001 -19.102224
v 24.776457 0.000000 -19.102222
v 25.500000 0.000002 -19.401924
v 25.500000 0.000000 -19.401922
v 25.500000 0.000001 -19.401926
v 25.500000 0.000001 -19.401926
v 25.500000 0.000000 -19.401924
v 36.829231 64.222260 -0.250000
v 36.829231 64.222260 -0.250000
v 36.829231 64.222260 -0.250000
v 36.829231 64.222260 -0.250000
v 36.829231 64.222260 -0.250000
v 25.826284 0.000002 -19.619940
v 25.826292 0.000000 -19.619944
v 25.826284 0.000001 -19.619940
v 25.826288 0.000001 -19.619942
v 25.826286 0.000000 -19.619942
v 37.032536 63.841904 -0.250000
v 37.032536 63.841904 -0.250000
v 37.032536 63.841904 -0.250000
v 37.032536 63.841904 -0.250000
v 37.032536 63.841904 -0.250000
v 25.148050 0.000002 -19.228361
v 25.148050 0.000000 -19.228359
v 25.148050 0.000001 -19.228359
v 25.148050 0.000001 -19.228359
v 25.148050 0.000000 -19.228357
v 36.940228 64.037071 -0.250000
v 36.940228 64.037071 -0.250000
v 36.940228 64.037071 -0.250000
v 36.940228 64.037071 -0.250000
v 36.940228 64.037071 -0.250000
v 26.380060 0.000002 -20.173716
v 26.380056 0.000000 -20.173708
v 26.380060 0.000001 -20.173716
v 26.380058 0.000001 -20.173712
v 26.380058 0.000000 -20.173714
v 37.157726 63.429199 -0.250000
v 37.157726 63.429199 -0.250000
v 37.157726 63.429199 -0.250000
v 37.157726 63.429199 -0.250000
v 37.157726 63.429199 -0.250000
v 26.598076 0.000002 -20.500000
v 26.598078 0.000000 -20.500000
v 26.598074 0.000001 -20.500000
v 26.598074 0.000001 -20.500000
v 26.598076 0.000000 -20.500000
v 37.189407 63.215637 -0.250000
v 37.189407 63.215637 -0.250000
v 37.189407 63.215637 -0.250000
v 37.189407 63.215637 -0.250000
v 37.189407 63.215637 -0.250000
v 26.897778 0.000002 -21.223543
v 26.897779 0.000000 -21.223543
v 26.897776 0.000001 -21.223543
v 26.897776 0.000001 -21.223543
v 26.897778 0.000000 -21.223543
v 37.105270 63.638626 -0.250000
v 37.105270 63.638626 -0.250000
v 37.105270 63.638626 -0.250000
v 37.105270 63.638626 -0.250000
v 37.105270 63.638626 -0.250000
v 26.974335 0.000002 -21.608421
v 26.974337 0.000000 -21.608421
v 26.974333 0.000001 -21.608421
v 26.974333 0.000001 -21.608421
v 26.974335 0.000000 -21.608421
v 36.700623 64.395668 -0.250000
v 36.700623 64.395668 -0.250000
v 36.700623 64.395668 -0.250000
v 36.700623 64.395668 -0.250000
v 36.700623 64.395668 -0.250000
v 26.771639 0.000002 -20.851950
v 26.771641 0.000000 -20.851950
v 26.771641 0.000001 -20.851950
v 26.771641 0.000001 -20.851950
v 26.771643 0.000000 -20.851950
v 35.215637 65.189407 -0.250000
v 35.215637 65.189407 -0.250000
v 35.215637 65.189407 -0.250000
v 35.215637 65.189407 -0.250000
v 35.215637 65.189407 -0.250000
v 26.121321 0.000002 -19.878679
v 26.121323 0.000000 -19.878677
v 26.121323 0.000001 -19.878677
v 26.121323 0.000001 -19.878677
v 26.121325 0.000000 -19.878675
v 32.810593 63.215637 -0.250000
v 32.810593 63.215637 -0.250000
v 32.810593 63.215637 -0.250000
v 32.810593 63.215637 -0.250000
v 32.810593 63.215637 -0.250000
v 37.032536 63.841904 3.949997
v 37.032536 63.841904 3.949997
v 37.032536 63.841904 3.949997
v 37.032536 63.841904 3.949997
v 37.032536 63.841904 3.949997
v 24.000000 0.000002 -19.000000
v 24.000000 0.000000 -18.999998
v 24.000000 0.000001 -19.000002
v 24.000000 0.000001 -19.000002
v 24.000000 0.000000 -19.000000
v 21.025665 3.199998 -21.608421
v 21.025663 3.200000 -21.608421
v 21.025667 3.199999 -21.608421
v 21.025667 3.199999 -21.608421
v 21.025665 3.200000 -21.608421
v 36.940228 64.037071 3.949997
v 36.940228 64.037071 3.949997
v 36.940228 64.037071 3.949997
v 36.940228 64.037071 3.949997
v 36.940228 64.037071 3.949997
v 37.157726 63.429199 3.949997
v 37.157726 63.429199 3.949997
v 37.157726 63.429199 3.949997
v 37.157726 63.429199 3.949997
v 37.157726 63.429199 3.949997
v 21.102222 3.199998 -21.223543
v 21.102221 3.200000 -21.223543
v 21.102224 3.199999 -21.223543
v 21.102224 3.199999 -21.223543
v 21.102222 3.200000 -21.223543
v 37.189407 63.215637 3.949997
v 37.189407 63.215637 3.949997
v 37.189407 63.215637 3.949997
v 37.189407 63.215637 3.949997
v 37.189407 63.215637 3.949997
v 21.228361 3.199998 -20.851950
v 21.228359 3.200000 -20.851950
v 21.228359 3.199999 -20.851950
v 21.228359 3.199999 -20.851950
v 21.228357 3.200000 -20.851950
v 37.105270 63.638626 3.949997
v 37.105270 63.638626 3.949997
v 37.105270 63.638626 3.949997
v 37.105270 63.638626 3.949997
v 37.105270 63.638626 3.949997
v 21.878679 3.199998 -19.878679
v 21.878677 3.200000 -19.878677
v 21.878677 3.199999 -19.878677
v 21.878677 3.199999 -19.878677
v 21.878675 3.200000 -19.878675
v 32.842274 63.429199 3.949997
v 32.842274 63.429199 3.949997
v 32.842274 63.429199 3.949997
v 32.842274 63.429199 3.949997
v 32.842274 63.429199 3.949997
v 21.619940 3.199998 -20.173716
v 21.619944 3.200000 -20.173708
v 21.619940 3.199999 -20.173716
v 21.619942 3.199999 -20.173712
v 21.619942 3.200000 -20.173714
v 32.810593 63.215637 3.949997
v 32.810593 63.215637 3.949997
v 32.810593 63.215637 3.949997
v 32.810593 63.215637 3.949997
v 32.810593 63.215637 3.949997
v 21.401924 3.199998 -20.500000
v 21.401922 3.200000 -20.500000
v 21.401926 3.199999 -20.500000
v 21.401926 3.199999 -20.500000
v 21.401924 3.200000 -20.500000
v 22.851950 3.199998 -19.228361
v 22.851950 3.200000 -19.228359
v 22.851950 3.199999 -19.228359
v 22.851950 3.199999 -19.228359
v 22.851950 3.200000 -19.228357
v 33.059772 64.037071 3.949997
v 33.059772 64.037071 3.949997
v 33.059772 64.037071 3.949997
v 33.059772 64.037071 3.949997
v 33.059772 64.037071 3.949997
v 22.500000 3.199998 -19.401924
v 22.500000 3.200000 -19.401922
v 22.500000 3.199999 -19.401926
v 22.500000 3.199999 -19.401926
v 22.500000 3.200000 -19.401924
v 32.967464 63.841904 3.949997
v 32.967464 63.841904 3.949997
v 32.967464 63.841904 3.949997
v 32.967464 63.841904 3.949997
v 32.967464 63.841904 3.949997
v 24.000000 3.199998 -19.000000
v 24.000000 3.200000 -18.999998
v 24.000000 3.199999 -19.000002
v 24.000000 3.199999 -19.000002
v 24.000000 3.200000 -19.000000
v 32.894730 63.638626 3.949997
v 32.894730 63.638626 3.949997
v 32.894730 63.638626 3.949997
v 32.894730 63.638626 3.949997
v 32.894730 63.638626 3.949997
v 23.608421 3.199998 -19.025665
v 23.608421 3.200000 -19.025663
v 23.608421 3.199999 -19.025667
v 23.608421 3.199999 -19.025667
v 23.608421 3.200000 -19.025665
v 33.170769 64.222252 3.949997
v 33.170769 64.222252 3.949997
v 33.170769 64.222252 3.949997
v 33.170769 64.222252 3.949997
v 33.170769 64.222252 3.949997
v 23.223543 3.199998 -19.102222
v 23.223543 3.200000 -19.102221
v 23.223543 3.199999 -19.102224
v 23.223543 3.199999 -19.102224
v 23.223543 3.200000 -19.102222
v 33.299377 64.395668 3.949997
v 33.299377 64.395668 3.949997
v 33.299377 64.395668 3.949997
v 33.299377 64.395668 3.949997
v 33.299377 64.395668 3.949997
v 33.604336 64.700623 3.949997
v 33.604336 64.700623 3.949997
v 33.604336 64.700623 3.949997
v 33.604336 64.700623 3.949997
v 33.604336 64.700623 3.949997
v 22.173716 3.199998 -19.619940
v 22.173708 3.200000 -19.619944
v 22.173716 3.199999 -19.619940
v 22.173712 3.199999 -19.619942
v 22.173714 3.200000 -19.619942
v 33.444366 64.555634 3.949997
v 33.444366 64.555634 3.949997
v 33.444366 64.555634 3.949997
v 33.444366 64.555634 3.949997
v 33.444366 64.555634 3.949997
v 25.148050 3.199998 -19.228361
v 25.148050 3.200000 -19.228359
v 25.148050 3.199999 -19.228359
v 25.148050 3.199999 -19.228359
v 25.148050 3.200000 -19.228357
v 34.158096 65.032539 3.949997
v 34.158096 65.032539 3.949997
v 34.158096 65.032539 3.949997
v 34.158096 65.032539 3.949997
v 34.158096 65.032539 3.949997
v 24.776457 3.199998 -19.102222
v 24.776457 3.200000 -19.102221
v 24.776457 3.199999 -19.102224
v 24.776457 3.199999 -19.102224
v 24.776457 3.200000 -19.102222
v 33.962929 64.940231 3.949997
v 33.962929 64.940231 3.949997
v 33.962929 64.940231 3.949997
v 33.962929 64.940231 3.949997
v 33.962929 64.940231 3.949997
v 26.121321 3.199998 -19.878679
v 26.121323 3.200000 -19.878677
v 26.121323 3.199999 -19.878677
v 26.121323 3.199999 -19.878677
v 26.121325 3.200000 -19.878675
v 33.777744 64.829231 3.949997
v 33.777744 64.829231 3.949997
v 33.777744 64.829231 3.949997
v 33.777744 64.829231 3.949997
v 33.777744 64.829231 3.949997
v 25.826284 3.199998 -19.619940
v 25.826292 3.200000 -19.619944
v 25.826284 3.199999 -19.619940
v 25.826288 3.199999 -19.619942
v 25.826286 3.200000 -19.619942
v 25.500000 3.199998 -19.401924
v 25.500000 3.200000 -19.401922
v 25.500000 3.199999 -19.401926
v 25.500000 3.199999 -19.401926
v 25.500000 3.200000 -19.401924
v 34.361374 65.105270 3.949997
v 34.361374 65.105270 3.949997
v 34.361374 65.105270 3.949997
v 34.361374 65.105270 3.949997
v 34.361374 65.105270 3.949997
v 34.570801 65.157730 3.949997
v 34.570801 65.157730 3.949997
v 34.570801 65.157730 3.949997
v 34.570801 65.157730 3.949997
v 34.570801 65.157730 3.949997
v 26.771639 3.199998 -20.851950
v 26.771641 3.200000 -20.851950
v 26.771641 3.199999 -20.851950
v 26.771641 3.199999 -20.851950
v 26.771643 3.200000 -20.851950
v 35.000000 65.200005 3.949997
v 35.000000 65.200005 3.949997
v 35.000000 65.200005 3.949997
v 35.000000 65.200005 3.949997
v 35.000000 65.200005 3.949997
v 26.598076 3.199998 -20.500000
v 26.598078 3.200000 -20.500000
v 26.598074 3.199999 -20.500000
v 26.598074 3.199999 -20.500000
v 26.598076 3.200000 -20.500000
v 34.784363 65.189407 3.949997
v 34.784363 65.189407 3.949997
v 34.784363 65.189407 3.949997
v 34.784363 65.189407 3.949997
v 34.784363 65.189407 3.949997
v 26.897778 3.199998 -21.223543
v 26.897779 3.200000 -21.223543
v 26.897776 3.199999 -21.223543
v 26.897776 3.199999 -21.223543
v 26.897778 3.200000 -21.223543
v 35.638626 65.105270 3.949997
v 35.638626 65.105270 3.949997
v 35.638626 65.105270 3.949997
v 35.638626 65.105270 3.949997
v 35.638626 65.105270 3.949997
v 26.974335 3.199998 -21.608421
v 26.974337 3.200000 -21.608421
v 26.974333 3.199999 -21.608421
v 26.974333 3.199999 -21.608421
v 26.974335 3.200000 -21.608421
v 35.429199 65.157730 3.949997
v 35.429199 65.157730 3.949997
v 35.429199 65.157730 3.949997
v 35.429199 65.157730 3.949997
v 35.429199 65.157730 3.949997
v 26.380060 3.199998 -20.173716
v 26.380056 3.200000 -20.173708
v 26.380060 3.199999 -20.173716
v 26.380058 3.199999 -20.173712
v 26.380058 3.200000 -20.173714
v 24.391579 3.199998 -19.025665
v 24.391579 3.200000 -19.025663
v 24.391579 3.199999 -19.025667
v 24.391579 3.199999 -19.025667
v 24.391579 3.200000 -19.025665
v 35.215637 65.189407 3.949997
v 35.215637 65.189407 3.949997
v 35.215637 65.189407 3.949997
v 35.215637 65.189407 3.949997
v 35.215637 65.189407 3.949997
v 21.025665 0.000002 -68.391579
v 21.025663 0.000000 -68.391579
v 21.025667 0.000001 -68.391579
v 21.025667 0.000001 -68.391579
v 21.025665 0.000000 -68.391579
v 36.037071 64.940231 3.949997
v 36.037071 64.940231 3.949997
v 36.037071 64.940231 3.949997
v 36.037071 64.940231 3.949997
v 36.037071 64.940231 3.949997
v 21.102222 0.000002 -68.776459
v 21.102221 0.000000 -68.776459
v 21.102224 0.000001 -68.776459
v 21.102224 0.000001 -68.776459
v 21.102222 0.000000 -68.776459
v 36.395664 64.700623 3.949997
v 36.395664 64.700623 3.949997
v 36.395664 64.700623 3.949997
v 36.395664 64.700623 3.949997
v 36.395664 64.700623 3.949997
v 21.619940 0.000002 -69.826286
v 21.619944 0.000000 -69.826294
v 21.619940 0.000001 -69.826286
v 21.619942 0.000001 -69.826286
v 21.619942 0.000000 -69.826286
v 36.222256 64.829231 3.949997
v 36.222256 64.829231 3.949997
v 36.222256 64.829231 3.949997
v 36.222256 64.829231 3.949997
v 36.222256 64.829231 3.949997
v 21.401924 0.000002 -69.500000
v 21.401922 0.000000 -69.500000
v 21.401926 0.000001 -69.500000
v 21.401926 0.000001 -69.500000
v 21.401924 0.000000 -69.500000
v 36.700623 64.395668 3.949997
v 36.700623 64.395668 3.949997
v 36.700623 64.395668 3.949997
v 36.700623 64.395668 3.949997
v 36.700623 64.395668 3.949997
v 21.228361 0.000002 -69.148048
v 21.228359 0.000000 -69.148048
v 21.228359 0.000001 -69.148048
v 21.228359 0.000001 -69.148048
v 21.228357 0.000000 -69.148048
v 36.829231 64.222252 3.949997
v 36.829231 64.222252 3.949997
v 36.829231 64.222252 3.949997
v 36.829231 64.222252 3.949997
v 36.829231 64.222252 3.949997
v 22.500000 0.000002 -70.598076
v 22.500000 0.000000 -70.598076
v 22.500000 0.000001 -70.598076
v 22.500000 0.000001 -70.598076
v 22.500000 0.000000 -70.598076
v 36.555634 64.555634 3.949997
v 36.555634 64.555634 3.949997
v 36.555634 64.555634 3.949997
v 36.555634 64.555634 3.949997
v 36.555634 64.555634 3.949997
v 22.173716 0.000002 -70.380058
v 22.173708 0.000000 -70.380058
v 22.173716 0.000001 -70.380058
v 22.173712 0.000001 -70.380058
v 22.173714 0.000000 -70.380058
v 35.841904 65.032539 3.949997
v 35.841904 65.032539 3.949997
v 35.841904 65.032539 3.949997
v 35.841904 65.032539 3.949997
v 35.841904 65.032539 3.949997
v 23.608421 0.000002 -70.974335
v 23.608421 0.000000 -70.974335
v 23.608421 0.000001 -70.974335
v 23.608421 0.000001 -70.974335
v 23.608421 0.000000 -70.974335
v 23.223543 0.000002 -70.897781
v 23.223543 0.000000 -70.897781
v 23.223543 0.000001 -70.897774
v 23.223543 0.000001 -70.897774
v 23.223543 0.000000 -70.897781
v 22.851950 0.000002 -70.771637
v 22.851950 0.000000 -70.771637
v 22.851950 0.000001 -70.771637
v 22.851950 0.000001 -70.771637
v 22.851950 0.000000 -70.771645
v 21.878679 0.000002 -70.121323
v 21.878677 0.000000 -70.121323
v 21.878677 0.000001 -70.121323
v 21.878677 0.000001 -70.121323
v 21.878675 0.000000 -70.121323
v 24.391579 0.000002 -70.974335
v 24.391579 0.000000 -70.974335
v 24.391579 0.000001 -70.974335
v 24.391579 0.000001 -70.974335
v 24.391579 0.000000 -70.974335
v 24.776457 0.000002 -70.897781
v 24.776457 0.000000 -70.897781
v 24.776457 0.000001 -70.897774
v 24.776457 0.000001 -70.897774
v 24.776457 0.000000 -70.897781
v 25.500000 0.000002 -70.598076
v 25.500000 0.000000 -70.598076
v 25.500000 0.000001 -70.598076
v 25.500000 0.000001 -70.598076
v 25.500000 0.000000 -70.598076
v 25.826284 0.000002 -70.380058
v 25.826292 0.000000 -70.380058
v 25.826284 0.000001 -70.380058
v 25.826288 0.000001 -70.380058
v 25.826286 0.000000 -70.380058
v 25.148050 0.000002 -70.771637
v 25.148050 0.000000 -70.771637
v 25.148050 0.000001 -70.771637
v 25.148050 0.000001 -70.771637
v 25.148050 0.000000 -70.771645
v 26.380060 0.000002 -69.826286
v 26.380056 0.000000 -69.826294
v 26.380060 0.000001 -69.826286
v 26.380058 0.000001 -69.826286
v 26.380058 0.000000 -69.826286
v 26.598076 0.000002 -69.500000
v 26.598078 0.000000 -69.500000
v 26.598074 0.000001 -69.500000
v 26.598074 0.000001 -69.500000
v 26.598076 0.000000 -69.500000
v 26.897778 0.000002 -68.776459
v 26.897779 0.000000 -68.776459
v 26.897776 0.000001 -68.776459
v 26.897776 0.000001 -68.776459
v 26.897778 0.000000 -68.776459
v 26.974335 0.000002 -68.391579
v 26.974337 0.000000 -68.391579
v 26.974333 0.000001 -68.391579
v 26.974333 0.000001 -68.391579
v 26.974335 0.000000 -68.391579
v 26.771639 0.000002 -69.148048
v 26.771641 0.000000 -69.148048
v 26.771641 0.000001 -69.148048
v 26.771641 0.000001 -69.148048
v 26.771643 0.000000 -69.148048
v 26.121321 0.000002 -70.121323
v 26.121323 0.000000 -70.121323
v 26.121323 0.000001 -70.121323
v 26.121323 0.000001 -70.121323
v 26.121325 0.000000 -70.121323
v 24.000000 0.000002 -71.000000
v 24.000000 0.000000 -71.000000
v 24.000000 0.000001 -71.000000
v 24.000000 0.000001 -71.000000
v 24.000000 0.000000 -71.000000
v 21.025665 3.199998 -68.391579
v 21.025663 3.200000 -68.391579
v 21.025667 3.199999 -68.391579
v 21.025667 3.199999 -68.391579
v 21.025665 3.200000 -68.391579
v 21.102222 3.199998 -68.776459
v 21.102221 3.200000 -68.776459
v 21.102224 3.199999 -68.776459
v 21.102224 3.199999 -68.776459
v 21.102222 3.200000 -68.776459
v 21.228361 3.199998 -69.148048
v 21.228359 3.200000 -69.148048
v 21.228359 3.199999 -69.148048
v 21.228359 3.199999 -69.148048
v 21.228357 3.200000 -69.148048
v 21.401924 3.199998 -69.500000
v 21.401922 3.200000 -69.500000
v 21.401926 3.199999 -69.500000
v 21.401926 3.199999 -69.500000
v 21.401924 3.200000 -69.500000
v 21.619940 3.199998 -69.826286
v 21.619944 3.200000 -69.826294
v 21.619940 3.199999 -69.826286
v 21.619942 3.199999 -69.826286
v 21.619942 3.200000 -69.826286
v 21.878679 3.199998 -70.121323
v 21.878677 3.200000 -70.121323
v 21.878677 3.199999 -70.121323
v 21.878677 3.199999 -70.121323
v 21.878675 3.200000 -70.121323
v 22.173716 3.199998 -70.380058
v 22.173708 3.200000 -70.380058
v 22.173716 3.199999 -70.380058
v 22.173712 3.199999 -70.380058
v 22.173714 3.200000 -70.380058
v 22.500000 3.199998 -70.598076
v 22.500000 3.200000 -70.598076
v 22.500000 3.199999 -70.598076
v 22.500000 3.199999 -70.598076
v 22.500000 3.200000 -70.598076
v 23.223543 3.199998 -70.897781
v 23.223543 3.200000 -70.897781
v 23.223543 3.199999 -70.897774
v 23.223543 3.199999 -70.897774
v 23.223543 3.200000 -70.897781
v 23.608421 3.199998 -70.974335
v 23.608421 3.200000 -70.974335
v 23.608421 3.199999 -70.974335
v 23.608421 3.199999 -70.974335
v 23.608421 3.200000 -70.974335
v 22.851950 3.199998 -70.771637
v 22.851950 3.200000 -70.771637
v 22.851950 3.199999 -70.771637
v 22.851950 3.199999 -70.771637
v 22.851950 3.200000 -70.771645
v 24.391579 3.199998 -70.974335
v 24.391579 3.200000 -70.974335
v 24.391579 3.199999 -70.974335
v 24.391579 3.199999 -70.974335
v 24.391579 3.200000 -70.974335
v 24.776457 3.199998 -70.897781
v 24.776457 3.200000 -70.897781
v 24.776457 3.199999 -70.897774
v 24.776457 3.199999 -70.897774
v 24.776457 3.200000 -70.897781
v 25.500000 3.199998 -70.598076
v 25.500000 3.200000 -70.598076
v 25.500000 3.199999 -70.598076
v 25.500000 3.199999 -70.598076
v 25.500000 3.200000 -70.598076
v 25.826284 3.199998 -70.380058
v 25.826292 3.200000 -70.380058
v 25.826284 3.199999 -70.380058
v 25.826288 3.199999 -70.380058
v 25.826286 3.200000 -70.380058
v 25.148050 3.199998 -70.771637
v 25.148050 3.200000 -70.771637
v 25.148050 3.199999 -70.771637
v 25.148050 3.199999 -70.771637
v 25.148050 3.200000 -70.771645
v 26.380060 3.199998 -69.826286
v 26.380056 3.200000 -69.826294
v 26.380060 3.199999 -69.826286
v 26.380058 3.199999 -69.826286
v 26.380058 3.200000 -69.826286
v 26.598076 3.199998 -69.500000
v 26.598078 3.200000 -69.500000
v 26.598074 3.199999 -69.500000
v 26.598074 3.199999 -69.500000
v 26.598076 3.200000 -69.500000
v 26.897778 3.199998 -68.776459
v 26.897779 3.200000 -68.776459
v 26.897776 3.199999 -68.776459
v 26.897776 3.199999 -68.776459
v 26.897778 3.200000 -68.776459
v 26.974335 3.199998 -68.391579
v 26.974337 3.200000 -68.391579
v 26.974333 3.199999 -68.391579
v 26.974333 3.199999 -68.391579
v 26.974335 3.200000 -68.391579
v 26.771639 3.199998 -69.148048
v 26.771641 3.200000 -69.148048
v 26.771641 3.199999 -69.148048
v 26.771641 3.199999 -69.148048
v 26.771643 3.200000 -69.148048
v 26.121321 3.199998 -70.121323
v 26.121323 3.200000 -70.121323
v 26.121323 3.199999 -70.121323
v 26.121323 3.199999 -70.121323
v 26.121325 3.200000 -70.121323
v 24.000000 3.199998 -71.000000
v 24.000000 3.200000 -71.000000
v 24.000000 3.199999 -71.000000
v 24.000000 3.199999 -71.000000
v 24.000000 3.200000 -71.000000
v 45.000000 0.000000 -22.000000
v 45.000000 0.000002 -22.000000
v 45.000000 0.000000 -22.000000
v 45.000000 0.000001 -22.000000
v 45.000000 0.000001 -22.000000
v 51.000000 0.000002 -22.000000
v 51.000000 0.000000 -22.000000
v 51.000000 0.000001 -22.000000
v 51.000000 0.000001 -22.000000
v 51.000000 0.000000 -22.000000
v 45.000000 0.000002 -68.000000
v 45.000000 0.000000 -68.000000
v 45.000000 0.000001 -68.000000
v 45.000000 0.000001 -68.000000
v 45.000000 0.000000 -68.000000
v 51.000000 0.000002 -68.000000
v 51.000000 0.000000 -68.000000
v 51.000000 0.000001 -68.000000
v 51.000000 0.000001 -68.000000
v 51.000000 0.000000 -68.000000
v 45.000000 3.200000 -68.000000
v 45.000000 3.199998 -68.000000
v 45.000000 3.200000 -68.000000
v 45.000000 3.199999 -68.000000
v 45.000000 3.199999 -68.000000
v 51.000000 3.199998 -22.000000
v 51.000000 3.200000 -22.000000
v 51.000000 3.199999 -22.000000
v 51.000000 3.199999 -22.000000
v 51.000000 3.200000 -22.000000
v 51.000000 3.199998 -68.000000
v 51.000000 3.200000 -68.000000
v 51.000000 3.199999 -68.000000
v 51.000000 3.199999 -68.000000
v 51.000000 3.200000 -68.000000
v 45.025665 0.000002 -21.608421
v 45.025665 0.000000 -21.608421
v 45.025665 0.000001 -21.608421
v 45.025665 0.000001 -21.608421
v 45.025665 0.000000 -21.608421
v 45.228363 0.000002 -20.851950
v 45.228363 0.000000 -20.851950
v 45.228363 0.000001 -20.851950
v 45.228363 0.000001 -20.851950
v 45.228363 0.000000 -20.851950
v 45.102222 0.000002 -21.223543
v 45.102222 0.000000 -21.223543
v 45.102222 0.000001 -21.223543
v 45.102222 0.000001 -21.223543
v 45.102222 0.000000 -21.223543
v 45.401924 0.000002 -20.500000
v 45.401924 0.000000 -20.500000
v 45.401924 0.000001 -20.500000
v 45.401924 0.000001 -20.500000
v 45.401924 0.000000 -20.500000
v 45.619942 0.000002 -20.173716
v 45.619946 0.000000 -20.173708
v 45.619953 0.000001 -20.173693
v 45.619949 0.000001 -20.173698
v 45.619949 0.000000 -20.173698
v 45.878681 0.000002 -19.878679
v 45.878681 0.000000 -19.878677
v 45.878681 0.000001 -19.878677
v 45.878681 0.000001 -19.878677
v 45.878681 0.000000 -19.878675
v 46.173717 0.000002 -19.619940
v 46.173717 0.000000 -19.619938
v 46.173717 0.000001 -19.619938
v 46.173717 0.000001 -19.619938
v 46.173717 0.000000 -19.619936
v 46.500000 0.000002 -19.401924
v 46.500000 0.000000 -19.401922
v 46.500000 0.000001 -19.401926
v 46.500000 0.000001 -19.401926
v 46.500000 0.000000 -19.401924
v 47.223541 0.000002 -19.102222
v 47.223541 0.000000 -19.102221
v 47.223541 0.000001 -19.102224
v 47.223541 0.000001 -19.102224
v 47.223541 0.000000 -19.102222
v 47.608421 0.000002 -19.025665
v 47.608421 0.000000 -19.025663
v 47.608421 0.000001 -19.025667
v 47.608421 0.000001 -19.025667
v 47.608421 0.000000 -19.025665
v 46.851952 0.000002 -19.228361
v 46.851952 0.000000 -19.228359
v 46.851952 0.000001 -19.228359
v 46.851952 0.000001 -19.228359
v 46.851952 0.000000 -19.228357
v 48.391579 0.000002 -19.025665
v 48.391579 0.000000 -19.025663
v 48.391579 0.000001 -19.025667
v 48.391579 0.000001 -19.025667
v 48.391579 0.000000 -19.025665
v 48.776459 0.000002 -19.102222
v 48.776459 0.000000 -19.102221
v 48.776459 0.000001 -19.102224
v 48.776459 0.000001 -19.102224
v 48.776459 0.000000 -19.102222
v 49.500000 0.000002 -19.401924
v 49.500000 0.000000 -19.401922
v 49.500000 0.000001 -19.401926
v 49.500000 0.000001 -19.401926
v 49.500000 0.000000 -19.401924
v 49.826283 0.000002 -19.619940
v 49.826283 0.000000 -19.619938
v 49.826283 0.000001 -19.619938
v 49.826283 0.000001 -19.619938
v 49.826283 0.000000 -19.619936
v 49.148048 0.000002 -19.228361
v 49.148048 0.000000 -19.228359
v 49.148048 0.000001 -19.228359
v 49.148048 0.000001 -19.228359
v 49.148048 0.000000 -19.228357
v 50.380058 0.000002 -20.173716
v 50.380054 0.000000 -20.173708
v 50.380047 0.000001 -20.173693
v 50.380051 0.000001 -20.173698
v 50.380051 0.000000 -20.173698
v 50.598076 0.000002 -20.500000
v 50.598076 0.000000 -20.500000
v 50.598076 0.000001 -20.500000
v 50.598076 0.000001 -20.500000
v 50.598076 0.000000 -20.500000
v 50.897778 0.000002 -21.223543
v 50.897778 0.000000 -21.223543
v 50.897778 0.000001 -21.223543
v 50.897778 0.000001 -21.223543
v 50.897778 0.000000 -21.223543
v 50.974335 0.000002 -21.608421
v 50.974335 0.000000 -21.608421
v 50.974335 0.000001 -21.608421
v 50.974335 0.000001 -21.608421
v 50.974335 0.000000 -21.608421
v 50.771637 0.000002 -20.851950
v 50.771637 0.000000 -20.851950
v 50.771637 0.000001 -20.851950
v 50.771637 0.000001 -20.851950
v 50.771637 0.000000 -20.851950
v 50.121319 0.000002 -19.878679
v 50.121319 0.000000 -19.878677
v 50.121319 0.000001 -19.878677
v 50.121319 0.000001 -19.878677
v 50.121319 0.000000 -19.878675
v 48.000000 0.000002 -19.000000
v 48.000000 0.000000 -18.999998
v 48.000000 0.000001 -19.000002
v 48.000000 0.000001 -19.000002
v 48.000000 0.000000 -19.000000
v 50.121319 3.199998 -19.878679
v 50.121319 3.200000 -19.878677
v 50.121319 3.199999 -19.878677
v 50.121319 3.199999 -19.878677
v 50.121319 3.200000 -19.878675
v 49.826283 3.199998 -19.619940
v 49.826283 3.200000 -19.619938
v 49.826283 3.199999 -19.619938
v 49.826283 3.199999 -19.619938
v 49.826283 3.200000 -19.619936
v 50.771637 3.199998 -20.851950
v 50.771637 3.200000 -20.851950
v 50.771637 3.199999 -20.851950
v 50.771637 3.199999 -20.851950
v 50.771637 3.200000 -20.851950
v 50.598076 3.199998 -20.500000
v 50.598076 3.200000 -20.500000
v 50.598076 3.199999 -20.500000
v 50.598076 3.199999 -20.500000
v 50.598076 3.200000 -20.500000
v 50.897778 3.199998 -21.223543
v 50.897778 3.200000 -21.223543
v 50.897778 3.199999 -21.223543
v 50.897778 3.199999 -21.223543
v 50.897778 3.200000 -21.223543
v 50.974335 3.199998 -21.608421
v 50.974335 3.200000 -21.608421
v 50.974335 3.199999 -21.608421
v 50.974335 3.199999 -21.608421
v 50.974335 3.200000 -21.608421
v 50.380058 3.199998 -20.173716
v 50.380054 3.200000 -20.173708
v 50.380047 3.199999 -20.173693
v 50.380051 3.199999 -20.173698
v 50.380051 3.200000 -20.173698
v 45.025665 0.000002 -68.391579
v 45.025665 0.000000 -68.391579
v 45.025665 0.000001 -68.391579
v 45.025665 0.000001 -68.391579
v 45.025665 0.000000 -68.391579
v 45.102222 0.000002 -68.776459
v 45.102222 0.000000 -68.776459
v 45.102222 0.000001 -68.776459
v 45.102222 0.000001 -68.776459
v 45.102222 0.000000 -68.776459
v 45.619942 0.000002 -69.826286
v 45.619946 0.000000 -69.826294
v 45.619953 0.000001 -69.826309
v 45.619949 0.000001 -69.826302
v 45.619949 0.000000 -69.826302
v 45.401924 0.000002 -69.500000
v 45.401924 0.000000 -69.500000
v 45.401924 0.000001 -69.500000
v 45.401924 0.000001 -69.500000
v 45.401924 0.000000 -69.500000
v 45.228363 0.000002 -69.148048
v 45.228363 0.000000 -69.148048
v 45.228363 0.000001 -69.148048
v 45.228363 0.000001 -69.148048
v 45.228363 0.000000 -69.148048
v 46.500000 0.000002 -70.598076
v 46.500000 0.000000 -70.598076
v 46.500000 0.000001 -70.598076
v 46.500000 0.000001 -70.598076
v 46.500000 0.000000 -70.598076
v 46.173717 0.000002 -70.380058
v 46.173717 0.000000 -70.380066
v 46.173717 0.000001 -70.380066
v 46.173717 0.000001 -70.380066
v 46.173717 0.000000 -70.380066
v 47.608421 0.000002 -70.974335
v 47.608421 0.000000 -70.974335
v 47.608421 0.000001 -70.974335
v 47.608421 0.000001 -70.974335
v 47.608421 0.000000 -70.974335
v 47.223541 0.000002 -70.897781
v 47.223541 0.000000 -70.897781
v 47.223541 0.000001 -70.897774
v 47.223541 0.000001 -70.897774
v 47.223541 0.000000 -70.897781
v 46.851952 0.000002 -70.771637
v 46.851952 0.000000 -70.771637
v 46.851952 0.000001 -70.771637
v 46.851952 0.000001 -70.771637
v 46.851952 0.000000 -70.771645
v 45.878681 0.000002 -70.121323
v 45.878681 0.000000 -70.121323
v 45.878681 0.000001 -70.121323
v 45.878681 0.000001 -70.121323
v 45.878681 0.000000 -70.121323
v 48.391579 0.000002 -70.974335
v 48.391579 0.000000 -70.974335
v 48.391579 0.000001 -70.974335
v 48.391579 0.000001 -70.974335
v 48.391579 0.000000 -70.974335
v 48.776459 0.000002 -70.897781
v 48.776459 0.000000 -70.897781
v 48.776459 0.000001 -70.897774
v 48.776459 0.000001 -70.897774
v 48.776459 0.000000 -70.897781
v 49.500000 0.000002 -70.598076
v 49.500000 0.000000 -70.598076
v 49.500000 0.000001 -70.598076
v 49.500000 0.000001 -70.598076
v 49.500000 0.000000 -70.598076
v 49.826283 0.000002 -70.380058
v 49.826283 0.000000 -70.380066
v 49.826283 0.000001 -70.380066
v 49.826283 0.000001 -70.380066
v 49.826283 0.000000 -70.380066
v 49.148048 0.000002 -70.771637
v 49.148048 0.000000 -70.771637
v 49.148048 0.000001 -70.771637
v 49.148048 0.000001 -70.771637
v 49.148048 0.000000 -70.771645
v 50.380058 0.000002 -69.826286
v 50.380054 0.000000 -69.826294
v 50.380047 0.000001 -69.826309
v 50.380051 0.000001 -69.826302
v 50.380051 0.000000 -69.826302
v 50.598076 0.000002 -69.500000
v 50.598076 0.000000 -69.500000
v 50.598076 0.000001 -69.500000
v 50.598076 0.000001 -69.500000
v 50.598076 0.000000 -69.500000
v 50.897778 0.000002 -68.776459
v 50.897778 0.000000 -68.776459
v 50.897778 0.000001 -68.776459
v 50.897778 0.000001 -68.776459
v 50.897778 0.000000 -68.776459
v 50.974335 0.000002 -68.391579
v 50.974335 0.000000 -68.391579
v 50.974335 0.000001 -68.391579
v 50.974335 0.000001 -68.391579
v 50.974335 0.000000 -68.391579
v 50.771637 0.000002 -69.148048
v 50.771637 0.000000 -69.148048
v 50.771637 0.000001 -69.148048
v 50.771637 0.000001 -69.148048
v 50.771637 0.000000 -69.148048
v 50.121319 0.000002 -70.121323
v 50.121319 0.000000 -70.121323
v 50.121319 0.000001 -70.121323
v 50.121319 0.000001 -70.121323
v 50.121319 0.000000 -70.121323
v 48.000000 0.000002 -71.000000
v 48.000000 0.000000 -71.000000
v 48.000000 0.000001 -71.000000
v 48.000000 0.000001 -71.000000
v 48.000000 0.000000 -71.000000
v 45.025665 3.199998 -68.391579
v 45.025665 3.200000 -68.391579
v 45.025665 3.199999 -68.391579
v 45.025665 3.199999 -68.391579
v 45.025665 3.200000 -68.391579
v 45.102222 3.199998 -68.776459
v 45.102222 3.200000 -68.776459
v 45.102222 3.199999 -68.776459
v 45.102222 3.199999 -68.776459
v 45.102222 3.200000 -68.776459
v 45.228363 3.199998 -69.148048
v 45.228363 3.200000 -69.148048
v 45.228363 3.199999 -69.148048
v 45.228363 3.199999 -69.148048
v 45.228363 3.200000 -69.148048
v 45.401924 3.199998 -69.500000
v 45.401924 3.200000 -69.500000
v 45.401924 3.199999 -69.500000
v 45.401924 3.199999 -69.500000
v 45.401924 3.200000 -69.500000
v 45.619942 3.199998 -69.826286
v 45.619946 3.200000 -69.826294
v 45.619953 3.199999 -69.826309
v 45.619949 3.199999 -69.826302
v 45.619949 3.200000 -69.826302
v 45.878681 3.199998 -70.121323
v 45.878681 3.200000 -70.121323
v 45.878681 3.199999 -70.121323
v 45.878681 3.199999 -70.121323
v 45.878681 3.200000 -70.121323
v 46.173717 3.199998 -70.380058
v 46.173717 3.200000 -70.380066
v 46.173717 3.199999 -70.380066
v 46.173717 3.199999 -70.380066
v 46.173717 3.200000 -70.380066
v 46.500000 3.199998 -70.598076
v 46.500000 3.200000 -70.598076
v 46.500000 3.199999 -70.598076
v 46.500000 3.199999 -70.598076
v 46.500000 3.200000 -70.598076
v 47.223541 3.199998 -70.897781
v 47.223541 3.200000 -70.897781
v 47.223541 3.199999 -70.897774
v 47.223541 3.199999 -70.897774
v 47.223541 3.200000 -70.897781
v 47.608421 3.199998 -70.974335
v 47.608421 3.200000 -70.974335
v 47.608421 3.199999 -70.974335
v 47.608421 3.199999 -70.974335
v 47.608421 3.200000 -70.974335
v 46.851952 3.199998 -70.771637
v 46.851952 3.200000 -70.771637
v 46.851952 3.199999 -70.771637
v 46.851952 3.199999 -70.771637
v 46.851952 3.200000 -70.771645
v 48.391579 3.199998 -70.974335
v 48.391579 3.200000 -70.974335
v 48.391579 3.199999 -70.974335
v 48.391579 3.199999 -70.974335
v 48.391579 3.200000 -70.974335
v 48.776459 3.199998 -70.897781
v 48.776459 3.200000 -70.897781
v 48.776459 3.199999 -70.897774
v 48.776459 3.199999 -70.897774
v 48.776459 3.200000 -70.897781
v 49.500000 3.199998 -70.598076
v 49.500000 3.200000 -70.598076
v 49.500000 3.199999 -70.598076
v 49.500000 3.199999 -70.598076
v 49.500000 3.200000 -70.598076
v 49.826283 3.199998 -70.380058
v 49.826283 3.200000 -70.380066
v 49.826283 3.199999 -70.380066
v 49.826283 3.199999 -70.380066
v 49.826283 3.200000 -70.380066
v 49.148048 3.199998 -70.771637
v 49.148048 3.200000 -70.771637
v 49.148048 3.199999 -70.771637
v 49.148048 3.199999 -70.771637
v 49.148048 3.200000 -70.771645
v 50.380058 3.199998 -69.826286
v 50.380054 3.200000 -69.826294
v 50.380047 3.199999 -69.826309
v 50.380051 3.199999 -69.826302
v 50.380051 3.200000 -69.826302
v 50.598076 3.199998 -69.500000
v 50.598076 3.200000 -69.500000
v 50.598076 3.199999 -69.500000
v 50.598076 3.199999 -69.500000
v 50.598076 3.200000 -69.500000
v 50.897778 3.199998 -68.776459
v 50.897778 3.200000 -68.776459
v 50.897778 3.199999 -68.776459
v 50.897778 3.199999 -68.776459
v 50.897778 3.200000 -68.776459
v 50.974335 3.199998 -68.391579
v 50.974335 3.200000 -68.391579
v 50.974335 3.199999 -68.391579
v 50.974335 3.199999 -68.391579
v 50.974335 3.200000 -68.391579
v 50.771637 3.199998 -69.148048
v 50.771637 3.200000 -69.148048
v 50.771637 3.199999 -69.148048
v 50.771637 3.199999 -69.148048
v 50.771637 3.200000 -69.148048
v 50.121319 3.199998 -70.121323
v 50.121319 3.200000 -70.121323
v 50.121319 3.199999 -70.121323
v 50.121319 3.199999 -70.121323
v 50.121319 3.200000 -70.121323
v 48.000000 3.199998 -71.000000
v 48.000000 3.200000 -71.000000
v 48.000000 3.199999 -71.000000
v 48.000000 3.199999 -71.000000
v 48.000000 3.200000 -71.000000
v 60.000000 0.000000 0.250000
v 60.000000 0.000003 0.250000
v 60.000000 0.000002 0.250000
v 60.000000 0.000001 0.250000
v 60.000000 0.000002 0.250000
v 60.000000 0.000000 0.250000
v 60.000000 0.000001 0.250000
v 60.000000 0.000002 0.250000
v 60.000000 0.000002 0.250000
v 60.000000 0.000003 0.250000
v 60.000000 0.000002 0.250000
v 60.000000 0.000002 0.250000
v 60.000000 0.000002 0.250000
v 60.000000 0.000002 0.250000
v 60.000000 0.000001 0.250000
v 60.000000 0.000001 0.250000
v 60.000000 0.000002 0.250000
v 60.000000 0.000002 0.250000
v 60.000000 0.000001 0.250000
v -60.000000 0.000000 0.250000
v -60.000000 0.000002 0.250000
v -60.000000 0.000003 0.250000
v -60.000000 0.000000 0.250000
v -60.000000 0.000001 0.250000
v -60.000000 0.000001 0.250000
v -60.000000 0.000001 0.250000
v -60.000000 0.000001 0.250000
v -60.000000 0.000002 0.250000
v -60.000000 0.000002 0.250000
v -60.000000 0.000002 0.250000
v -60.000000 0.000001 0.250000
v -60.000000 0.000002 0.250000
v -60.000000 0.000002 0.250000
v -60.000000 0.000002 0.250000
v -60.000000 0.000002 0.250000
v -60.000000 0.000003 0.250000
v -60.000000 0.000002 0.250000
v -60.000000 0.000002 0.250000
v -56.599998 3.200002 -8.155560
v -56.599998 3.200000 -8.155563
v -56.599998 3.200001 -8.155560
v -56.599998 3.200001 -8.155563
v -56.599998 3.200000 -8.155563
v -56.599998 3.200002 -78.577774
v -56.599998 3.200000 -78.577774
v -56.599998 3.200001 -78.577774
v -56.599998 3.200001 -78.577774
v -56.599998 3.200000 -78.577774
v -56.599998 3.200002 -0.250000
v -56.599998 3.200000 -0.250000
v -56.599998 3.200002 -0.250000
v -56.599995 3.200001 -0.250000
v -56.599995 3.200001 -0.250000
v -56.599995 3.200002 -0.250000
v -56.599995 3.200001 -0.250000
v -56.599995 3.200001 -0.250000
v -56.599995 3.200001 -0.250000
v -56.599995 3.200000 -0.250000
v -56.599995 3.200001 -0.250000
v -56.599995 3.200000 -0.250000
v -56.599995 3.200000 -0.250000
v -56.599995 3.200001 -0.250000
v -56.599995 3.200002 -0.250000
v -56.599995 3.200002 -0.250000
v -56.599995 3.200001 -0.250000
v -56.599995 3.200001 -0.250000
v -56.599995 3.200001 -0.250000
v -60.000000 28.575001 -0.250000
v -60.000000 28.574999 -0.250000
v -60.000000 28.574997 -0.250000
v -60.000000 28.575001 -0.250000
v -60.000000 28.574999 -0.250000
v -60.000000 28.575001 -0.250000
v -60.000000 28.574999 -0.250000
v -60.000000 28.574999 -0.250000
v -60.000000 28.574999 -0.250000
v -60.000000 28.574999 -0.250000
v -60.000000 28.574999 -0.250000
v -60.000000 28.574999 -0.250000
v -60.000000 28.574999 -0.250000
v -60.000000 28.574999 -0.250000
v -60.000000 28.574997 -0.250000
v -60.000000 28.574999 -0.250000
v -60.000000 28.574997 -0.250000
v -60.000000 28.574999 -0.250000
v -60.000000 28.574999 -0.250000
v -56.599998 5.678089 -0.250000
v -56.599998 5.678092 -0.250000
v -56.599998 5.678090 -0.250000
v -56.599998 5.678091 -0.250000
v -56.599998 5.678091 -0.250000
v -56.599998 28.574997 -0.250000
v -56.599998 28.574999 -0.250000
v -56.599998 28.575001 -0.250000
v -56.599998 28.574997 -0.250000
v -56.599998 28.574999 -0.250000
v -56.599998 28.574997 -0.250000
v -56.599998 28.574999 -0.250000
v -56.599998 28.574999 -0.250000
v -56.599998 28.574999 -0.250000
v -56.599998 28.574999 -0.250000
v -56.599998 28.574999 -0.250000
v -56.599998 28.574999 -0.250000
v -56.599998 28.574999 -0.250000
v -56.599998 28.574999 -0.250000
v -56.599998 28.575001 -0.250000
v -56.599998 28.574999 -0.250000
v -56.599998 28.575001 -0.250000
v -56.599998 28.574999 -0.250000
v -56.599998 28.574999 -0.250000
v 56.599998 3.200002 -0.250000
v 56.599998 3.200002 -0.250000
v 56.599998 3.200000 -0.250000
v 56.599995 3.200002 -0.250000
v 56.599995 3.200002 -0.250000
v 56.599995 3.200001 -0.250000
v 56.599995 3.200001 -0.250000
v 56.599995 3.200001 -0.250000
v 56.599995 3.200001 -0.250000
v 56.599995 3.200001 -0.250000
v 56.599995 3.200001 -0.250000
v 56.599995 3.200002 -0.250000
v 56.599995 3.200001 -0.250000
v 56.599995 3.200001 -0.250000
v 56.599995 3.200000 -0.250000
v 56.599995 3.200001 -0.250000
v 56.599995 3.200000 -0.250000
v 56.599995 3.200000 -0.250000
v 56.599995 3.200001 -0.250000
v 60.000000 28.574997 -0.250000
v 60.000000 28.574999 -0.250000
v 60.000000 28.575001 -0.250000
v 60.000000 28.574997 -0.250000
v 60.000000 28.574999 -0.250000
v 60.000000 28.574997 -0.250000
v 60.000000 28.574999 -0.250000
v 60.000000 28.574999 -0.250000
v 60.000000 28.574999 -0.250000
v 60.000000 28.574999 -0.250000
v 60.000000 28.574999 -0.250000
v 60.000000 28.574999 -0.250000
v 60.000000 28.574999 -0.250000
v 60.000000 28.574999 -0.250000
v 60.000000 28.575001 -0.250000
v 60.000000 28.574999 -0.250000
v 60.000000 28.575001 -0.250000
v 60.000000 28.574999 -0.250000
v 60.000000 28.574999 -0.250000
v 56.599998 5.641455 -0.250000
v 56.599998 5.641458 -0.250000
v 56.599998 5.641456 -0.250000
v 56.599998 5.641456 -0.250000
v 56.599998 5.641457 -0.250000
v 56.599998 28.574999 -0.250000
v 56.599998 28.574997 -0.250000
v 56.599998 28.575001 -0.250000
v 56.599998 28.574999 -0.250000
v 56.599998 28.574999 -0.250000
v 56.599998 28.574999 -0.250000
v 56.599998 28.574999 -0.250000
v 56.599998 28.574999 -0.250000
v 56.599998 28.574999 -0.250000
v 56.599998 28.574997 -0.250000
v 56.599998 28.574999 -0.250000
v 56.599998 28.574997 -0.250000
v 56.599998 28.574999 -0.250000
v 56.599998 28.574999 -0.250000
v 56.599998 28.575001 -0.250000
v 56.599998 28.574999 -0.250000
v 56.599998 28.575001 -0.250000
v 56.599998 28.574999 -0.250000
v 56.599998 28.574999 -0.250000
v -56.599998 3.200002 -81.600006
v -56.599998 3.200002 -81.600006
v -56.599998 3.200000 -81.600006
v -56.599995 3.200002 -81.599998
v -56.599995 3.200002 -81.599998
v -56.599995 3.200001 -81.599998
v -56.599995 3.200001 -81.599998
v -56.599995 3.200001 -81.599998
v -56.599995 3.200001 -81.599998
v -56.599995 3.200001 -81.599998
v -56.599995 3.200001 -81.599998
v -56.599995 3.200002 -81.599998
v -56.599995 3.200001 -81.599998
v -56.599995 3.200001 -81.599998
v -56.599995 3.200000 -81.599998
v -56.599995 3.200001 -81.599998
v -56.599995 3.200000 -81.599998
v -56.599995 3.200000 -81.599998
v -56.599995 3.200001 -81.599998
v 56.599998 3.200002 -81.600006
v 56.599998 3.200002 -81.600006
v 56.599998 3.200000 -81.600006
v 56.599995 3.200002 -81.599998
v 56.599995 3.200002 -81.599998
v 56.599995 3.200001 -81.599998
v 56.599995 3.200001 -81.599998
v 56.599995 3.200001 -81.599998
v 56.599995 3.200001 -81.599998
v 56.599995 3.200001 -81.599998
v 56.599995 3.200001 -81.599998
v 56.599995 3.200002 -81.599998
v 56.599995 3.200001 -81.599998
v 56.599995 3.200001 -81.599998
v 56.599995 3.200000 -81.599998
v 56.599995 3.200001 -81.599998
v 56.599995 3.200000 -81.599998
v 56.599995 3.200000 -81.599998
v 56.599995 3.200001 -81.599998
v -56.599998 18.574999 -85.000000
v -56.599998 18.575001 -85.000000
v -56.599998 18.575001 -85.000000
v -56.599998 18.574999 -85.000000
v -56.599998 18.574999 -85.000000
v -56.599998 18.574999 -85.000000
v -56.599998 18.574999 -85.000000
v -56.599998 18.574999 -85.000000
v -56.599998 18.574999 -85.000000
v -56.599998 18.575001 -85.000000
v -56.599998 18.575001 -85.000000
v -56.599998 18.575001 -85.000000
v -56.599998 18.574999 -85.000000
v -56.599998 18.574999 -85.000000
v -56.599998 18.575001 -85.000000
v -56.599998 18.574999 -85.000000
v -56.599998 18.575001 -85.000000
v -56.599998 18.574999 -85.000000
v -56.599998 18.574999 -85.000000
v -60.000000 18.575001 -85.000000
v -60.000000 18.574999 -85.000000
v -60.000000 18.574997 -85.000000
v -60.000000 18.575001 -85.000000
v -60.000000 18.574999 -85.000000
v -60.000000 18.575001 -85.000000
v -60.000000 18.574999 -85.000000
v -60.000000 18.574999 -85.000000
v -60.000000 18.574999 -85.000000
v -60.000000 18.574999 -85.000000
v -60.000000 18.574999 -85.000000
v -60.000000 18.574999 -85.000000
v -60.000000 18.574999 -85.000000
v -60.000000 18.574999 -85.000000
v -60.000000 18.574997 -85.000000
v -60.000000 18.574999 -85.000000
v -60.000000 18.574997 -85.000000
v -60.000000 18.574999 -85.000000
v -60.000000 18.574999 -85.000000
v -56.599998 18.574997 -81.600006
v -56.599998 18.574999 -81.600006
v -56.599998 18.575001 -81.600006
v -56.599998 18.574997 -81.600006
v -56.599998 18.574999 -81.600006
v -56.599998 18.574997 -81.600006
v -56.599998 18.574999 -81.600006
v -56.599998 18.574999 -81.600006
v -56.599998 18.574999 -81.600006
v -56.599998 18.574999 -81.600006
v -56.599998 18.574999 -81.600006
v -56.599998 18.574999 -81.600006
v -56.599998 18.574999 -81.600006
v -56.599998 18.574999 -81.600006
v -56.599998 18.575001 -81.600006
v -56.599998 18.574999 -81.600006
v -56.599998 18.575001 -81.600006
v -56.599998 18.574999 -81.600006
v -56.599998 18.574999 -81.600006
v 56.599998 18.574999 -81.600006
v 56.599998 18.574997 -81.600006
v 56.599998 18.575001 -81.600006
v 56.599998 18.574999 -81.600006
v 56.599998 18.574999 -81.600006
v 56.599998 18.574999 -81.600006
v 56.599998 18.574999 -81.600006
v 56.599998 18.574999 -81.600006
v 56.599998 18.574999 -81.600006
v 56.599998 18.574997 -81.600006
v 56.599998 18.574999 -81.600006
v 56.599998 18.574997 -81.600006
v 56.599998 18.574999 -81.600006
v 56.599998 18.574999 -81.600006
v 56.599998 18.575001 -81.600006
v 56.599998 18.574999 -81.600006
v 56.599998 18.575001 -81.600006
v 56.599998 18.574999 -81.600006
v 56.599998 18.574999 -81.600006
v 56.599998 18.574999 -85.000000
v 56.599998 18.575001 -85.000000
v 56.599998 18.575001 -85.000000
v 56.599998 18.574999 -85.000000
v 56.599998 18.574999 -85.000000
v 56.599998 18.574999 -85.000000
v 56.599998 18.574999 -85.000000
v 56.599998 18.574999 -85.000000
v 56.599998 18.574999 -85.000000
v 56.599998 18.575001 -85.000000
v 56.599998 18.575001 -85.000000
v 56.599998 18.575001 -85.000000
v 56.599998 18.574999 -85.000000
v 56.599998 18.574999 -85.000000
v 56.599998 18.575001 -85.000000
v 56.599998 18.574999 -85.000000
v 56.599998 18.575001 -85.000000
v 56.599998 18.574999 -85.000000
v 56.599998 18.574999 -85.000000
v 60.000000 18.574999 -85.000000
v 60.000000 18.575001 -85.000000
v 60.000000 18.574997 -85.000000
v 60.000000 18.574999 -85.000000
v 60.000000 18.574999 -85.000000
v 60.000000 18.574999 -85.000000
v 60.000000 18.574999 -85.000000
v 60.000000 18.574999 -85.000000
v 60.000000 18.574999 -85.000000
v 60.000000 18.575001 -85.000000
v 60.000000 18.574999 -85.000000
v 60.000000 18.575001 -85.000000
v 60.000000 18.574999 -85.000000
v 60.000000 18.574999 -85.000000
v 60.000000 18.574997 -85.000000
v 60.000000 18.574999 -85.000000
v 60.000000 18.574997 -85.000000
v 60.000000 18.574999 -85.000000
v 60.000000 18.574999 -85.000000
v -44.299999 3.200002 -0.250000
v -44.299999 3.200002 -0.250000
v -44.299999 3.200000 -0.250000
v -44.299995 3.200002 -0.250000
v -44.299995 3.200002 -0.250000
v -44.299995 3.200001 -0.250000
v -44.299995 3.200001 -0.250000
v -44.299995 3.200001 -0.250000
v -44.299995 3.200001 -0.250000
v -44.299995 3.200001 -0.250000
v -44.299995 3.200001 -0.250000
v -44.299995 3.200002 -0.250000
v -44.299995 3.200001 -0.250000
v -44.299995 3.200001 -0.250000
v -44.299995 3.200000 -0.250000
v -44.299995 3.200001 -0.250000
v -44.299995 3.200000 -0.250000
v -44.299995 3.200000 -0.250000
v -44.299995 3.200001 -0.250000
v -49.700001 3.200002 -0.250000
v -49.700001 3.200002 -0.250000
v -49.700001 3.200000 -0.250000
v -49.700005 3.200002 -0.250000
v -49.700005 3.200002 -0.250000
v -49.700005 3.200001 -0.250000
v -49.700005 3.200001 -0.250000
v -49.700005 3.200001 -0.250000
v -49.700005 3.200001 -0.250000
v -49.700005 3.200001 -0.250000
v -49.700005 3.200001 -0.250000
v -49.700005 3.200002 -0.250000
v -49.700005 3.200001 -0.250000
v -49.700005 3.200001 -0.250000
v -49.700005 3.200000 -0.250000
v -49.700005 3.200001 -0.250000
v -49.700005 3.200000 -0.250000
v -49.700005 3.200000 -0.250000
v -49.700005 3.200001 -0.250000
v -49.700001 3.200002 -19.535563
v -49.700001 3.199998 -19.535561
v -49.700001 3.200000 -19.535559
v -49.700001 3.200001 -19.535563
v -49.700001 3.200000 -19.535561
v -49.700001 3.200001 -19.535563
v -49.700005 3.200001 -19.535561
v -49.700005 3.200000 -19.535561
v -49.700005 3.200000 -19.535561
v -49.700001 3.199999 -19.535563
v -49.700001 3.199999 -19.535563
v -49.700001 3.199999 -19.535561
v -49.700005 3.199999 -19.535561
v -49.700005 3.200000 -19.535561
v -49.700001 3.200000 -19.535559
v -49.700001 3.200001 -19.535561
v -49.700001 3.200000 -19.535561
v -49.700005 3.200000 -19.535561
v -49.700005 3.200000 -19.535561
v -44.299999 3.200002 -19.969185
v -44.299999 3.200000 -19.969185
v -44.299999 3.200001 -19.969185
v -44.299999 3.200001 -19.969185
v -44.299999 3.200000 -19.969185
v -44.299999 3.200001 -27.788198
v -44.299999 3.200002 -27.788197
v -44.299999 3.200000 -27.788200
v -44.299999 3.200001 -27.788197
v -44.299999 3.200001 -27.788197
v -44.299999 3.200001 -27.788200
v -44.299999 3.200001 -27.788198
v -44.299999 3.200001 -27.788198
v -44.299999 3.200001 -27.788198
v -44.299999 3.200001 -27.788197
v -44.299999 3.200001 -27.788198
v -44.299999 3.200002 -27.788197
v -44.299999 3.200001 -27.788198
v -44.299999 3.200001 -27.788198
v -44.299999 3.200000 -27.788200
v -44.299999 3.200000 -27.788200
v -44.299999 3.200000 -27.788200
v -44.299999 3.200000 -27.788200
v -44.299999 3.200001 -27.788200
v -45.000000 3.200001 -27.788198
v -45.000000 3.200000 -27.788200
v -45.000000 3.199998 -27.788202
v -45.000000 3.200001 -27.788200
v -45.000000 3.200000 -27.788200
v -45.000000 3.200001 -27.788198
v -45.000000 3.200001 -27.788200
v -45.000000 3.200000 -27.788200
v -45.000000 3.200000 -27.788200
v -45.000000 3.200000 -27.788202
v -45.000000 3.199999 -27.788202
v -45.000000 3.200000 -27.788200
v -45.000000 3.200000 -27.788200
v -45.000000 3.200000 -27.788200
v -45.000000 3.200000 -27.788200
v -45.000000 3.200001 -27.788200
v -45.000000 3.199999 -27.788202
v -45.000000 3.200000 -27.788200
v -45.000000 3.200000 -27.788200
v -45.000000 2.950000 -22.000000
v -45.000000 2.949998 -22.000000
v -45.000000 2.950000 -22.000000
v -45.000000 2.949999 -22.000000
v -45.000000 2.949999 -22.000000
v -45.000000 2.950000 -27.999998
v -45.000000 2.950001 -28.000000
v -45.000000 2.949998 -28.000004
v -45.000000 2.950000 -27.999998
v -45.000000 2.950000 -27.999998
v -45.000000 2.950000 -28.000000
v -45.000000 2.950000 -28.000000
v -45.000000 2.950000 -28.000000
v -45.000000 2.950000 -28.000000
v -45.000000 2.950001 -28.000000
v -45.000000 2.950001 -28.000000
v -45.000000 2.950001 -27.999998
v -45.000000 2.950001 -28.000000
v -45.000000 2.950000 -28.000000
v -45.000000 2.949999 -28.000002
v -45.000000 2.949999 -28.000000
v -45.000000 2.950000 -28.000002
v -45.000000 2.950000 -28.000000
v -45.000000 2.950000 -28.000000
v -45.025665 2.950000 -21.608421
v -45.025665 2.949998 -21.608421
v -45.025665 2.950000 -21.608421
v -45.025665 2.949999 -21.608421
v -45.025665 2.949999 -21.608421
v -45.102222 2.950000 -21.223543
v -45.102222 2.949998 -21.223543
v -45.102222 2.950000 -21.223543
v -45.102222 2.949999 -21.223543
v -45.102222 2.949999 -21.223543
v -45.228363 2.950000 -20.851950
v -45.228363 2.949998 -20.851950
v -45.228363 2.950000 -20.851950
v -45.228363 2.949999 -20.851950
v -45.228363 2.949999 -20.851950
v -45.401924 2.950000 -20.500000
v -45.401924 2.949998 -20.500000
v -45.401924 2.950000 -20.500000
v -45.401924 2.949999 -20.500000
v -45.401924 2.949999 -20.500000
v -45.619938 2.950000 -20.173723
v -45.619942 2.949998 -20.173716
v -45.619934 2.950000 -20.173733
v -45.619934 2.949999 -20.173733
v -45.619930 2.949999 -20.173738
v -45.878681 2.950000 -19.878681
v -45.878681 2.949998 -19.878679
v -45.878681 2.950000 -19.878683
v -45.878681 2.949999 -19.878681
v -45.878681 2.949999 -19.878681
v -46.173717 2.950000 -19.619942
v -46.173717 2.949998 -19.619940
v -46.173717 2.950000 -19.619944
v -46.173717 2.949999 -19.619942
v -46.173717 2.949999 -19.619942
v -46.500000 2.950000 -19.401926
v -46.500000 2.949998 -19.401924
v -46.500000 2.950000 -19.401924
v -46.500000 2.949999 -19.401922
v -46.500000 2.949999 -19.401922
v -46.851952 2.950000 -19.228363
v -46.851952 2.949998 -19.228361
v -46.851952 2.950000 -19.228365
v -46.851952 2.949999 -19.228363
v -46.851952 2.949999 -19.228363
v -47.223541 2.950000 -19.102224
v -47.223541 2.949998 -19.102222
v -47.223541 2.950000 -19.102222
v -47.223541 2.949999 -19.102221
v -47.223541 2.949999 -19.102221
v -47.608421 2.950000 -19.025667
v -47.608421 2.949998 -19.025665
v -47.608421 2.950000 -19.025665
v -47.608421 2.949999 -19.025663
v -47.608421 2.949999 -19.025663
v -48.000000 2.950000 -19.000002
v -48.000000 2.949998 -19.000000
v -48.000000 2.950000 -19.000000
v -48.000000 2.949999 -18.999998
v -48.000000 2.949999 -18.999998
v -48.391579 2.950000 -19.025667
v -48.391579 2.949998 -19.025665
v -48.391579 2.950000 -19.025665
v -48.391579 2.949999 -19.025663
v -48.391579 2.949999 -19.025663
v -48.776459 2.950000 -19.102224
v -48.776459 2.949998 -19.102222
v -48.776459 2.950000 -19.102222
v -48.776459 2.949999 -19.102221
v -48.776459 2.949999 -19.102221
v -49.148048 2.950000 -19.228363
v -49.148048 2.949998 -19.228361
v -49.148048 2.950000 -19.228365
v -49.148048 2.949999 -19.228363
v -49.148048 2.949999 -19.228363
v -49.500000 2.950000 -19.401926
v -49.500000 2.949998 -19.401924
v -49.500000 2.950000 -19.401924
v -49.500000 2.949999 -19.401922
v -49.500000 2.949999 -19.401922
v -49.700001 2.950000 -19.535563
v -49.700001 2.949998 -19.535561
v -49.700001 2.950002 -19.535563
v -49.700001 2.950000 -19.535561
v -49.700001 2.949999 -19.535559
v -49.700001 2.950000 -19.535563
v -49.700005 2.950000 -19.535561
v -49.700005 2.950000 -19.535561
v -49.700005 2.950000 -19.535561
v -49.700001 2.949999 -19.535561
v -49.700001 2.950000 -19.535561
v -49.700001 2.949999 -19.535559
v -49.700005 2.949999 -19.535561
v -49.700005 2.950000 -19.535561
v -49.700001 2.950001 -19.535563
v -49.700001 2.950001 -19.535563
v -49.700001 2.950001 -19.535563
v -49.700005 2.950001 -19.535563
v -49.700005 2.950000 -19.535561
v -49.700001 17.201254 -0.250000
v -49.700001 17.201252 -0.250000
v -49.700001 17.201254 -0.250000
v -49.700001 17.201254 -0.250000
v -49.700001 17.201252 -0.250000
v -44.299999 26.219391 -0.250000
v -44.299999 26.219393 -0.250000
v -44.299999 26.219391 -0.250000
v -44.299999 26.219393 -0.250000
v -44.299999 26.219393 -0.250000
v -49.700001 35.704910 -0.250000
v -49.700001 35.704910 -0.250000
v -49.700001 35.704910 -0.250000
v -49.700001 35.704910 -0.250000
v -49.700001 35.704910 -0.250000
v -49.700001 35.704910 -0.250000
v -49.700005 35.704910 -0.250000
v -49.700005 35.704910 -0.250000
v -49.700005 35.704910 -0.250000
v -49.700001 35.704910 -0.250000
v -49.700001 35.704910 -0.250000
v -49.700001 35.704910 -0.250000
v -49.700005 35.704910 -0.250000
v -49.700005 35.704910 -0.250000
v -49.700001 35.704910 -0.250000
v -49.700001 35.704910 -0.250000
v -49.700001 35.704910 -0.250000
v -49.700005 35.704910 -0.250000
v -49.700005 35.704910 -0.250000
v -44.299999 35.704910 -0.250000
v -44.299999 35.704910 -0.250000
v -44.299999 35.704910 -0.250000
v -44.299999 35.704910 -0.250000
v -44.299999 35.704910 -0.250000
v -44.299999 35.704910 -0.250000
v -44.299999 35.704910 -0.250000
v -44.299999 35.704910 -0.250000
v -44.299999 35.704910 -0.250000
v -44.299999 35.704910 -0.250000
v -44.299999 35.704910 -0.250000
v -44.299999 35.704910 -0.250000
v -44.299999 35.704910 -0.250000
v -44.299999 35.704910 -0.250000
v -44.299999 35.704910 -0.250000
v -44.299999 35.704910 -0.250000
v -44.299999 35.704910 -0.250000
v -44.299999 35.704910 -0.250000
v -44.299999 35.704910 -0.250000
v 49.700001 3.200002 -0.250000
v 49.700001 3.200000 -0.250000
v 49.700001 3.200002 -0.250000
v 49.700005 3.200001 -0.250000
v 49.700005 3.200001 -0.250000
v 49.700005 3.200002 -0.250000
v 49.700005 3.200001 -0.250000
v 49.700005 3.200001 -0.250000
v 49.700005 3.200001 -0.250000
v 49.700005 3.200000 -0.250000
v 49.700005 3.200001 -0.250000
v 49.700005 3.200000 -0.250000
v 49.700005 3.200000 -0.250000
v 49.700005 3.200001 -0.250000
v 49.700005 3.200002 -0.250000
v 49.700005 3.200002 -0.250000
v 49.700005 3.200001 -0.250000
v 49.700005 3.200001 -0.250000
v 49.700005 3.200001 -0.250000
v 44.299999 3.200002 -0.250000
v 44.299999 3.200000 -0.250000
v 44.299999 3.200002 -0.250000
v 44.299995 3.200001 -0.250000
v 44.299995 3.200001 -0.250000
v 44.299995 3.200002 -0.250000
v 44.299995 3.200001 -0.250000
v 44.299995 3.200001 -0.250000
v 44.299995 3.200001 -0.250000
v 44.299995 3.200000 -0.250000
v 44.299995 3.200001 -0.250000
v 44.299995 3.200000 -0.250000
v 44.299995 3.200000 -0.250000
v 44.299995 3.200001 -0.250000
v 44.299995 3.200002 -0.250000
v 44.299995 3.200002 -0.250000
v 44.299995 3.200001 -0.250000
v 44.299995 3.200001 -0.250000
v 44.299995 3.200001 -0.250000
v 44.299999 3.200002 -22.000000
v 44.299999 3.200000 -22.000000
v 44.299999 3.200001 -22.000000
v 44.299999 3.200001 -22.000000
v 44.299999 3.200000 -22.000000
v 49.700001 3.199998 -19.535561
v 49.700001 3.200002 -19.535563
v 49.700001 3.200000 -19.535559
v 49.700001 3.199999 -19.535561
v 49.700001 3.200000 -19.535561
v 49.700001 3.199999 -19.535563
v 49.700005 3.199999 -19.535561
v 49.700005 3.200000 -19.535561
v 49.700005 3.200000 -19.535561
v 49.700001 3.200001 -19.535563
v 49.700001 3.200001 -19.535561
v 49.700001 3.200001 -19.535563
v 49.700005 3.200001 -19.535561
v 49.700005 3.200000 -19.535561
v 49.700001 3.200000 -19.535561
v 49.700001 3.199999 -19.535563
v 49.700001 3.200000 -19.535559
v 49.700005 3.200000 -19.535561
v 49.700005 3.200000 -19.535561
v 44.299999 3.200001 -27.788198
v 44.299999 3.200000 -27.788200
v 44.299999 3.200002 -27.788197
v 44.299999 3.200001 -27.788200
v 44.299999 3.200000 -27.788200
v 44.299999 3.200001 -27.788197
v 44.299999 3.200001 -27.788198
v 44.299999 3.200001 -27.788200
v 44.299999 3.200001 -27.788197
v 44.299999 3.200000 -27.788200
v 44.299999 3.200001 -27.788200
v 44.299999 3.200000 -27.788200
v 44.299999 3.200000 -27.788200
v 44.299999 3.200001 -27.788198
v 44.299999 3.200002 -27.788197
v 44.299999 3.200001 -27.788197
v 44.299999 3.200001 -27.788197
v 44.299999 3.200001 -27.788198
v 44.299999 3.200001 -27.788198
v 45.000000 3.200001 -27.788198
v 45.000000 3.199998 -27.788202
v 45.000000 3.200000 -27.788200
v 45.000000 3.200001 -27.788198
v 45.000000 3.200001 -27.788200
v 45.000000 3.200001 -27.788200
v 45.000000 3.200001 -27.788200
v 45.000000 3.200000 -27.788200
v 45.000000 3.200000 -27.788200
v 45.000000 3.199999 -27.788202
v 45.000000 3.199999 -27.788202
v 45.000000 3.200000 -27.788200
v 45.000000 3.200000 -27.788200
v 45.000000 3.200000 -27.788200
v 45.000000 3.200000 -27.788200
v 45.000000 3.200000 -27.788200
v 45.000000 3.200000 -27.788202
v 45.000000 3.200000 -27.788200
v 45.000000 3.200000 -27.788200
v 45.000000 2.950000 -22.000000
v 45.000000 2.949998 -22.000000
v 45.000000 2.950000 -22.000000
v 45.000000 2.949999 -22.000000
v 45.000000 2.949999 -22.000000
v 45.000000 2.950000 -27.999998
v 45.000000 2.949998 -28.000004
v 45.000000 2.950001 -28.000000
v 45.000000 2.950000 -28.000000
v 45.000000 2.949999 -28.000000
v 45.000000 2.950000 -27.999998
v 45.000000 2.950000 -28.000000
v 45.000000 2.950000 -28.000000
v 45.000000 2.950000 -28.000000
v 45.000000 2.950000 -28.000002
v 45.000000 2.950001 -28.000000
v 45.000000 2.949999 -28.000002
v 45.000000 2.950000 -28.000000
v 45.000000 2.950000 -28.000000
v 45.000000 2.950001 -27.999998
v 45.000000 2.950000 -27.999998
v 45.000000 2.950001 -28.000000
v 45.000000 2.950001 -28.000000
v 45.000000 2.950000 -28.000000
v 49.500000 2.950000 -19.401926
v 49.500000 2.949998 -19.401924
v 49.500000 2.950000 -19.401924
v 49.500000 2.949999 -19.401922
v 49.500000 2.949999 -19.401922
v 49.700001 2.950000 -19.535563
v 49.700001 2.950002 -19.535563
v 49.700001 2.949998 -19.535561
v 49.700001 2.950000 -19.535563
v 49.700001 2.950001 -19.535563
v 49.700001 2.950000 -19.535561
v 49.700005 2.950000 -19.535561
v 49.700005 2.950000 -19.535563
v 49.700005 2.950000 -19.535563
v 49.700001 2.950001 -19.535563
v 49.700001 2.950000 -19.535561
v 49.700001 2.950001 -19.535563
v 49.700005 2.950001 -19.535561
v 49.700005 2.950000 -19.535561
v 49.700001 2.949999 -19.535559
v 49.700001 2.949999 -19.535559
v 49.700001 2.949999 -19.535561
v 49.700005 2.949999 -19.535561
v 49.700005 2.950000 -19.535561
v 49.148048 2.950000 -19.228363
v 49.148048 2.949998 -19.228361
v 49.148048 2.950000 -19.228365
v 49.148048 2.949999 -19.228363
v 49.148048 2.949999 -19.228363
v 48.776459 2.950000 -19.102224
v 48.776459 2.949998 -19.102222
v 48.776459 2.950000 -19.102222
v 48.776459 2.949999 -19.102221
v 48.776459 2.949999 -19.102221
v 48.391579 2.950000 -19.025667
v 48.391579 2.949998 -19.025665
v 48.391579 2.950000 -19.025665
v 48.391579 2.949999 -19.025663
v 48.391579 2.949999 -19.025663
v 48.000000 2.950000 -19.000002
v 48.000000 2.949998 -19.000000
v 48.000000 2.950000 -19.000000
v 48.000000 2.949999 -18.999998
v 48.000000 2.949999 -18.999998
v 47.608421 2.950000 -19.025667
v 47.608421 2.949998 -19.025665
v 47.608421 2.950000 -19.025665
v 47.608421 2.949999 -19.025663
v 47.608421 2.949999 -19.025663
v 47.223541 2.950000 -19.102224
v 47.223541 2.949998 -19.102222
v 47.223541 2.950000 -19.102222
v 47.223541 2.949999 -19.102221
v 47.223541 2.949999 -19.102221
v 46.851952 2.950000 -19.228363
v 46.851952 2.949998 -19.228361
v 46.851952 2.950000 -19.228365
v 46.851952 2.949999 -19.228363
v 46.851952 2.949999 -19.228363
v 46.500000 2.950000 -19.401926
v 46.500000 2.949998 -19.401924
v 46.500000 2.950000 -19.401924
v 46.500000 2.949999 -19.401922
v 46.500000 2.949999 -19.401922
v 46.173717 2.950000 -19.619942
v 46.173717 2.949998 -19.619940
v 46.173717 2.950000 -19.619944
v 46.173717 2.949999 -19.619942
v 46.173717 2.949999 -19.619942
v 45.878681 2.950000 -19.878681
v 45.878681 2.949998 -19.878679
v 45.878681 2.950000 -19.878683
v 45.878681 2.949999 -19.878681
v 45.878681 2.949999 -19.878681
v 45.619938 2.950000 -20.173723
v 45.619942 2.949998 -20.173716
v 45.619934 2.950000 -20.173733
v 45.619934 2.949999 -20.173733
v 45.619930 2.949999 -20.173738
v 45.401924 2.950000 -20.500000
v 45.401924 2.949998 -20.500000
v 45.401924 2.950000 -20.500000
v 45.401924 2.949999 -20.500000
v 45.401924 2.949999 -20.500000
v 45.228363 2.950000 -20.851950
v 45.228363 2.949998 -20.851950
v 45.228363 2.950000 -20.851950
v 45.228363 2.949999 -20.851950
v 45.228363 2.949999 -20.851950
v 45.102222 2.950000 -21.223543
v 45.102222 2.949998 -21.223543
v 45.102222 2.950000 -21.223543
v 45.102222 2.949999 -21.223543
v 45.102222 2.949999 -21.223543
v 45.025665 2.950000 -21.608421
v 45.025665 2.949998 -21.608421
v 45.025665 2.950000 -21.608421
v 45.025665 2.949999 -21.608421
v 45.025665 2.949999 -21.608421
v 44.299999 26.050240 -0.250000
v 44.299999 26.050241 -0.250000
v 44.299999 26.050240 -0.250000
v 44.299999 26.050241 -0.250000
v 44.299999 26.050241 -0.250000
v 49.700001 17.090282 -0.250000
v 49.700001 17.090279 -0.250000
v 49.700001 17.090282 -0.250000
v 49.700001 17.090281 -0.250000
v 49.700001 17.090281 -0.250000
v 49.700001 35.704910 -0.250000
v 49.700001 35.704910 -0.250000
v 49.700001 35.704910 -0.250000
v 49.700001 35.704910 -0.250000
v 49.700001 35.704910 -0.250000
v 49.700001 35.704910 -0.250000
v 49.700005 35.704910 -0.250000
v 49.700005 35.704910 -0.250000
v 49.700005 35.704910 -0.250000
v 49.700001 35.704910 -0.250000
v 49.700001 35.704910 -0.250000
v 49.700001 35.704910 -0.250000
v 49.700005 35.704910 -0.250000
v 49.700005 35.704910 -0.250000
v 49.700001 35.704910 -0.250000
v 49.700001 35.704910 -0.250000
v 49.700001 35.704910 -0.250000
v 49.700005 35.704910 -0.250000
v 49.700005 35.704910 -0.250000
v 44.299999 35.704910 -0.250000
v 44.299999 35.704910 -0.250000
v 44.299999 35.704910 -0.250000
v 44.299999 35.704910 -0.250000
v 44.299999 35.704910 -0.250000
v 44.299999 35.704910 -0.250000
v 44.299999 35.704910 -0.250000
v 44.299999 35.704910 -0.250000
v 44.299999 35.704910 -0.250000
v 44.299999 35.704910 -0.250000
v 44.299999 35.704910 -0.250000
v 44.299999 35.704910 -0.250000
v 44.299999 35.704910 -0.250000
v 44.299999 35.704910 -0.250000
v 44.299999 35.704910 -0.250000
v 44.299999 35.704910 -0.250000
v 44.299999 35.704910 -0.250000
v 44.299999 35.704910 -0.250000
v 44.299999 35.704910 -0.250000
vn -1.0000 -0.0000 -0.0000
vn 1.0000 -0.0000 -0.0000
vn 0.9961 0.0623 -0.0622
vn -0.0000 -0.0000 -0.0000
vn -0.0000 -0.9923 0.1236
vn -0.0000 -0.6386 0.7695
vn -0.0000 -0.0000 1.0000
vn -0.0000 0.5924 0.8057
vn -0.9928 0.1136 -0.0391
vn -0.6346 -0.6587 -0.4042
vn -0.2885 0.5163 0.8063
vn -0.8213 0.3687 -0.4352
vn -0.2426 -0.0000 -0.9701
vn -0.1432 -0.0966 0.9850
vn -0.3630 0.8474 0.3874
vn -0.1838 0.8208 0.5409
vn -0.4026 -0.8868 0.2270
vn -0.3176 -0.8082 0.4959
vn -0.2425 -0.0000 0.9701
vn -0.2436 -0.1284 0.9614
vn -0.7937 -0.6037 0.0754
vn -0.9996 -0.0231 -0.0136
vn -0.0227 -0.5288 0.8485
vn -0.9439 0.3267 0.0481
vn -0.6868 0.7163 -0.1231
vn -0.0000 -0.6464 0.7630
vn -0.9611 0.2472 0.1236
vn -0.7695 0.6387 -0.0000
vn -0.0553 0.3469 0.9363
vn 0.0170 -0.0291 0.9994
vn -0.0000 -0.0814 0.9967
vn -0.8995 0.0334 0.4357
vn -0.5731 -0.4196 0.7039
vn -0.0614 -0.9936 0.0947
vn -0.0552 -0.6746 0.7361
vn -0.6654 -0.4527 0.5936
vn -0.5732 -0.8118 0.1115
vn 0.7497 -0.6617 -0.0000
vn 0.5340 -0.8455 -0.0000
vn -0.9295 -0.3688 -0.0000
vn -0.8507 -0.5257 -0.0000
vn -0.5142 -0.8455 0.1442
vn -0.6279 -0.4796 0.6130
vn -0.8617 -0.4987 0.0935
vn -0.6946 -0.3688 0.6177
vn -0.0169 0.0934 0.9955
vn 0.9332 0.2485 0.2598
vn 0.2348 0.7129 0.6607
vn -0.0695 0.8262 0.5591
vn -0.0000 0.5924 0.8056
vn 0.2733 0.4372 0.8568
vn -0.6279 -0.4796 0.6129
vn -0.0000 -0.6387 0.7695
vn 0.8786 -0.4775 -0.0000
vn 0.8668 -0.4987 -0.0000
vn -0.8775 -0.4795 -0.0000
vn -0.8051 -0.2150 0.5528
vn -0.9733 -0.0000 0.2297
vn -0.5117 -0.2298 0.8279
vn -0.0000 1.0000 -0.0000
vn -0.9898 -0.0000 0.1422
vn -0.8454 -0.2204 0.4865
vn -0.8395 -0.4659 0.2797
vn -0.9285 -0.0000 0.3714
vn -0.4388 0.8179 0.3722
vn -0.7268 0.3416 0.5959
vn -0.8727 0.3844 0.3011
vn -0.6100 0.6890 0.3914
vn 0.9412 -0.2426 -0.2352
vn 0.7823 0.1222 0.6108
vn 0.1432 -0.0966 0.9850
vn 0.4027 -0.8868 0.2269
vn 0.1836 0.8208 0.5409
vn 0.3632 0.8474 0.3874
vn 0.3176 -0.8082 0.4959
vn 0.2436 -0.1284 0.9614
vn 0.2425 -0.0000 0.9701
vn 0.7937 -0.6036 0.0755
vn -0.0000 0.6465 -0.7629
vn 0.8214 0.3688 -0.4352
vn 0.2425 -0.0000 -0.9701
vn -0.0001 -0.5474 -0.8369
vn 0.5196 0.1760 0.8361
vn 0.9984 -0.0557 0.0126
vn 0.6419 0.7131 -0.2821
vn 0.7449 0.3159 -0.5877
vn 0.8469 -0.4337 0.3076
vn 0.7695 0.6387 -0.0000
vn 0.9611 0.2472 0.1236
vn 0.0553 0.3469 0.9363
vn -0.0637 -0.9757 0.2097
vn -0.0295 -0.5626 0.8262
vn -0.6589 -0.3539 0.6638
vn -0.5572 -0.8006 0.2203
vn 0.0016 0.1442 0.9895
vn 0.9242 0.3250 -0.2007
vn 0.3714 0.8125 0.4493
vn -0.0291 0.9445 0.3271
vn -0.8967 -0.0000 0.4427
vn -0.6803 -0.2007 0.7049
vn -0.7072 -0.5065 0.4932
vn -0.7809 -0.0000 0.6247
vn -0.0001 -0.7070 0.7072
vn 0.2796 -0.5591 0.7805
vn 0.8944 -0.0000 0.4472
vn -0.0000 -0.7072 0.7071
vn -0.0000 0.6155 0.7882
vn -0.1608 0.6435 0.7484
vn 0.2797 -0.5593 0.7804
vn 0.0437 0.1202 0.9918
vn -0.7044 0.4815 0.5215
vn -0.2830 0.3556 0.8908
vn -0.0000 0.2560 0.9667
vn 0.2651 0.9553 0.1305
vn 0.0862 0.9867 0.1377
vn 0.0122 0.7961 0.6050
vn 0.1841 0.6627 0.7259
vn 0.9847 -0.0000 0.1741
vn -0.6633 -0.0000 0.7484
vn -0.4473 0.8944 -0.0000
vn -0.9732 -0.0000 0.2298
vn -0.8944 -0.0000 0.4472
vn -0.8625 0.3775 0.3369
vn -0.9523 0.2031 0.2277
vn -0.7405 0.2298 -0.6316
vn -0.0000 -1.0000 -0.0000
vn -0.7953 -0.5697 0.2071
vn -0.7056 -0.5219 0.4793
vn -0.7497 -0.6618 -0.0000
vn -0.0000 -0.0000 -1.0000
vn -0.7497 -0.6617 -0.0000
vn -0.0000 -0.0001 1.0000
vn -0.0000 -0.7071 0.7071
vn -0.8507 0.5257 -0.0000
vn -0.0000 0.2298 -0.9732
vn -0.0000 -0.2298 0.9732
vn -0.0170 -0.0291 0.9994
vn 0.5731 -0.4196 0.7039
vn 0.8995 0.0333 0.4357
vn 0.8507 -0.5257 -0.0000
vn -0.5340 -0.8455 -0.0000
vn 0.0637 -0.9757 0.2097
vn 0.5572 -0.8006 0.2203
vn 0.6589 -0.3539 0.6638
vn 0.0296 -0.5626 0.8262
vn 0.5142 -0.8455 0.1441
vn 0.6946 -0.3688 0.6177
vn 0.8617 -0.4987 0.0935
vn 0.6279 -0.4797 0.6129
vn 0.9733 -0.0000 0.2297
vn 0.8506 -0.5257 -0.0000
vn 0.8967 -0.0001 0.4427
vn 0.7809 -0.0000 0.6247
vn 0.7072 -0.5065 0.4932
vn 0.6803 -0.2007 0.7049
vn 0.8051 -0.2150 0.5528
vn 0.6947 -0.3688 0.6176
vn 0.4357 0.7771 0.4543
vn 0.5032 0.7197 0.4783
vn 0.8017 0.4021 0.4422
vn 0.6258 0.3470 0.6985
vn -0.0017 0.1442 0.9895
vn 0.0291 0.9445 0.3271
vn -0.3716 0.8125 0.4492
vn -0.9241 0.3250 -0.2008
vn 0.6280 -0.4796 0.6129
vn -0.2733 0.4372 0.8568
vn 0.8993 0.4373 -0.0000
vn -0.8668 -0.4987 -0.0000
vn -0.0437 0.1202 0.9918
vn 0.2830 0.3556 0.8908
vn 0.7044 0.4816 0.5215
vn -0.2651 0.9553 0.1305
vn -0.1841 0.6627 0.7259
vn -0.0124 0.7961 0.6050
vn -0.0862 0.9867 0.1377
vn 0.9654 -0.0000 0.2609
vn -0.9847 -0.0000 0.1741
vn -0.2796 -0.5591 0.7805
vn 0.0001 -0.7071 0.7072
vn -0.2796 -0.5593 0.7804
vn 0.1609 0.6434 0.7484
vn 0.9523 0.2031 0.2276
vn -0.0000 0.2298 0.9732
vn 0.3031 -0.2298 -0.9248
vn 0.9732 -0.0000 0.2298
vn 0.9523 0.2031 0.2277
vn 0.8625 0.3775 0.3369
vn 0.7954 -0.5696 0.2070
vn 0.7056 -0.5219 0.4793
vn 0.7496 -0.6618 -0.0000
vn 0.5117 -0.2298 -0.8279
vn 0.8506 0.5258 -0.0000
vn 0.0614 -0.9936 0.0947
vn 0.5732 -0.8118 0.1115
vn 0.6654 -0.4527 0.5936
vn 0.0552 -0.6746 0.7361
vn 0.9898 -0.0001 0.1422
vn 0.9285 -0.0000 0.3714
vn 0.8395 -0.4659 0.2797
vn 0.8454 -0.2204 0.4865
vn 0.0168 0.0934 0.9955
vn 0.0695 0.8262 0.5591
vn -0.2349 0.7129 0.6607
vn -0.9332 0.2485 0.2596
vn -0.0000 0.0001 -1.0000
vn -0.8151 0.0166 -0.5791
vn 0.8147 -0.0312 -0.5790
vn -0.8151 0.0167 -0.5791
vn -0.8000 0.4473 -0.4000
vn 0.9732 -0.2298 -0.0000
vn -0.4000 0.4473 -0.8000
vn 0.8279 -0.2298 -0.5116
vn -0.8944 0.4473 -0.0000
vn -0.4000 0.4473 0.8000
vn -0.0000 -0.2298 -0.9732
vn -0.0000 0.4473 0.8944
vn -0.8000 0.4473 0.4000
vn -0.0000 -0.0001 -1.0000
vn 0.8151 0.0167 -0.5791
vn 0.8151 0.0166 -0.5791
vn 0.4000 0.4473 -0.8000
vn 0.8000 0.4473 -0.4000
vn 0.5116 -0.2298 0.8279
vn -0.0000 0.4473 -0.8944
vn 1.0000 -0.0000 -0.0001
vn 0.4276 -0.0000 0.9040
vn -0.4276 -0.0000 -0.9040
vn -1.0000 -0.0000 0.0001
vn -0.9997 0.0226 -0.0000
vn -0.9997 0.0227 -0.0000
vn 0.0312 0.0312 -0.9990
vn 0.9997 0.0227 -0.0000
vn 0.7882 0.6154 -0.0000
vn 0.9997 0.0226 -0.0000
vn -0.0000 -0.0003 -1.0000
vn -1.0000 -0.0001 -0.0000
vn -0.0312 0.0312 0.9990
vn 0.7181 -0.6960 -0.0000
vn 0.0915 -0.0000 0.9958
vn 0.5183 0.7181 0.4645
vn 0.9997 0.0232 -0.0000
vn -0.9997 0.0232 -0.0000
vn 0.9958 -0.0001 -0.0914
vn 0.7223 0.0221 -0.6912
vn -0.9958 -0.0000 -0.0914
vn -0.6129 0.5273 -0.5885
vn -0.0915 -0.0000 0.9958
vn -0.2425 -0.0000 -0.9701
vn 0.6912 0.0221 0.7223
vn -0.7181 -0.6960 -0.0000
vn 0.9970 -0.0774 -0.0000
vn 0.6817 0.0774 0.7275
vn 0.9997 0.0261 -0.0000
vn -0.9997 0.0262 -0.0000
vn -0.9997 0.0261 -0.0000
vn 0.9997 0.0262 -0.0000
vn -0.0516 -0.9987 -0.0000
vn 0.0516 -0.9987 -0.0000
vn -0.0000 -0.9987 -0.0517
vn -0.9997 0.0245 -0.0000
vn 0.9997 0.0246 -0.0000
vn 0.9997 0.0245 -0.0000
vn -0.9970 -0.0774 -0.0000
vn -0.9997 0.0246 -0.0000
vn -0.9430 -0.0000 -0.3329
vn -0.9759 -0.0031 -0.2182
vn -0.2316 0.3595 -0.9039
vn -0.7587 0.6371 -0.1358
vn -0.8050 0.3284 0.4941
vn -0.9009 0.0124 -0.4338
vn -0.0834 0.3575 -0.9302
vn -0.1927 0.9380 0.2881
vn -0.5379 0.1249 0.8337
vn -0.4852 0.8177 0.3097
vn -0.3426 -0.0711 0.9368
vn -0.8361 -0.1041 -0.5387
vn -0.4826 -0.4201 -0.7685
vn 0.0261 -0.0658 -0.9975
vn 0.9870 -0.1435 -0.0725
vn 0.5555 -0.0000 -0.8315
vn 0.4339 0.6245 -0.6494
vn 0.2419 -0.6444 0.7254
vn 0.8725 0.4516 -0.1864
vn 0.8725 0.4517 -0.1863
vn -0.0737 -0.4716 -0.8787
vn 0.8922 0.4516 -0.0000
vn 0.7648 -0.6443 -0.0000
vn -0.8818 -0.4717 -0.0000
vn 0.3179 0.4247 -0.8477
vn -0.9940 0.0976 -0.0499
vn -0.1825 0.7640 0.6188
vn 0.1725 -0.8609 -0.4787
vn -0.0637 -0.3905 -0.9184
vn -0.9024 -0.0676 0.4255
vn -0.3141 0.0255 0.9490
vn 0.2776 -0.8770 -0.3922
vn 0.0988 -0.1061 -0.9894
vn -0.2996 0.9539 0.0196
vn 0.2089 0.4185 0.8839
vn 0.7672 -0.5830 -0.2676
vn -0.8057 0.4546 -0.3797
vn 0.4472 -0.0000 -0.8944
vn -0.7723 0.2135 0.5983
vn 0.9732 0.2298 -0.0000
vn -0.7900 0.5598 -0.2501
vn 0.7071 -0.0000 -0.7071
vn -0.5574 0.6154 -0.5574
vn -0.1059 0.4514 0.8860
vn -0.0696 0.8276 0.5570
vn -0.8449 0.1820 0.5029
vn 0.1240 -0.0000 -0.9923
vn 0.7646 0.2426 -0.5971
vn 1.0000 0.0003 -0.0000
vn -0.0000 0.6464 -0.7630
vn -0.0000 0.6154 -0.7882
vn -0.9894 0.0997 0.1059
vn 0.9363 0.3512 -0.0000
vn 0.9894 0.0997 -0.1059
vn -0.9363 -0.3512 -0.0000
vn 0.9839 0.1784 -0.0000
vn -0.0000 0.6154 -0.7883
vn -0.0000 -0.5474 -0.8369
vn -0.0000 -0.5473 -0.8369
vn -0.5005 -0.2734 -0.8214
vn -0.2873 -0.1624 -0.9440
vn -0.2879 0.4907 -0.8224
vn -0.9881 0.1189 0.0973
vn 0.1771 -0.2005 -0.9636
vn 0.2005 0.2134 -0.9562
vn 0.2088 0.4185 -0.8839
vn -0.3498 0.7446 -0.5686
vn -0.7607 -0.6478 -0.0413
vn -0.2203 -0.6462 -0.7307
vn 0.4863 -0.4381 -0.7560
vn -0.9977 -0.0006 -0.0682
vn -0.6255 -0.2802 -0.7281
vn 0.9870 -0.1435 0.0725
vn 0.4796 -0.4899 -0.7280
vn 0.5206 0.5022 0.6905
vn 0.8725 0.4516 0.1863
vn 0.4457 0.5968 -0.6671
vn 0.8725 0.4517 0.1864
vn 0.2419 -0.6444 -0.7254
vn 0.4339 -0.6247 -0.6493
vn -0.8922 0.4516 -0.0000
vn 0.8168 -0.0649 0.5733
vn -0.7713 0.6348 -0.0465
vn -0.9994 0.0282 0.0214
vn 0.4246 -0.4775 -0.7692
vn 0.8160 -0.0688 0.5740
vn -0.9929 0.0938 0.0737
vn 0.8066 -0.0984 0.5829
vn 0.5536 0.2801 0.7843
vn -0.9943 -0.0868 -0.0618
vn 0.8167 -0.0716 0.5725
vn 0.4313 -0.4477 -0.7833
vn 0.5206 0.5021 0.6905
vn -0.6759 -0.0000 -0.7370
vn -0.6758 -0.0000 -0.7371
vn -0.8213 -0.0000 0.5704
vn -0.0513 -0.9987 -0.0000
vn 0.4826 -0.4201 -0.7685
vn -0.9870 -0.1435 -0.0725
vn -0.0261 -0.0660 -0.9975
vn 0.0736 -0.4716 -0.8787
vn -0.8725 0.4516 -0.1863
vn -0.5555 -0.0000 -0.8315
vn -0.8725 0.4517 -0.1864
vn -0.2419 -0.6444 0.7254
vn -0.4339 0.6244 -0.6495
vn -0.9996 0.0292 -0.0000
vn -0.7648 -0.6443 -0.0000
vn 0.9430 -0.0000 -0.3329
vn 0.7586 0.6372 -0.1358
vn 0.2316 0.3595 -0.9039
vn 0.9759 -0.0031 -0.2182
vn 0.5379 0.1250 0.8337
vn 0.8361 -0.1039 -0.5387
vn 0.3426 -0.0711 0.9368
vn 0.4851 0.8178 0.3097
vn 0.8149 0.3203 0.4830
vn 0.2068 0.9418 0.2651
vn 0.0506 0.3537 -0.9340
vn 0.8899 0.0121 -0.4560
vn -0.3179 0.4247 -0.8477
vn -0.1724 -0.8609 -0.4787
vn 0.1826 0.7640 0.6188
vn 0.9940 0.0977 -0.0499
vn -0.0988 -0.1060 -0.9894
vn -0.7671 -0.5830 -0.2676
vn -0.2088 0.4185 0.8839
vn 0.2997 0.9538 0.0196
vn 0.0637 -0.3905 -0.9184
vn -0.2776 -0.8770 -0.3923
vn 0.3141 0.0256 0.9490
vn 0.9024 -0.0676 0.4255
vn -0.0000 0.6155 -0.7881
vn -0.0000 0.6155 -0.7882
vn 0.1539 -0.9881 -0.0000
vn 0.9493 0.0343 0.3126
vn 1.0000 -0.0000 0.0003
vn -0.3657 0.1442 0.9195
vn 0.9962 -0.0603 -0.0626
vn -0.9923 -0.1239 -0.0000
vn -0.8086 -0.0603 -0.5853
vn 0.9923 0.1240 -0.0000
vn -0.9419 -0.1239 0.3120
vn -0.0000 -0.1221 -0.9925
vn -0.0000 0.1222 0.9925
vn 0.5356 0.0040 -0.8444
vn -0.0000 -0.9981 -0.0612
vn -1.0000 0.0003 0.0001
vn -1.0000 0.0003 -0.0000
vn -0.0451 -0.9832 0.1769
vn -0.0000 -0.9871 0.1604
vn -0.0000 0.6463 -0.7631
vn -0.0000 -0.5473 -0.8370
vn 0.5004 -0.2735 -0.8215
vn 0.9881 0.1187 0.0973
vn -0.3019 -0.0503 -0.9520
vn 0.2873 -0.1624 -0.9440
vn 0.7753 -0.6261 0.0829
vn 0.9986 -0.0469 -0.0255
vn 0.4756 -0.1635 -0.8643
vn -0.4803 -0.8577 -0.1835
vn -0.1770 -0.2005 -0.9636
vn -0.7645 -0.0220 -0.6443
vn -0.1435 0.4187 -0.8967
vn -0.2005 0.2134 -0.9562
vn -0.4557 -0.8441 -0.2826
vn 0.4887 -0.0275 -0.8720
vn -0.1448 -0.6570 -0.7398
vn 0.9430 -0.0000 -0.3328
vn 0.9826 -0.0031 -0.1855
vn 0.5606 0.7793 -0.2800
vn 0.7403 0.6642 -0.1036
vn 0.7763 0.3212 0.5423
vn 0.9024 0.0124 -0.4308
vn 0.9264 -0.2530 0.2790
vn 0.2645 0.3640 0.8931
vn 0.7136 0.6999 0.0298
vn 0.4004 0.8766 0.2670
vn 0.4662 0.1384 -0.8738
vn 0.9941 0.1061 -0.0236
vn 0.5007 0.8346 0.2294
vn 0.7276 0.3244 0.6045
vn 0.6255 -0.2802 -0.7282
vn -0.4796 -0.4899 -0.7280
vn -0.9870 -0.1435 0.0725
vn -0.4457 0.5969 -0.6672
vn -0.4339 -0.6247 -0.6493
vn -0.1449 -0.6571 -0.7398
vn -0.8725 0.4516 0.1864
vn -0.8725 0.4517 0.1863
vn 0.7276 0.3244 0.6044
vn -0.2932 0.4516 -0.8427
vn 0.5330 -0.2621 -0.8045
vn 0.1240 -0.0000 0.9923
vn -0.7250 0.4223 0.5441
vn 0.6759 -0.0000 0.7370
vn 0.6758 -0.0000 0.7371
vn 0.8213 -0.0000 -0.5704
vn 0.9746 -0.0000 0.2238
vn 0.9798 -0.0000 0.2000
vn 0.9885 -0.0000 0.1514
vn 0.0219 -0.9998 0.0033
vn -0.0219 -0.9998 -0.0033
vn 0.1840 -0.9829 0.0105
vn 0.2446 -0.9694 0.0189
vn 0.9930 0.0899 0.0765
vn 0.9933 0.0868 0.0767
vn 0.9946 -0.0852 0.0596
vn 0.9946 -0.0854 0.0596
vn 0.9982 -0.0000 0.0598
vn 0.9970 -0.0000 0.0768
vn 0.9970 -0.0000 -0.0768
vn 0.9934 -0.0850 -0.0765
vn 0.9934 -0.0856 -0.0765
vn 0.9933 0.0868 -0.0766
vn 0.9930 0.0899 -0.0765
vn 0.9969 0.0188 -0.0768
vn 0.9969 0.0196 -0.0768
vn 0.9403 -0.3341 -0.0644
vn 0.9407 -0.3331 -0.0644
vn 0.9662 -0.2491 -0.0661
vn 0.9655 -0.2518 -0.0660
vn 0.9966 -0.0652 -0.0512
vn 0.9965 -0.0658 -0.0512
vn -0.0071 -1.0000 0.0003
vn 0.0071 -1.0000 -0.0003
vn 0.9746 -0.0000 -0.2238
vn 0.9798 -0.0000 -0.2000
vn 0.9885 -0.0000 -0.1514
vn -0.0219 -0.9998 0.0033
vn 0.0219 -0.9998 -0.0033
vn 0.9353 -0.0000 -0.3539
vn 0.9478 -0.0000 -0.3188
vn 0.9696 -0.0000 -0.2446
vn -0.0388 -0.9992 0.0097
vn 0.0388 -0.9992 -0.0097
vn 0.8870 -0.0000 -0.4618
vn 0.9075 -0.0000 -0.4200
vn 0.0097 -0.9999 -0.0051
vn -0.0097 -0.9999 0.0051
vn 0.8410 0.1869 -0.5077
vn 0.8277 0.1484 -0.5412
vn 0.7524 -0.4696 -0.4619
vn 0.7684 -0.5068 -0.3909
vn 0.6191 -0.6273 -0.4724
vn 0.6365 -0.5993 -0.4856
vn 0.7949 -0.0114 -0.6066
vn 0.7949 -0.0117 -0.6066
vn 0.7949 0.0116 -0.6066
vn 0.7949 0.0111 -0.6066
vn 0.6396 0.5939 -0.4881
vn 0.6271 0.6145 -0.4786
vn 0.7921 -0.4314 -0.4318
vn 0.6579 -0.5990 -0.4565
vn -0.8674 -0.2073 0.4524
vn -0.8726 0.1111 0.4756
vn -0.0595 -0.9957 0.0716
vn -0.0615 -0.9954 0.0732
vn 0.7407 0.1420 -0.6567
vn 0.7397 0.1620 -0.6532
vn 0.1527 0.8068 -0.5707
vn 0.4745 0.7995 -0.3683
vn 0.1879 0.9713 -0.1458
vn 0.2868 0.8507 -0.4406
vn 0.5817 0.6441 -0.4967
vn 0.6635 0.4769 -0.5765
vn 0.7328 0.2362 -0.6381
vn 0.7669 0.0940 -0.6349
vn 0.0931 -0.9936 -0.0643
vn 0.6565 0.0663 -0.7514
vn 0.6566 0.0614 -0.7517
vn 0.5453 -0.5532 -0.6297
vn 0.5463 -0.5512 -0.6307
vn 0.5976 -0.5697 -0.5642
vn 0.5816 -0.6001 -0.5491
vn 0.5640 -0.6312 -0.5325
vn 0.5818 -0.5999 -0.5492
vn 0.4675 -0.7025 -0.5367
vn 0.4669 -0.7032 -0.5363
vn 0.6570 -0.0291 -0.7533
vn 0.6575 -0.0270 -0.7529
vn 0.6561 0.0855 -0.7498
vn 0.6559 0.0869 -0.7498
vn 0.0583 -0.9962 -0.0642
vn 0.0576 -0.9963 -0.0633
vn 0.4982 -0.0000 -0.8670
vn 0.3936 -0.6132 -0.6849
vn 0.3846 -0.6358 -0.6692
vn 0.0622 -0.9948 -0.0811
vn 0.4702 -0.6242 -0.6240
vn 0.4799 -0.6247 -0.6160
vn -0.0314 -0.9983 0.0489
vn 0.0259 -0.9988 -0.0417
vn 0.4702 -0.0000 -0.8826
vn 0.3629 -0.6358 -0.6812
vn 0.3670 -0.6253 -0.6887
vn 0.3204 -0.6851 -0.6542
vn 0.3201 -0.6858 -0.6536
vn 0.3269 -0.6685 -0.6680
vn 0.3273 -0.6678 -0.6686
vn 0.2120 -0.6573 -0.7232
vn 0.3096 -0.5686 -0.7622
vn 0.0362 -0.9993 0.0106
vn -0.0363 -0.9993 -0.0102
vn 0.0001 -1.0000 -0.0024
vn -0.0000 -1.0000 0.0020
vn 0.2473 -0.6347 -0.7321
vn 0.2455 -0.6347 -0.7327
vn 0.0475 0.3224 -0.9454
vn 0.0706 0.3419 -0.9371
vn 0.0140 0.7934 -0.6086
vn -0.0101 0.7863 -0.6177
vn 0.2465 -0.6342 -0.7328
vn 0.2463 -0.6352 -0.7321
vn 0.3188 -0.0000 -0.9478
vn 0.3876 -0.0000 -0.9218
vn 0.1949 0.0330 -0.9803
vn 0.1948 0.0324 -0.9803
vn 0.1462 0.6651 -0.7323
vn 0.1462 0.6653 -0.7321
vn 0.1572 0.6130 -0.7743
vn 0.1569 0.6143 -0.7733
vn 0.1532 -0.6380 -0.7547
vn 0.1534 -0.6367 -0.7557
vn 0.1455 -0.6765 -0.7219
vn 0.1456 -0.6757 -0.7227
vn 0.0248 -0.9934 -0.1121
vn 0.0248 -0.9934 -0.1122
vn 0.0215 -0.9918 -0.1258
vn 0.0215 -0.9918 -0.1257
vn -0.0093 -0.9995 0.0294
vn -0.0094 -0.9995 0.0297
vn -0.0043 -0.9996 0.0277
vn -0.0043 -0.9996 0.0278
vn 0.0059 -0.9918 -0.1275
vn 0.0059 -0.9918 -0.1274
vn 0.0096 -0.9934 -0.1147
vn 0.0499 -0.6751 -0.7360
vn 0.0499 -0.6744 -0.7366
vn 0.0460 -0.6376 -0.7690
vn 0.0460 -0.6395 -0.7674
vn 0.0471 0.6162 -0.7862
vn 0.0471 0.6143 -0.7876
vn 0.0480 0.6635 -0.7466
vn 0.0481 0.6632 -0.7469
vn 0.0650 0.0296 -0.9974
vn 0.0650 0.0305 -0.9974
vn -0.0649 0.0305 -0.9974
vn -0.0650 0.0296 -0.9974
vn -0.0481 0.6632 -0.7469
vn -0.0481 0.6635 -0.7466
vn -0.0471 0.6143 -0.7876
vn -0.0471 0.6162 -0.7862
vn -0.0460 -0.6395 -0.7674
vn -0.0460 -0.6376 -0.7690
vn -0.0499 -0.6744 -0.7367
vn -0.0499 -0.6751 -0.7360
vn -0.0096 -0.9934 -0.1147
vn -0.0059 -0.9918 -0.1274
vn -0.0059 -0.9918 -0.1275
vn 0.0043 -0.9996 0.0278
vn 0.0043 -0.9996 0.0277
vn 0.0094 -0.9995 0.0297
vn 0.0093 -0.9995 0.0294
vn -0.0215 -0.9918 -0.1257
vn -0.0215 -0.9918 -0.1258
vn -0.0248 -0.9934 -0.1122
vn -0.0248 -0.9934 -0.1121
vn -0.1457 -0.6757 -0.7226
vn -0.1455 -0.6765 -0.7219
vn -0.1534 -0.6367 -0.7557
vn -0.1532 -0.6380 -0.7547
vn -0.1569 0.6143 -0.7733
vn -0.1572 0.6130 -0.7743
vn -0.1462 0.6653 -0.7321
vn -0.1462 0.6651 -0.7323
vn -0.1950 0.0324 -0.9803
vn -0.1949 0.0330 -0.9803
vn -0.3876 -0.0000 -0.9218
vn -0.3188 -0.0000 -0.9478
vn -0.2463 -0.6352 -0.7321
vn -0.2465 -0.6342 -0.7328
vn 0.0100 0.7863 -0.6177
vn -0.0140 0.7934 -0.6086
vn -0.0707 0.3419 -0.9371
vn -0.0474 0.3224 -0.9454
vn -0.2454 -0.6347 -0.7328
vn -0.2472 -0.6347 -0.7321
vn -0.0001 -1.0000 -0.0024
vn 0.0364 -0.9993 -0.0102
vn -0.0361 -0.9993 0.0106
vn -0.3095 -0.5686 -0.7622
vn -0.2119 -0.6573 -0.7232
vn -0.3273 -0.6678 -0.6685
vn -0.3269 -0.6685 -0.6680
vn -0.3201 -0.6858 -0.6536
vn -0.3204 -0.6851 -0.6542
vn -0.3670 -0.6253 -0.6887
vn -0.3629 -0.6358 -0.6812
vn -0.4702 -0.0000 -0.8826
vn -0.4982 -0.0000 -0.8670
vn -0.3846 -0.6358 -0.6692
vn -0.3936 -0.6132 -0.6849
vn -0.0622 -0.9948 -0.0811
vn -0.4799 -0.6247 -0.6160
vn -0.4702 -0.6242 -0.6239
vn -0.0258 -0.9988 -0.0417
vn 0.0314 -0.9983 0.0489
vn -0.6566 0.0614 -0.7517
vn -0.6564 0.0663 -0.7515
vn -0.5463 -0.5512 -0.6307
vn -0.5454 -0.5532 -0.6297
vn -0.5816 -0.6001 -0.5491
vn -0.5976 -0.5697 -0.5642
vn -0.5818 -0.5999 -0.5492
vn -0.5640 -0.6312 -0.5325
vn -0.4669 -0.7032 -0.5362
vn -0.4675 -0.7025 -0.5366
vn -0.6575 -0.0270 -0.7530
vn -0.6571 -0.0291 -0.7532
vn -0.6558 0.0869 -0.7499
vn -0.6562 0.0855 -0.7497
vn -0.0576 -0.9963 -0.0633
vn -0.0583 -0.9962 -0.0642
vn -0.0931 -0.9936 -0.0643
vn -0.7668 0.0940 -0.6350
vn -0.7329 0.2362 -0.6381
vn -0.6634 0.4769 -0.5765
vn -0.5818 0.6441 -0.4967
vn -0.2868 0.8507 -0.4406
vn -0.1879 0.9713 -0.1458
vn -0.4745 0.7995 -0.3683
vn -0.1527 0.8069 -0.5707
vn -0.7397 0.1620 -0.6532
vn -0.7406 0.1420 -0.6567
vn 0.0614 -0.9954 0.0732
vn 0.0595 -0.9957 0.0716
vn -0.8277 0.1484 -0.5413
vn -0.8408 0.1869 -0.5080
vn -0.7684 -0.5068 -0.3909
vn -0.7524 -0.4696 -0.4619
vn -0.6365 -0.5993 -0.4856
vn -0.6191 -0.6273 -0.4724
vn -0.7949 -0.0117 -0.6066
vn -0.7949 -0.0114 -0.6066
vn -0.7949 0.0111 -0.6066
vn -0.7949 0.0116 -0.6066
vn -0.6271 0.6145 -0.4786
vn -0.6396 0.5939 -0.4881
vn -0.6579 -0.5990 -0.4565
vn -0.7921 -0.4314 -0.4318
vn 0.8726 0.1111 0.4756
vn 0.8674 -0.2073 0.4524
vn 0.0097 -0.9999 0.0051
vn -0.0097 -0.9999 -0.0051
vn -0.8870 -0.0000 -0.4618
vn -0.9075 -0.0000 -0.4200
vn -0.9353 -0.0000 -0.3539
vn -0.9478 -0.0000 -0.3188
vn -0.9696 -0.0000 -0.2446
vn -0.0388 -0.9992 -0.0097
vn 0.0388 -0.9992 0.0097
vn -0.9746 -0.0000 -0.2238
vn -0.9798 -0.0000 -0.2000
vn -0.9885 -0.0000 -0.1514
vn 0.0057 -1.0000 0.0005
vn -0.0057 -1.0000 -0.0005
vn -0.9970 -0.0000 -0.0768
vn -0.9977 -0.0000 -0.0683
vn -0.9987 -0.0000 -0.0513
vn 0.9978 0.0102 -0.0655
vn 0.9978 0.0108 -0.0656
vn 0.7729 0.6324 -0.0512
vn 0.7731 0.6322 -0.0512
vn 0.7861 0.6158 -0.0538
vn 0.7868 0.6148 -0.0539
vn 0.7682 -0.6381 -0.0526
vn 0.7674 -0.6390 -0.0525
vn 0.7989 -0.5993 -0.0499
vn 0.7998 -0.5982 -0.0500
vn 0.1954 -0.9807 -0.0096
vn 0.1955 -0.9807 -0.0096
vn 0.1066 -0.9943 -0.0098
vn 0.1065 -0.9943 -0.0098
vn -0.0493 -0.9988 0.0004
vn -0.0495 -0.9988 0.0004
vn 0.9807 -0.0007 -0.1955
vn 0.9807 0.0004 -0.1953
vn 0.7743 0.6136 -0.1550
vn 0.7746 0.6132 -0.1551
vn 0.7730 0.6145 -0.1578
vn 0.7743 0.6128 -0.1581
vn 0.7557 -0.6365 -0.1543
vn 0.7543 -0.6382 -0.1540
vn 0.7406 -0.6547 -0.1513
vn 0.7392 -0.6564 -0.1509
vn 0.1340 -0.9905 -0.0317
vn 0.1339 -0.9905 -0.0317
vn 0.1946 -0.9804 -0.0312
vn 0.1948 -0.9804 -0.0312
vn 0.0421 -0.9991 -0.0009
vn 0.0427 -0.9991 -0.0010
vn -0.4464 -0.3615 -0.8186
vn -0.8607 -0.0813 0.5025
vn 0.0720 -0.9612 0.2663
vn 0.0336 -0.7412 0.6704
vn 0.7204 -0.6471 -0.2495
vn 0.7221 -0.6451 -0.2500
vn 0.7166 -0.6519 -0.2482
vn 0.7149 -0.6539 -0.2477
vn 0.7321 -0.6352 -0.2463
vn 0.7328 -0.6342 -0.2465
vn 0.5881 0.7842 -0.1978
vn 0.0108 -0.9992 0.0394
vn -0.0112 -0.9992 -0.0392
vn 0.7660 -0.5646 -0.3075
vn 0.7245 -0.6587 -0.2029
vn 0.6850 -0.6436 -0.3413
vn 0.6860 -0.6423 -0.3418
vn 0.6809 -0.6490 -0.3393
vn 0.6799 -0.6503 -0.3388
vn 0.7012 -0.6347 -0.3246
vn 0.7074 -0.6264 -0.3274
vn 0.8214 -0.0000 -0.5703
vn 0.8274 0.1091 -0.5509
vn 0.8606 0.0955 -0.5003
vn 0.7737 0.4141 -0.4795
vn 0.7687 0.4040 -0.4959
vn 0.5294 0.7906 -0.3078
vn 0.5986 0.7122 -0.3667
vn 0.8634 -0.0587 -0.5011
vn 0.8635 -0.0485 -0.5020
vn 0.6185 0.0619 -0.7834
vn 0.5734 -0.0100 -0.8192
vn 0.6439 -0.3660 -0.6719
vn 0.4912 -0.4120 -0.7675
vn 0.4290 -0.8485 -0.3098
vn 0.4274 -0.8497 -0.3088
vn 0.0025 -0.9996 -0.0265
vn -0.0001 -0.9997 -0.0248
vn -0.9317 0.2831 -0.2277
vn -0.7382 0.5745 0.3534
vn 0.5045 -0.7052 0.4982
vn 0.6543 -0.3022 -0.6932
vn 0.7175 -0.3264 -0.6153
vn 0.7021 -0.4062 -0.5848
vn 0.3339 -0.9051 -0.2631
vn 0.3246 -0.9092 -0.2608
vn 0.7663 -0.1018 -0.6344
vn 0.7700 -0.1205 -0.6265
vn 0.7702 -0.1941 -0.6075
vn 0.7438 -0.2596 -0.6159
vn 0.4617 -0.8170 -0.3454
vn 0.4726 -0.8187 -0.3261
vn 0.7791 0.1017 -0.6186
vn 0.7518 0.1296 -0.6465
vn 0.6577 0.0386 -0.7523
vn 0.6536 0.0364 -0.7560
vn 0.3420 -0.8486 -0.4036
vn 0.3446 -0.8485 -0.4016
vn 0.1334 -0.9785 -0.1574
vn 0.1183 -0.9829 -0.1414
vn 0.1505 -0.9721 -0.1797
vn 0.1457 -0.9739 -0.1742
vn 0.6583 0.1659 -0.7342
vn 0.6858 0.1019 -0.7206
vn -0.2186 0.0530 -0.9744
vn 0.7356 0.4590 -0.4983
vn 0.6933 -0.2889 -0.6602
vn -0.4980 -0.6970 -0.5159
vn -0.3493 0.5575 0.7531
vn 0.2271 0.2751 0.9342
vn 0.0996 -0.9944 -0.0360
vn 0.1040 -0.9937 -0.0428
vn 0.3755 -0.8065 -0.4567
vn 0.3792 -0.8007 -0.4639
vn 0.6152 -0.3411 -0.7108
vn 0.4905 -0.3703 -0.7888
vn 0.6502 -0.0098 -0.7597
vn 0.5959 0.0621 -0.8006
vn 0.1944 -0.9487 -0.2492
vn 0.2006 -0.9456 -0.2560
vn 0.5197 -0.4190 -0.7446
vn 0.4865 -0.5590 -0.6714
vn 0.1549 -0.7926 -0.5897
vn 0.1912 -0.9231 -0.3337
vn 0.3506 -0.7106 -0.6100
vn 0.1143 -0.5943 -0.7961
vn 0.0475 0.3225 -0.9454
vn 0.0374 -0.9970 0.0674
vn 0.0386 -0.9968 0.0696
vn -0.1289 -0.9750 -0.1811
vn -0.1294 -0.9748 -0.1815
vn -0.6058 -0.0890 -0.7906
vn -0.6208 -0.0945 -0.7783
vn -0.5590 0.1813 -0.8091
vn -0.5915 0.2328 -0.7720
vn -0.1469 -0.9736 -0.1744
vn -0.1402 -0.9751 -0.1721
vn -0.5425 -0.3674 -0.7554
vn -0.5368 -0.3011 -0.7881
vn -0.0769 -0.9880 -0.1338
vn -0.0561 -0.8881 -0.4562
vn -0.1143 -0.5943 -0.7961
vn -0.3506 -0.7106 -0.6100
vn 0.9969 -0.0411 -0.0665
vn 0.9970 -0.0401 -0.0665
vn 0.8249 -0.5626 -0.0557
vn 0.8247 -0.5628 -0.0558
vn 0.8007 -0.5965 -0.0551
vn 0.8018 -0.5951 -0.0549
vn 0.8032 -0.5932 -0.0552
vn 0.8022 -0.5945 -0.0552
vn 0.7721 -0.6330 -0.0567
vn 0.7765 -0.6276 -0.0566
vn 0.5013 -0.8644 -0.0393
vn 0.4996 -0.8654 -0.0391
vn 0.7512 -0.6589 -0.0392
vn 0.7518 -0.6583 -0.0393
vn 0.2285 -0.9735 -0.0063
vn 0.2357 -0.9718 -0.0068
vn 0.9796 -0.0390 -0.1971
vn 0.9795 -0.0428 -0.1968
vn 0.8135 -0.5577 -0.1648
vn 0.8142 -0.5567 -0.1651
vn 0.9202 -0.3433 -0.1879
vn 0.9211 -0.3388 -0.1915
vn 0.9611 -0.1936 -0.1969
vn 0.9607 -0.1964 -0.1961
vn 0.8262 -0.5323 -0.1845
vn 0.8223 -0.5382 -0.1846
vn 0.5814 -0.8020 -0.1368
vn 0.5828 -0.8009 -0.1375
vn 0.8049 -0.5793 -0.1285
vn 0.8061 -0.5776 -0.1287
vn 0.2223 -0.9748 -0.0166
vn 0.2302 -0.9730 -0.0181
vn -0.0063 -0.9993 0.0362
vn 0.0045 -0.9995 0.0328
vn 0.5191 -0.8436 -0.1376
vn 0.5208 -0.8424 -0.1382
vn 0.3581 -0.9233 -0.1387
vn 0.3573 -0.9237 -0.1384
vn 0.6122 -0.7582 -0.2245
vn 0.6104 -0.7598 -0.2239
vn 0.3725 -0.9194 -0.1263
vn 0.3727 -0.9193 -0.1263
vn 0.5881 -0.7842 -0.1978
vn 0.8193 -0.5037 -0.2741
vn 0.8194 -0.5032 -0.2743
vn 0.8531 -0.3016 -0.4257
vn 0.8590 -0.2622 -0.4396
vn 0.8153 -0.3950 -0.4234
vn 0.8403 -0.3617 -0.4039
vn 0.8515 -0.0850 -0.5174
vn 0.8880 -0.1116 -0.4462
vn 0.8988 0.0128 -0.4383
vn 0.8851 0.0524 -0.4625
vn 0.3550 0.9278 -0.1150
vn 0.4351 0.8965 -0.0836
vn 0.8475 0.4736 -0.2398
vn 0.8013 0.5064 -0.3186
vn 0.8105 -0.5856 0.0130
vn 0.7113 -0.6710 -0.2093
vn -0.5196 -0.8300 0.2028
vn -0.3541 -0.8762 0.3268
vn 0.0620 0.9962 0.0614
vn -0.0812 0.9966 0.0158
vn 0.0667 0.9928 -0.0996
vn 0.5473 0.8334 0.0774
vn 0.8478 -0.3032 -0.4351
vn 0.7998 -0.3468 -0.4899
vn 0.6533 -0.6413 -0.4023
vn 0.6910 -0.6338 -0.3476
vn 0.6479 -0.6283 -0.4307
vn 0.6638 -0.5970 -0.4506
vn 0.3163 -0.9250 -0.2106
vn 0.3223 -0.9225 -0.2122
vn 0.0416 -0.9979 -0.0502
vn 0.0443 -0.9975 -0.0555
vn -0.5023 -0.8053 0.3149
vn -0.4695 -0.8176 0.3331
vn 0.7757 -0.3447 -0.5286
vn 0.7051 -0.4439 -0.5529
vn 0.2718 -0.9460 -0.1769
vn 0.2787 -0.9398 -0.1978
vn 0.6869 0.0977 -0.7202
vn 0.6939 0.1033 -0.7126
vn 0.6924 -0.0495 -0.7198
vn 0.6980 -0.0575 -0.7138
vn 0.2254 0.9655 -0.1306
vn 0.1197 0.9655 -0.2315
vn 0.1928 0.9486 -0.2509
vn 0.2439 0.9446 -0.2198
vn 0.1510 -0.9818 -0.1149
vn 0.1514 -0.9805 -0.1255
vn -0.1374 -0.9723 0.1893
vn -0.1808 -0.9681 0.1736
vn 0.6581 -0.0443 -0.7516
vn 0.6580 -0.0472 -0.7516
vn 0.3903 -0.8035 -0.4495
vn 0.3907 -0.8030 -0.4501
vn 0.6327 -0.4701 -0.6153
vn 0.6341 -0.5014 -0.5887
vn 0.6993 -0.2790 -0.6581
vn 0.7001 -0.2601 -0.6650
vn 0.3633 -0.8322 -0.4188
vn 0.3622 -0.8324 -0.4193
vn 0.6493 -0.1775 -0.7395
vn 0.6551 -0.1745 -0.7351
vn 0.6705 0.2271 -0.7063
vn 0.6489 0.2287 -0.7257
vn 0.2882 -0.9025 -0.3201
vn 0.2947 -0.9025 -0.3141
vn 0.4999 0.1445 -0.8540
vn 0.4728 0.1350 -0.8708
vn 0.5069 -0.0360 -0.8612
vn 0.4960 -0.0369 -0.8675
vn 0.1915 -0.9259 -0.3258
vn 0.1901 -0.9265 -0.3248
vn -0.2394 -0.9360 0.2578
vn -0.2430 -0.9343 0.2609
vn 0.3650 -0.7687 -0.5252
vn 0.3606 -0.7715 -0.5242
vn 0.0987 -0.9866 -0.1299
vn 0.0987 -0.9866 -0.1297
vn 0.1167 -0.9816 -0.1511
vn 0.1168 -0.9816 -0.1513
vn -0.0326 -0.9969 0.0713
vn -0.0225 -0.9976 0.0655
vn 0.4705 0.0607 -0.8803
vn 0.4669 0.0608 -0.8822
vn 0.4696 0.0048 -0.8829
vn 0.4704 0.0049 -0.8824
vn 0.0892 0.9798 -0.1789
vn 0.0953 0.9792 -0.1789
vn 0.2488 0.8395 -0.4831
vn 0.1389 0.8339 -0.5341
vn 0.0312 -0.9973 -0.0658
vn -0.1708 -0.4763 -0.8625
vn 0.6664 -0.4562 -0.5898
vn 0.2590 -0.9654 0.0303
vn -0.2640 -0.9644 -0.0155
vn 0.1127 0.9592 0.2594
vn 0.0745 -0.9517 0.2980
vn 0.5025 -0.6087 -0.6139
vn -0.3687 -0.3414 -0.8646
vn 0.3190 0.6510 -0.6888
vn 0.4223 0.6485 -0.6334
vn 0.4321 0.7722 0.4658
vn -0.6535 0.7565 0.0247
vn 0.2436 -0.6450 -0.7243
vn 0.2434 -0.6459 -0.7235
vn 0.3184 -0.0496 -0.9466
vn 0.4006 0.0470 -0.9150
vn 0.3828 0.0445 -0.9227
vn 0.3818 0.1000 -0.9188
vn 0.3956 0.1088 -0.9120
vn 0.1953 0.0256 -0.9804
vn 0.1850 0.0248 -0.9824
vn 0.1473 0.6588 -0.7377
vn 0.1474 0.6590 -0.7376
vn 0.1565 0.6178 -0.7706
vn 0.1562 0.6191 -0.7696
vn 0.1525 -0.6418 -0.7516
vn 0.1528 -0.6404 -0.7527
vn 0.1465 -0.6712 -0.7266
vn 0.1466 -0.6706 -0.7272
vn 0.0252 -0.9932 -0.1139
vn 0.0212 -0.9920 -0.1243
vn 0.0212 -0.9920 -0.1242
vn -0.0080 -0.9997 0.0228
vn -0.0081 -0.9997 0.0230
vn 0.2810 -0.6620 -0.6949
vn -0.0734 -0.6842 -0.7256
vn -0.0115 -0.8069 -0.5906
vn 0.1327 -0.8008 -0.5840
vn 0.0471 0.6168 -0.7857
vn 0.0471 0.6149 -0.7872
vn 0.0460 -0.6380 -0.7686
vn 0.0459 -0.6400 -0.7670
vn 0.1578 0.8281 -0.5380
vn -0.0521 0.8353 -0.5473
vn 0.0814 -0.0171 -0.9965
vn 0.0773 -0.0169 -0.9969
vn 0.0020 -0.9988 -0.0489
vn -0.0020 -0.9988 -0.0489
vn -0.0773 -0.0169 -0.9969
vn -0.0814 -0.0171 -0.9965
vn 0.0522 0.8353 -0.5473
vn -0.1578 0.8281 -0.5380
vn -0.0459 -0.6400 -0.7670
vn -0.0460 -0.6380 -0.7686
vn -0.0471 0.6149 -0.7872
vn -0.0471 0.6168 -0.7857
vn -0.1328 -0.8008 -0.5840
vn 0.0114 -0.8069 -0.5906
vn 0.0735 -0.6842 -0.7256
vn -0.2809 -0.6620 -0.6949
vn -0.1952 0.0248 -0.9804
vn -0.1953 0.0256 -0.9804
vn -0.1473 0.6590 -0.7376
vn -0.1473 0.6588 -0.7377
vn -0.1562 0.6191 -0.7696
vn -0.1565 0.6178 -0.7706
vn -0.1528 -0.6404 -0.7527
vn -0.1525 -0.6418 -0.7516
vn -0.1466 -0.6706 -0.7272
vn -0.1465 -0.6712 -0.7266
vn -0.0252 -0.9932 -0.1139
vn -0.0212 -0.9920 -0.1242
vn -0.0212 -0.9920 -0.1243
vn 0.0080 -0.9997 0.0230
vn 0.0080 -0.9997 0.0228
vn -0.3956 0.1088 -0.9120
vn -0.3818 0.1000 -0.9188
vn -0.3828 0.0445 -0.9227
vn -0.4006 0.0470 -0.9150
vn -0.3184 -0.0496 -0.9466
vn -0.2434 -0.6459 -0.7235
vn -0.2436 -0.6450 -0.7243
vn 0.6535 0.7565 0.0247
vn -0.4321 0.7722 0.4658
vn -0.4223 0.6485 -0.6333
vn -0.3190 0.6510 -0.6888
vn 0.3687 -0.3414 -0.8646
vn -0.5026 -0.6087 -0.6139
vn -0.0745 -0.9517 0.2979
vn -0.1129 0.9591 0.2595
vn 0.2639 -0.9644 -0.0155
vn -0.2590 -0.9654 0.0303
vn -0.6664 -0.4562 -0.5898
vn 0.1708 -0.4763 -0.8625
vn -0.0312 -0.9973 -0.0658
vn -0.1389 0.8339 -0.5341
vn -0.2488 0.8395 -0.4831
vn -0.0953 0.9792 -0.1789
vn -0.0892 0.9798 -0.1789
vn -0.4704 0.0049 -0.8824
vn -0.4696 0.0049 -0.8829
vn -0.4669 0.0608 -0.8822
vn -0.4705 0.0607 -0.8803
vn -0.4920 -0.0701 -0.8677
vn -0.5019 -0.0685 -0.8622
vn -0.4972 0.0703 -0.8648
vn -0.4971 0.0733 -0.8646
vn -0.4159 -0.5457 -0.7274
vn -0.4226 -0.5244 -0.7392
vn -0.3744 -0.7500 -0.5452
vn -0.3797 -0.7469 -0.5459
vn -0.0968 -0.9872 -0.1269
vn -0.0968 -0.9872 -0.1271
vn -0.1186 -0.9809 -0.1540
vn -0.1185 -0.9810 -0.1538
vn 0.0225 -0.9976 0.0655
vn 0.0326 -0.9969 0.0713
vn -0.6680 0.0238 -0.7438
vn -0.6731 0.0085 -0.7395
vn -0.4996 -0.6989 -0.5117
vn -0.5007 -0.6901 -0.5226
vn -0.0184 -0.9954 -0.0935
vn -0.0160 -0.9983 -0.0561
vn 0.0310 -0.9994 0.0121
vn 0.0396 -0.9992 0.0052
vn -0.6293 0.3711 -0.6829
vn -0.6253 0.3853 -0.6787
vn -0.6588 0.3846 -0.6466
vn -0.6656 0.3862 -0.6386
vn -0.5647 -0.4900 -0.6641
vn -0.5622 -0.4904 -0.6659
vn 0.0108 -0.9999 0.0107
vn -0.0098 -0.9999 -0.0093
vn -0.1917 -0.9231 -0.3334
vn -0.1549 -0.7926 -0.5897
vn -0.4865 -0.5590 -0.6714
vn -0.5197 -0.4190 -0.7446
vn -0.2006 -0.9456 -0.2560
vn -0.1944 -0.9487 -0.2492
vn -0.5959 0.0621 -0.8006
vn -0.6502 -0.0098 -0.7597
vn -0.4905 -0.3703 -0.7888
vn -0.6151 -0.3411 -0.7108
vn -0.3792 -0.8007 -0.4639
vn -0.3755 -0.8065 -0.4567
vn -0.1040 -0.9937 -0.0428
vn -0.0996 -0.9944 -0.0360
vn -0.6536 0.0364 -0.7560
vn -0.6577 0.0386 -0.7523
vn -0.3446 -0.8485 -0.4017
vn -0.3420 -0.8486 -0.4036
vn -0.1183 -0.9829 -0.1414
vn -0.1334 -0.9785 -0.1574
vn -0.1457 -0.9739 -0.1742
vn -0.1505 -0.9721 -0.1797
vn -0.6858 0.1019 -0.7206
vn -0.6583 0.1659 -0.7342
vn -0.7356 0.4590 -0.4983
vn 0.2186 0.0531 -0.9744
vn 0.4980 -0.6970 -0.5160
vn -0.6934 -0.2889 -0.6602
vn -0.2272 0.2751 0.9342
vn 0.3493 0.5575 0.7531
vn 0.7382 0.5745 0.3535
vn 0.9317 0.2831 -0.2276
vn -0.6544 -0.3022 -0.6932
vn -0.5045 -0.7052 0.4982
vn -0.7022 -0.4062 -0.5848
vn -0.7175 -0.3264 -0.6154
vn -0.3246 -0.9092 -0.2608
vn -0.3339 -0.9051 -0.2631
vn -0.7700 -0.1205 -0.6265
vn -0.7663 -0.1018 -0.6344
vn -0.7438 -0.2596 -0.6159
vn -0.7702 -0.1941 -0.6075
vn -0.4726 -0.8187 -0.3261
vn -0.4617 -0.8170 -0.3454
vn -0.7519 0.1296 -0.6465
vn -0.7792 0.1017 -0.6185
vn -0.8605 0.0955 -0.5004
vn -0.8274 0.1091 -0.5509
vn -0.7687 0.4040 -0.4959
vn -0.7739 0.4141 -0.4791
vn -0.5986 0.7122 -0.3667
vn -0.5294 0.7906 -0.3078
vn -0.8635 -0.0485 -0.5020
vn -0.8634 -0.0587 -0.5011
vn -0.5734 -0.0100 -0.8192
vn -0.6185 0.0619 -0.7834
vn -0.4911 -0.4120 -0.7675
vn -0.6439 -0.3659 -0.6719
vn -0.3721 -0.8909 -0.2605
vn -0.3691 -0.8927 -0.2583
vn 0.0637 -0.9975 0.0300
vn 0.0607 -0.9978 0.0280
vn 0.9987 -0.0000 -0.0513
vn 0.9977 -0.0000 -0.0683
vn 0.0057 -1.0000 -0.0005
vn -0.0057 -1.0000 0.0005
vn -0.9970 -0.0000 0.0768
vn -0.9987 -0.0000 0.0513
vn -0.9977 -0.0000 0.0683
vn -0.9885 -0.0000 0.1514
vn -0.9798 -0.0000 0.2000
vn -0.9746 -0.0000 0.2238
vn -0.9353 -0.0000 0.3539
vn -0.9478 -0.0000 0.3188
vn -0.9696 -0.0000 0.2446
vn -0.8870 -0.0000 0.4618
vn -0.9075 -0.0000 0.4200
vn 0.8674 -0.2073 -0.4524
vn 0.8726 0.1111 -0.4756
vn -0.7922 -0.4314 0.4318
vn -0.6579 -0.5990 0.4565
vn -0.6396 0.5939 0.4881
vn -0.6271 0.6145 0.4786
vn -0.7949 0.0116 0.6066
vn -0.7949 0.0111 0.6066
vn -0.7949 -0.0114 0.6066
vn -0.7949 -0.0117 0.6066
vn -0.6191 -0.6273 0.4724
vn -0.6365 -0.5993 0.4856
vn -0.7524 -0.4696 0.4619
vn -0.7684 -0.5068 0.3909
vn -0.8410 0.1869 0.5077
vn -0.8277 0.1484 0.5412
vn -0.0931 -0.9936 0.0643
vn -0.7328 0.2362 0.6381
vn -0.7669 0.0940 0.6349
vn -0.5817 0.6441 0.4967
vn -0.6635 0.4769 0.5765
vn -0.1879 0.9713 0.1458
vn -0.2868 0.8507 0.4406
vn -0.1527 0.8068 0.5707
vn -0.4745 0.7995 0.3683
vn -0.7407 0.1420 0.6567
vn -0.7397 0.1620 0.6532
vn 0.0595 -0.9957 -0.0716
vn 0.0615 -0.9954 -0.0732
vn -0.0583 -0.9962 0.0642
vn -0.0576 -0.9963 0.0633
vn -0.6561 0.0855 0.7498
vn -0.6559 0.0869 0.7498
vn -0.6570 -0.0291 0.7533
vn -0.6575 -0.0270 0.7529
vn -0.4675 -0.7025 0.5367
vn -0.4669 -0.7032 0.5363
vn -0.5640 -0.6312 0.5325
vn -0.5818 -0.5999 0.5492
vn -0.5976 -0.5697 0.5642
vn -0.5816 -0.6001 0.5491
vn -0.4366 0.3977 0.8069
vn -0.4612 0.4188 0.7823
vn 0.1231 0.9890 0.0820
vn 0.1527 0.9804 0.1248
vn 0.0314 -0.9983 -0.0489
vn -0.0259 -0.9988 0.0417
vn -0.4702 -0.6242 0.6240
vn -0.4799 -0.6247 0.6160
vn -0.4208 -0.6653 0.6167
vn -0.4193 -0.6684 0.6143
vn -0.4093 -0.6884 0.5988
vn -0.4109 -0.6853 0.6012
vn -0.3936 -0.6132 0.6849
vn -0.3846 -0.6358 0.6692
vn -0.4982 -0.0000 0.8670
vn -0.4702 -0.0000 0.8826
vn -0.3629 -0.6358 0.6812
vn -0.3670 -0.6253 0.6887
vn -0.3204 -0.6851 0.6542
vn -0.3201 -0.6858 0.6536
vn -0.3269 -0.6685 0.6680
vn -0.3273 -0.6678 0.6686
vn -0.2120 -0.6573 0.7232
vn -0.3096 -0.5686 0.7622
vn -0.0362 -0.9993 -0.0106
vn 0.0363 -0.9993 0.0102
vn -0.0001 -1.0000 0.0024
vn -0.0000 -1.0000 -0.0020
vn -0.2473 -0.6347 0.7321
vn -0.2455 -0.6347 0.7327
vn -0.0475 0.3224 0.9454
vn -0.0706 0.3419 0.9371
vn -0.0140 0.7934 0.6086
vn 0.0101 0.7863 0.6177
vn -0.2465 -0.6342 0.7328
vn -0.2463 -0.6352 0.7321
vn -0.3188 -0.0000 0.9478
vn -0.3876 -0.0000 0.9218
vn 0.0093 -0.9995 -0.0294
vn 0.0094 -0.9995 -0.0297
vn -0.0215 -0.9918 0.1258
vn -0.0215 -0.9918 0.1257
vn -0.0248 -0.9934 0.1121
vn -0.0248 -0.9934 0.1122
vn -0.1455 -0.6765 0.7219
vn -0.1456 -0.6757 0.7227
vn -0.1532 -0.6380 0.7547
vn -0.1534 -0.6367 0.7557
vn -0.1572 0.6130 0.7743
vn -0.1569 0.6143 0.7733
vn -0.1462 0.6651 0.7323
vn -0.1462 0.6653 0.7321
vn -0.1949 0.0330 0.9803
vn -0.1948 0.0324 0.9803
vn -0.0650 0.0296 0.9974
vn -0.0650 0.0305 0.9974
vn -0.0480 0.6635 0.7466
vn -0.0481 0.6632 0.7469
vn -0.0471 0.6162 0.7862
vn -0.0471 0.6143 0.7876
vn -0.0460 -0.6376 0.7690
vn -0.0460 -0.6395 0.7674
vn -0.0499 -0.6751 0.7360
vn -0.0499 -0.6744 0.7366
vn -0.0096 -0.9934 0.1147
vn -0.0059 -0.9918 0.1275
vn -0.0059 -0.9918 0.1274
vn 0.0043 -0.9996 -0.0277
vn 0.0043 -0.9996 -0.0278
vn -0.0043 -0.9996 -0.0278
vn -0.0043 -0.9996 -0.0277
vn 0.0059 -0.9918 0.1274
vn 0.0059 -0.9918 0.1275
vn 0.0096 -0.9934 0.1147
vn 0.0499 -0.6744 0.7367
vn 0.0499 -0.6751 0.7360
vn 0.0460 -0.6395 0.7674
vn 0.0460 -0.6376 0.7690
vn 0.0471 0.6143 0.7876
vn 0.0471 0.6162 0.7862
vn 0.0481 0.6632 0.7469
vn 0.0481 0.6635 0.7466
vn 0.0649 0.0305 0.9974
vn 0.0650 0.0296 0.9974
vn 0.1950 0.0324 0.9803
vn 0.1949 0.0330 0.9803
vn 0.1462 0.6653 0.7321
vn 0.1462 0.6651 0.7323
vn 0.1569 0.6143 0.7733
vn 0.1572 0.6130 0.7743
vn 0.1534 -0.6367 0.7557
vn 0.1532 -0.6380 0.7547
vn 0.1457 -0.6757 0.7226
vn 0.1455 -0.6765 0.7219
vn 0.0248 -0.9934 0.1122
vn 0.0248 -0.9934 0.1121
vn 0.0215 -0.9918 0.1257
vn 0.0215 -0.9918 0.1258
vn -0.0094 -0.9995 -0.0297
vn -0.0093 -0.9995 -0.0294
vn 0.3876 -0.0000 0.9218
vn 0.3188 -0.0000 0.9478
vn 0.2463 -0.6352 0.7321
vn 0.2465 -0.6342 0.7328
vn -0.0100 0.7863 0.6177
vn 0.0140 0.7934 0.6086
vn 0.0707 0.3419 0.9371
vn 0.0474 0.3224 0.9454
vn 0.2454 -0.6347 0.7328
vn 0.2472 -0.6347 0.7321
vn 0.0001 -1.0000 0.0024
vn -0.0364 -0.9993 0.0102
vn 0.0361 -0.9993 -0.0106
vn 0.3095 -0.5686 0.7622
vn 0.2119 -0.6573 0.7232
vn 0.3273 -0.6678 0.6685
vn 0.3269 -0.6685 0.6680
vn 0.3201 -0.6858 0.6536
vn 0.3204 -0.6851 0.6542
vn 0.3670 -0.6253 0.6887
vn 0.3629 -0.6358 0.6812
vn 0.4702 -0.0000 0.8826
vn 0.4982 -0.0000 0.8670
vn 0.3846 -0.6358 0.6692
vn 0.3936 -0.6132 0.6849
vn 0.4109 -0.6853 0.6012
vn 0.4093 -0.6884 0.5988
vn 0.4193 -0.6684 0.6143
vn 0.4208 -0.6653 0.6167
vn 0.4799 -0.6247 0.6160
vn 0.4702 -0.6242 0.6239
vn 0.0258 -0.9988 0.0417
vn -0.0314 -0.9983 -0.0489
vn -0.1527 0.9804 0.1248
vn -0.1231 0.9890 0.0820
vn 0.4611 0.4188 0.7823
vn 0.4367 0.3978 0.8069
vn 0.5816 -0.6001 0.5491
vn 0.5976 -0.5697 0.5642
vn 0.5818 -0.5999 0.5492
vn 0.5640 -0.6312 0.5325
vn 0.4669 -0.7032 0.5362
vn 0.4675 -0.7025 0.5366
vn 0.6575 -0.0270 0.7530
vn 0.6571 -0.0291 0.7532
vn 0.6558 0.0869 0.7499
vn 0.6562 0.0855 0.7497
vn 0.0576 -0.9963 0.0633
vn 0.0583 -0.9962 0.0642
vn -0.0614 -0.9954 -0.0732
vn -0.0595 -0.9957 -0.0716
vn 0.7397 0.1620 0.6532
vn 0.7406 0.1420 0.6567
vn 0.4745 0.7995 0.3683
vn 0.1527 0.8069 0.5707
vn 0.2868 0.8507 0.4406
vn 0.1879 0.9713 0.1458
vn 0.6634 0.4769 0.5765
vn 0.5818 0.6441 0.4967
vn 0.7668 0.0940 0.6350
vn 0.7329 0.2362 0.6381
vn 0.0931 -0.9936 0.0643
vn 0.8277 0.1484 0.5413
vn 0.8408 0.1869 0.5080
vn 0.7684 -0.5068 0.3909
vn 0.7524 -0.4696 0.4619
vn 0.6365 -0.5993 0.4856
vn 0.6191 -0.6273 0.4724
vn 0.7949 -0.0117 0.6066
vn 0.7949 -0.0114 0.6066
vn 0.7949 0.0111 0.6066
vn 0.7949 0.0116 0.6066
vn 0.6271 0.6145 0.4786
vn 0.6396 0.5939 0.4881
vn 0.6579 -0.5990 0.4565
vn 0.7921 -0.4314 0.4318
vn -0.8726 0.1111 -0.4756
vn -0.8674 -0.2073 -0.4524
vn 0.8870 -0.0000 0.4618
vn 0.9075 -0.0000 0.4200
vn 0.9696 -0.0000 0.2446
vn 0.9478 -0.0000 0.3188
vn 0.9353 -0.0000 0.3539
vn 0.9977 -0.0000 0.0683
vn 0.9987 -0.0000 0.0513
vn -0.9978 0.0102 0.0655
vn -0.9978 0.0108 0.0656
vn -0.7729 0.6324 0.0512
vn -0.7731 0.6322 0.0512
vn -0.7861 0.6158 0.0538
vn -0.7868 0.6148 0.0539
vn -0.7682 -0.6381 0.0526
vn -0.7674 -0.6390 0.0525
vn -0.7989 -0.5993 0.0499
vn -0.7998 -0.5982 0.0500
vn -0.1954 -0.9807 0.0096
vn -0.1955 -0.9807 0.0096
vn -0.1066 -0.9943 0.0098
vn -0.1065 -0.9943 0.0098
vn 0.0493 -0.9988 -0.0004
vn 0.0495 -0.9988 -0.0004
vn -0.0421 -0.9991 0.0009
vn -0.0427 -0.9991 0.0010
vn -0.1946 -0.9804 0.0312
vn -0.1948 -0.9804 0.0312
vn -0.1340 -0.9905 0.0317
vn -0.1339 -0.9905 0.0317
vn -0.7406 -0.6547 0.1513
vn -0.7392 -0.6564 0.1509
vn -0.7557 -0.6365 0.1543
vn -0.7543 -0.6382 0.1540
vn -0.7730 0.6145 0.1578
vn -0.7743 0.6128 0.1581
vn -0.7743 0.6136 0.1550
vn -0.7746 0.6132 0.1551
vn -0.9807 -0.0007 0.1955
vn -0.9807 0.0004 0.1953
vn -0.5881 0.7842 0.1978
vn -0.7321 -0.6352 0.2463
vn -0.7328 -0.6342 0.2465
vn -0.7166 -0.6519 0.2482
vn -0.7149 -0.6539 0.2477
vn -0.7204 -0.6471 0.2495
vn -0.7221 -0.6451 0.2500
vn -0.0720 -0.9612 -0.2663
vn -0.0336 -0.7412 -0.6704
vn 0.4464 -0.3615 0.8186
vn 0.8607 -0.0813 -0.5025
vn -0.0108 -0.9992 -0.0394
vn 0.0112 -0.9992 0.0392
vn -0.7660 -0.5646 0.3075
vn -0.7245 -0.6587 0.2029
vn -0.6639 -0.6713 0.3296
vn -0.6647 -0.6703 0.3300
vn -0.6484 -0.6897 0.3223
vn -0.6476 -0.6906 0.3219
vn -0.7012 -0.6347 0.3246
vn -0.7074 -0.6264 0.3274
vn -0.8214 -0.0000 0.5703
vn 0.0607 -0.9978 -0.0281
vn 0.0637 -0.9975 -0.0300
vn -0.3691 -0.8927 0.2583
vn -0.3721 -0.8909 0.2605
vn 0.2047 -0.9787 0.0148
vn 0.2722 -0.9527 -0.1354
vn -0.1607 -0.9688 0.1887
vn -0.1799 -0.9673 0.1787
vn -0.8634 -0.0587 0.5011
vn -0.8635 -0.0485 0.5020
vn -0.5294 0.7906 0.3078
vn -0.5986 0.7122 0.3667
vn -0.7737 0.4141 0.4795
vn -0.7687 0.4040 0.4959
vn -0.8274 0.1091 0.5509
vn -0.8606 0.0955 0.5003
vn -0.7791 0.1017 0.6186
vn -0.7518 0.1296 0.6465
vn -0.4617 -0.8170 0.3454
vn -0.4726 -0.8187 0.3261
vn -0.7702 -0.1941 0.6075
vn -0.7438 -0.2596 0.6159
vn -0.7663 -0.1018 0.6344
vn -0.7700 -0.1205 0.6265
vn -0.3339 -0.9051 0.2631
vn -0.3246 -0.9092 0.2608
vn -0.7175 -0.3264 0.6153
vn -0.7021 -0.4062 0.5848
vn -0.5045 -0.7052 -0.4982
vn -0.6543 -0.3022 0.6932
vn 0.9317 0.2831 0.2277
vn 0.7382 0.5745 -0.3534
vn 0.2916 -0.8041 -0.5180
vn 0.4270 -0.5690 -0.7028
vn -0.7904 -0.4845 0.3749
vn 0.1788 -0.0085 0.9838
vn 0.2186 0.0530 0.9744
vn -0.7356 0.4590 0.4983
vn -0.6583 0.1659 0.7342
vn -0.6858 0.1019 0.7206
vn -0.0351 -0.9984 0.0444
vn -0.0282 -0.9990 0.0357
vn -0.0289 -0.9990 0.0342
vn -0.0048 -0.9999 0.0090
vn -0.6405 0.1354 0.7559
vn -0.6732 0.1060 0.7318
vn -0.0214 0.9858 -0.1668
vn 0.1490 0.9731 -0.1758
vn -0.0085 -0.9990 -0.0448
vn -0.0120 -0.9991 -0.0398
vn -0.2960 -0.8724 0.3891
vn -0.2960 -0.8724 0.3889
vn 0.1890 0.8829 0.4298
vn -0.1328 0.8963 0.4232
vn -0.1643 0.9801 0.1117
vn -0.0411 0.9934 0.1070
vn -0.0821 -0.9914 0.1022
vn -0.0895 -0.9898 0.1110
vn -0.4619 -0.5861 0.6657
vn -0.3891 -0.7442 0.5429
vn -0.1549 -0.7926 0.5897
vn -0.1912 -0.9231 0.3337
vn -0.3506 -0.7106 0.6100
vn -0.1143 -0.5943 0.7961
vn -0.0312 -0.9973 0.0658
vn -0.0475 0.3225 0.9454
vn -0.1756 -0.0683 0.9821
vn -0.1775 -0.0707 0.9816
vn -0.1501 0.0438 0.9877
vn -0.1494 0.0429 0.9878
vn 0.1494 0.0429 0.9878
vn 0.1501 0.0438 0.9877
vn 0.1775 -0.0707 0.9816
vn 0.1756 -0.0683 0.9821
vn 0.0312 -0.9973 0.0658
vn 0.1143 -0.5943 0.7961
vn 0.3506 -0.7106 0.6100
vn 0.1917 -0.9231 0.3334
vn 0.1549 -0.7926 0.5897
vn 0.3891 -0.7442 0.5430
vn 0.4619 -0.5861 0.6657
vn 0.0895 -0.9898 0.1110
vn 0.0821 -0.9914 0.1022
vn 0.0411 0.9934 0.1070
vn 0.1643 0.9801 0.1117
vn 0.1328 0.8963 0.4232
vn -0.1890 0.8829 0.4298
vn 0.2960 -0.8724 0.3889
vn 0.2960 -0.8724 0.3891
vn 0.0120 -0.9991 -0.0398
vn 0.0085 -0.9990 -0.0448
vn -0.1490 0.9731 -0.1758
vn 0.0213 0.9858 -0.1668
vn 0.6733 0.1060 0.7318
vn 0.6405 0.1354 0.7559
vn 0.0048 -0.9999 0.0090
vn 0.0289 -0.9990 0.0342
vn 0.0281 -0.9990 0.0357
vn 0.0352 -0.9984 0.0444
vn 0.6858 0.1019 0.7206
vn 0.6583 0.1659 0.7342
vn 0.7356 0.4590 0.4983
vn -0.2186 0.0531 0.9744
vn -0.1789 -0.0000 0.9839
vn 0.7904 -0.4844 0.3749
vn -0.4270 -0.5690 -0.7028
vn -0.2916 -0.8041 -0.5180
vn -0.7382 0.5745 -0.3535
vn -0.9317 0.2831 0.2276
vn 0.6544 -0.3022 0.6932
vn 0.5045 -0.7052 -0.4982
vn 0.7022 -0.4062 0.5848
vn 0.7175 -0.3264 0.6154
vn 0.3246 -0.9092 0.2608
vn 0.3339 -0.9051 0.2631
vn 0.7700 -0.1205 0.6265
vn 0.7663 -0.1018 0.6344
vn 0.7438 -0.2596 0.6159
vn 0.7702 -0.1941 0.6075
vn 0.4726 -0.8187 0.3261
vn 0.4617 -0.8170 0.3454
vn 0.7519 0.1296 0.6465
vn 0.7792 0.1017 0.6185
vn 0.8605 0.0955 0.5004
vn 0.8274 0.1091 0.5509
vn 0.7687 0.4040 0.4959
vn 0.7739 0.4141 0.4791
vn 0.5986 0.7122 0.3667
vn 0.5294 0.7906 0.3078
vn 0.8635 -0.0485 0.5020
vn 0.8634 -0.0587 0.5011
vn 0.5734 -0.0100 0.8192
vn 0.6185 0.0619 0.7834
vn 0.4911 -0.4120 0.7675
vn 0.6439 -0.3659 0.6719
vn 0.3721 -0.8909 0.2605
vn 0.3691 -0.8927 0.2583
vn -0.0637 -0.9975 -0.0300
vn -0.0607 -0.9978 -0.0280
vn 0.8214 -0.0000 0.5703
vn 0.7074 -0.6264 0.3274
vn 0.7012 -0.6347 0.3246
vn 0.6476 -0.6906 0.3219
vn 0.6485 -0.6897 0.3222
vn 0.6647 -0.6703 0.3300
vn 0.6639 -0.6713 0.3296
vn 0.7245 -0.6587 0.2029
vn 0.7660 -0.5646 0.3075
vn -0.0112 -0.9992 0.0393
vn 0.0108 -0.9992 -0.0394
vn -0.8608 -0.0813 -0.5025
vn -0.4464 -0.3615 0.8185
vn 0.0334 -0.7413 -0.6703
vn 0.0721 -0.9612 -0.2663
vn 0.7220 -0.6451 0.2501
vn 0.7204 -0.6471 0.2494
vn 0.7149 -0.6539 0.2476
vn 0.7166 -0.6519 0.2481
vn 0.7328 -0.6342 0.2465
vn 0.7321 -0.6352 0.2463
vn 0.5881 0.7842 0.1978
vn 0.0427 -0.9991 0.0010
vn 0.0421 -0.9991 0.0009
vn 0.1948 -0.9804 0.0312
vn 0.1946 -0.9804 0.0312
vn 0.1339 -0.9905 0.0317
vn 0.1340 -0.9905 0.0317
vn 0.7392 -0.6564 0.1509
vn 0.7406 -0.6547 0.1512
vn 0.7543 -0.6382 0.1540
vn 0.7557 -0.6365 0.1543
vn 0.7743 0.6128 0.1581
vn 0.7730 0.6145 0.1578
vn 0.7746 0.6132 0.1551
vn 0.7743 0.6136 0.1550
vn 0.9807 0.0004 0.1954
vn 0.9807 -0.0007 0.1953
vn -0.0495 -0.9988 -0.0004
vn -0.0493 -0.9988 -0.0004
vn 0.1065 -0.9943 0.0098
vn 0.1066 -0.9943 0.0098
vn 0.1955 -0.9807 0.0096
vn 0.1954 -0.9807 0.0096
vn 0.7998 -0.5982 0.0500
vn 0.7989 -0.5993 0.0500
vn 0.7674 -0.6390 0.0525
vn 0.7682 -0.6381 0.0526
vn 0.7868 0.6148 0.0539
vn 0.7861 0.6158 0.0538
vn 0.7731 0.6322 0.0512
vn 0.7729 0.6324 0.0512
vn 0.9978 0.0108 0.0655
vn 0.9978 0.0102 0.0656
vn -0.9836 -0.1677 0.0663
vn -0.9830 -0.1715 0.0660
vn -0.7688 -0.6373 0.0524
vn -0.7691 -0.6369 0.0525
vn -0.9131 -0.4029 0.0626
vn -0.9131 -0.4028 0.0626
vn -0.8549 -0.5154 0.0588
vn -0.8547 -0.5158 0.0588
vn -0.8544 -0.5175 0.0463
vn -0.8552 -0.5162 0.0464
vn -0.6433 -0.7649 0.0321
vn -0.6438 -0.7645 0.0322
vn -0.3964 -0.9173 0.0377
vn -0.3958 -0.9176 0.0377
vn 0.1602 -0.9871 -0.0003
vn 0.1636 -0.9865 -0.0005
vn 0.0031 -0.9998 -0.0188
vn -0.0027 -0.9998 -0.0176
vn -0.5231 -0.8481 0.0837
vn -0.5241 -0.8475 0.0839
vn -0.3596 -0.9292 0.0852
vn -0.3589 -0.9295 0.0850
vn -0.6229 -0.7701 0.1373
vn -0.6215 -0.7714 0.1370
vn -0.9608 -0.1950 0.1970
vn -0.9607 -0.1957 0.1969
vn -0.8483 0.5012 0.1711
vn -0.8490 0.4999 0.1713
vn -0.8193 -0.5037 0.2741
vn -0.8194 -0.5032 0.2743
vn -0.5881 -0.7842 0.1978
vn -0.3725 -0.9194 0.1263
vn -0.3727 -0.9193 0.1263
vn -0.6122 -0.7582 0.2245
vn -0.6104 -0.7598 0.2239
vn -0.3581 -0.9233 0.1387
vn -0.3573 -0.9237 0.1384
vn -0.5191 -0.8436 0.1376
vn -0.5208 -0.8424 0.1382
vn 0.0063 -0.9993 -0.0362
vn -0.0045 -0.9995 -0.0328
vn 0.5196 -0.8300 -0.2028
vn 0.3541 -0.8762 -0.3268
vn -0.8105 -0.5856 -0.0130
vn -0.7113 -0.6710 0.2093
vn -0.8475 0.4736 0.2398
vn -0.8013 0.5064 0.3186
vn -0.3550 0.9278 0.1150
vn -0.4351 0.8965 0.0836
vn -0.4825 -0.8675 0.1209
vn -0.3670 -0.9258 0.0912
vn -0.7002 -0.6928 0.1724
vn -0.7465 -0.6492 0.1459
vn -0.8013 -0.4344 0.4113
vn -0.8382 -0.3989 0.3719
vn -0.8363 -0.3706 0.4041
vn -0.8477 -0.3102 0.4302
vn -0.5818 -0.6488 0.4905
vn -0.5076 -0.7027 0.4985
vn -0.8195 -0.0025 0.5730
vn -0.7525 -0.0994 0.6510
vn -0.3163 -0.9250 0.2106
vn -0.3223 -0.9225 0.2122
vn -0.6479 -0.6283 0.4307
vn -0.6638 -0.5970 0.4506
vn -0.6533 -0.6413 0.4023
vn -0.6910 -0.6338 0.3476
vn -0.8478 -0.3032 0.4351
vn -0.7998 -0.3468 0.4899
vn -0.0667 0.9928 0.0996
vn -0.5473 0.8334 -0.0774
vn -0.0620 0.9962 -0.0614
vn 0.0812 0.9966 -0.0158
vn 0.5157 0.8567 -0.0057
vn 0.4104 0.8721 0.2664
vn -0.3075 0.8991 0.3115
vn -0.3569 0.9187 0.1690
vn -0.2920 -0.9104 0.2931
vn -0.2884 -0.9130 0.2885
vn -0.1837 -0.9624 0.1999
vn -0.1856 -0.9621 0.1999
vn -0.6911 0.0750 0.7189
vn -0.6997 0.0773 0.7103
vn -0.6864 -0.0598 0.7247
vn -0.6961 -0.0729 0.7143
vn -0.2394 -0.9549 0.1757
vn -0.2397 -0.9535 0.1828
vn 0.0642 -0.9901 -0.1249
vn 0.0896 -0.9899 -0.1095
vn 0.5927 -0.2995 -0.7477
vn 0.6049 -0.2579 -0.7534
vn -0.5530 -0.7278 0.4055
vn -0.5638 -0.7292 0.3878
vn -0.5764 0.7209 0.3847
vn -0.5905 0.7160 0.3722
vn -0.6362 0.3776 0.6728
vn -0.6316 0.3699 0.6814
vn -0.6993 -0.2790 0.6581
vn -0.7001 -0.2601 0.6650
vn -0.6327 -0.4701 0.6153
vn -0.6341 -0.5014 0.5887
vn -0.3903 -0.8035 0.4495
vn -0.3907 -0.8030 0.4501
vn -0.6581 -0.0443 0.7516
vn -0.6580 -0.0472 0.7516
vn 0.0975 -0.9827 -0.1571
vn 0.0762 -0.9866 -0.1444
vn -0.0563 -0.9958 0.0720
vn -0.0566 -0.9957 0.0728
vn -0.0987 -0.9866 0.1299
vn -0.0987 -0.9866 0.1297
vn -0.3650 -0.7687 0.5252
vn -0.3606 -0.7715 0.5242
vn -0.4342 -0.4854 0.7589
vn -0.4253 -0.5083 0.7488
vn -0.4982 0.0414 0.8661
vn -0.4980 0.0402 0.8663
vn -0.1139 0.9781 0.1744
vn -0.1467 0.9763 0.1590
vn -0.1467 0.9873 0.0615
vn 0.0914 0.9958 -0.0059
vn -0.4705 0.0607 0.8803
vn -0.4669 0.0608 0.8822
vn -0.4696 0.0048 0.8829
vn -0.4704 0.0049 0.8824
vn -0.4702 -0.0050 0.8826
vn -0.4702 -0.0051 0.8826
vn -0.3668 -0.6254 0.6887
vn -0.3717 -0.6135 0.6967
vn -0.3222 -0.6812 0.6574
vn -0.3219 -0.6819 0.6568
vn -0.3315 -0.6579 0.6762
vn -0.3350 -0.6571 0.6753
vn 0.1579 -0.9261 -0.3428
vn -0.5468 -0.2525 0.7983
vn 0.8929 -0.4501 -0.0145
vn 0.3603 0.5244 -0.7715
vn -0.1127 0.9592 -0.2594
vn -0.0745 -0.9517 -0.2980
vn -0.5025 -0.6087 0.6139
vn 0.3687 -0.3414 0.8646
vn -0.3522 0.4236 0.8346
vn -0.5644 0.3464 0.7493
vn -0.3786 0.8071 0.4530
vn -0.2115 0.8478 0.4862
vn -0.2436 -0.6450 0.7243
vn -0.2434 -0.6459 0.7235
vn -0.3184 -0.0496 0.9466
vn -0.4006 0.0470 0.9150
vn -0.3828 0.0445 0.9227
vn -0.3818 0.1000 0.9188
vn -0.3956 0.1088 0.9120
vn 0.0080 -0.9997 -0.0228
vn 0.0081 -0.9997 -0.0230
vn -0.0212 -0.9920 0.1243
vn -0.0212 -0.9920 0.1242
vn -0.0252 -0.9932 0.1139
vn -0.1465 -0.6712 0.7266
vn -0.1466 -0.6706 0.7272
vn -0.1525 -0.6418 0.7516
vn -0.1528 -0.6404 0.7527
vn -0.1565 0.6178 0.7706
vn -0.1562 0.6191 0.7696
vn -0.1023 -0.8137 0.5722
vn -0.2181 -0.8020 0.5560
vn -0.3860 -0.6566 0.6480
vn -0.1015 -0.6948 0.7120
vn -0.2810 -0.6620 0.6949
vn 0.0734 -0.6842 0.7256
vn 0.0115 -0.8069 0.5906
vn -0.1327 -0.8008 0.5840
vn -0.0471 0.6168 0.7857
vn -0.0471 0.6149 0.7872
vn -0.0460 -0.6380 0.7686
vn -0.0459 -0.6400 0.7670
vn -0.1578 0.8281 0.5380
vn 0.0521 0.8353 0.5473
vn -0.0814 -0.0171 0.9965
vn -0.0773 -0.0169 0.9969
vn -0.0058 -0.9918 0.1273
vn 0.0042 -0.9996 -0.0268
vn 0.0043 -0.9996 -0.0271
vn -0.0043 -0.9996 -0.0271
vn -0.0042 -0.9996 -0.0268
vn 0.0058 -0.9918 0.1273
vn 0.0773 -0.0169 0.9969
vn 0.0814 -0.0171 0.9965
vn -0.0522 0.8353 0.5473
vn 0.1578 0.8281 0.5380
vn 0.0459 -0.6400 0.7670
vn 0.0460 -0.6380 0.7686
vn 0.0471 0.6149 0.7872
vn 0.0471 0.6168 0.7857
vn 0.1328 -0.8008 0.5840
vn -0.0114 -0.8069 0.5906
vn -0.0735 -0.6842 0.7256
vn 0.2809 -0.6620 0.6949
vn 0.1089 -0.6952 0.7105
vn 0.3860 -0.6566 0.6480
vn 0.2181 -0.8020 0.5560
vn 0.1023 -0.8137 0.5722
vn 0.1562 0.6191 0.7696
vn 0.1565 0.6178 0.7706
vn 0.1528 -0.6404 0.7527
vn 0.1525 -0.6418 0.7516
vn 0.1466 -0.6706 0.7272
vn 0.1465 -0.6712 0.7266
vn 0.0252 -0.9932 0.1139
vn 0.0212 -0.9920 0.1242
vn 0.0212 -0.9920 0.1243
vn -0.0080 -0.9997 -0.0230
vn -0.0080 -0.9997 -0.0228
vn 0.3956 0.1088 0.9120
vn 0.3818 0.1000 0.9188
vn 0.3828 0.0445 0.9227
vn 0.4006 0.0470 0.9150
vn 0.3184 -0.0496 0.9466
vn 0.2434 -0.6459 0.7235
vn 0.2436 -0.6450 0.7243
vn 0.2115 0.8479 0.4862
vn 0.3788 0.8071 0.4529
vn 0.5644 0.3464 0.7493
vn 0.3522 0.4236 0.8346
vn -0.3687 -0.3414 0.8646
vn 0.5026 -0.6087 0.6139
vn 0.0745 -0.9517 -0.2979
vn 0.1129 0.9591 -0.2595
vn -0.3603 0.5244 -0.7715
vn -0.8929 -0.4501 -0.0145
vn 0.5467 -0.2525 0.7984
vn -0.1579 -0.9261 -0.3428
vn 0.3318 -0.6571 0.6768
vn 0.3316 -0.6579 0.6762
vn 0.3219 -0.6819 0.6568
vn 0.3222 -0.6812 0.6574
vn 0.3717 -0.6135 0.6967
vn 0.3668 -0.6254 0.6887
vn 0.4702 -0.0051 0.8826
vn 0.4702 -0.0050 0.8826
vn 0.4704 0.0049 0.8824
vn 0.4696 0.0049 0.8829
vn 0.4669 0.0608 0.8822
vn 0.4705 0.0607 0.8803
vn -0.0914 0.9958 -0.0059
vn 0.1467 0.9873 0.0615
vn 0.1467 0.9763 0.1590
vn 0.1139 0.9781 0.1744
vn 0.4980 0.0402 0.8663
vn 0.4982 0.0414 0.8661
vn 0.4253 -0.5083 0.7488
vn 0.4341 -0.4854 0.7589
vn 0.3606 -0.7715 0.5242
vn 0.3650 -0.7687 0.5252
vn 0.0987 -0.9866 0.1297
vn 0.0987 -0.9866 0.1299
vn 0.0566 -0.9957 0.0728
vn 0.0563 -0.9958 0.0720
vn -0.0762 -0.9866 -0.1444
vn -0.0976 -0.9827 -0.1571
vn 0.6580 -0.0472 0.7516
vn 0.6581 -0.0443 0.7516
vn 0.3907 -0.8030 0.4501
vn 0.3902 -0.8035 0.4496
vn 0.6341 -0.5014 0.5887
vn 0.6327 -0.4701 0.6153
vn 0.7001 -0.2601 0.6650
vn 0.6993 -0.2790 0.6581
vn 0.6317 0.3699 0.6813
vn 0.6362 0.3776 0.6728
vn 0.5906 0.7160 0.3722
vn 0.5763 0.7209 0.3848
vn 0.5638 -0.7292 0.3877
vn 0.5531 -0.7278 0.4055
vn -0.6049 -0.2579 -0.7534
vn -0.5927 -0.2995 -0.7477
vn -0.0896 -0.9899 -0.1095
vn -0.0641 -0.9901 -0.1249
vn 0.2397 -0.9535 0.1828
vn 0.2394 -0.9549 0.1757
vn 0.6961 -0.0729 0.7143
vn 0.6864 -0.0598 0.7247
vn 0.6997 0.0773 0.7103
vn 0.6911 0.0750 0.7189
vn 0.1856 -0.9621 0.1999
vn 0.1837 -0.9624 0.1999
vn 0.2884 -0.9130 0.2885
vn 0.2920 -0.9104 0.2931
vn 0.3569 0.9187 0.1690
vn 0.3075 0.8991 0.3115
vn -0.4104 0.8721 0.2663
vn -0.5157 0.8567 -0.0057
vn -0.0812 0.9966 -0.0158
vn 0.0620 0.9962 -0.0614
vn 0.5472 0.8334 -0.0774
vn 0.0667 0.9928 0.0996
vn 0.7998 -0.3468 0.4899
vn 0.8478 -0.3032 0.4351
vn 0.6910 -0.6338 0.3476
vn 0.6533 -0.6413 0.4023
vn 0.6638 -0.5970 0.4505
vn 0.6479 -0.6283 0.4307
vn 0.3223 -0.9225 0.2122
vn 0.3163 -0.9250 0.2106
vn 0.7525 -0.0994 0.6510
vn 0.8195 -0.0025 0.5730
vn 0.5076 -0.7027 0.4985
vn 0.5817 -0.6488 0.4906
vn 0.8478 -0.3102 0.4302
vn 0.8362 -0.3706 0.4042
vn 0.8382 -0.3989 0.3719
vn 0.8013 -0.4344 0.4112
vn 0.7465 -0.6492 0.1460
vn 0.7002 -0.6928 0.1725
vn 0.3670 -0.9258 0.0912
vn 0.4825 -0.8675 0.1209
vn 0.4350 0.8965 0.0838
vn 0.3550 0.9278 0.1150
vn 0.8013 0.5064 0.3186
vn 0.8475 0.4736 0.2398
vn 0.7113 -0.6710 0.2093
vn 0.8105 -0.5856 -0.0129
vn -0.3541 -0.8762 -0.3268
vn -0.5196 -0.8300 -0.2028
vn 0.0045 -0.9995 -0.0328
vn -0.0063 -0.9993 -0.0362
vn 0.5208 -0.8424 0.1382
vn 0.5191 -0.8436 0.1376
vn 0.3573 -0.9237 0.1384
vn 0.3581 -0.9233 0.1387
vn 0.6104 -0.7598 0.2239
vn 0.6122 -0.7582 0.2245
vn 0.3727 -0.9193 0.1263
vn 0.3725 -0.9194 0.1263
vn 0.5881 -0.7842 0.1978
vn 0.8194 -0.5032 0.2743
vn 0.8193 -0.5037 0.2741
vn 0.0028 -0.9998 -0.0177
vn -0.0032 -0.9998 -0.0188
vn 0.5241 -0.8475 0.0839
vn 0.5231 -0.8481 0.0837
vn 0.3589 -0.9295 0.0850
vn 0.3596 -0.9292 0.0852
vn 0.6215 -0.7714 0.1370
vn 0.6229 -0.7701 0.1373
vn 0.9607 -0.1957 0.1969
vn 0.9608 -0.1950 0.1970
vn 0.8490 0.4999 0.1712
vn 0.8483 0.5012 0.1710
vn -0.1636 -0.9865 -0.0006
vn -0.1602 -0.9871 -0.0003
vn 0.3958 -0.9176 0.0377
vn 0.3964 -0.9173 0.0377
vn 0.6438 -0.7645 0.0322
vn 0.6433 -0.7649 0.0321
vn 0.8557 -0.5153 0.0464
vn 0.8550 -0.5166 0.0464
vn 0.8541 -0.5167 0.0587
vn 0.8544 -0.5164 0.0587
vn 0.9467 -0.3156 0.0648
vn 0.9848 0.1603 0.0669
vn 0.9847 0.1611 0.0669
vn -0.8214 -0.0000 -0.5703
vn -0.7074 -0.6264 -0.3274
vn -0.7012 -0.6347 -0.3246
vn -0.6799 -0.6503 -0.3388
vn -0.6809 -0.6490 -0.3393
vn -0.6860 -0.6423 -0.3418
vn -0.6850 -0.6436 -0.3413
vn -0.7245 -0.6587 -0.2029
vn -0.7660 -0.5646 -0.3075
vn 0.0112 -0.9992 -0.0393
vn -0.0108 -0.9992 0.0394
vn 0.8608 -0.0813 0.5025
vn 0.4464 -0.3615 -0.8185
vn -0.0334 -0.7413 0.6703
vn -0.0721 -0.9612 0.2663
vn -0.7220 -0.6451 -0.2501
vn -0.7204 -0.6471 -0.2494
vn -0.7149 -0.6539 -0.2476
vn -0.7166 -0.6519 -0.2481
vn -0.7328 -0.6342 -0.2465
vn -0.7321 -0.6352 -0.2463
vn -0.5881 0.7842 -0.1978
vn -0.9807 0.0004 -0.1954
vn -0.9807 -0.0007 -0.1953
vn -0.7746 0.6132 -0.1551
vn -0.7743 0.6136 -0.1550
vn -0.7743 0.6128 -0.1581
vn -0.7730 0.6145 -0.1578
vn -0.7543 -0.6382 -0.1540
vn -0.7557 -0.6365 -0.1543
vn -0.7392 -0.6564 -0.1509
vn -0.7406 -0.6547 -0.1512
vn -0.1339 -0.9905 -0.0317
vn -0.1340 -0.9905 -0.0317
vn -0.1948 -0.9804 -0.0312
vn -0.1946 -0.9804 -0.0312
vn -0.0427 -0.9991 -0.0010
vn -0.0421 -0.9991 -0.0009
vn 0.0495 -0.9988 0.0004
vn 0.0493 -0.9988 0.0004
vn -0.1065 -0.9943 -0.0098
vn -0.1066 -0.9943 -0.0098
vn -0.1955 -0.9807 -0.0096
vn -0.1954 -0.9807 -0.0096
vn -0.7998 -0.5982 -0.0500
vn -0.7989 -0.5993 -0.0500
vn -0.7674 -0.6390 -0.0525
vn -0.7682 -0.6381 -0.0526
vn -0.7868 0.6148 -0.0539
vn -0.7861 0.6158 -0.0538
vn -0.7731 0.6322 -0.0512
vn -0.7729 0.6324 -0.0512
vn -0.9978 0.0108 -0.0655
vn -0.9978 0.0102 -0.0656
vn -0.2524 0.9676 -0.0000
vn -0.1713 -0.9852 -0.0000
vn -0.0866 -0.9962 -0.0000
vn 0.0866 -0.9962 -0.0000
vn 0.1713 -0.9852 -0.0000
vn 0.2524 0.9676 -0.0000
vn -0.6954 -0.1979 -0.6908
vn -0.6674 -0.1508 -0.7293
vn -0.6979 0.2282 -0.6789
vn -0.6716 0.2051 -0.7119
vn -0.0422 -0.9971 -0.0633
vn -0.0336 -0.9977 -0.0596
vn -0.2006 -0.9581 -0.2043
vn -0.2020 -0.9575 -0.2059
vn -0.6966 -0.0258 -0.7170
vn -0.6940 -0.0222 -0.7197
vn -0.4129 0.8260 -0.3838
vn -0.3825 0.7944 -0.4719
vn -0.7100 0.4284 -0.5590
vn -0.5139 0.3910 -0.7635
vn 0.2494 0.8274 -0.5032
vn -0.7215 0.4195 -0.5509
vn 0.0812 0.9966 0.0158
vn -0.0620 0.9962 0.0614
vn -0.5472 0.8334 0.0774
vn -0.0667 0.9928 -0.0996
vn -0.7998 -0.3468 -0.4899
vn -0.8478 -0.3032 -0.4351
vn -0.6910 -0.6338 -0.3476
vn -0.6533 -0.6413 -0.4023
vn -0.6638 -0.5970 -0.4505
vn -0.6479 -0.6283 -0.4307
vn -0.3223 -0.9225 -0.2122
vn -0.3163 -0.9250 -0.2106
vn -0.0443 -0.9975 -0.0555
vn -0.0416 -0.9979 -0.0502
vn 0.4696 -0.8176 0.3331
vn 0.5024 -0.8053 0.3148
vn -0.8591 -0.2622 -0.4396
vn -0.8531 -0.3016 -0.4257
vn -0.8403 -0.3617 -0.4039
vn -0.8153 -0.3950 -0.4233
vn -0.8880 -0.1116 -0.4462
vn -0.8514 -0.0850 -0.5175
vn -0.8851 0.0524 -0.4625
vn -0.8987 0.0128 -0.4383
vn -0.4350 0.8965 -0.0838
vn -0.3550 0.9278 -0.1150
vn -0.8013 0.5064 -0.3186
vn -0.8475 0.4736 -0.2398
vn -0.7113 -0.6710 -0.2093
vn -0.8105 -0.5856 0.0129
vn 0.3541 -0.8762 0.3268
vn 0.5196 -0.8300 0.2028
vn -0.0045 -0.9995 0.0328
vn 0.0063 -0.9993 0.0362
vn -0.5208 -0.8424 -0.1382
vn -0.5191 -0.8436 -0.1376
vn -0.3573 -0.9237 -0.1384
vn -0.3581 -0.9233 -0.1387
vn -0.6104 -0.7598 -0.2239
vn -0.6122 -0.7582 -0.2245
vn -0.3727 -0.9193 -0.1263
vn -0.3725 -0.9194 -0.1263
vn -0.5881 -0.7842 -0.1978
vn -0.8194 -0.5032 -0.2743
vn -0.8193 -0.5037 -0.2741
vn -0.8490 0.4999 -0.1712
vn -0.8483 0.5012 -0.1710
vn -0.9607 -0.1957 -0.1969
vn -0.9608 -0.1950 -0.1970
vn -0.6215 -0.7714 -0.1370
vn -0.6229 -0.7701 -0.1373
vn -0.3589 -0.9295 -0.0850
vn -0.3596 -0.9292 -0.0852
vn -0.5241 -0.8475 -0.0839
vn -0.5231 -0.8481 -0.0837
vn -0.0028 -0.9998 0.0177
vn 0.0032 -0.9998 0.0188
vn -0.0018 -1.0000 0.0062
vn 0.0011 -1.0000 0.0068
vn -0.6048 -0.7957 -0.0318
vn -0.6046 -0.7959 -0.0317
vn -0.7966 -0.6032 -0.0405
vn -0.7987 -0.6004 -0.0405
vn -0.8903 -0.4530 -0.0467
vn -0.8870 -0.4594 -0.0462
vn -0.7677 -0.6386 -0.0527
vn -0.8551 -0.5151 -0.0585
vn -0.8551 -0.5151 -0.0584
vn -0.6731 -0.7381 -0.0462
vn -0.6715 -0.7395 -0.0461
vn -0.9606 -0.2702 -0.0646
vn -0.9685 -0.2406 -0.0647
vn -0.7220 -0.6919 -0.0000
vn -0.8120 -0.5836 -0.0000
vn -0.3285 -0.9445 -0.0000
vn -0.6800 -0.7332 -0.0000
vn 0.3285 -0.9445 -0.0000
vn 0.5711 -0.8209 -0.0000
vn 0.9018 -0.4321 -0.0000
vn -0.3244 -0.8668 -0.3787
vn -0.3223 -0.8669 -0.3803
vn -0.5905 -0.1639 -0.7902
vn -0.6310 -0.2174 -0.7447
vn -0.6390 -0.1514 -0.7541
vn -0.6173 -0.1594 -0.7704
vn -0.2092 -0.9470 -0.2437
vn -0.2136 -0.9451 -0.2472
vn -0.6556 -0.0951 -0.7491
vn -0.6424 -0.1126 -0.7581
vn -0.6472 0.1298 -0.7512
vn -0.6575 0.0404 -0.7524
vn -0.1170 -0.9847 -0.1291
vn -0.0640 -0.9950 -0.0764
vn -0.0000 -0.9996 -0.0269
vn -0.0000 0.9910 -0.1336
vn -0.1930 0.9812 -0.0000
vn 0.0491 -0.9988 -0.0000
vn -0.0000 -0.9996 0.0276
vn -0.0000 0.9906 0.1369
vn 0.1632 -0.9866 -0.0000
vn 0.7496 -0.6619 -0.0000
vn 0.2409 0.9706 -0.0000
vn 0.9946 0.0854 0.0596
vn 0.9946 0.0852 0.0596
vn 0.9933 -0.0868 0.0766
vn 0.9930 -0.0899 0.0765
vn 0.2446 0.9694 0.0189
vn 0.1840 0.9829 0.0105
vn -0.0219 0.9998 -0.0033
vn 0.0219 0.9998 0.0033
vn -0.0388 0.9992 -0.0097
vn 0.0388 0.9992 0.0097
vn 0.0097 0.9999 0.0051
vn -0.0097 0.9999 -0.0051
vn 0.8410 -0.1869 0.5077
vn 0.8277 -0.1484 0.5412
vn 0.7524 0.4696 0.4619
vn 0.7684 0.5068 0.3909
vn 0.6191 0.6273 0.4724
vn 0.6365 0.5993 0.4856
vn 0.7949 0.0114 0.6066
vn 0.7949 0.0117 0.6066
vn 0.7949 -0.0116 0.6066
vn 0.7949 -0.0111 0.6066
vn 0.6396 -0.5939 0.4881
vn 0.6271 -0.6145 0.4786
vn 0.7921 0.4314 0.4318
vn 0.6579 0.5990 0.4565
vn -0.8674 0.2073 -0.4524
vn -0.8726 -0.1111 -0.4756
vn -0.0595 0.9957 -0.0716
vn -0.0615 0.9954 -0.0732
vn 0.7407 -0.1420 0.6567
vn 0.7397 -0.1620 0.6532
vn 0.1527 -0.8068 0.5707
vn 0.4745 -0.7995 0.3683
vn 0.1879 -0.9713 0.1458
vn 0.2868 -0.8507 0.4406
vn 0.5817 -0.6441 0.4967
vn 0.6635 -0.4769 0.5765
vn 0.7328 -0.2362 0.6381
vn 0.7669 -0.0940 0.6349
vn 0.0931 0.9936 0.0643
vn 0.0583 0.9962 0.0642
vn 0.0576 0.9963 0.0633
vn 0.6561 -0.0855 0.7498
vn 0.6559 -0.0869 0.7498
vn 0.6570 0.0291 0.7533
vn 0.6575 0.0270 0.7529
vn 0.4675 0.7025 0.5367
vn 0.4669 0.7032 0.5363
vn 0.5640 0.6312 0.5325
vn 0.5818 0.5999 0.5492
vn 0.5976 0.5697 0.5642
vn 0.5816 0.6001 0.5491
vn 0.4366 -0.3977 0.8069
vn 0.4612 -0.4188 0.7823
vn -0.1231 -0.9890 0.0820
vn -0.1527 -0.9804 0.1248
vn 0.3936 0.6132 0.6849
vn 0.3846 0.6358 0.6692
vn 0.4093 0.6884 0.5988
vn 0.4109 0.6853 0.6012
vn 0.4208 0.6653 0.6167
vn 0.4193 0.6684 0.6143
vn 0.4702 0.6242 0.6240
vn 0.4799 0.6247 0.6160
vn -0.0314 0.9983 -0.0489
vn 0.0259 0.9988 0.0417
vn 0.0362 0.9993 -0.0106
vn -0.0363 0.9993 0.0102
vn 0.2120 0.6573 0.7232
vn 0.3096 0.5686 0.7622
vn 0.3269 0.6685 0.6680
vn 0.3273 0.6678 0.6686
vn 0.3204 0.6851 0.6542
vn 0.3201 0.6858 0.6536
vn 0.3629 0.6358 0.6812
vn 0.3670 0.6253 0.6887
vn 0.0001 1.0000 0.0024
vn -0.0000 1.0000 -0.0020
vn 0.2473 0.6347 0.7321
vn 0.2455 0.6347 0.7327
vn 0.0475 -0.3224 0.9454
vn 0.0706 -0.3419 0.9371
vn 0.0140 -0.7934 0.6086
vn -0.0101 -0.7863 0.6177
vn 0.2465 0.6342 0.7328
vn 0.2463 0.6352 0.7321
vn 0.1949 -0.0330 0.9803
vn 0.1948 -0.0324 0.9803
vn 0.1462 -0.6651 0.7323
vn 0.1462 -0.6653 0.7321
vn 0.1572 -0.6130 0.7743
vn 0.1569 -0.6143 0.7733
vn 0.1532 0.6380 0.7547
vn 0.1534 0.6367 0.7557
vn 0.1455 0.6765 0.7219
vn 0.1456 0.6757 0.7227
vn 0.0248 0.9934 0.1121
vn 0.0248 0.9934 0.1122
vn 0.0215 0.9918 0.1258
vn 0.0215 0.9918 0.1257
vn -0.0093 0.9995 -0.0294
vn -0.0094 0.9995 -0.0297
vn -0.0043 0.9996 -0.0277
vn -0.0043 0.9996 -0.0278
vn 0.0059 0.9918 0.1275
vn 0.0059 0.9918 0.1274
vn 0.0096 0.9934 0.1147
vn 0.0499 0.6751 0.7360
vn 0.0499 0.6744 0.7366
vn 0.0460 0.6376 0.7690
vn 0.0460 0.6395 0.7674
vn 0.0471 -0.6162 0.7862
vn 0.0471 -0.6143 0.7876
vn 0.0480 -0.6635 0.7466
vn 0.0481 -0.6632 0.7469
vn 0.0650 -0.0296 0.9974
vn 0.0650 -0.0305 0.9974
vn -0.0649 -0.0305 0.9974
vn -0.0650 -0.0296 0.9974
vn -0.0481 -0.6632 0.7469
vn -0.0481 -0.6635 0.7466
vn -0.0471 -0.6143 0.7876
vn -0.0471 -0.6162 0.7862
vn -0.0460 0.6395 0.7674
vn -0.0460 0.6376 0.7690
vn -0.0499 0.6744 0.7367
vn -0.0499 0.6751 0.7360
vn -0.0096 0.9934 0.1147
vn -0.0059 0.9918 0.1274
vn -0.0059 0.9918 0.1275
vn 0.0043 0.9996 -0.0278
vn 0.0043 0.9996 -0.0277
vn 0.0094 0.9995 -0.0297
vn 0.0093 0.9995 -0.0294
vn -0.0215 0.9918 0.1257
vn -0.0215 0.9918 0.1258
vn -0.0248 0.9934 0.1122
vn -0.0248 0.9934 0.1121
vn -0.1457 0.6757 0.7226
vn -0.1455 0.6765 0.7219
vn -0.1534 0.6367 0.7557
vn -0.1532 0.6380 0.7547
vn -0.1569 -0.6143 0.7733
vn -0.1572 -0.6130 0.7743
vn -0.1462 -0.6653 0.7321
vn -0.1462 -0.6651 0.7323
vn -0.1950 -0.0324 0.9803
vn -0.1949 -0.0330 0.9803
vn -0.2463 0.6352 0.7321
vn -0.2465 0.6342 0.7328
vn 0.0100 -0.7863 0.6177
vn -0.0140 -0.7934 0.6086
vn -0.0707 -0.3419 0.9371
vn -0.0474 -0.3224 0.9454
vn -0.2454 0.6347 0.7328
vn -0.2472 0.6347 0.7321
vn -0.0001 1.0000 0.0024
vn -0.3670 0.6253 0.6887
vn -0.3629 0.6358 0.6812
vn -0.3201 0.6858 0.6536
vn -0.3204 0.6851 0.6542
vn -0.3273 0.6678 0.6685
vn -0.3269 0.6685 0.6680
vn -0.3095 0.5686 0.7622
vn -0.2119 0.6573 0.7232
vn 0.0364 0.9993 0.0102
vn -0.0361 0.9993 -0.0106
vn -0.0258 0.9988 0.0417
vn 0.0314 0.9983 -0.0489
vn -0.4799 0.6247 0.6160
vn -0.4702 0.6242 0.6239
vn -0.4193 0.6684 0.6143
vn -0.4208 0.6653 0.6167
vn -0.4109 0.6853 0.6012
vn -0.4093 0.6884 0.5988
vn -0.3846 0.6358 0.6692
vn -0.3936 0.6132 0.6849
vn 0.1527 -0.9804 0.1248
vn 0.1231 -0.9890 0.0820
vn -0.4611 -0.4188 0.7823
vn -0.4367 -0.3978 0.8069
vn -0.5816 0.6001 0.5491
vn -0.5976 0.5697 0.5642
vn -0.5818 0.5999 0.5492
vn -0.5640 0.6312 0.5325
vn -0.4669 0.7032 0.5362
vn -0.4675 0.7025 0.5366
vn -0.6575 0.0270 0.7530
vn -0.6571 0.0291 0.7532
vn -0.6558 -0.0869 0.7499
vn -0.6562 -0.0855 0.7497
vn -0.0576 0.9963 0.0633
vn -0.0583 0.9962 0.0642
vn -0.0931 0.9936 0.0643
vn -0.7668 -0.0940 0.6350
vn -0.7329 -0.2362 0.6381
vn -0.6634 -0.4769 0.5765
vn -0.5818 -0.6441 0.4967
vn -0.2868 -0.8507 0.4406
vn -0.1879 -0.9713 0.1458
vn -0.4745 -0.7995 0.3683
vn -0.1527 -0.8069 0.5707
vn -0.7397 -0.1620 0.6532
vn -0.7406 -0.1420 0.6567
vn 0.0614 0.9954 -0.0732
vn 0.0595 0.9957 -0.0716
vn 0.8726 -0.1111 -0.4756
vn 0.8674 0.2073 -0.4524
vn -0.6579 0.5990 0.4565
vn -0.7922 0.4314 0.4318
vn -0.6271 -0.6145 0.4786
vn -0.6396 -0.5939 0.4881
vn -0.7949 -0.0111 0.6066
vn -0.7949 -0.0116 0.6066
vn -0.7949 0.0117 0.6066
vn -0.7949 0.0114 0.6066
vn -0.6365 0.5993 0.4856
vn -0.6191 0.6273 0.4724
vn -0.7684 0.5068 0.3909
vn -0.7524 0.4696 0.4619
vn -0.8277 -0.1484 0.5413
vn -0.8408 -0.1869 0.5080
vn 0.0097 0.9999 -0.0051
vn -0.0097 0.9999 0.0051
vn -0.0388 0.9992 0.0097
vn 0.0388 0.9992 -0.0097
vn -0.0219 0.9998 0.0033
vn 0.0219 0.9998 -0.0033
vn 0.0057 1.0000 -0.0005
vn -0.0057 1.0000 0.0005
vn 0.9978 -0.0102 0.0655
vn 0.9978 -0.0108 0.0656
vn 0.7729 -0.6324 0.0512
vn 0.7731 -0.6322 0.0512
vn 0.7861 -0.6158 0.0538
vn 0.7868 -0.6148 0.0539
vn 0.7682 0.6381 0.0526
vn 0.7674 0.6390 0.0525
vn 0.7989 0.5993 0.0499
vn 0.7998 0.5982 0.0500
vn 0.1954 0.9807 0.0096
vn 0.1955 0.9807 0.0096
vn 0.1066 0.9943 0.0098
vn 0.1065 0.9943 0.0098
vn -0.0493 0.9988 -0.0004
vn -0.0495 0.9988 -0.0004
vn 0.9807 0.0007 0.1955
vn 0.9807 -0.0004 0.1953
vn 0.7743 -0.6136 0.1550
vn 0.7746 -0.6132 0.1551
vn 0.7730 -0.6145 0.1578
vn 0.7743 -0.6128 0.1581
vn 0.7557 0.6365 0.1543
vn 0.7543 0.6382 0.1540
vn 0.7406 0.6547 0.1513
vn 0.7392 0.6564 0.1509
vn 0.1340 0.9905 0.0317
vn 0.1339 0.9905 0.0317
vn 0.1946 0.9804 0.0312
vn 0.1948 0.9804 0.0312
vn 0.0421 0.9991 0.0009
vn 0.0427 0.9991 0.0010
vn -0.4464 0.3615 0.8186
vn -0.8607 0.0813 -0.5025
vn 0.0720 0.9612 -0.2663
vn 0.0336 0.7412 -0.6704
vn 0.7204 0.6471 0.2495
vn 0.7221 0.6451 0.2500
vn 0.7166 0.6519 0.2482
vn 0.7149 0.6539 0.2477
vn 0.7321 0.6352 0.2463
vn 0.7328 0.6342 0.2465
vn 0.0108 0.9992 -0.0394
vn -0.0112 0.9992 0.0392
vn 0.7660 0.5646 0.3075
vn 0.7245 0.6587 0.2029
vn 0.6639 0.6713 0.3296
vn 0.6647 0.6703 0.3300
vn 0.6484 0.6897 0.3223
vn 0.6476 0.6906 0.3219
vn 0.7012 0.6347 0.3246
vn 0.7074 0.6264 0.3274
vn 0.8274 -0.1091 0.5509
vn 0.8606 -0.0955 0.5003
vn 0.7737 -0.4141 0.4795
vn 0.7687 -0.4040 0.4959
vn 0.5294 -0.7906 0.3078
vn 0.5986 -0.7122 0.3667
vn 0.8634 0.0587 0.5011
vn 0.8635 0.0485 0.5020
vn 0.6185 -0.0619 0.7834
vn 0.5734 0.0100 0.8192
vn 0.6439 0.3660 0.6719
vn 0.4912 0.4120 0.7675
vn 0.3691 0.8927 0.2583
vn 0.3721 0.8909 0.2605
vn -0.0607 0.9978 -0.0281
vn -0.0637 0.9975 -0.0300
vn -0.9317 -0.2831 0.2277
vn -0.7382 -0.5745 -0.3534
vn 0.5045 0.7052 -0.4982
vn 0.6543 0.3022 0.6932
vn 0.7175 0.3264 0.6153
vn 0.7021 0.4062 0.5848
vn 0.3339 0.9051 0.2631
vn 0.3246 0.9092 0.2608
vn 0.7663 0.1018 0.6344
vn 0.7700 0.1205 0.6265
vn 0.7702 0.1941 0.6075
vn 0.7438 0.2596 0.6159
vn 0.4617 0.8170 0.3454
vn 0.4726 0.8187 0.3261
vn 0.7791 -0.1017 0.6186
vn 0.7518 -0.1296 0.6465
vn -0.2916 0.8041 -0.5180
vn -0.4270 0.5690 -0.7028
vn 0.7904 0.4845 0.3749
vn -0.1788 0.0085 0.9838
vn -0.2186 -0.0530 0.9744
vn 0.7356 -0.4590 0.4983
vn 0.6583 -0.1659 0.7342
vn 0.6858 -0.1019 0.7206
vn 0.0351 0.9984 0.0444
vn 0.0282 0.9990 0.0357
vn 0.0289 0.9990 0.0342
vn 0.0048 0.9999 0.0090
vn 0.6405 -0.1354 0.7559
vn 0.6732 -0.1060 0.7318
vn 0.0214 -0.9858 -0.1668
vn -0.1490 -0.9731 -0.1758
vn 0.3506 0.7106 0.6100
vn 0.1143 0.5943 0.7961
vn 0.1549 0.7926 0.5897
vn 0.1912 0.9231 0.3337
vn 0.4619 0.5861 0.6657
vn 0.3891 0.7442 0.5429
vn 0.0821 0.9914 0.1022
vn 0.0895 0.9898 0.1110
vn 0.1643 -0.9801 0.1117
vn 0.0411 -0.9934 0.1070
vn -0.1890 -0.8829 0.4298
vn 0.1328 -0.8963 0.4232
vn 0.2960 0.8724 0.3891
vn 0.2960 0.8724 0.3889
vn 0.0085 0.9990 -0.0448
vn 0.0120 0.9991 -0.0398
vn 0.0312 0.9973 0.0658
vn 0.0475 -0.3225 0.9454
vn 0.1501 -0.0438 0.9877
vn 0.1494 -0.0429 0.9878
vn 0.1756 0.0683 0.9821
vn 0.1775 0.0707 0.9816
vn -0.1775 0.0707 0.9816
vn -0.1756 0.0683 0.9821
vn -0.1494 -0.0429 0.9878
vn -0.1501 -0.0438 0.9877
vn -0.0312 0.9973 0.0658
vn -0.0120 0.9991 -0.0398
vn -0.0085 0.9990 -0.0448
vn -0.2960 0.8724 0.3889
vn -0.2960 0.8724 0.3891
vn -0.1328 -0.8963 0.4232
vn 0.1890 -0.8829 0.4298
vn -0.0411 -0.9934 0.1070
vn -0.1643 -0.9801 0.1117
vn -0.0895 0.9898 0.1110
vn -0.0821 0.9914 0.1022
vn -0.3891 0.7442 0.5430
vn -0.4619 0.5861 0.6657
vn -0.1917 0.9231 0.3334
vn -0.1549 0.7926 0.5897
vn -0.1143 0.5943 0.7961
vn -0.3506 0.7106 0.6100
vn 0.1490 -0.9731 -0.1758
vn -0.0213 -0.9858 -0.1668
vn -0.6733 -0.1060 0.7318
vn -0.6405 -0.1354 0.7559
vn -0.0048 0.9999 0.0090
vn -0.0289 0.9990 0.0342
vn -0.0281 0.9990 0.0357
vn -0.0352 0.9984 0.0444
vn -0.6858 -0.1019 0.7206
vn -0.6583 -0.1659 0.7342
vn -0.7356 -0.4590 0.4983
vn 0.2186 -0.0531 0.9744
vn 0.1789 -0.0000 0.9839
vn -0.7904 0.4844 0.3749
vn 0.4270 0.5690 -0.7028
vn 0.2916 0.8041 -0.5180
vn -0.7519 -0.1296 0.6465
vn -0.7792 -0.1017 0.6185
vn -0.4726 0.8187 0.3261
vn -0.4617 0.8170 0.3454
vn -0.7438 0.2596 0.6159
vn -0.7702 0.1941 0.6075
vn -0.7700 0.1205 0.6265
vn -0.7663 0.1018 0.6344
vn -0.3246 0.9092 0.2608
vn -0.3339 0.9051 0.2631
vn -0.7022 0.4062 0.5848
vn -0.7175 0.3264 0.6154
vn -0.6544 0.3022 0.6932
vn -0.5045 0.7052 -0.4982
vn 0.7382 -0.5745 -0.3535
vn 0.9317 -0.2831 0.2276
vn 0.0637 0.9975 -0.0300
vn 0.0607 0.9978 -0.0280
vn -0.3721 0.8909 0.2605
vn -0.3691 0.8927 0.2583
vn 0.2722 0.9527 -0.1354
vn 0.2047 0.9787 0.0147
vn -0.1799 0.9673 0.1787
vn -0.1607 0.9688 0.1887
vn -0.8635 0.0485 0.5020
vn -0.8634 0.0587 0.5011
vn -0.5986 -0.7122 0.3667
vn -0.5294 -0.7906 0.3078
vn -0.7687 -0.4040 0.4959
vn -0.7739 -0.4141 0.4791
vn -0.8605 -0.0955 0.5004
vn -0.8274 -0.1091 0.5509
vn -0.7074 0.6264 0.3274
vn -0.7012 0.6347 0.3246
vn -0.6476 0.6906 0.3219
vn -0.6485 0.6897 0.3222
vn -0.6647 0.6703 0.3300
vn -0.6639 0.6713 0.3296
vn -0.7245 0.6587 0.2029
vn -0.7660 0.5646 0.3075
vn 0.0112 0.9992 0.0393
vn -0.0108 0.9992 -0.0394
vn -0.7328 0.6342 0.2465
vn -0.7321 0.6352 0.2463
vn -0.7149 0.6539 0.2476
vn -0.7166 0.6519 0.2481
vn -0.7220 0.6451 0.2501
vn -0.7204 0.6471 0.2494
vn -0.0334 0.7413 -0.6703
vn -0.0721 0.9612 -0.2663
vn 0.8608 0.0813 -0.5025
vn 0.4464 0.3615 0.8185
vn -0.0427 0.9991 0.0010
vn -0.0421 0.9991 0.0009
vn -0.1948 0.9804 0.0312
vn -0.1946 0.9804 0.0312
vn -0.1339 0.9905 0.0317
vn -0.1340 0.9905 0.0317
vn -0.7392 0.6564 0.1509
vn -0.7406 0.6547 0.1512
vn -0.7543 0.6382 0.1540
vn -0.7557 0.6365 0.1543
vn -0.7743 -0.6128 0.1581
vn -0.7730 -0.6145 0.1578
vn -0.7746 -0.6132 0.1551
vn -0.7743 -0.6136 0.1550
vn -0.9807 -0.0004 0.1954
vn -0.9807 0.0007 0.1953
vn 0.0495 0.9988 -0.0004
vn 0.0493 0.9988 -0.0004
vn -0.1065 0.9943 0.0098
vn -0.1066 0.9943 0.0098
vn -0.1955 0.9807 0.0096
vn -0.1954 0.9807 0.0096
vn -0.7998 0.5982 0.0500
vn -0.7989 0.5993 0.0500
vn -0.7674 0.6390 0.0525
vn -0.7682 0.6381 0.0526
vn -0.7868 -0.6148 0.0539
vn -0.7861 -0.6158 0.0538
vn -0.7731 -0.6322 0.0512
vn -0.7729 -0.6324 0.0512
vn -0.9978 -0.0108 0.0655
vn -0.9978 -0.0102 0.0656
vn 0.9847 -0.1611 0.0668
vn 0.9848 -0.1603 0.0669
vn 0.9467 0.3156 0.0648
vn 0.8544 0.5164 0.0587
vn 0.8541 0.5167 0.0587
vn 0.8550 0.5166 0.0464
vn 0.8557 0.5153 0.0464
vn 0.6433 0.7649 0.0321
vn 0.6438 0.7645 0.0322
vn 0.3964 0.9173 0.0377
vn 0.3958 0.9176 0.0377
vn -0.1602 0.9871 -0.0003
vn -0.1636 0.9865 -0.0005
vn 0.8483 -0.5012 0.1711
vn 0.8490 -0.4999 0.1713
vn 0.9608 0.1950 0.1970
vn 0.9607 0.1957 0.1969
vn 0.6229 0.7701 0.1373
vn 0.6215 0.7714 0.1370
vn 0.3596 0.9292 0.0852
vn 0.3589 0.9295 0.0850
vn 0.5231 0.8481 0.0837
vn 0.5241 0.8475 0.0839
vn -0.0031 0.9998 -0.0188
vn 0.0027 0.9998 -0.0176
vn 0.8193 0.5037 0.2741
vn 0.8194 0.5032 0.2743
vn 0.3725 0.9194 0.1263
vn 0.3727 0.9193 0.1263
vn 0.6122 0.7582 0.2245
vn 0.6104 0.7598 0.2239
vn 0.3581 0.9233 0.1387
vn 0.3573 0.9237 0.1384
vn 0.5191 0.8436 0.1376
vn 0.5208 0.8424 0.1382
vn -0.0063 0.9993 -0.0362
vn 0.0045 0.9995 -0.0328
vn 0.8363 0.3706 0.4041
vn 0.8477 0.3102 0.4302
vn 0.8013 0.4344 0.4113
vn 0.8382 0.3989 0.3719
vn 0.7002 0.6928 0.1724
vn 0.7465 0.6492 0.1459
vn 0.4825 0.8675 0.1209
vn 0.3670 0.9258 0.0912
vn 0.3550 -0.9278 0.1150
vn 0.4351 -0.8965 0.0836
vn 0.8475 -0.4736 0.2398
vn 0.8013 -0.5064 0.3186
vn 0.8105 0.5856 -0.0130
vn 0.7113 0.6710 0.2093
vn -0.5196 0.8300 -0.2028
vn -0.3541 0.8762 -0.3268
vn 0.0620 -0.9962 -0.0614
vn -0.0812 -0.9966 -0.0158
vn 0.0667 -0.9928 0.0996
vn 0.5473 -0.8334 -0.0774
vn 0.8478 0.3032 0.4351
vn 0.7998 0.3468 0.4899
vn 0.6533 0.6413 0.4023
vn 0.6910 0.6338 0.3476
vn 0.6479 0.6283 0.4307
vn 0.6638 0.5970 0.4506
vn 0.3163 0.9250 0.2106
vn 0.3223 0.9225 0.2122
vn 0.8195 0.0025 0.5730
vn 0.7525 0.0994 0.6510
vn 0.5818 0.6488 0.4905
vn 0.5076 0.7027 0.4985
vn -0.5157 -0.8567 -0.0057
vn -0.4104 -0.8721 0.2664
vn 0.3075 -0.8991 0.3115
vn 0.3569 -0.9187 0.1690
vn 0.2920 0.9104 0.2931
vn 0.2884 0.9130 0.2885
vn 0.1837 0.9624 0.1999
vn 0.1856 0.9621 0.1999
vn 0.6911 -0.0750 0.7189
vn 0.6997 -0.0773 0.7103
vn 0.6864 0.0598 0.7247
vn 0.6961 0.0729 0.7143
vn 0.2394 0.9549 0.1757
vn 0.2397 0.9535 0.1828
vn -0.0642 0.9901 -0.1249
vn -0.0896 0.9899 -0.1095
vn 0.6581 0.0443 0.7516
vn 0.6580 0.0472 0.7516
vn 0.3903 0.8035 0.4495
vn 0.3907 0.8030 0.4501
vn 0.6327 0.4701 0.6153
vn 0.6341 0.5014 0.5887
vn 0.6993 0.2790 0.6581
vn 0.7001 0.2601 0.6650
vn 0.6362 -0.3776 0.6728
vn 0.6316 -0.3699 0.6814
vn 0.5764 -0.7209 0.3847
vn 0.5905 -0.7160 0.3722
vn 0.5530 0.7278 0.4055
vn 0.5638 0.7292 0.3878
vn -0.5927 0.2995 -0.7477
vn -0.6049 0.2579 -0.7534
vn 0.1467 -0.9873 0.0615
vn -0.0914 -0.9958 -0.0059
vn 0.1139 -0.9781 0.1744
vn 0.1467 -0.9763 0.1590
vn 0.4982 -0.0414 0.8661
vn 0.4980 -0.0402 0.8663
vn 0.4342 0.4854 0.7589
vn 0.4253 0.5083 0.7488
vn 0.3650 0.7687 0.5252
vn 0.3606 0.7715 0.5242
vn 0.0987 0.9866 0.1299
vn 0.0987 0.9866 0.1297
vn 0.0563 0.9958 0.0720
vn 0.0566 0.9957 0.0728
vn -0.0975 0.9827 -0.1571
vn -0.0762 0.9866 -0.1444
vn 0.4705 -0.0607 0.8803
vn 0.4669 -0.0608 0.8822
vn 0.4696 -0.0048 0.8829
vn 0.4704 -0.0049 0.8824
vn 0.4702 0.0050 0.8826
vn 0.4702 0.0051 0.8826
vn 0.3668 0.6254 0.6887
vn 0.3717 0.6135 0.6967
vn 0.3222 0.6812 0.6574
vn 0.3219 0.6819 0.6568
vn 0.3315 0.6579 0.6762
vn 0.3350 0.6571 0.6753
vn -0.1579 0.9261 -0.3428
vn 0.5468 0.2525 0.7983
vn -0.8929 0.4501 -0.0145
vn -0.3603 -0.5244 -0.7715
vn 0.1127 -0.9592 -0.2594
vn 0.0745 0.9517 -0.2980
vn 0.5025 0.6087 0.6139
vn -0.3687 0.3414 0.8646
vn 0.3522 -0.4236 0.8346
vn 0.5644 -0.3464 0.7493
vn 0.3786 -0.8071 0.4530
vn 0.2115 -0.8479 0.4862
vn 0.2436 0.6450 0.7243
vn 0.2434 0.6459 0.7235
vn 0.3184 0.0496 0.9466
vn 0.4006 -0.0470 0.9150
vn 0.3828 -0.0445 0.9227
vn 0.3818 -0.1000 0.9188
vn 0.3956 -0.1088 0.9120
vn 0.3860 0.6566 0.6480
vn 0.1015 0.6948 0.7120
vn 0.1023 0.8137 0.5722
vn 0.2181 0.8020 0.5560
vn 0.1565 -0.6178 0.7706
vn 0.1562 -0.6191 0.7696
vn 0.1525 0.6418 0.7516
vn 0.1528 0.6404 0.7527
vn 0.1465 0.6712 0.7266
vn 0.1466 0.6706 0.7272
vn 0.0252 0.9932 0.1139
vn 0.0212 0.9920 0.1243
vn 0.0212 0.9920 0.1242
vn -0.0080 0.9997 -0.0228
vn -0.0081 0.9997 -0.0230
vn 0.2810 0.6620 0.6949
vn -0.0734 0.6842 0.7256
vn -0.0115 0.8069 0.5906
vn 0.1327 0.8008 0.5840
vn 0.0471 -0.6168 0.7857
vn 0.0471 -0.6149 0.7872
vn 0.0460 0.6380 0.7686
vn 0.0459 0.6400 0.7670
vn 0.1578 -0.8281 0.5380
vn -0.0521 -0.8353 0.5473
vn 0.0814 0.0171 0.9965
vn 0.0773 0.0169 0.9969
vn 0.0058 0.9918 0.1273
vn -0.0042 0.9996 -0.0268
vn -0.0043 0.9996 -0.0271
vn 0.0043 0.9996 -0.0271
vn 0.0042 0.9996 -0.0268
vn -0.0058 0.9918 0.1273
vn -0.0773 0.0169 0.9969
vn -0.0814 0.0171 0.9965
vn 0.0522 -0.8353 0.5473
vn -0.1578 -0.8281 0.5380
vn -0.0459 0.6400 0.7670
vn -0.0460 0.6380 0.7686
vn -0.0471 -0.6149 0.7872
vn -0.0471 -0.6168 0.7857
vn -0.1328 0.8008 0.5840
vn 0.0114 0.8069 0.5906
vn 0.0735 0.6842 0.7256
vn -0.2809 0.6620 0.6949
vn -0.1089 0.6952 0.7105
vn -0.3860 0.6566 0.6480
vn -0.2181 0.8020 0.5560
vn -0.1023 0.8137 0.5722
vn -0.1562 -0.6191 0.7696
vn -0.1565 -0.6178 0.7706
vn -0.1528 0.6404 0.7527
vn -0.1525 0.6418 0.7516
vn -0.1466 0.6706 0.7272
vn -0.1465 0.6712 0.7266
vn -0.0252 0.9932 0.1139
vn -0.0212 0.9920 0.1242
vn -0.0212 0.9920 0.1243
vn 0.0080 0.9997 -0.0230
vn 0.0080 0.9997 -0.0228
vn -0.3956 -0.1088 0.9120
vn -0.3818 -0.1000 0.9188
vn -0.3828 -0.0445 0.9227
vn -0.4006 -0.0470 0.9150
vn -0.3184 0.0496 0.9466
vn -0.2434 0.6459 0.7235
vn -0.2436 0.6450 0.7243
vn -0.2115 -0.8479 0.4862
vn -0.3788 -0.8071 0.4529
vn -0.5644 -0.3464 0.7493
vn -0.3522 -0.4236 0.8346
vn 0.3687 0.3414 0.8646
vn -0.5026 0.6087 0.6139
vn -0.0745 0.9517 -0.2979
vn -0.1129 -0.9591 -0.2595
vn 0.3603 -0.5244 -0.7715
vn 0.8929 0.4501 -0.0145
vn -0.5467 0.2525 0.7984
vn 0.1579 0.9261 -0.3428
vn -0.3318 0.6571 0.6768
vn -0.3316 0.6579 0.6762
vn -0.3219 0.6819 0.6568
vn -0.3222 0.6812 0.6574
vn -0.3717 0.6135 0.6967
vn -0.3668 0.6254 0.6887
vn -0.4702 0.0051 0.8826
vn -0.4702 0.0050 0.8826
vn -0.4704 -0.0049 0.8824
vn -0.4696 -0.0049 0.8829
vn -0.4669 -0.0608 0.8822
vn -0.4705 -0.0607 0.8803
vn 0.0914 -0.9958 -0.0059
vn -0.1467 -0.9873 0.0615
vn -0.1467 -0.9763 0.1590
vn -0.1139 -0.9781 0.1744
vn -0.4980 -0.0402 0.8663
vn -0.4982 -0.0414 0.8661
vn -0.4253 0.5083 0.7488
vn -0.4341 0.4854 0.7589
vn -0.3606 0.7715 0.5242
vn -0.3650 0.7687 0.5252
vn -0.0987 0.9866 0.1297
vn -0.0987 0.9866 0.1299
vn -0.0566 0.9957 0.0728
vn -0.0563 0.9958 0.0720
vn 0.0762 0.9866 -0.1444
vn 0.0976 0.9827 -0.1571
vn -0.6580 0.0472 0.7516
vn -0.6581 0.0443 0.7516
vn -0.3907 0.8030 0.4501
vn -0.3902 0.8035 0.4496
vn -0.6341 0.5014 0.5887
vn -0.6327 0.4701 0.6153
vn -0.7001 0.2601 0.6650
vn -0.6993 0.2790 0.6581
vn -0.6317 -0.3699 0.6813
vn -0.6362 -0.3776 0.6728
vn -0.5906 -0.7160 0.3722
vn -0.5763 -0.7209 0.3848
vn -0.5638 0.7292 0.3877
vn -0.5531 0.7278 0.4055
vn 0.6049 0.2579 -0.7534
vn 0.5927 0.2995 -0.7477
vn 0.0896 0.9899 -0.1095
vn 0.0641 0.9901 -0.1249
vn -0.2397 0.9535 0.1828
vn -0.2394 0.9549 0.1757
vn -0.6961 0.0729 0.7143
vn -0.6864 0.0598 0.7247
vn -0.6997 -0.0773 0.7103
vn -0.6911 -0.0750 0.7189
vn -0.1856 0.9621 0.1999
vn -0.1837 0.9624 0.1999
vn -0.2884 0.9130 0.2885
vn -0.2920 0.9104 0.2931
vn -0.3569 -0.9187 0.1690
vn -0.3075 -0.8991 0.3115
vn 0.4104 -0.8721 0.2663
vn 0.5157 -0.8567 -0.0057
vn -0.6809 -0.5603 0.4716
vn -0.1134 -0.6368 0.7626
vn -0.5607 -0.7735 -0.2954
vn -0.6749 -0.5623 0.4778
vn -0.7521 0.4501 0.4815
vn -0.7415 0.4897 0.4587
vn -0.3822 0.8968 0.2229
vn -0.3802 0.8973 0.2245
vn -0.8365 0.0476 0.5459
vn -0.8318 0.0541 0.5525
vn -0.8162 0.1907 0.5455
vn -0.8151 0.2333 0.5303
vn -0.3175 0.9183 0.2367
vn -0.3111 0.9217 0.2316
vn 0.1654 0.9825 -0.0861
vn 0.1485 0.9860 -0.0755
vn 0.2392 0.9567 0.1660
vn 0.7385 0.5644 0.3690
vn 0.7372 0.5665 0.3683
vn 0.7240 0.5874 0.3616
vn 0.7254 0.5853 0.3622
vn 0.4828 -0.3713 0.7931
vn -0.3042 -0.9284 0.2132
vn 0.3386 0.4995 0.7974
vn 0.6835 -0.1448 0.7155
vn -0.5734 0.0100 0.8192
vn -0.6185 -0.0619 0.7834
vn -0.4911 0.4120 0.7675
vn -0.6439 0.3659 0.6719
vn 0.0057 1.0000 0.0005
vn -0.0057 1.0000 -0.0005
vn -0.7921 0.4314 0.4318
vn -0.8410 -0.1869 -0.5077
vn -0.8277 -0.1484 -0.5412
vn -0.7524 0.4696 -0.4619
vn -0.7684 0.5068 -0.3909
vn -0.6191 0.6273 -0.4724
vn -0.6365 0.5993 -0.4856
vn -0.7949 0.0114 -0.6066
vn -0.7949 0.0117 -0.6066
vn -0.7949 -0.0116 -0.6066
vn -0.7949 -0.0111 -0.6066
vn -0.6396 -0.5939 -0.4881
vn -0.6271 -0.6145 -0.4786
vn -0.7921 0.4314 -0.4318
vn -0.6579 0.5990 -0.4565
vn 0.8674 0.2073 0.4524
vn 0.8726 -0.1111 0.4756
vn 0.0595 0.9957 0.0716
vn 0.0615 0.9954 0.0732
vn -0.7407 -0.1420 -0.6567
vn -0.7397 -0.1620 -0.6532
vn -0.1527 -0.8068 -0.5707
vn -0.4745 -0.7995 -0.3683
vn -0.1879 -0.9713 -0.1458
vn -0.2868 -0.8507 -0.4406
vn -0.5817 -0.6441 -0.4967
vn -0.6635 -0.4769 -0.5765
vn -0.7328 -0.2362 -0.6381
vn -0.7669 -0.0940 -0.6349
vn -0.0931 0.9936 -0.0643
vn -0.6565 -0.0663 -0.7514
vn -0.6566 -0.0614 -0.7517
vn -0.5453 0.5532 -0.6297
vn -0.5463 0.5512 -0.6307
vn -0.5976 0.5697 -0.5642
vn -0.5816 0.6001 -0.5491
vn -0.5640 0.6312 -0.5325
vn -0.5818 0.5999 -0.5492
vn -0.4675 0.7025 -0.5367
vn -0.4669 0.7032 -0.5363
vn -0.6570 0.0291 -0.7533
vn -0.6575 0.0270 -0.7529
vn -0.6561 -0.0855 -0.7498
vn -0.6559 -0.0869 -0.7498
vn -0.0583 0.9962 -0.0642
vn -0.0576 0.9963 -0.0633
vn -0.5961 -0.0000 -0.8029
vn -0.4436 -0.0000 -0.8962
vn -0.3540 0.6026 -0.7153
vn -0.3386 0.6460 -0.6841
vn -0.3852 0.7192 -0.5783
vn -0.3849 0.7194 -0.5782
vn -0.3995 0.6918 -0.6016
vn -0.3998 0.6916 -0.6016
vn -0.3622 0.6252 -0.6913
vn -0.3305 0.6238 -0.7083
vn -0.0389 0.9932 -0.1094
vn 0.0308 0.9952 0.0932
vn 0.1537 -0.9881 -0.0000
vn 0.2510 0.9680 -0.0000
vn -0.2659 0.9640 -0.0000
vn -0.1809 -0.9835 -0.0000
vn -0.9978 -0.0102 -0.0655
vn -0.9978 -0.0108 -0.0656
vn -0.7729 -0.6324 -0.0512
vn -0.7731 -0.6322 -0.0512
vn -0.7861 -0.6158 -0.0538
vn -0.7868 -0.6148 -0.0539
vn -0.7682 0.6381 -0.0526
vn -0.7674 0.6390 -0.0525
vn -0.7989 0.5993 -0.0499
vn -0.7998 0.5982 -0.0500
vn -0.1954 0.9807 -0.0096
vn -0.1955 0.9807 -0.0096
vn -0.1066 0.9943 -0.0098
vn -0.1065 0.9943 -0.0098
vn 0.0493 0.9988 0.0004
vn 0.0495 0.9988 0.0004
vn -0.0421 0.9991 -0.0009
vn -0.0427 0.9991 -0.0010
vn -0.1946 0.9804 -0.0312
vn -0.1948 0.9804 -0.0312
vn -0.1340 0.9905 -0.0317
vn -0.1339 0.9905 -0.0317
vn -0.7406 0.6547 -0.1513
vn -0.7392 0.6564 -0.1509
vn -0.7557 0.6365 -0.1543
vn -0.7543 0.6382 -0.1540
vn -0.7730 -0.6145 -0.1578
vn -0.7743 -0.6128 -0.1581
vn -0.7743 -0.6136 -0.1550
vn -0.7746 -0.6132 -0.1551
vn -0.9807 0.0007 -0.1955
vn -0.9807 -0.0004 -0.1953
vn 0.4464 0.3615 -0.8186
vn 0.8607 0.0813 0.5025
vn -0.0720 0.9612 0.2663
vn -0.0336 0.7412 0.6704
vn -0.7204 0.6471 -0.2495
vn -0.7221 0.6451 -0.2500
vn -0.7166 0.6519 -0.2482
vn -0.7149 0.6539 -0.2477
vn -0.7321 0.6352 -0.2463
vn -0.7328 0.6342 -0.2465
vn -0.7012 0.6347 -0.3246
vn -0.7074 0.6264 -0.3274
vn -0.6809 0.6490 -0.3393
vn -0.6799 0.6503 -0.3388
vn -0.6850 0.6436 -0.3413
vn -0.6860 0.6423 -0.3418
vn -0.7660 0.5646 -0.3075
vn -0.7245 0.6587 -0.2029
vn -0.0108 0.9992 0.0394
vn 0.0112 0.9992 -0.0392
vn -0.8274 -0.1091 -0.5509
vn -0.8606 -0.0955 -0.5003
vn -0.7737 -0.4141 -0.4795
vn -0.7687 -0.4040 -0.4959
vn -0.5294 -0.7906 -0.3078
vn -0.5986 -0.7122 -0.3667
vn -0.8634 0.0587 -0.5011
vn -0.8635 0.0485 -0.5020
vn -0.6185 -0.0619 -0.7834
vn -0.5734 0.0100 -0.8192
vn -0.6439 0.3660 -0.6719
vn -0.4912 0.4120 -0.7675
vn -0.4290 0.8485 -0.3098
vn -0.4274 0.8497 -0.3088
vn -0.0025 0.9996 -0.0265
vn 0.0001 0.9997 -0.0248
vn 0.9317 -0.2831 -0.2277
vn 0.7382 -0.5745 0.3534
vn -0.5045 0.7052 0.4982
vn -0.6543 0.3022 -0.6932
vn -0.7175 0.3264 -0.6153
vn -0.7021 0.4062 -0.5848
vn -0.3339 0.9051 -0.2631
vn -0.3246 0.9092 -0.2608
vn -0.7663 0.1018 -0.6344
vn -0.7700 0.1205 -0.6265
vn -0.7702 0.1941 -0.6075
vn -0.7438 0.2596 -0.6159
vn -0.4617 0.8170 -0.3454
vn -0.4726 0.8187 -0.3261
vn -0.7791 -0.1017 -0.6186
vn -0.7518 -0.1296 -0.6465
vn -0.6577 -0.0386 -0.7523
vn -0.6536 -0.0364 -0.7560
vn -0.3420 0.8486 -0.4036
vn -0.3446 0.8485 -0.4016
vn -0.1334 0.9785 -0.1574
vn -0.1183 0.9829 -0.1414
vn -0.1505 0.9721 -0.1797
vn -0.1457 0.9739 -0.1742
vn -0.6583 -0.1659 -0.7342
vn -0.6858 -0.1019 -0.7206
vn 0.2186 -0.0530 -0.9744
vn -0.7356 -0.4590 -0.4983
vn -0.6933 0.2889 -0.6602
vn 0.4980 0.6970 -0.5159
vn 0.3493 -0.5575 0.7531
vn -0.2271 -0.2751 0.9342
vn -0.3506 0.7106 -0.6100
vn -0.1143 0.5943 -0.7961
vn -0.1549 0.7926 -0.5897
vn -0.1912 0.9231 -0.3337
vn -0.5197 0.4190 -0.7446
vn -0.4865 0.5590 -0.6714
vn -0.1944 0.9487 -0.2492
vn -0.2006 0.9456 -0.2560
vn -0.6502 0.0098 -0.7597
vn -0.5959 -0.0621 -0.8006
vn -0.6152 0.3411 -0.7108
vn -0.4905 0.3703 -0.7888
vn -0.3755 0.8065 -0.4567
vn -0.3792 0.8007 -0.4639
vn -0.0996 0.9944 -0.0360
vn -0.1040 0.9937 -0.0428
vn -0.0362 0.9993 0.0106
vn 0.0363 0.9993 -0.0102
vn -0.2120 0.6573 -0.7232
vn -0.3096 0.5686 -0.7622
vn -0.3269 0.6685 -0.6680
vn -0.3273 0.6678 -0.6686
vn -0.3204 0.6851 -0.6542
vn -0.3201 0.6858 -0.6536
vn -0.3629 0.6358 -0.6812
vn -0.3670 0.6253 -0.6887
vn -0.2465 0.6342 -0.7328
vn -0.2463 0.6352 -0.7321
vn -0.0140 -0.7934 -0.6086
vn 0.0101 -0.7863 -0.6177
vn -0.0475 -0.3225 -0.9454
vn -0.0706 -0.3419 -0.9371
vn -0.2473 0.6347 -0.7321
vn -0.2455 0.6347 -0.7327
vn -0.0001 1.0000 -0.0024
vn -0.0000 1.0000 0.0020
vn -0.1949 -0.0330 -0.9803
vn -0.1948 -0.0324 -0.9803
vn -0.1462 -0.6651 -0.7323
vn -0.1462 -0.6653 -0.7321
vn -0.1572 -0.6130 -0.7743
vn -0.1569 -0.6143 -0.7733
vn -0.1532 0.6380 -0.7547
vn -0.1534 0.6367 -0.7557
vn -0.1455 0.6765 -0.7219
vn -0.1456 0.6757 -0.7227
vn -0.0248 0.9934 -0.1121
vn -0.0248 0.9934 -0.1122
vn -0.0215 0.9918 -0.1258
vn -0.0215 0.9918 -0.1257
vn 0.0093 0.9995 0.0294
vn 0.0094 0.9995 0.0297
vn 0.0043 0.9996 0.0277
vn 0.0043 0.9996 0.0278
vn -0.0059 0.9918 -0.1275
vn -0.0059 0.9918 -0.1274
vn -0.0096 0.9934 -0.1147
vn -0.0499 0.6751 -0.7360
vn -0.0499 0.6744 -0.7366
vn -0.0460 0.6376 -0.7690
vn -0.0460 0.6395 -0.7674
vn -0.0471 -0.6162 -0.7862
vn -0.0471 -0.6143 -0.7876
vn -0.0480 -0.6635 -0.7466
vn -0.0481 -0.6632 -0.7469
vn -0.0650 -0.0296 -0.9974
vn -0.0650 -0.0305 -0.9974
vn 0.0649 -0.0305 -0.9974
vn 0.0650 -0.0296 -0.9974
vn 0.0481 -0.6632 -0.7469
vn 0.0481 -0.6635 -0.7466
vn 0.0471 -0.6143 -0.7876
vn 0.0471 -0.6162 -0.7862
vn 0.0460 0.6395 -0.7674
vn 0.0460 0.6376 -0.7690
vn 0.0499 0.6744 -0.7367
vn 0.0499 0.6751 -0.7360
vn 0.0096 0.9934 -0.1147
vn 0.0059 0.9918 -0.1274
vn 0.0059 0.9918 -0.1275
vn -0.0043 0.9996 0.0278
vn -0.0043 0.9996 0.0277
vn 0.1950 -0.0324 -0.9803
vn 0.1949 -0.0330 -0.9803
vn 0.1462 -0.6653 -0.7321
vn 0.1462 -0.6651 -0.7323
vn 0.1569 -0.6143 -0.7733
vn 0.1572 -0.6130 -0.7743
vn 0.1534 0.6367 -0.7557
vn 0.1532 0.6380 -0.7547
vn 0.1457 0.6757 -0.7226
vn 0.1455 0.6765 -0.7219
vn 0.0248 0.9934 -0.1122
vn 0.0248 0.9934 -0.1121
vn 0.0215 0.9918 -0.1257
vn 0.0215 0.9918 -0.1258
vn -0.0094 0.9995 0.0297
vn -0.0093 0.9995 0.0294
vn 0.0001 1.0000 -0.0024
vn 0.2454 0.6347 -0.7328
vn 0.2472 0.6347 -0.7321
vn 0.0707 -0.3419 -0.9371
vn 0.0474 -0.3224 -0.9454
vn -0.0100 -0.7863 -0.6177
vn 0.0140 -0.7934 -0.6086
vn 0.2463 0.6352 -0.7321
vn 0.2465 0.6342 -0.7328
vn 0.3670 0.6253 -0.6887
vn 0.3629 0.6358 -0.6812
vn 0.3201 0.6858 -0.6536
vn 0.3204 0.6851 -0.6542
vn 0.3273 0.6678 -0.6685
vn 0.3269 0.6685 -0.6680
vn 0.3095 0.5686 -0.7622
vn 0.2119 0.6573 -0.7232
vn -0.0364 0.9993 -0.0102
vn 0.0361 0.9993 0.0106
vn 0.1143 0.5943 -0.7961
vn 0.3506 0.7106 -0.6100
vn 0.1917 0.9231 -0.3334
vn 0.1549 0.7926 -0.5897
vn 0.4865 0.5590 -0.6714
vn 0.5197 0.4190 -0.7446
vn 0.2006 0.9456 -0.2560
vn 0.1944 0.9487 -0.2492
vn 0.5959 -0.0621 -0.8006
vn 0.6502 0.0098 -0.7597
vn 0.4905 0.3703 -0.7888
vn 0.6151 0.3411 -0.7108
vn 0.3792 0.8007 -0.4639
vn 0.3755 0.8065 -0.4567
vn 0.1040 0.9937 -0.0428
vn 0.0996 0.9944 -0.0360
vn 0.2272 -0.2751 0.9342
vn -0.3493 -0.5575 0.7531
vn -0.4980 0.6970 -0.5160
vn 0.6934 0.2889 -0.6602
vn 0.7356 -0.4590 -0.4983
vn -0.2186 -0.0531 -0.9744
vn 0.6858 -0.1019 -0.7206
vn 0.6583 -0.1659 -0.7342
vn 0.1457 0.9739 -0.1742
vn 0.1505 0.9721 -0.1797
vn 0.1183 0.9829 -0.1414
vn 0.1334 0.9785 -0.1574
vn 0.3446 0.8485 -0.4017
vn 0.3420 0.8486 -0.4036
vn 0.6536 -0.0364 -0.7560
vn 0.6577 -0.0386 -0.7523
vn 0.7519 -0.1296 -0.6465
vn 0.7792 -0.1017 -0.6185
vn 0.4726 0.8187 -0.3261
vn 0.4617 0.8170 -0.3454
vn 0.7438 0.2596 -0.6159
vn 0.7702 0.1941 -0.6075
vn 0.7700 0.1205 -0.6265
vn 0.7663 0.1018 -0.6344
vn 0.3246 0.9092 -0.2608
vn 0.3339 0.9051 -0.2631
vn 0.7022 0.4062 -0.5848
vn 0.7175 0.3264 -0.6154
vn 0.6544 0.3022 -0.6932
vn 0.5045 0.7052 0.4982
vn -0.7382 -0.5745 0.3535
vn -0.9317 -0.2831 -0.2276
vn 0.8605 -0.0955 -0.5004
vn 0.8274 -0.1091 -0.5509
vn 0.7687 -0.4040 -0.4959
vn 0.7739 -0.4141 -0.4791
vn 0.5986 -0.7122 -0.3667
vn 0.5294 -0.7906 -0.3078
vn 0.8635 0.0485 -0.5020
vn 0.8634 0.0587 -0.5011
vn 0.5734 0.0100 -0.8192
vn 0.6185 -0.0619 -0.7834
vn 0.4911 0.4120 -0.7675
vn 0.6439 0.3659 -0.6719
vn 0.3721 0.8909 -0.2605
vn 0.3691 0.8927 -0.2583
vn -0.0637 0.9975 0.0300
vn -0.0607 0.9978 0.0280
vn -0.0112 0.9992 -0.0393
vn 0.0108 0.9992 0.0394
vn 0.7245 0.6587 -0.2029
vn 0.7660 0.5646 -0.3075
vn 0.6860 0.6423 -0.3418
vn 0.6850 0.6436 -0.3413
vn 0.6799 0.6503 -0.3388
vn 0.6809 0.6490 -0.3393
vn 0.7074 0.6264 -0.3274
vn 0.7012 0.6347 -0.3246
vn -0.8608 0.0813 0.5025
vn -0.4464 0.3615 -0.8185
vn 0.0334 0.7413 0.6703
vn 0.0721 0.9612 0.2663
vn 0.7220 0.6451 -0.2501
vn 0.7204 0.6471 -0.2494
vn 0.7149 0.6539 -0.2476
vn 0.7166 0.6519 -0.2481
vn 0.7328 0.6342 -0.2465
vn 0.7321 0.6352 -0.2463
vn 0.0427 0.9991 -0.0010
vn 0.0421 0.9991 -0.0009
vn 0.1948 0.9804 -0.0312
vn 0.1946 0.9804 -0.0312
vn 0.1339 0.9905 -0.0317
vn 0.1340 0.9905 -0.0317
vn 0.7392 0.6564 -0.1509
vn 0.7406 0.6547 -0.1512
vn 0.7543 0.6382 -0.1540
vn 0.7557 0.6365 -0.1543
vn 0.7743 -0.6128 -0.1581
vn 0.7730 -0.6145 -0.1578
vn 0.7746 -0.6132 -0.1551
vn 0.7743 -0.6136 -0.1550
vn 0.9807 -0.0004 -0.1954
vn 0.9807 0.0007 -0.1953
vn -0.0495 0.9988 0.0004
vn -0.0493 0.9988 0.0004
vn 0.1065 0.9943 -0.0098
vn 0.1066 0.9943 -0.0098
vn 0.1955 0.9807 -0.0096
vn 0.1954 0.9807 -0.0096
vn 0.7998 0.5982 -0.0500
vn 0.7989 0.5993 -0.0500
vn 0.7674 0.6390 -0.0525
vn 0.7682 0.6381 -0.0526
vn 0.7868 -0.6148 -0.0539
vn 0.7861 -0.6158 -0.0538
vn 0.7731 -0.6322 -0.0512
vn 0.7729 -0.6324 -0.0512
vn 0.9978 -0.0108 -0.0655
vn 0.9978 -0.0102 -0.0656
vn -0.9836 0.1677 -0.0663
vn -0.9830 0.1715 -0.0660
vn -0.7688 0.6373 -0.0524
vn -0.7691 0.6369 -0.0525
vn -0.9131 0.4029 -0.0626
vn -0.9131 0.4028 -0.0626
vn -0.8549 0.5154 -0.0588
vn -0.8547 0.5158 -0.0588
vn -0.8544 0.5175 -0.0463
vn -0.8552 0.5162 -0.0464
vn -0.6433 0.7649 -0.0321
vn -0.6438 0.7645 -0.0322
vn -0.3964 0.9173 -0.0377
vn -0.3958 0.9176 -0.0377
vn 0.1602 0.9871 0.0003
vn 0.1636 0.9865 0.0005
vn 0.0031 0.9998 0.0188
vn -0.0027 0.9998 0.0176
vn -0.5231 0.8481 -0.0837
vn -0.5241 0.8475 -0.0839
vn -0.3596 0.9292 -0.0852
vn -0.3589 0.9295 -0.0850
vn -0.6229 0.7701 -0.1373
vn -0.6215 0.7714 -0.1370
vn -0.9608 0.1950 -0.1970
vn -0.9607 0.1957 -0.1969
vn -0.8483 -0.5012 -0.1711
vn -0.8490 -0.4999 -0.1713
vn 0.0063 0.9993 0.0362
vn -0.0045 0.9995 0.0328
vn -0.5191 0.8436 -0.1376
vn -0.5208 0.8424 -0.1382
vn -0.3581 0.9233 -0.1387
vn -0.3573 0.9237 -0.1384
vn -0.6122 0.7582 -0.2245
vn -0.6104 0.7598 -0.2239
vn -0.3725 0.9194 -0.1263
vn -0.3727 0.9193 -0.1263
vn -0.8193 0.5037 -0.2741
vn -0.8194 0.5032 -0.2743
vn -0.8531 0.3016 -0.4257
vn -0.8590 0.2622 -0.4396
vn -0.8153 0.3950 -0.4234
vn -0.8403 0.3617 -0.4039
vn -0.8515 0.0850 -0.5174
vn -0.8880 0.1116 -0.4462
vn -0.8988 -0.0128 -0.4383
vn -0.8851 -0.0524 -0.4625
vn -0.3550 -0.9278 -0.1150
vn -0.4351 -0.8965 -0.0836
vn -0.8475 -0.4736 -0.2398
vn -0.8013 -0.5064 -0.3186
vn -0.8105 0.5856 0.0130
vn -0.7113 0.6710 -0.2093
vn 0.5196 0.8300 0.2028
vn 0.3541 0.8762 0.3268
vn -0.0620 -0.9962 0.0614
vn 0.0812 -0.9966 0.0158
vn -0.0667 -0.9928 -0.0996
vn -0.5473 -0.8334 0.0774
vn -0.8478 0.3032 -0.4351
vn -0.7998 0.3468 -0.4899
vn -0.6533 0.6413 -0.4023
vn -0.6910 0.6338 -0.3476
vn -0.6479 0.6283 -0.4307
vn -0.6638 0.5970 -0.4506
vn -0.3163 0.9250 -0.2106
vn -0.3223 0.9225 -0.2122
vn -0.0416 0.9979 -0.0502
vn -0.0443 0.9975 -0.0555
vn 0.5023 0.8053 0.3149
vn 0.4695 0.8176 0.3331
vn 0.1374 0.9723 0.1893
vn 0.1808 0.9681 0.1736
vn -0.1510 0.9818 -0.1149
vn -0.1514 0.9805 -0.1255
vn -0.1928 -0.9486 -0.2509
vn -0.2439 -0.9446 -0.2198
vn -0.2254 -0.9655 -0.1306
vn -0.1197 -0.9655 -0.2315
vn -0.6924 0.0495 -0.7198
vn -0.6980 0.0575 -0.7138
vn -0.6869 -0.0977 -0.7202
vn -0.6939 -0.1033 -0.7126
vn -0.2718 0.9460 -0.1769
vn -0.2787 0.9398 -0.1978
vn -0.7757 0.3447 -0.5286
vn -0.7051 0.4439 -0.5529
vn -0.6581 0.0443 -0.7516
vn -0.6580 0.0472 -0.7516
vn -0.3903 0.8035 -0.4495
vn -0.3907 0.8030 -0.4501
vn -0.6327 0.4701 -0.6153
vn -0.6341 0.5014 -0.5887
vn -0.6993 0.2790 -0.6581
vn -0.7001 0.2601 -0.6650
vn -0.3633 0.8322 -0.4188
vn -0.3622 0.8324 -0.4193
vn -0.6493 0.1775 -0.7395
vn -0.6551 0.1745 -0.7351
vn -0.6705 -0.2271 -0.7063
vn -0.6489 -0.2287 -0.7257
vn -0.2882 0.9025 -0.3201
vn -0.2947 0.9025 -0.3141
vn -0.4999 -0.1445 -0.8540
vn -0.4728 -0.1350 -0.8708
vn -0.5069 0.0360 -0.8612
vn -0.4960 0.0369 -0.8675
vn -0.1915 0.9259 -0.3258
vn -0.1901 0.9265 -0.3248
vn 0.2394 0.9360 0.2578
vn 0.2430 0.9343 0.2609
vn -0.3650 0.7687 -0.5252
vn -0.3606 0.7715 -0.5242
vn -0.0987 0.9866 -0.1299
vn -0.0987 0.9866 -0.1297
vn -0.1167 0.9816 -0.1511
vn -0.1168 0.9816 -0.1513
vn 0.0326 0.9969 0.0713
vn 0.0225 0.9976 0.0655
vn -0.2590 0.9654 0.0303
vn 0.2640 0.9644 -0.0155
vn 0.1700 0.4758 -0.8630
vn -0.6661 0.4556 -0.5905
vn -0.3314 0.6583 -0.6759
vn -0.3348 0.6576 -0.6749
vn -0.3127 0.7035 -0.6382
vn -0.3124 0.7042 -0.6375
vn -0.3797 0.5908 -0.7119
vn -0.3833 0.5803 -0.7186
vn -0.4700 -0.0253 -0.8823
vn -0.4700 -0.0258 -0.8823
vn -0.4710 0.0243 -0.8818
vn -0.4696 0.0242 -0.8825
vn -0.4705 -0.0607 -0.8803
vn -0.4669 -0.0608 -0.8822
vn -0.3818 -0.1000 -0.9188
vn -0.3956 -0.1088 -0.9120
vn -0.3955 -0.0281 -0.9180
vn -0.3848 -0.0266 -0.9226
vn -0.3187 0.0301 -0.9474
vn -0.3187 0.0300 -0.9474
vn -0.2495 0.6225 -0.7418
vn -0.2491 0.6235 -0.7411
vn -0.4366 -0.7833 0.4424
vn 0.6363 -0.7712 0.0195
vn -0.3189 -0.6512 -0.6887
vn -0.3897 -0.6488 -0.6535
vn -0.5025 0.6083 -0.6144
vn 0.3681 0.3411 -0.8649
vn -0.1127 -0.9592 0.2594
vn -0.0745 0.9517 0.2980
vn -0.1953 -0.0256 -0.9804
vn -0.1850 -0.0248 -0.9824
vn -0.1473 -0.6588 -0.7377
vn -0.1474 -0.6590 -0.7376
vn -0.1565 -0.6178 -0.7706
vn -0.1562 -0.6191 -0.7696
vn -0.1525 0.6418 -0.7516
vn -0.1528 0.6404 -0.7527
vn -0.1465 0.6712 -0.7266
vn -0.1466 0.6706 -0.7272
vn -0.0252 0.9932 -0.1139
vn -0.0212 0.9920 -0.1243
vn -0.0212 0.9920 -0.1242
vn 0.0080 0.9997 0.0228
vn 0.0081 0.9997 0.0230
vn -0.0020 0.9988 -0.0489
vn -0.0814 0.0171 -0.9965
vn -0.0773 0.0169 -0.9969
vn -0.1578 -0.8281 -0.5380
vn 0.0521 -0.8353 -0.5473
vn -0.0460 0.6380 -0.7686
vn -0.0459 0.6400 -0.7670
vn -0.0471 -0.6168 -0.7857
vn -0.0471 -0.6149 -0.7872
vn 0.0115 0.8069 -0.5906
vn -0.1327 0.8008 -0.5840
vn -0.2810 0.6620 -0.6949
vn 0.0734 0.6842 -0.7256
vn -0.0735 0.6842 -0.7256
vn 0.2809 0.6620 -0.6949
vn 0.1328 0.8008 -0.5840
vn -0.0114 0.8069 -0.5906
vn 0.0471 -0.6149 -0.7872
vn 0.0471 -0.6168 -0.7857
vn 0.0459 0.6400 -0.7670
vn 0.0460 0.6380 -0.7686
vn -0.0522 -0.8353 -0.5473
vn 0.1578 -0.8281 -0.5380
vn 0.0773 0.0169 -0.9969
vn 0.0814 0.0171 -0.9965
vn 0.0020 0.9988 -0.0489
vn 0.1952 -0.0248 -0.9804
vn 0.1953 -0.0256 -0.9804
vn 0.1473 -0.6590 -0.7376
vn 0.1473 -0.6588 -0.7377
vn 0.1562 -0.6191 -0.7696
vn 0.1565 -0.6178 -0.7706
vn 0.1528 0.6404 -0.7527
vn 0.1525 0.6418 -0.7516
vn 0.1466 0.6706 -0.7272
vn 0.1465 0.6712 -0.7266
vn 0.0252 0.9932 -0.1139
vn 0.0212 0.9920 -0.1242
vn 0.0212 0.9920 -0.1243
vn -0.0080 0.9997 0.0230
vn -0.0080 0.9997 0.0228
vn 0.0745 0.9517 0.2979
vn 0.1129 -0.9591 0.2595
vn -0.3681 0.3412 -0.8649
vn 0.5026 0.6082 -0.6144
vn 0.3897 -0.6488 -0.6535
vn 0.3189 -0.6512 -0.6887
vn -0.6363 -0.7712 0.0195
vn 0.4366 -0.7833 0.4425
vn 0.2491 0.6235 -0.7411
vn 0.2495 0.6225 -0.7418
vn 0.3187 0.0300 -0.9474
vn 0.3187 0.0301 -0.9474
vn 0.3848 -0.0266 -0.9226
vn 0.3955 -0.0281 -0.9180
vn 0.3956 -0.1088 -0.9120
vn 0.3818 -0.1000 -0.9188
vn 0.4669 -0.0608 -0.8822
vn 0.4705 -0.0607 -0.8803
vn 0.4696 0.0242 -0.8825
vn 0.4710 0.0243 -0.8818
vn 0.4700 -0.0258 -0.8823
vn 0.4700 -0.0253 -0.8823
vn 0.3833 0.5803 -0.7186
vn 0.3797 0.5908 -0.7119
vn 0.3124 0.7042 -0.6376
vn 0.3127 0.7035 -0.6382
vn 0.3316 0.6576 -0.6765
vn 0.3314 0.6583 -0.6759
vn 0.6661 0.4556 -0.5906
vn -0.1700 0.4757 -0.8630
vn -0.2639 0.9644 -0.0155
vn 0.2590 0.9654 0.0303
vn 0.4728 -0.1350 -0.8708
vn 0.4998 -0.1445 -0.8540
vn 0.4960 0.0369 -0.8675
vn 0.5069 0.0360 -0.8612
vn 0.1901 0.9265 -0.3248
vn 0.1915 0.9259 -0.3258
vn -0.2429 0.9343 0.2610
vn -0.2395 0.9360 0.2578
vn 0.3606 0.7715 -0.5242
vn 0.3650 0.7687 -0.5252
vn 0.0987 0.9866 -0.1297
vn 0.0987 0.9866 -0.1299
vn 0.1168 0.9816 -0.1513
vn 0.1167 0.9816 -0.1511
vn -0.0225 0.9976 0.0655
vn -0.0326 0.9969 0.0713
vn 0.2947 0.9025 -0.3141
vn 0.2882 0.9025 -0.3201
vn 0.6489 -0.2287 -0.7257
vn 0.6706 -0.2271 -0.7062
vn 0.6550 0.1745 -0.7352
vn 0.6492 0.1775 -0.7396
vn 0.3622 0.8324 -0.4193
vn 0.3633 0.8322 -0.4188
vn 0.7001 0.2601 -0.6650
vn 0.6993 0.2790 -0.6581
vn 0.6341 0.5014 -0.5887
vn 0.6327 0.4701 -0.6153
vn 0.3907 0.8030 -0.4501
vn 0.3902 0.8035 -0.4496
vn 0.6580 0.0472 -0.7516
vn 0.6581 0.0443 -0.7516
vn 0.7052 0.4439 -0.5529
vn 0.7757 0.3447 -0.5287
vn 0.2787 0.9398 -0.1978
vn 0.2718 0.9460 -0.1769
vn 0.6939 -0.1033 -0.7127
vn 0.6869 -0.0977 -0.7202
vn 0.6980 0.0575 -0.7138
vn 0.6924 0.0495 -0.7198
vn 0.1197 -0.9655 -0.2315
vn 0.2254 -0.9655 -0.1306
vn 0.2439 -0.9446 -0.2198
vn 0.1928 -0.9486 -0.2509
vn 0.1514 0.9805 -0.1255
vn 0.1510 0.9818 -0.1149
vn -0.1808 0.9681 0.1736
vn -0.1374 0.9723 0.1893
vn -0.0812 -0.9966 0.0158
vn 0.0620 -0.9962 0.0614
vn 0.5472 -0.8334 0.0774
vn 0.0667 -0.9928 -0.0996
vn 0.7998 0.3468 -0.4899
vn 0.8478 0.3032 -0.4351
vn 0.6910 0.6338 -0.3476
vn 0.6533 0.6413 -0.4023
vn 0.6638 0.5970 -0.4505
vn 0.6479 0.6283 -0.4307
vn 0.3223 0.9225 -0.2122
vn 0.3163 0.9250 -0.2106
vn 0.0443 0.9975 -0.0555
vn 0.0416 0.9979 -0.0502
vn -0.4696 0.8176 0.3331
vn -0.5024 0.8053 0.3148
vn -0.3541 0.8762 0.3268
vn -0.5196 0.8300 0.2028
vn 0.7113 0.6710 -0.2093
vn 0.8105 0.5856 0.0129
vn 0.8013 -0.5064 -0.3186
vn 0.8475 -0.4736 -0.2398
vn 0.4350 -0.8965 -0.0838
vn 0.3550 -0.9278 -0.1150
vn 0.8851 -0.0524 -0.4625
vn 0.8987 -0.0128 -0.4383
vn 0.8880 0.1116 -0.4462
vn 0.8514 0.0850 -0.5175
vn 0.8403 0.3617 -0.4039
vn 0.8153 0.3950 -0.4233
vn 0.8591 0.2622 -0.4396
vn 0.8531 0.3016 -0.4257
vn 0.0045 0.9995 0.0328
vn -0.0063 0.9993 0.0362
vn 0.5208 0.8424 -0.1382
vn 0.5191 0.8436 -0.1376
vn 0.3573 0.9237 -0.1384
vn 0.3581 0.9233 -0.1387
vn 0.6104 0.7598 -0.2239
vn 0.6122 0.7582 -0.2245
vn 0.3727 0.9193 -0.1263
vn 0.3725 0.9194 -0.1263
vn 0.8194 0.5032 -0.2743
vn 0.8193 0.5037 -0.2741
vn 0.2302 0.9730 -0.0180
vn 0.2223 0.9748 -0.0166
vn 0.8061 0.5776 -0.1287
vn 0.8049 0.5793 -0.1285
vn 0.5828 0.8009 -0.1375
vn 0.5814 0.8020 -0.1368
vn 0.8223 0.5382 -0.1846
vn 0.8262 0.5323 -0.1845
vn 0.9607 0.1964 -0.1961
vn 0.9611 0.1936 -0.1969
vn 0.9211 0.3388 -0.1915
vn 0.9202 0.3433 -0.1879
vn 0.8142 0.5567 -0.1651
vn 0.8135 0.5577 -0.1648
vn 0.9795 0.0428 -0.1969
vn 0.9796 0.0390 -0.1969
vn 0.2357 0.9718 -0.0067
vn 0.2285 0.9735 -0.0063
vn 0.7518 0.6583 -0.0393
vn 0.7512 0.6589 -0.0392
vn 0.4996 0.8654 -0.0391
vn 0.5013 0.8644 -0.0393
vn 0.7765 0.6276 -0.0566
vn 0.7721 0.6330 -0.0567
vn 0.5961 0.8019 -0.0412
vn 0.6004 0.7987 -0.0415
vn 0.6407 0.7666 -0.0438
vn 0.6362 0.7703 -0.0438
vn 0.8901 0.4518 -0.0609
vn 0.8890 0.4541 -0.0595
vn 0.9881 -0.1390 -0.0654
vn 0.9869 -0.1472 -0.0665
vn -0.0561 0.8881 -0.4562
vn -0.0769 0.9880 -0.1338
vn -0.5369 0.3011 -0.7881
vn -0.5425 0.3674 -0.7554
vn -0.1402 0.9751 -0.1721
vn -0.1469 0.9736 -0.1744
vn -0.5915 -0.2328 -0.7720
vn -0.5590 -0.1813 -0.8091
vn -0.6208 0.0945 -0.7783
vn -0.6058 0.0890 -0.7906
vn -0.1294 0.9748 -0.1815
vn -0.1289 0.9750 -0.1811
vn 0.0386 0.9968 0.0696
vn 0.0374 0.9970 0.0674
vn 0.2532 -0.9674 -0.0000
vn 0.7882 -0.6155 -0.0000
vn 0.1552 0.9879 -0.0000
vn 0.1504 -0.9886 -0.0000
vn 0.1988 0.9800 -0.0000
vn -0.0000 -0.9774 -0.2114
vn -0.0000 0.9991 -0.0432
vn -0.2510 0.9680 -0.0000
vn -0.1537 -0.9881 -0.0000
vn -0.0308 0.9952 0.0932
vn 0.0388 0.9932 -0.1094
vn 0.3305 0.6238 -0.7082
vn 0.3622 0.6252 -0.6913
vn 0.3998 0.6916 -0.6016
vn 0.3995 0.6918 -0.6016
vn 0.3849 0.7194 -0.5782
vn 0.3852 0.7192 -0.5783
vn 0.3386 0.6460 -0.6841
vn 0.3540 0.6026 -0.7153
vn 0.4436 -0.0000 -0.8962
vn 0.5961 -0.0000 -0.8029
vn 0.0576 0.9963 -0.0633
vn 0.0583 0.9962 -0.0642
vn 0.6558 -0.0869 -0.7499
vn 0.6562 -0.0855 -0.7497
vn 0.6575 0.0270 -0.7530
vn 0.6571 0.0291 -0.7532
vn 0.4669 0.7032 -0.5362
vn 0.4675 0.7025 -0.5366
vn 0.5818 0.5999 -0.5492
vn 0.5640 0.6312 -0.5325
vn 0.5816 0.6001 -0.5491
vn 0.5976 0.5697 -0.5642
vn 0.5463 0.5512 -0.6307
vn 0.5454 0.5532 -0.6297
vn 0.6566 -0.0614 -0.7517
vn 0.6564 -0.0663 -0.7515
vn 0.0931 0.9936 -0.0643
vn 0.7668 -0.0940 -0.6350
vn 0.7329 -0.2362 -0.6381
vn 0.6634 -0.4769 -0.5765
vn 0.5818 -0.6441 -0.4967
vn 0.2868 -0.8507 -0.4406
vn 0.1879 -0.9713 -0.1458
vn 0.4745 -0.7995 -0.3683
vn 0.1527 -0.8069 -0.5707
vn 0.7397 -0.1620 -0.6532
vn 0.7406 -0.1420 -0.6567
vn -0.0614 0.9954 0.0732
vn -0.0595 0.9957 0.0716
vn -0.8726 -0.1111 0.4756
vn -0.8674 0.2073 0.4524
vn 0.6579 0.5990 -0.4565
vn 0.7922 0.4314 -0.4318
vn 0.6271 -0.6145 -0.4786
vn 0.6396 -0.5939 -0.4881
vn 0.7949 -0.0111 -0.6066
vn 0.7949 -0.0116 -0.6066
vn 0.7949 0.0117 -0.6066
vn 0.7949 0.0114 -0.6066
vn 0.6365 0.5993 -0.4856
vn 0.6191 0.6273 -0.4724
vn 0.7684 0.5068 -0.3909
vn 0.7524 0.4696 -0.4619
vn 0.8277 -0.1484 -0.5413
vn 0.8408 -0.1869 -0.5080
vn 0.0071 1.0000 -0.0003
vn -0.0071 1.0000 0.0003
vn 0.9965 0.0658 -0.0512
vn 0.9966 0.0652 -0.0512
vn 0.9655 0.2518 -0.0660
vn 0.9662 0.2491 -0.0661
vn 0.9407 0.3331 -0.0644
vn 0.9403 0.3341 -0.0644
vn 0.9969 -0.0196 -0.0768
vn 0.9969 -0.0188 -0.0768
vn 0.9930 -0.0899 -0.0765
vn 0.9933 -0.0868 -0.0767
vn 0.9934 0.0856 -0.0765
vn 0.9934 0.0850 -0.0765
vn 0.2453 0.9695 -0.0000
vn 0.1255 -0.9921 -0.0000
vn -0.0000 0.9850 -0.1724
vn -0.0000 -0.3738 -0.9275
vn -0.0000 -0.8092 -0.5876
vn -0.2524 -0.9676 -0.0000
vn -0.1713 0.9852 -0.0000
vn -0.0866 0.9962 -0.0000
vn 0.0866 0.9962 -0.0000
vn 0.1713 0.9852 -0.0000
vn 0.2524 -0.9676 -0.0000
vn -0.4859 0.8280 0.2799
vn -0.4948 0.8215 0.2834
vn -0.1451 0.9819 0.1214
vn -0.1471 0.9815 0.1225
vn -0.4037 0.8954 0.1878
vn -0.4022 0.8965 0.1858
vn -0.2021 0.9748 0.0939
vn -0.2008 0.9754 0.0909
vn -0.8778 -0.1763 0.4453
vn -0.8784 -0.1782 0.4435
vn -0.8793 0.1037 0.4648
vn -0.8791 0.1017 0.4656
vn -0.9345 -0.1860 0.3036
vn -0.9330 -0.1796 0.3119
vn -0.9077 0.2598 0.3296
vn -0.8920 0.2881 0.3483
vn -0.0045 0.9995 -0.0328
vn 0.0063 0.9993 -0.0362
vn -0.5208 0.8424 0.1382
vn -0.5191 0.8436 0.1376
vn -0.3573 0.9237 0.1384
vn -0.3581 0.9233 0.1387
vn -0.6104 0.7598 0.2239
vn -0.6122 0.7582 0.2245
vn -0.3727 0.9193 0.1263
vn -0.3725 0.9194 0.1263
vn -0.8194 0.5032 0.2743
vn -0.8193 0.5037 0.2741
vn -0.8490 -0.4999 0.1712
vn -0.8483 -0.5012 0.1710
vn -0.9607 0.1957 0.1969
vn -0.9608 0.1950 0.1970
vn -0.6215 0.7714 0.1370
vn -0.6229 0.7701 0.1373
vn -0.3589 0.9295 0.0850
vn -0.3596 0.9292 0.0852
vn -0.5241 0.8475 0.0839
vn -0.5231 0.8481 0.0837
vn -0.0028 0.9998 -0.0177
vn 0.0032 0.9998 -0.0188
vn -0.0018 1.0000 -0.0062
vn 0.0011 1.0000 -0.0068
vn -0.6048 0.7957 0.0318
vn -0.6046 0.7959 0.0317
vn -0.7966 0.6032 0.0405
vn -0.7987 0.6004 0.0405
vn -0.8903 0.4530 0.0467
vn -0.8870 0.4594 0.0462
vn -0.7677 0.6386 0.0527
vn -0.8551 0.5151 0.0585
vn -0.8551 0.5151 0.0584
vn -0.6731 0.7381 0.0462
vn -0.6715 0.7395 0.0461
vn -0.9606 0.2702 0.0646
vn -0.9685 0.2406 0.0647
vn -0.6800 0.7332 -0.0000
vn -0.3285 0.9445 -0.0000
vn -0.8120 0.5836 -0.0000
vn -0.7220 0.6919 -0.0000
vn 0.9018 0.4321 -0.0000
vn 0.5711 0.8209 -0.0000
vn 0.3285 0.9445 -0.0000
vn -0.3223 0.8669 -0.3803
vn -0.3244 0.8668 -0.3787
vn -0.6310 0.2174 -0.7447
vn -0.5905 0.1639 -0.7902
vn -0.6173 0.1594 -0.7704
vn -0.6390 0.1514 -0.7542
vn -0.2135 0.9451 -0.2472
vn -0.2092 0.9470 -0.2436
vn -0.6424 0.1126 -0.7581
vn -0.6555 0.0951 -0.7492
vn -0.6574 -0.0404 -0.7524
vn -0.6471 -0.1298 -0.7513
vn -0.0640 0.9950 -0.0764
vn -0.1170 0.9847 -0.1291
vn 0.2587 -0.9660 -0.0000
vn 0.1758 0.9844 -0.0000
vn 0.0889 0.9960 -0.0000
vn -0.0094 -1.0000 0.0001
vn -0.0000 -0.8320 0.5547
vn -0.0057 -1.0000 -0.0004
vn 0.0057 -1.0000 0.0004
vn 0.0219 -0.9998 0.0034
vn -0.0219 -0.9998 -0.0034
vn 0.0388 -0.9992 0.0098
vn -0.0388 -0.9992 -0.0098
vn -0.9231 -0.0000 -0.3845
vn -0.8742 -0.0000 -0.4855
vn -0.8879 0.0876 -0.4517
vn -0.8235 0.1716 -0.5408
vn -0.7437 -0.4901 -0.4546
vn -0.7686 -0.4615 -0.4431
vn 0.4826 -0.8121 0.3281
vn 0.3155 -0.9327 0.1750
vn -0.2385 -0.9539 -0.1820
vn -0.7950 -0.0000 -0.6066
vn -0.6272 0.6145 -0.4785
vn -0.6238 0.6497 -0.4345
vn -0.6342 0.6414 -0.4318
vn -0.0452 -0.9988 -0.0196
vn -0.0183 -0.9997 -0.0133
vn -0.0777 -0.9949 -0.0644
vn -0.7385 0.1249 -0.6626
vn -0.6809 0.3414 -0.6479
vn -0.6786 0.2153 -0.7023
vn -0.7091 0.2945 -0.6407
vn -0.5325 0.6424 -0.5511
vn -0.3598 0.5903 -0.7225
vn 0.0611 0.9772 -0.2033
vn 0.1609 0.9728 0.1666
vn -0.7386 0.2049 -0.6422
vn -0.7407 0.1921 -0.6438
vn 0.0208 -0.9998 0.0010
vn 0.0157 -0.9999 -0.0036
vn -0.6573 0.0340 -0.7529
vn -0.6573 0.0291 -0.7530
vn -0.5513 -0.5397 -0.6362
vn -0.5522 -0.5376 -0.6372
vn -0.5816 -0.6001 -0.5492
vn -0.5818 -0.5999 -0.5493
vn -0.5295 -0.5900 -0.6096
vn -0.5287 -0.5916 -0.6087
vn -0.6560 0.0892 -0.7495
vn -0.6558 0.0933 -0.7491
vn -0.6588 0.0028 -0.7523
vn -0.6589 0.0056 -0.7522
vn 0.0091 -0.9998 0.0152
vn 0.0106 -0.9998 0.0169
vn -0.6082 -0.0000 -0.7938
vn -0.4697 -0.6353 -0.6130
vn -0.4802 -0.6136 -0.6268
vn -0.2333 0.4102 -0.8816
vn -0.2295 0.3509 -0.9079
vn -0.1349 0.7496 -0.6480
vn -0.1457 0.7879 -0.5983
vn -0.2815 -0.6787 -0.6783
vn -0.2929 -0.5125 -0.8072
vn 0.0564 -0.9981 -0.0250
vn -0.0564 -0.9981 0.0255
vn -0.4058 -0.0000 -0.9140
vn -0.3171 -0.6238 -0.7144
vn -0.3127 -0.6374 -0.7043
vn -0.2503 0.3572 -0.8999
vn -0.1954 0.3527 -0.9151
vn -0.1186 0.7626 -0.6359
vn -0.1685 0.7527 -0.6365
vn -0.2369 -0.6316 -0.7382
vn -0.2823 -0.6295 -0.7240
vn -0.0943 -0.9927 -0.0747
vn 0.0886 -0.9944 0.0580
vn -0.2397 -0.6645 -0.7078
vn -0.2396 -0.6646 -0.7077
vn -0.2354 -0.6799 -0.6945
vn -0.2354 -0.6797 -0.6947
vn -0.3458 -0.6006 -0.7209
vn -0.3354 -0.7069 -0.6228
vn -0.0496 -0.9984 0.0278
vn 0.0494 -0.9984 -0.0283
vn -0.1946 0.0791 -0.9777
vn -0.1946 0.0785 -0.9777
vn -0.1491 0.6477 -0.7472
vn -0.1490 0.6479 -0.7470
vn -0.1570 0.6143 -0.7733
vn -0.1479 -0.6627 -0.7341
vn -0.1481 -0.6619 -0.7348
vn -0.0250 -0.9933 -0.1130
vn -0.0216 -0.9918 -0.1263
vn 0.0088 -0.9996 0.0271
vn 0.0089 -0.9996 0.0274
vn -0.0649 0.0731 -0.9952
vn -0.0649 0.0740 -0.9951
vn -0.0489 0.6471 -0.7609
vn -0.0489 0.6467 -0.7612
vn -0.0459 -0.6395 -0.7674
vn -0.0506 -0.6621 -0.7477
vn -0.0506 -0.6615 -0.7483
vn -0.0096 -0.9933 -0.1154
vn -0.0096 -0.9933 -0.1155
vn -0.0059 -0.9918 -0.1280
vn -0.0059 -0.9918 -0.1279
vn 0.0041 -0.9997 0.0255
vn 0.0041 -0.9997 0.0257
vn 0.0648 0.0740 -0.9951
vn 0.0649 0.0731 -0.9952
vn 0.0489 0.6467 -0.7612
vn 0.0490 0.6471 -0.7609
vn 0.0459 -0.6395 -0.7674
vn 0.0506 -0.6615 -0.7483
vn 0.0506 -0.6621 -0.7477
vn 0.0096 -0.9933 -0.1155
vn 0.0096 -0.9933 -0.1154
vn 0.0059 -0.9918 -0.1279
vn 0.0059 -0.9918 -0.1280
vn -0.0042 -0.9997 0.0257
vn -0.0041 -0.9997 0.0255
vn 0.1946 0.0785 -0.9777
vn 0.1946 0.0791 -0.9777
vn 0.1490 0.6479 -0.7470
vn 0.1490 0.6477 -0.7472
vn 0.1570 0.6143 -0.7733
vn 0.1481 -0.6619 -0.7348
vn 0.1479 -0.6627 -0.7341
vn 0.0250 -0.9933 -0.1130
vn 0.0216 -0.9918 -0.1263
vn -0.0089 -0.9996 0.0274
vn -0.0088 -0.9996 0.0271
vn 0.2397 -0.6646 -0.7077
vn 0.2397 -0.6645 -0.7078
vn 0.2354 -0.6797 -0.6947
vn 0.2353 -0.6799 -0.6946
vn 0.3354 -0.7069 -0.6228
vn 0.3458 -0.6006 -0.7209
vn -0.0493 -0.9984 -0.0282
vn 0.0496 -0.9984 0.0278
vn 0.4058 -0.0000 -0.9140
vn 0.3127 -0.6374 -0.7043
vn 0.3171 -0.6238 -0.7144
vn 0.1954 0.3527 -0.9151
vn 0.2503 0.3572 -0.8999
vn 0.1685 0.7526 -0.6366
vn 0.1185 0.7626 -0.6359
vn 0.2823 -0.6294 -0.7239
vn 0.2370 -0.6316 -0.7382
vn -0.0885 -0.9944 0.0580
vn 0.0944 -0.9927 -0.0747
vn 0.5516 0.0822 -0.8301
vn 0.5519 0.0766 -0.8304
vn 0.4239 0.6355 -0.6453
vn 0.4228 0.6377 -0.6438
vn 0.4272 0.5919 -0.6835
vn 0.4233 0.6018 -0.6772
vn 0.4117 -0.6297 -0.6587
vn 0.4160 -0.6195 -0.6657
vn 0.4159 -0.6552 -0.6306
vn 0.4168 -0.6535 -0.6318
vn 0.0726 -0.9903 -0.1182
vn 0.0727 -0.9903 -0.1183
vn 0.5170 0.0191 -0.8558
vn 0.5187 0.0214 -0.8547
vn 0.6234 -0.1538 -0.7666
vn 0.6059 -0.1651 -0.7782
vn -0.0000 -0.8318 0.5550
vn 0.0097 -1.0000 -0.0001
vn -0.6059 -0.1651 -0.7782
vn -0.6234 -0.1538 -0.7666
vn -0.5187 0.0214 -0.8547
vn -0.5170 0.0191 -0.8558
vn -0.0727 -0.9903 -0.1183
vn -0.0726 -0.9903 -0.1182
vn -0.4168 -0.6535 -0.6318
vn -0.4159 -0.6552 -0.6306
vn -0.4160 -0.6195 -0.6657
vn -0.4117 -0.6297 -0.6587
vn -0.4233 0.6018 -0.6772
vn -0.4272 0.5919 -0.6835
vn -0.4228 0.6377 -0.6438
vn -0.4239 0.6355 -0.6453
vn -0.5519 0.0766 -0.8304
vn -0.5516 0.0822 -0.8301
vn 0.6082 -0.0000 -0.7938
vn 0.4802 -0.6136 -0.6268
vn 0.4697 -0.6353 -0.6130
vn 0.2295 0.3509 -0.9079
vn 0.2333 0.4103 -0.8816
vn 0.1456 0.7879 -0.5983
vn 0.1350 0.7496 -0.6479
vn 0.2929 -0.5125 -0.8072
vn 0.2815 -0.6787 -0.6783
vn 0.0563 -0.9981 0.0254
vn -0.0566 -0.9981 -0.0250
vn 0.6573 0.0291 -0.7531
vn 0.6573 0.0340 -0.7528
vn 0.5522 -0.5376 -0.6372
vn 0.5513 -0.5397 -0.6363
vn 0.5816 -0.6001 -0.5492
vn 0.5818 -0.5999 -0.5493
vn 0.5287 -0.5916 -0.6087
vn 0.5295 -0.5900 -0.6095
vn 0.6557 0.0933 -0.7492
vn 0.6560 0.0892 -0.7495
vn 0.6588 0.0056 -0.7523
vn 0.6589 0.0028 -0.7522
vn -0.0106 -0.9998 0.0169
vn -0.0091 -0.9998 0.0152
vn 0.0777 -0.9949 -0.0644
vn 0.6812 0.3414 -0.6477
vn 0.7385 0.1249 -0.6625
vn 0.7091 0.2945 -0.6407
vn 0.6786 0.2153 -0.7023
vn 0.3598 0.5903 -0.7225
vn 0.5325 0.6424 -0.5511
vn -0.1609 0.9728 0.1666
vn -0.0611 0.9772 -0.2033
vn 0.7407 0.1921 -0.6438
vn 0.7385 0.2049 -0.6423
vn -0.0157 -0.9999 -0.0036
vn -0.0208 -0.9998 0.0010
vn 0.8235 0.1716 -0.5408
vn 0.8879 0.0876 -0.4517
vn 0.7685 -0.4615 -0.4431
vn 0.7438 -0.4901 -0.4546
vn -0.3155 -0.9327 0.1750
vn -0.4826 -0.8121 0.3282
vn 0.2385 -0.9539 -0.1820
vn 0.7950 -0.0000 -0.6066
vn 0.6272 0.6145 -0.4785
vn 0.6342 0.6414 -0.4318
vn 0.6238 0.6497 -0.4345
vn 0.0184 -0.9997 -0.0133
vn 0.0452 -0.9988 -0.0196
vn 0.9231 -0.0000 -0.3845
vn 0.8742 -0.0000 -0.4855
vn 0.0388 -0.9992 -0.0098
vn -0.0388 -0.9992 0.0098
vn 0.0219 -0.9998 -0.0034
vn -0.0219 -0.9998 0.0034
vn -0.0057 -1.0000 0.0004
vn 0.0057 -1.0000 -0.0004
vn -0.0000 -0.3599 0.9330
vn -0.0000 0.3599 -0.9330
vn -0.0000 0.4053 -0.9142
vn -0.0000 -0.4052 0.9142
vn -0.0000 -0.4496 0.8932
vn -0.0000 0.4496 -0.8932
vn -0.0000 0.4929 -0.8701
vn -0.0000 -0.4929 0.8701
vn -0.0000 -0.5350 0.8448
vn -0.0000 0.5350 -0.8448
vn -0.0000 0.5758 -0.8176
vn -0.0000 -0.5758 0.8176
vn -0.0000 -0.6152 0.7883
vn -0.0000 0.6152 -0.7883
vn -0.0000 0.6532 -0.7572
vn -0.0000 -0.6531 0.7572
vn -0.0000 0.6895 -0.7242
vn -0.0000 -0.6895 0.7243
vn -0.0000 -0.6895 -0.7243
vn -0.0000 0.6895 0.7242
vn -0.0000 -0.6531 -0.7572
vn -0.0000 0.6532 0.7572
vn -0.0000 -0.6152 -0.7883
vn -0.0000 0.6152 0.7883
vn -0.0000 -0.5758 -0.8176
vn -0.0000 0.5758 0.8176
vn -0.0000 -0.5350 -0.8448
vn -0.0000 0.5350 0.8448
vn -0.0000 0.4929 0.8701
vn -0.0000 -0.4929 -0.8701
vn -0.0000 -0.4496 -0.8932
vn -0.0000 0.4496 0.8932
vn -0.0000 -0.4052 -0.9142
vn -0.0000 0.4053 0.9142
vn -0.0000 -0.3599 -0.9330
vn -0.0000 0.3599 0.9330
vn -0.0000 0.3137 0.9495
vn -0.0000 -0.3137 -0.9495
vn -0.0000 -0.2667 -0.9638
vn -0.0000 0.2668 0.9638
vn -0.0000 0.2668 -0.9638
vn -0.0000 -0.2667 0.9638
vn -0.0000 -0.3137 0.9495
vn -0.0000 0.3137 -0.9495
vn -0.0000 0.2191 0.9757
vn -0.0000 -0.2191 -0.9757
vn -0.0000 -0.1710 -0.9853
vn -0.0000 0.1710 0.9853
vn -0.0000 0.1224 0.9925
vn -0.0000 -0.1224 -0.9925
vn -0.0000 0.0736 0.9973
vn -0.0000 -0.0735 -0.9973
vn -0.0000 -0.0245 -0.9997
vn -0.0000 0.0245 0.9997
vn -0.0000 -0.0245 0.9997
vn -0.0000 0.0245 -0.9997
vn -0.0000 0.0736 -0.9973
vn -0.0000 -0.0735 0.9973
vn -0.0000 -0.1224 0.9925
vn -0.0000 0.1224 -0.9925
vn -0.0000 0.1710 -0.9853
vn -0.0000 -0.1710 0.9853
vn -0.0000 -0.2191 0.9757
vn -0.0000 0.2191 -0.9757
vn -0.2488 -0.3137 0.9163
vn -0.0000 0.7071 -0.7071
vn -0.0000 -0.7071 -0.7071
vn -0.0000 0.7071 0.7071
vn 0.8701 0.4929 -0.0000
vn -0.9040 0.4276 -0.0000
vn -0.9040 0.4275 -0.0000
vn -0.0000 -0.4472 -0.8944
vn -0.0000 0.4472 -0.8944
vn -0.9892 0.1468 -0.0000
vn -0.9988 0.0490 -0.0000
vn -0.9988 -0.0490 -0.0000
vn -0.9892 -0.1468 -0.0000
vn -0.9416 -0.3368 -0.0000
vn -0.9415 -0.3369 -0.0000
vn -0.0000 0.4472 0.8944
vn -0.9040 -0.4275 -0.0000
vn 0.8701 -0.4929 -0.0000
vn -0.6716 -0.7409 -0.0000
vn -0.2489 0.3137 -0.9163
vn -0.1114 -0.0296 0.9933
vn -0.1965 -0.4381 0.8772
vn -0.0000 -0.9701 -0.2425
vn 0.0001 0.0003 -1.0000
vn -0.0000 0.6153 0.7883
vn -0.0000 -0.6153 -0.7883
vn -0.0000 0.4052 0.9142
vn -0.0000 0.0735 0.9973
vn -0.0000 0.0735 -0.9973
vn -0.0000 0.4052 -0.9142
vn -0.0000 0.6153 -0.7883
vn -0.0000 -0.6153 0.7883
vn -0.0000 0.8944 0.4472
vn 0.4275 -0.9040 -0.0000
vn -0.0000 -0.8944 -0.4472
vn 0.0165 -0.9259 -0.3773
vn -0.0125 -0.9946 -0.1031
vn -0.0000 0.9701 0.2425
vn 0.2488 0.3137 -0.9163
vn -0.8701 -0.4929 -0.0000
vn 0.9040 -0.4276 -0.0000
vn 0.9040 -0.4275 -0.0000
vn 0.9892 -0.1468 -0.0000
vn 0.9988 -0.0490 -0.0000
vn 0.9988 0.0490 -0.0000
vn 0.9892 0.1468 -0.0000
vn 0.9416 0.3368 -0.0000
vn 0.9415 0.3369 -0.0000
vn -0.0000 -0.4472 0.8944
vn 0.9040 0.4275 -0.0000
vn -0.8701 0.4929 -0.0000
vn 0.6716 0.7409 -0.0000
vn 0.2489 -0.3137 0.9163
vn -0.0000 -0.0003 1.0000
vn -0.4275 -0.9040 -0.0000
vn -0.2488 0.3137 0.9163
vn -0.6715 -0.7410 -0.0000
vn -0.0000 -0.2425 -0.9701
vn -0.0000 0.2425 0.9701
vn -0.9813 -0.1749 -0.0808
vn -0.9815 -0.1148 0.1533
vn -0.9815 0.1148 0.1533
vn -0.0000 0.2425 -0.9701
vn -0.0000 -0.2425 0.9701
vn -0.9416 0.3368 -0.0000
vn -0.9415 0.3369 -0.0000
vn -0.6716 0.7409 -0.0000
vn -0.2489 -0.3137 -0.9163
vn 0.2488 -0.3137 -0.9163
vn 0.6715 0.7410 -0.0000
vn 0.9813 0.1749 -0.0808
vn 0.9815 0.1148 0.1533
vn 0.9815 -0.1148 0.1533
vn 0.9416 -0.3368 -0.0000
vn 0.9415 -0.3369 -0.0000
vn 0.6716 -0.7409 -0.0000
vn 0.2489 0.3137 0.9163
vn 0.4276 -0.9040 -0.0000
vn 0.4276 -0.9039 -0.0000
vn 0.8338 -0.5521 -0.0000
vn -0.8338 -0.5521 -0.0000
vn 0.9925 -0.1221 -0.0000
vn -0.9925 0.1222 -0.0000
vn -0.9375 0.2298 -0.2615
vn -0.0000 0.9055 0.4244
vn -0.0000 -0.9055 -0.4244
vn 0.9375 0.2298 -0.2614
vn -0.0000 -0.9989 0.0468
vn -0.0000 -0.9903 0.1393
vn -0.0000 0.9736 0.2282
vn -0.0000 0.9829 0.1843
vn -0.4645 -0.8855 -0.0000
vn -0.1300 -0.9915 -0.0000
vn 0.8619 -0.0000 0.5070
vn -0.4645 0.8855 -0.0000
vn 0.1300 -0.9915 -0.0000
vn 0.4645 -0.8855 -0.0000
vn 0.4645 0.8855 -0.0000
vn 0.9594 -0.0000 -0.2822
vn -0.8619 -0.0000 0.5070
vn -0.9594 -0.0000 -0.2822
vn -0.0000 -0.3978 0.9175
vn -0.9073 -0.4205 -0.0000
vn -0.2236 0.3877 -0.8942
vn -0.1173 -0.9931 -0.0000
vn -0.2300 0.9732 -0.0000
vn 0.9073 0.4205 -0.0000
vn -0.0000 -0.9685 -0.2489
vn -0.0001 -1.0000 -0.0000
vn 0.2300 0.9732 -0.0000
vn 0.1173 -0.9931 -0.0000
vn 0.2236 0.3877 -0.8942
vn 0.9988 -0.0491 -0.0000
vn 0.9988 0.0491 -0.0000
vn 0.9979 -0.0000 -0.0654
vn 0.9892 0.1467 -0.0000
vn 0.9979 -0.0000 0.0654
vn -0.9979 -0.0000 0.0654
vn 0.9892 -0.1467 -0.0000
vn -0.9979 -0.0000 -0.0654
vn 0.9700 0.2430 -0.0000
vn 0.9700 -0.2430 -0.0000
vn 0.8577 -0.5141 -0.0000
vn 0.9808 -0.0000 -0.1951
vn 0.8577 0.5141 -0.0000
vn 0.8032 0.5957 -0.0000
vn 0.9469 -0.0000 -0.3214
vn 0.8969 -0.0000 -0.4423
vn 0.7410 -0.6716 -0.0000
vn 0.8032 -0.5957 -0.0000
vn 0.8315 -0.0000 -0.5556
vn 0.7518 -0.0000 -0.6593
vn 0.6593 -0.0000 -0.7518
vn 0.7410 0.6716 -0.0000
vn 0.5556 -0.0000 -0.8315
vn 0.6716 0.7410 -0.0000
vn 0.4423 -0.0000 -0.8969
vn 0.3214 -0.0000 -0.9469
vn 0.1951 -0.0000 -0.9808
vn 0.5957 -0.8032 -0.0000
vn 0.6716 -0.7410 -0.0000
vn 0.5957 0.8032 -0.0000
vn 0.5141 0.8577 -0.0000
vn 0.0654 -0.0000 -0.9979
vn -0.0654 -0.0000 -0.9979
vn -0.1951 -0.0000 -0.9808
vn -0.3214 -0.0000 -0.9469
vn 0.5141 -0.8577 -0.0000
vn -0.4423 -0.0000 -0.8969
vn -0.5556 -0.0000 -0.8315
vn 0.4275 0.9040 -0.0000
vn 0.3369 0.9415 -0.0000
vn 0.1467 0.9892 -0.0000
vn 0.0491 0.9988 -0.0000
vn -0.6593 -0.0000 -0.7518
vn 0.2430 0.9700 -0.0000
vn -0.7518 -0.0000 -0.6593
vn -0.8315 -0.0000 -0.5556
vn -0.8969 -0.0000 -0.4423
vn -0.9469 -0.0000 -0.3214
vn -0.0491 0.9988 -0.0000
vn -0.1467 0.9892 -0.0000
vn -0.2430 0.9700 -0.0000
vn -0.3369 0.9415 -0.0000
vn -0.9808 -0.0000 -0.1951
vn -0.4275 0.9040 -0.0000
vn -0.5141 0.8577 -0.0000
vn -0.5141 -0.8577 -0.0000
vn -0.4276 -0.9040 -0.0000
vn -0.5957 0.8032 -0.0000
vn -0.6716 0.7410 -0.0000
vn -0.6716 -0.7410 -0.0000
vn -0.5957 -0.8032 -0.0000
vn -0.7410 0.6716 -0.0000
vn -0.8032 0.5957 -0.0000
vn -0.8032 -0.5957 -0.0000
vn -0.7410 -0.6716 -0.0000
vn -0.8577 0.5141 -0.0000
vn -0.8577 -0.5141 -0.0000
vn -0.9700 0.2430 -0.0000
vn -0.9700 -0.2430 -0.0000
vn -0.9988 0.0491 -0.0000
vn -0.9988 -0.0491 -0.0000
vn -0.9892 -0.1467 -0.0000
vn -0.9892 0.1467 -0.0000
vn 0.9808 -0.0000 0.1951
vn 0.9469 -0.0000 0.3214
vn 0.7518 -0.0000 0.6593
vn 0.8315 -0.0000 0.5556
vn 0.8969 -0.0000 0.4423
vn 0.6593 -0.0000 0.7518
vn 0.5556 -0.0000 0.8315
vn 0.3214 -0.0000 0.9469
vn 0.4423 -0.0000 0.8969
vn 0.0654 -0.0000 0.9979
vn 0.1951 -0.0000 0.9808
vn -0.0654 -0.0000 0.9979
vn -0.1951 -0.0000 0.9808
vn -0.3214 -0.0000 0.9469
vn -0.6593 -0.0000 0.7518
vn -0.5556 -0.0000 0.8315
vn -0.4423 -0.0000 0.8969
vn -0.7518 -0.0000 0.6593
vn -0.8315 -0.0000 0.5556
vn -0.8969 -0.0000 0.4423
vn -0.9808 -0.0000 0.1951
vn -0.9469 -0.0000 0.3214
vn 0.3369 -0.9415 -0.0000
vn 0.1467 -0.9892 -0.0000
vn 0.2430 -0.9700 -0.0000
vn -0.1467 -0.9892 -0.0000
vn -0.0491 -0.9988 -0.0000
vn -0.3369 -0.9415 -0.0000
vn -0.2430 -0.9700 -0.0000
vn -0.9040 -0.4276 -0.0000
vt 0.623825 0.240029
vt 0.595703 0.240029
vt 0.595703 0.001466
vt 0.625000 0.001466
vt 0.625000 0.240029
vt 0.623852 0.240257
vt 0.625000 0.240267
vt 0.595703 0.000733
vt 0.625000 0.000733
vt 0.623534 0.748534
vt 0.595703 0.748534
vt 0.595703 0.509971
vt 0.625000 0.509971
vt 0.625000 0.748534
vt 0.625000 0.500000
vt 0.625000 0.503630
vt 0.624979 0.503627
vt 0.624095 0.749095
vt 0.625000 0.749097
vt 0.625000 0.749267
vt 0.595703 0.749267
vt 0.476912 0.507094
vt 0.477054 0.507087
vt 0.477054 0.514881
vt 0.386429 0.514881
vt 0.386429 0.511429
vt 0.386429 0.500000
vt 0.476783 0.500000
vt 0.387703 0.240831
vt 0.378641 0.240238
vt 0.378641 0.240000
vt 0.388524 0.240000
vt 0.385000 0.510000
vt 0.378641 0.510000
vt 0.378641 0.503641
vt 0.421081 0.503014
vt 0.125000 0.750000
vt 0.375000 1.000000
vt 0.375000 0.000000
vt 0.000000 0.000000
vt 0.625000 1.000000
vt 0.875000 0.750000
vt 0.625000 0.000000
vt 0.625000 0.000000
vt 0.125000 0.500000
vt 0.375000 0.250000
vt 0.625000 1.000000
vt 0.875000 0.500000
vt 0.625000 0.250000
vt 0.625000 0.250000
vt 0.625000 0.250000
vt 0.375000 0.250000
vt 0.375000 0.250000
vt 0.375000 0.750000
vt 0.625000 0.750000
vt 0.625000 0.750000
vt 0.625000 0.750000
vt 0.375000 0.500000
vt 0.625000 0.500000
vt 0.625000 0.500000
vt 0.875000 0.500000
vt 0.875000 0.500000
vt 0.375000 0.750000
vt 0.375000 0.500000
vt 0.375000 0.500000
vt 0.375000 0.500000
vt 0.625000 0.500000
vt 0.625000 0.500000
vt 0.125000 0.500000
vt 0.625000 0.250000
vt 0.625000 0.250000
vt 0.625000 0.250000
vt 0.375000 0.500000
vt 0.375000 0.500000
vt 0.375000 0.500000
vt 0.375000 0.500000
vt 0.595703 0.250000
vt 0.595703 0.250000
vt 0.595703 0.250000
vt 0.595703 0.500000
vt 0.375000 0.250000
vt 0.375000 0.250000
vt 0.375000 0.250000
vt 0.375000 0.250000
vt 0.439828 0.188859
vt 0.069615 0.622283
vt 0.541803 0.297500
vt 0.930386 0.622283
vt 0.439828 0.561141
vt 0.541803 0.306667
vt 0.069615 0.850543
vt 0.439828 0.074728
vt 0.541803 0.952500
vt 0.439828 0.675272
vt 0.930386 0.850543
vt 0.930385 0.850543
vt 0.541803 0.943333
vt 0.930385 0.622283
vt 0.541803 0.452500
vt 0.541803 0.452500
vt 0.069614 0.622283
vt 0.541803 0.443333
vt 0.069614 0.850543
vt 0.541803 0.806667
vt 0.930385 0.850543
vt 0.930385 0.850543
vt 0.541803 0.797500
vt 0.375000 0.529762
vt 0.125000 0.529762
vt 0.386429 0.257083
vt 0.867916 0.748533
vt 0.378641 0.749265
vt 0.378641 0.749265
vt 0.477054 0.250000
vt 0.875000 0.749265
vt 0.625000 0.749265
vt 0.477054 0.257083
vt 0.386429 0.492917
vt 0.386429 0.492917
vt 0.378641 0.000735
vt 0.632084 0.748534
vt 0.625000 0.749265
vt 0.477054 0.500000
vt 0.625000 0.000735
vt 0.477054 0.492917
vt 0.380952 0.992917
vt 0.378641 0.510000
vt 0.867917 0.509971
vt 0.380952 0.757083
vt 0.632083 0.509971
vt 0.867917 0.500000
vt 0.527913 0.500000
vt 0.527913 0.250000
vt 0.625000 0.992917
vt 0.867917 0.750000
vt 0.527913 0.510000
vt 0.632083 0.750000
vt 0.625000 0.757083
vt 0.527913 0.240000
vt 0.632083 0.500000
vt 0.386429 0.282708
vt 0.386429 0.282708
vt 0.842291 0.748533
vt 0.386429 0.271458
vt 0.853541 0.748533
vt 0.403897 0.879032
vt 0.403897 0.879032
vt 0.403897 0.879032
vt 0.403897 0.879032
vt 0.853542 0.691978
vt 0.842292 0.667777
vt 0.843750 0.667777
vt 0.564516 0.718542
vt 0.564516 0.718542
vt 0.564516 0.718542
vt 0.554436 0.717391
vt 0.403897 0.858871
vt 0.502518 0.271458
vt 0.502518 0.282708
vt 0.386429 0.478542
vt 0.646459 0.748534
vt 0.657709 0.748534
vt 0.386429 0.467292
vt 0.596104 0.879032
vt 0.646459 0.691978
vt 0.646459 0.691978
vt 0.657708 0.667776
vt 0.564516 0.031458
vt 0.656250 0.667776
vt 0.554436 0.032609
vt 0.596104 0.858871
vt 0.502518 0.478542
vt 0.502518 0.467292
vt 0.595703 0.250000
vt 0.132083 0.500000
vt 0.595703 0.257083
vt 0.595703 0.492917
vt 0.367917 0.500000
vt 0.367917 0.500000
vt 0.375000 0.750000
vt 0.143750 0.684751
vt 0.143750 0.549853
vt 0.435484 0.000000
vt 0.435484 0.250000
vt 0.435484 0.000000
vt 0.208334 0.620968
vt 0.229167 0.620968
vt 0.229167 0.620968
vt 0.208334 0.620968
vt 0.143963 0.547576
vt 0.143803 0.548705
vt 0.143803 0.548705
vt 0.143963 0.547577
vt 0.250000 0.620968
vt 0.270834 0.620968
vt 0.270834 0.620968
vt 0.250000 0.620968
vt 0.143803 0.685899
vt 0.291667 0.620968
vt 0.291667 0.620968
vt 0.143963 0.687028
vt 0.143963 0.687028
vt 0.312500 0.620968
vt 0.312500 0.620968
vt 0.144226 0.688117
vt 0.333334 0.620968
vt 0.333334 0.620968
vt 0.144587 0.689149
vt 0.144587 0.689150
vt 0.354167 0.620968
vt 0.354168 0.620968
vt 0.354168 0.620968
vt 0.145042 0.690106
vt 0.145581 0.690972
vt 0.375000 0.620968
vt 0.375001 0.620968
vt 0.375000 0.620968
vt 0.395834 0.620968
vt 0.395834 0.620968
vt 0.146195 0.691730
vt 0.146195 0.691730
vt 0.416667 0.620968
vt 0.416667 0.620968
vt 0.146875 0.692370
vt 0.437500 0.620968
vt 0.437500 0.620968
vt 0.147608 0.692879
vt 0.148382 0.693249
vt 0.458334 0.620968
vt 0.458334 0.620968
vt 0.479167 0.620968
vt 0.479167 0.620968
vt 0.149184 0.693473
vt 0.149184 0.693473
vt 0.150000 0.693548
vt 0.150000 0.693548
vt 0.500000 0.620968
vt 0.500000 0.620968
vt 0.520834 0.620968
vt 0.520834 0.620968
vt 0.150816 0.693473
vt 0.150816 0.693473
vt 0.151618 0.693249
vt 0.541667 0.620968
vt 0.541667 0.620968
vt 0.562500 0.620968
vt 0.562500 0.620968
vt 0.152392 0.692879
vt 0.153125 0.692370
vt 0.153125 0.692370
vt 0.583334 0.620968
vt 0.583334 0.620968
vt 0.604167 0.620968
vt 0.604167 0.620968
vt 0.153805 0.691730
vt 0.625000 0.620968
vt 0.625000 0.620968
vt 0.154419 0.690972
vt 0.645834 0.620968
vt 0.645832 0.620968
vt 0.645833 0.620968
vt 0.154958 0.690106
vt 0.154958 0.690106
vt 0.154958 0.690107
vt 0.666667 0.620968
vt 0.666667 0.620968
vt 0.155413 0.689150
vt 0.155774 0.688118
vt 0.687500 0.620968
vt 0.687500 0.620968
vt 0.708334 0.620968
vt 0.708334 0.620968
vt 0.156037 0.687028
vt 0.156037 0.687028
vt 0.729167 0.620968
vt 0.729167 0.620968
vt 0.156197 0.685899
vt 0.156197 0.685899
vt 0.156250 0.684751
vt 0.750000 0.620968
vt 0.750000 0.620968
vt 0.270834 0.620968
vt 0.193750 0.684751
vt 0.193803 0.685899
vt 0.193750 0.684751
vt 0.291667 0.620968
vt 0.193963 0.687028
vt 0.194226 0.688118
vt 0.194226 0.688118
vt 0.194587 0.689150
vt 0.194587 0.689150
vt 0.333334 0.620968
vt 0.354167 0.620968
vt 0.354167 0.620968
vt 0.195042 0.690107
vt 0.195042 0.690107
vt 0.195581 0.690972
vt 0.196195 0.691731
vt 0.196195 0.691731
vt 0.196875 0.692370
vt 0.197608 0.692879
vt 0.198382 0.693249
vt 0.199184 0.693473
vt 0.199184 0.693473
vt 0.200000 0.693549
vt 0.200000 0.693549
vt 0.200816 0.693473
vt 0.200816 0.693473
vt 0.201618 0.693249
vt 0.202392 0.692879
vt 0.583334 0.620968
vt 0.203125 0.692370
vt 0.203805 0.691730
vt 0.203805 0.691730
vt 0.243750 0.684751
vt 0.243804 0.685900
vt 0.243804 0.685900
vt 0.243963 0.687028
vt 0.243963 0.687028
vt 0.244226 0.688117
vt 0.244588 0.689150
vt 0.244588 0.689150
vt 0.245042 0.690107
vt 0.245042 0.690107
vt 0.245581 0.690972
vt 0.246195 0.691731
vt 0.246875 0.692370
vt 0.246875 0.692370
vt 0.247608 0.692879
vt 0.247608 0.692879
vt 0.248382 0.693249
vt 0.248382 0.693249
vt 0.249184 0.693473
vt 0.250000 0.693549
vt 0.250000 0.693549
vt 0.250816 0.693473
vt 0.251618 0.693249
vt 0.252392 0.692879
vt 0.253125 0.692370
vt 0.253805 0.691731
vt 0.253805 0.691731
vt 0.254420 0.690972
vt 0.293750 0.684751
vt 0.293803 0.685899
vt 0.293804 0.685899
vt 0.293963 0.687028
vt 0.294226 0.688117
vt 0.294226 0.688117
vt 0.333334 0.620968
vt 0.294587 0.689150
vt 0.354167 0.620968
vt 0.295041 0.690106
vt 0.295042 0.690106
vt 0.295581 0.690972
vt 0.295581 0.690972
vt 0.296195 0.691730
vt 0.296195 0.691730
vt 0.296875 0.692370
vt 0.297608 0.692879
vt 0.297608 0.692879
vt 0.298382 0.693248
vt 0.298382 0.693248
vt 0.299184 0.693473
vt 0.300000 0.693549
vt 0.300816 0.693474
vt 0.301618 0.693249
vt 0.302392 0.692879
vt 0.303125 0.692370
vt 0.303125 0.692370
vt 0.604167 0.620968
vt 0.303805 0.691731
vt 0.303805 0.691731
vt 0.304419 0.690972
vt 0.304419 0.690972
vt 0.304958 0.690106
vt 0.304958 0.690106
vt 0.304958 0.690106
vt 0.645834 0.620968
vt 0.305413 0.689151
vt 0.343750 0.684751
vt 0.343804 0.685899
vt 0.343804 0.685899
vt 0.343963 0.687027
vt 0.344226 0.688118
vt 0.344587 0.689149
vt 0.354168 0.620968
vt 0.345041 0.690106
vt 0.345581 0.690972
vt 0.395834 0.620968
vt 0.346195 0.691730
vt 0.346875 0.692370
vt 0.346875 0.692370
vt 0.347608 0.692879
vt 0.348382 0.693248
vt 0.348382 0.693248
vt 0.349184 0.693473
vt 0.349184 0.693473
vt 0.350000 0.693548
vt 0.350000 0.693548
vt 0.350816 0.693473
vt 0.350816 0.693473
vt 0.520834 0.620968
vt 0.351617 0.693249
vt 0.351617 0.693249
vt 0.352392 0.692879
vt 0.352392 0.692879
vt 0.353125 0.692370
vt 0.353805 0.691731
vt 0.354419 0.690972
vt 0.354419 0.690972
vt 0.354958 0.690107
vt 0.354958 0.690106
vt 0.354958 0.690106
vt 0.645833 0.620968
vt 0.645832 0.620968
vt 0.355413 0.689150
vt 0.355413 0.689150
vt 0.355774 0.688118
vt 0.355774 0.688118
vt 0.356037 0.687028
vt 0.356037 0.687028
vt 0.356197 0.685899
vt 0.356197 0.685899
vt 0.356250 0.684751
vt 0.356250 0.684751
vt 0.750000 0.620968
vt 0.435484 0.750000
vt 0.435484 0.500000
vt 0.435484 0.500000
vt 0.356250 0.549854
vt 0.770834 0.620968
vt 0.770834 0.620968
vt 0.356196 0.548705
vt 0.356196 0.548705
vt 0.356037 0.547576
vt 0.791667 0.620968
vt 0.791667 0.620968
vt 0.812500 0.620968
vt 0.812500 0.620968
vt 0.355774 0.546487
vt 0.355774 0.546487
vt 0.355413 0.545455
vt 0.355413 0.545455
vt 0.833333 0.620968
vt 0.833333 0.620968
vt 0.354958 0.544498
vt 0.854167 0.620968
vt 0.854168 0.620968
vt 0.854167 0.620968
vt 0.875000 0.620968
vt 0.875000 0.620968
vt 0.354419 0.543633
vt 0.354419 0.543633
vt 0.353805 0.542874
vt 0.353805 0.542874
vt 0.895833 0.620968
vt 0.895833 0.620968
vt 0.353125 0.542235
vt 0.353125 0.542235
vt 0.916667 0.620968
vt 0.916667 0.620968
vt 0.937500 0.620968
vt 0.937500 0.620968
vt 0.352392 0.541726
vt 0.351617 0.541356
vt 0.958333 0.620968
vt 0.958333 0.620968
vt 0.350816 0.541131
vt 0.350816 0.541131
vt 0.979167 0.620968
vt 0.979167 0.620968
vt 1.000000 0.620968
vt 1.000000 0.620968
vt 1.000000 0.620968
vt 0.350000 0.541056
vt 0.349184 0.541131
vt 0.349184 0.541131
vt 0.020834 0.620968
vt 0.000000 0.620968
vt 0.020834 0.620968
vt 0.041667 0.620968
vt 0.041667 0.620968
vt 0.348382 0.541356
vt 0.348382 0.541356
vt 0.062500 0.620968
vt 0.062500 0.620968
vt 0.347608 0.541726
vt 0.347608 0.541726
vt 0.346875 0.542235
vt 0.346875 0.542234
vt 0.083334 0.620968
vt 0.083334 0.620968
vt 0.083334 0.620968
vt 0.104167 0.620968
vt 0.104167 0.620968
vt 0.346195 0.542874
vt 0.125000 0.620968
vt 0.125000 0.620968
vt 0.345581 0.543633
vt 0.345581 0.543633
vt 0.345042 0.544498
vt 0.345042 0.544498
vt 0.345042 0.544498
vt 0.145833 0.620968
vt 0.145832 0.620968
vt 0.145834 0.620968
vt 0.166667 0.620968
vt 0.166667 0.620968
vt 0.344587 0.545455
vt 0.344587 0.545455
vt 0.187500 0.620968
vt 0.187500 0.620968
vt 0.344226 0.546487
vt 0.344226 0.546487
vt 0.343963 0.547577
vt 0.343804 0.548706
vt 0.343750 0.549854
vt 0.306250 0.549853
vt 0.306196 0.548705
vt 0.306037 0.547576
vt 0.305774 0.546486
vt 0.305413 0.545454
vt 0.304958 0.544497
vt 0.854167 0.620968
vt 0.854167 0.620968
vt 0.304419 0.543633
vt 0.303805 0.542874
vt 0.303805 0.542874
vt 0.303805 0.542874
vt 0.303125 0.542234
vt 0.303125 0.542234
vt 0.937500 0.620968
vt 0.302391 0.541725
vt 0.301618 0.541356
vt 0.300816 0.541131
vt 0.300000 0.541056
vt 0.300000 0.541056
vt 0.299184 0.541131
vt 0.020834 0.620968
vt 0.298382 0.541355
vt 0.297608 0.541725
vt 0.297608 0.541725
vt 0.296875 0.542234
vt 0.296875 0.542234
vt 0.104167 0.620968
vt 0.296195 0.542874
vt 0.295581 0.543633
vt 0.295581 0.543633
vt 0.295042 0.544498
vt 0.295042 0.544498
vt 0.145834 0.620968
vt 0.294587 0.545454
vt 0.294587 0.545454
vt 0.294226 0.546486
vt 0.293963 0.547576
vt 0.293963 0.547576
vt 0.293804 0.548705
vt 0.293750 0.549853
vt 0.256250 0.549853
vt 0.256196 0.548705
vt 0.256196 0.548705
vt 0.256037 0.547576
vt 0.255774 0.546486
vt 0.255413 0.545455
vt 0.255413 0.545455
vt 0.255413 0.545455
vt 0.254959 0.544498
vt 0.254419 0.543633
vt 0.253805 0.542874
vt 0.253125 0.542234
vt 0.252392 0.541725
vt 0.251618 0.541355
vt 0.250816 0.541131
vt 0.250816 0.541131
vt 0.250000 0.541056
vt 0.250000 0.541056
vt 0.249184 0.541131
vt 0.249184 0.541131
vt 0.000000 0.620968
vt 0.041667 0.620968
vt 0.248382 0.541356
vt 0.248382 0.541356
vt 0.062500 0.620968
vt 0.247608 0.541725
vt 0.246875 0.542234
vt 0.246195 0.542874
vt 0.246195 0.542874
vt 0.245581 0.543633
vt 0.245581 0.543633
vt 0.245042 0.544498
vt 0.245042 0.544498
vt 0.145834 0.620968
vt 0.166667 0.620968
vt 0.166667 0.620968
vt 0.244587 0.545454
vt 0.244587 0.545454
vt 0.244226 0.546487
vt 0.244226 0.546487
vt 0.243963 0.547576
vt 0.243963 0.547576
vt 0.243803 0.548705
vt 0.243750 0.549853
vt 0.770834 0.620968
vt 0.206250 0.549854
vt 0.206196 0.548705
vt 0.206037 0.547576
vt 0.205774 0.546487
vt 0.205413 0.545455
vt 0.204958 0.544498
vt 0.854167 0.620968
vt 0.204419 0.543633
vt 0.204419 0.543633
vt 0.203805 0.542874
vt 0.203805 0.542874
vt 0.203125 0.542235
vt 0.203125 0.542234
vt 0.202392 0.541726
vt 0.202392 0.541726
vt 0.201618 0.541356
vt 0.201618 0.541356
vt 0.200816 0.541131
vt 0.200816 0.541131
vt 0.200000 0.541056
vt 0.199184 0.541131
vt 0.020834 0.620968
vt 0.041667 0.620968
vt 0.198382 0.541356
vt 0.197608 0.541726
vt 0.197608 0.541726
vt 0.196875 0.542234
vt 0.196875 0.542234
vt 0.083334 0.620968
vt 0.104167 0.620968
vt 0.196195 0.542874
vt 0.195581 0.543633
vt 0.195042 0.544498
vt 0.195042 0.544498
vt 0.194587 0.545455
vt 0.194587 0.545455
vt 0.194226 0.546487
vt 0.193963 0.547577
vt 0.193803 0.548705
vt 0.193803 0.548705
vt 0.193750 0.549854
vt 0.193750 0.549854
vt 0.156250 0.549853
vt 0.156197 0.548705
vt 0.156037 0.547576
vt 0.156037 0.547576
vt 0.155774 0.546487
vt 0.155413 0.545455
vt 0.155413 0.545455
vt 0.154958 0.544498
vt 0.854168 0.620968
vt 0.154419 0.543632
vt 0.875000 0.620968
vt 0.153805 0.542874
vt 0.153125 0.542234
vt 0.153125 0.542234
vt 0.152392 0.541725
vt 0.152392 0.541726
vt 0.151618 0.541355
vt 0.150816 0.541131
vt 0.150000 0.541056
vt 0.149184 0.541131
vt 0.149184 0.541131
vt 0.148382 0.541355
vt 0.148382 0.541355
vt 0.147608 0.541725
vt 0.147608 0.541725
vt 0.083334 0.620968
vt 0.146875 0.542234
vt 0.146195 0.542874
vt 0.145581 0.543632
vt 0.145581 0.543632
vt 0.145042 0.544498
vt 0.145042 0.544498
vt 0.145042 0.544498
vt 0.145832 0.620968
vt 0.144587 0.545455
vt 0.144226 0.546487
vt 0.687500 0.620968
vt 0.305774 0.688118
vt 0.305775 0.688118
vt 0.306037 0.687028
vt 0.306196 0.685899
vt 0.306250 0.684751
vt 0.306250 0.684751
vt 0.254959 0.690107
vt 0.254959 0.690106
vt 0.645834 0.620968
vt 0.666667 0.620968
vt 0.255413 0.689150
vt 0.255774 0.688118
vt 0.255774 0.688118
vt 0.256037 0.687028
vt 0.256197 0.685899
vt 0.256197 0.685899
vt 0.256250 0.684751
vt 0.256250 0.684751
vt 0.204419 0.690972
vt 0.204958 0.690107
vt 0.204958 0.690107
vt 0.205413 0.689150
vt 0.205774 0.688117
vt 0.206037 0.687028
vt 0.206197 0.685899
vt 0.206250 0.684751
vt 0.206250 0.684751
vt 0.867917 0.725350
vt 0.867917 0.518834
vt 0.378641 0.726013
vt 0.378641 0.518889
vt 0.378641 0.726013
vt 0.564516 0.000000
vt 0.564516 0.250000
vt 0.856250 0.684751
vt 0.856250 0.549853
vt 0.250000 0.879032
vt 0.229167 0.879032
vt 0.229167 0.879032
vt 0.856197 0.548705
vt 0.856197 0.548705
vt 0.208334 0.879032
vt 0.856037 0.547577
vt 0.855774 0.546487
vt 0.187500 0.879032
vt 0.855413 0.545455
vt 0.855413 0.545455
vt 0.166667 0.879032
vt 0.145834 0.879032
vt 0.145832 0.879032
vt 0.145833 0.879032
vt 0.854958 0.544498
vt 0.854419 0.543632
vt 0.125000 0.879032
vt 0.125000 0.879032
vt 0.853805 0.542874
vt 0.104167 0.879032
vt 0.083334 0.879032
vt 0.853125 0.542234
vt 0.853125 0.542235
vt 0.852392 0.541726
vt 0.852392 0.541726
vt 0.062500 0.879032
vt 0.851618 0.541355
vt 0.851618 0.541355
vt 0.041667 0.879032
vt 0.020834 0.879032
vt 0.850816 0.541131
vt 0.850000 0.541056
vt 0.850000 0.541056
vt 0.000000 0.879032
vt 1.000000 0.879032
vt 0.979167 0.879032
vt 0.849184 0.541131
vt 0.848382 0.541355
vt 0.958333 0.879032
vt 0.937500 0.879032
vt 0.847608 0.541725
vt 0.847608 0.541725
vt 0.916667 0.879032
vt 0.916667 0.879032
vt 0.846875 0.542234
vt 0.846875 0.542234
vt 0.846195 0.542874
vt 0.846195 0.542874
vt 0.895833 0.879032
vt 0.875000 0.879032
vt 0.845580 0.543633
vt 0.845580 0.543633
vt 0.854167 0.879032
vt 0.854168 0.879032
vt 0.854167 0.879032
vt 0.845041 0.544497
vt 0.845041 0.544497
vt 0.844588 0.545455
vt 0.844587 0.545455
vt 0.833333 0.879032
vt 0.833333 0.879032
vt 0.812500 0.879032
vt 0.812500 0.879032
vt 0.844226 0.546487
vt 0.791667 0.879032
vt 0.791667 0.879032
vt 0.843963 0.547576
vt 0.843804 0.548705
vt 0.843803 0.548705
vt 0.770834 0.879032
vt 0.770834 0.879032
vt 0.843750 0.549853
vt 0.750000 0.879032
vt 0.750000 0.879032
vt 0.750000 0.879032
vt 0.229167 0.879032
vt 0.806250 0.549853
vt 0.806196 0.548705
vt 0.806037 0.547576
vt 0.805774 0.546487
vt 0.805412 0.545454
vt 0.166667 0.879032
vt 0.145834 0.879032
vt 0.804958 0.544498
vt 0.804958 0.544498
vt 0.804419 0.543632
vt 0.803805 0.542874
vt 0.803125 0.542234
vt 0.802392 0.541726
vt 0.062500 0.879032
vt 0.801618 0.541356
vt 0.801618 0.541356
vt 0.800816 0.541131
vt 0.800000 0.541056
vt 0.800000 0.541056
vt 0.979167 0.879032
vt 0.799184 0.541131
vt 0.799184 0.541131
vt 0.798382 0.541356
vt 0.797608 0.541725
vt 0.797608 0.541725
vt 0.796875 0.542234
vt 0.796875 0.542235
vt 0.796195 0.542874
vt 0.796195 0.542874
vt 0.895833 0.879032
vt 0.795581 0.543633
vt 0.795581 0.543633
vt 0.854167 0.879032
vt 0.795042 0.544498
vt 0.794587 0.545455
vt 0.833333 0.879032
vt 0.812500 0.879032
vt 0.794226 0.546487
vt 0.791667 0.879032
vt 0.793963 0.547576
vt 0.793963 0.547577
vt 0.793804 0.548705
vt 0.793804 0.548705
vt 0.770834 0.879032
vt 0.793750 0.549853
vt 0.756250 0.549853
vt 0.756196 0.548705
vt 0.756037 0.547576
vt 0.755774 0.546487
vt 0.755412 0.545454
vt 0.754959 0.544498
vt 0.754959 0.544498
vt 0.754419 0.543632
vt 0.753805 0.542874
vt 0.083334 0.879032
vt 0.753125 0.542234
vt 0.752392 0.541725
vt 0.752392 0.541726
vt 0.751618 0.541356
vt 0.751618 0.541356
vt 0.020834 0.879032
vt 0.750816 0.541131
vt 0.750816 0.541131
vt 0.750000 0.541056
vt 0.749184 0.541131
vt 0.749184 0.541131
vt 0.958333 0.879032
vt 0.748383 0.541356
vt 0.748383 0.541356
vt 0.747608 0.541726
vt 0.746875 0.542234
vt 0.746875 0.542234
vt 0.746195 0.542874
vt 0.745581 0.543632
vt 0.745581 0.543632
vt 0.745041 0.544498
vt 0.745041 0.544498
vt 0.744588 0.545455
vt 0.229167 0.879032
vt 0.706250 0.549853
vt 0.706197 0.548705
vt 0.706197 0.548705
vt 0.706037 0.547576
vt 0.705774 0.546486
vt 0.705774 0.546486
vt 0.705413 0.545454
vt 0.705413 0.545454
vt 0.145834 0.879032
vt 0.704958 0.544498
vt 0.704958 0.544498
vt 0.704419 0.543632
vt 0.704419 0.543632
vt 0.703805 0.542874
vt 0.703805 0.542874
vt 0.703125 0.542234
vt 0.703125 0.542235
vt 0.062500 0.879032
vt 0.702392 0.541725
vt 0.702392 0.541725
vt 0.701617 0.541355
vt 0.701617 0.541355
vt 0.700816 0.541131
vt 0.700000 0.541056
vt 0.700000 0.541056
vt 0.699184 0.541131
vt 0.698382 0.541355
vt 0.698382 0.541355
vt 0.697608 0.541725
vt 0.697608 0.541725
vt 0.696875 0.542235
vt 0.696195 0.542874
vt 0.695580 0.543632
vt 0.695580 0.543632
vt 0.695042 0.544498
vt 0.695041 0.544498
vt 0.854167 0.879032
vt 0.694587 0.545455
vt 0.694587 0.545455
vt 0.694226 0.546487
vt 0.656250 0.549853
vt 0.656197 0.548705
vt 0.656197 0.548705
vt 0.656038 0.547576
vt 0.655774 0.546486
vt 0.655413 0.545454
vt 0.145832 0.879032
vt 0.654959 0.544497
vt 0.125000 0.879032
vt 0.654420 0.543632
vt 0.653805 0.542873
vt 0.653125 0.542234
vt 0.652392 0.541725
vt 0.652392 0.541726
vt 0.651618 0.541356
vt 0.650816 0.541131
vt 0.650816 0.541131
vt 0.650001 0.541056
vt 0.649184 0.541131
vt 0.648382 0.541355
vt 0.647608 0.541725
vt 0.646875 0.542234
vt 0.646195 0.542874
vt 0.645581 0.543633
vt 0.645042 0.544497
vt 0.645042 0.544497
vt 0.645041 0.544497
vt 0.854168 0.879032
vt 0.644587 0.545455
vt 0.644226 0.546487
vt 0.644226 0.546487
vt 0.643963 0.547576
vt 0.643963 0.547576
vt 0.643804 0.548705
vt 0.643750 0.549853
vt 0.643751 0.684751
vt 0.564516 0.750000
vt 0.564516 0.500000
vt 0.564516 0.750000
vt 0.729167 0.879032
vt 0.643804 0.685899
vt 0.643964 0.687028
vt 0.708334 0.879032
vt 0.708334 0.879032
vt 0.644226 0.688117
vt 0.687500 0.879032
vt 0.687500 0.879032
vt 0.666667 0.879032
vt 0.666667 0.879032
vt 0.644588 0.689150
vt 0.645834 0.879032
vt 0.645832 0.879032
vt 0.645833 0.879032
vt 0.645042 0.690107
vt 0.645581 0.690972
vt 0.625000 0.879032
vt 0.625000 0.879032
vt 0.604167 0.879032
vt 0.604167 0.879032
vt 0.646196 0.691730
vt 0.657708 0.684750
vt 0.693751 0.684751
vt 0.693804 0.685899
vt 0.693804 0.685899
vt 0.693963 0.687028
vt 0.693963 0.687028
vt 0.708334 0.879032
vt 0.694226 0.688117
vt 0.694226 0.688117
vt 0.694588 0.689150
vt 0.694588 0.689150
vt 0.645834 0.879032
vt 0.645834 0.879032
vt 0.695042 0.690107
vt 0.695581 0.690972
vt 0.695581 0.690972
vt 0.625000 0.879032
vt 0.604167 0.879032
vt 0.696196 0.691730
vt 0.696196 0.691730
vt 0.583334 0.879032
vt 0.583334 0.879032
vt 0.696875 0.692370
vt 0.697609 0.692878
vt 0.697609 0.692878
vt 0.562500 0.879032
vt 0.562500 0.879032
vt 0.541667 0.879032
vt 0.541667 0.879032
vt 0.698383 0.693248
vt 0.520834 0.879032
vt 0.520834 0.879032
vt 0.699185 0.693473
vt 0.700000 0.693548
vt 0.700000 0.693548
vt 0.500000 0.879032
vt 0.500000 0.879032
vt 0.479167 0.879032
vt 0.479167 0.879032
vt 0.700816 0.693473
vt 0.700816 0.693473
vt 0.458334 0.879032
vt 0.458334 0.879032
vt 0.701618 0.693249
vt 0.702392 0.692879
vt 0.702392 0.692879
vt 0.437500 0.879032
vt 0.437500 0.879032
vt 0.416667 0.879032
vt 0.416667 0.879032
vt 0.703126 0.692370
vt 0.703126 0.692370
vt 0.395834 0.879032
vt 0.395834 0.879032
vt 0.703805 0.691730
vt 0.703805 0.691730
vt 0.704419 0.690972
vt 0.704419 0.690972
vt 0.375000 0.879032
vt 0.375000 0.879032
vt 0.354167 0.879032
vt 0.704959 0.690107
vt 0.704959 0.690107
vt 0.333334 0.879032
vt 0.705413 0.689149
vt 0.705413 0.689149
vt 0.705774 0.688118
vt 0.705774 0.688118
vt 0.312500 0.879032
vt 0.312500 0.879032
vt 0.706037 0.687028
vt 0.706037 0.687028
vt 0.291667 0.879032
vt 0.706197 0.685899
vt 0.706197 0.685899
vt 0.270834 0.879032
vt 0.706250 0.684751
vt 0.743750 0.684751
vt 0.743804 0.685899
vt 0.743963 0.687028
vt 0.744226 0.688117
vt 0.744226 0.688117
vt 0.744588 0.689150
vt 0.744588 0.689150
vt 0.745042 0.690106
vt 0.745581 0.690971
vt 0.745581 0.690971
vt 0.746195 0.691730
vt 0.583334 0.879032
vt 0.746875 0.692370
vt 0.746875 0.692370
vt 0.747608 0.692878
vt 0.541667 0.879032
vt 0.748383 0.693249
vt 0.748383 0.693249
vt 0.520834 0.879032
vt 0.749184 0.693473
vt 0.749184 0.693473
vt 0.750000 0.693548
vt 0.500000 0.879032
vt 0.750815 0.693473
vt 0.750815 0.693473
vt 0.750816 0.693473
vt 0.751618 0.693248
vt 0.751618 0.693248
vt 0.752392 0.692879
vt 0.752392 0.692879
vt 0.416667 0.879032
vt 0.753125 0.692369
vt 0.395834 0.879032
vt 0.753805 0.691730
vt 0.753805 0.691730
vt 0.754420 0.690972
vt 0.354167 0.879032
vt 0.754958 0.690106
vt 0.754959 0.690106
vt 0.333334 0.879032
vt 0.755412 0.689149
vt 0.755774 0.688117
vt 0.755774 0.688117
vt 0.756037 0.687028
vt 0.756037 0.687028
vt 0.756196 0.685899
vt 0.756250 0.684750
vt 0.796195 0.691730
vt 0.796875 0.692370
vt 0.796875 0.692370
vt 0.797608 0.692879
vt 0.797608 0.692879
vt 0.798383 0.693249
vt 0.798383 0.693249
vt 0.799184 0.693473
vt 0.800000 0.693549
vt 0.800000 0.693549
vt 0.800816 0.693473
vt 0.800816 0.693473
vt 0.458334 0.879032
vt 0.801618 0.693249
vt 0.801618 0.693249
vt 0.802392 0.692879
vt 0.802392 0.692879
vt 0.803125 0.692370
vt 0.803125 0.692370
vt 0.803805 0.691731
vt 0.803805 0.691731
vt 0.804419 0.690972
vt 0.375000 0.879032
vt 0.804958 0.690106
vt 0.804958 0.690106
vt 0.805413 0.689150
vt 0.805774 0.688118
vt 0.805774 0.688118
vt 0.312500 0.879032
vt 0.806037 0.687028
vt 0.806197 0.685899
vt 0.806197 0.685899
vt 0.806250 0.684751
vt 0.806250 0.684751
vt 0.564516 0.006488
vt 0.806250 0.681250
vt 0.842292 0.690706
vt 0.853805 0.691730
vt 0.853805 0.691730
vt 0.854420 0.690972
vt 0.854420 0.690971
vt 0.354168 0.879032
vt 0.354168 0.879032
vt 0.854958 0.690106
vt 0.854958 0.690106
vt 0.854958 0.690107
vt 0.855413 0.689150
vt 0.855774 0.688117
vt 0.855774 0.688117
vt 0.856037 0.687028
vt 0.856037 0.687028
vt 0.856197 0.685899
vt 0.856197 0.685899
vt 0.564516 0.250000
vt 0.693963 0.547576
vt 0.693963 0.547576
vt 0.693803 0.548705
vt 0.693750 0.549853
vt 0.744226 0.546487
vt 0.744226 0.546487
vt 0.743963 0.547577
vt 0.743804 0.548705
vt 0.743804 0.548705
vt 0.743750 0.549853
vt 0.743750 0.549853
vt 0.793750 0.684751
vt 0.793750 0.684751
vt 0.793803 0.685899
vt 0.793963 0.687028
vt 0.794226 0.688117
vt 0.794226 0.688117
vt 0.666667 0.879032
vt 0.794588 0.689150
vt 0.795042 0.690107
vt 0.795042 0.690107
vt 0.795581 0.690972
vt 0.795581 0.690971
vt 0.554435 0.750000
vt 0.750000 0.858871
vt 0.729167 0.858871
vt 0.729167 0.858871
vt 0.708334 0.858871
vt 0.708334 0.858871
vt 0.687500 0.858871
vt 0.687500 0.858871
vt 0.666667 0.858871
vt 0.666667 0.858871
vt 0.645834 0.858871
vt 0.645835 0.858871
vt 0.645834 0.858871
vt 0.625000 0.858871
vt 0.604167 0.858871
vt 0.583334 0.858871
vt 0.562500 0.858871
vt 0.562500 0.858871
vt 0.541667 0.858871
vt 0.520834 0.858871
vt 0.500000 0.858871
vt 0.500000 0.858871
vt 0.479167 0.858871
vt 0.479167 0.858871
vt 0.458334 0.858871
vt 0.458334 0.858871
vt 0.437500 0.858871
vt 0.416667 0.858871
vt 0.416667 0.858871
vt 0.554435 0.000000
vt 0.541667 0.858871
vt 0.437500 0.858871
vt 0.395834 0.858871
vt 0.375000 0.858871
vt 0.375000 0.858871
vt 0.354167 0.858871
vt 0.354166 0.858871
vt 0.354167 0.858871
vt 0.333334 0.858871
vt 0.312500 0.858871
vt 0.291667 0.858871
vt 0.270834 0.858871
vt 0.250000 0.858871
vt 0.375000 0.220238
vt 0.375000 0.220238
vt 0.436433 0.271458
vt 0.402700 0.749265
vt 0.395279 0.257083
vt 0.109375 0.622283
vt 0.125000 0.622283
vt 0.539356 0.295211
vt 0.538132 0.294423
vt 0.536782 0.293709
vt 0.536782 0.293709
vt 0.140625 0.622283
vt 0.156250 0.622283
vt 0.535318 0.293076
vt 0.535318 0.293076
vt 0.533755 0.292529
vt 0.171875 0.622283
vt 0.187500 0.622283
vt 0.532107 0.292075
vt 0.530391 0.291716
vt 0.203125 0.622283
vt 0.218750 0.622283
vt 0.528623 0.291458
vt 0.528623 0.291458
vt 0.526820 0.291302
vt 0.234375 0.622283
vt 0.525000 0.291250
vt 0.250000 0.622283
vt 0.265625 0.622283
vt 0.523180 0.291302
vt 0.281250 0.622283
vt 0.521377 0.291458
vt 0.521377 0.291458
vt 0.296875 0.622283
vt 0.519609 0.291716
vt 0.519609 0.291717
vt 0.312500 0.622283
vt 0.517893 0.292075
vt 0.328125 0.622283
vt 0.516245 0.292529
vt 0.514682 0.293076
vt 0.343750 0.622283
vt 0.359375 0.622283
vt 0.513218 0.293709
vt 0.513218 0.293709
vt 0.375000 0.622283
vt 0.511868 0.294423
vt 0.511868 0.294423
vt 0.390625 0.622283
vt 0.510644 0.295211
vt 0.509558 0.296065
vt 0.509558 0.296065
vt 0.406250 0.622283
vt 0.418054 0.622283
vt 0.418054 0.622283
vt 0.508851 0.296754
vt 0.468641 0.282708
vt 0.578125 0.622283
vt 0.593750 0.622283
vt 0.508622 0.453024
vt 0.509558 0.453935
vt 0.509558 0.453935
vt 0.510644 0.454789
vt 0.609375 0.622283
vt 0.625000 0.622283
vt 0.511868 0.455577
vt 0.513218 0.456291
vt 0.640625 0.622283
vt 0.656250 0.622283
vt 0.514682 0.456924
vt 0.514682 0.456924
vt 0.516245 0.457471
vt 0.516245 0.457471
vt 0.671875 0.622283
vt 0.687500 0.622283
vt 0.517893 0.457925
vt 0.517893 0.457925
vt 0.519609 0.458284
vt 0.519609 0.458284
vt 0.703125 0.622283
vt 0.718750 0.622283
vt 0.521377 0.458542
vt 0.523180 0.458698
vt 0.734375 0.622283
vt 0.525000 0.458750
vt 0.525000 0.458750
vt 0.750000 0.622283
vt 0.765625 0.622283
vt 0.526820 0.458698
vt 0.526820 0.458698
vt 0.781250 0.622283
vt 0.528623 0.458542
vt 0.528623 0.458542
vt 0.530391 0.458283
vt 0.530391 0.458283
vt 0.796875 0.622283
vt 0.812500 0.622283
vt 0.532107 0.457925
vt 0.532107 0.457925
vt 0.533754 0.457471
vt 0.533754 0.457471
vt 0.828125 0.622283
vt 0.843750 0.622283
vt 0.535318 0.456924
vt 0.535318 0.456924
vt 0.536782 0.456291
vt 0.536782 0.456291
vt 0.859375 0.622283
vt 0.875000 0.622283
vt 0.538132 0.455577
vt 0.539356 0.454789
vt 0.890625 0.622283
vt 0.395148 0.492917
vt 0.402344 0.000735
vt 0.402344 0.000735
vt 0.436037 0.478542
vt 0.436037 0.478542
vt 0.468037 0.467292
vt 0.421875 0.622283
vt 0.508621 0.296977
vt 0.507842 0.297938
vt 0.437500 0.622283
vt 0.453125 0.622283
vt 0.507228 0.298939
vt 0.506786 0.299970
vt 0.506785 0.299970
vt 0.468750 0.622283
vt 0.506518 0.301022
vt 0.506518 0.301021
vt 0.484375 0.622283
vt 0.500000 0.622283
vt 0.506429 0.302083
vt 0.506518 0.303145
vt 0.515625 0.622283
vt 0.531250 0.622283
vt 0.506785 0.304197
vt 0.506786 0.304197
vt 0.507228 0.305228
vt 0.546875 0.622283
vt 0.562500 0.622283
vt 0.507842 0.306229
vt 0.508622 0.307190
vt 0.508622 0.307190
vt 0.509558 0.308102
vt 0.509559 0.308102
vt 0.510644 0.308956
vt 0.510644 0.308956
vt 0.609375 0.622283
vt 0.511868 0.309744
vt 0.511868 0.309744
vt 0.513218 0.310458
vt 0.513218 0.310458
vt 0.514682 0.311091
vt 0.516246 0.311637
vt 0.517893 0.312092
vt 0.519609 0.312450
vt 0.519609 0.312450
vt 0.521377 0.312708
vt 0.521377 0.312708
vt 0.523180 0.312865
vt 0.525000 0.312917
vt 0.525000 0.312917
vt 0.526820 0.312864
vt 0.528623 0.312709
vt 0.528623 0.312709
vt 0.530391 0.312450
vt 0.530391 0.312450
vt 0.812500 0.622283
vt 0.532107 0.312092
vt 0.533755 0.311637
vt 0.535318 0.311091
vt 0.536782 0.310458
vt 0.536782 0.310458
vt 0.538132 0.309744
vt 0.538132 0.309744
vt 0.539356 0.308956
vt 0.539356 0.308956
vt 0.906250 0.622283
vt 0.540442 0.308102
vt 0.541379 0.307190
vt 0.541379 0.307190
vt 0.921875 0.622283
vt 0.600000 0.306667
vt 0.625000 0.561141
vt 0.600770 0.306645
vt 0.601533 0.306579
vt 0.601533 0.306579
vt 0.602281 0.306469
vt 0.603007 0.306318
vt 0.603007 0.306318
vt 0.603704 0.306125
vt 0.603704 0.306125
vt 0.604365 0.305894
vt 0.604985 0.305626
vt 0.605556 0.305324
vt 0.605556 0.305324
vt 0.606074 0.304991
vt 0.606074 0.304991
vt 0.606533 0.304630
vt 0.606929 0.304244
vt 0.937500 0.622283
vt 0.607259 0.303837
vt 0.607519 0.303414
vt 0.607519 0.303414
vt 0.953125 0.622283
vt 0.968750 0.622283
vt 0.607706 0.302977
vt 0.607706 0.302978
vt 0.607819 0.302533
vt 0.607819 0.302533
vt 0.984375 0.622283
vt 1.000000 0.622283
vt 0.607857 0.302083
vt 0.607857 0.302083
vt 0.000000 0.622283
vt 0.015625 0.622283
vt 0.607819 0.301634
vt 0.607706 0.301189
vt 0.607706 0.301189
vt 0.031250 0.622283
vt 0.046875 0.622283
vt 0.607519 0.300753
vt 0.607259 0.300329
vt 0.607259 0.300329
vt 0.062500 0.622283
vt 0.606929 0.299923
vt 0.606929 0.299923
vt 0.078125 0.622283
vt 0.606533 0.299537
vt 0.093750 0.622283
vt 0.606074 0.299176
vt 0.606074 0.299176
vt 0.605556 0.298842
vt 0.605556 0.298842
vt 0.604985 0.298540
vt 0.604365 0.298272
vt 0.604365 0.298272
vt 0.603704 0.298041
vt 0.603704 0.298041
vt 0.603007 0.297849
vt 0.602281 0.297697
vt 0.601533 0.297588
vt 0.600770 0.297522
vt 0.600000 0.297500
vt 0.625000 0.188859
vt 0.541378 0.296977
vt 0.540442 0.296065
vt 0.540441 0.453935
vt 0.540441 0.453935
vt 0.541378 0.453023
vt 0.600000 0.452500
vt 0.600000 0.452500
vt 0.600770 0.452478
vt 0.600770 0.452478
vt 0.601532 0.452412
vt 0.601532 0.452412
vt 0.602281 0.452302
vt 0.602281 0.452303
vt 0.603007 0.452151
vt 0.603007 0.452151
vt 0.603704 0.451959
vt 0.603704 0.451959
vt 0.604365 0.451728
vt 0.604984 0.451459
vt 0.605556 0.451157
vt 0.606073 0.450824
vt 0.606533 0.450463
vt 0.606533 0.450463
vt 0.606929 0.450077
vt 0.607259 0.449671
vt 0.607259 0.449671
vt 0.607519 0.449247
vt 0.607519 0.449247
vt 0.607706 0.448811
vt 0.607819 0.448366
vt 0.607857 0.447917
vt 0.607819 0.447467
vt 0.607819 0.447467
vt 0.607706 0.447022
vt 0.607706 0.447022
vt 0.607519 0.446586
vt 0.607259 0.446163
vt 0.607259 0.446163
vt 0.606929 0.445756
vt 0.606929 0.445756
vt 0.606533 0.445370
vt 0.606074 0.445009
vt 0.606074 0.445009
vt 0.605556 0.444676
vt 0.605556 0.444676
vt 0.604985 0.444374
vt 0.604985 0.444374
vt 0.604365 0.444106
vt 0.604365 0.444106
vt 0.603704 0.443874
vt 0.603704 0.443874
vt 0.603007 0.443682
vt 0.602281 0.443531
vt 0.601533 0.443421
vt 0.601533 0.443421
vt 0.600770 0.443355
vt 0.600000 0.443333
vt 0.600000 0.443333
vt 0.541378 0.442810
vt 0.541378 0.442810
vt 0.540442 0.441898
vt 0.540442 0.441898
vt 0.539356 0.441044
vt 0.539356 0.441044
vt 0.109375 0.622283
vt 0.538132 0.440256
vt 0.538132 0.440256
vt 0.536782 0.439542
vt 0.535318 0.438909
vt 0.535318 0.438909
vt 0.533754 0.438362
vt 0.533754 0.438362
vt 0.187500 0.622283
vt 0.532107 0.437908
vt 0.532107 0.437908
vt 0.530391 0.437550
vt 0.203125 0.622283
vt 0.528623 0.437292
vt 0.528623 0.437292
vt 0.526820 0.437135
vt 0.526820 0.437135
vt 0.525000 0.437083
vt 0.525000 0.437083
vt 0.523180 0.437135
vt 0.523180 0.437135
vt 0.521377 0.437292
vt 0.521377 0.437292
vt 0.519609 0.437550
vt 0.517893 0.437908
vt 0.517893 0.437908
vt 0.516246 0.438363
vt 0.516246 0.438363
vt 0.514682 0.438909
vt 0.513218 0.439542
vt 0.513218 0.439542
vt 0.511868 0.440256
vt 0.511868 0.440256
vt 0.511868 0.440256
vt 0.510644 0.441044
vt 0.510644 0.441044
vt 0.510644 0.441044
vt 0.509558 0.441898
vt 0.508621 0.442810
vt 0.508621 0.442810
vt 0.507842 0.443771
vt 0.507228 0.444772
vt 0.507228 0.444772
vt 0.506785 0.445803
vt 0.506518 0.446855
vt 0.506429 0.447917
vt 0.506429 0.447917
vt 0.506518 0.448978
vt 0.506785 0.450030
vt 0.507228 0.451061
vt 0.507228 0.451061
vt 0.507842 0.452062
vt 0.600000 0.943333
vt 0.600770 0.943355
vt 0.750000 0.850543
vt 0.765625 0.850543
vt 0.625000 0.675272
vt 0.541379 0.942810
vt 0.921875 0.850543
vt 0.906250 0.850543
vt 0.540442 0.941898
vt 0.540442 0.941898
vt 0.539356 0.941044
vt 0.890625 0.850543
vt 0.875000 0.850543
vt 0.538132 0.940256
vt 0.538132 0.940256
vt 0.536782 0.939542
vt 0.859375 0.850543
vt 0.843750 0.850543
vt 0.535318 0.938909
vt 0.535318 0.938909
vt 0.533754 0.938362
vt 0.828125 0.850543
vt 0.812500 0.850543
vt 0.532107 0.937908
vt 0.530391 0.937550
vt 0.530391 0.937550
vt 0.796875 0.850543
vt 0.781250 0.850543
vt 0.528623 0.937292
vt 0.526820 0.937136
vt 0.525000 0.937083
vt 0.734375 0.850543
vt 0.523180 0.937136
vt 0.718750 0.850543
vt 0.521377 0.937292
vt 0.519609 0.937550
vt 0.519609 0.937550
vt 0.703125 0.850543
vt 0.687500 0.850543
vt 0.517893 0.937908
vt 0.516245 0.938362
vt 0.671875 0.850543
vt 0.656250 0.850543
vt 0.514682 0.938909
vt 0.514682 0.938909
vt 0.513219 0.939542
vt 0.513218 0.939542
vt 0.640625 0.850543
vt 0.625000 0.850543
vt 0.511868 0.940256
vt 0.511868 0.940256
vt 0.511868 0.940256
vt 0.510644 0.941044
vt 0.510644 0.941044
vt 0.510644 0.941044
vt 0.609375 0.850543
vt 0.593750 0.850543
vt 0.509558 0.941898
vt 0.508622 0.942810
vt 0.508622 0.942810
vt 0.578125 0.850543
vt 0.562500 0.850543
vt 0.507842 0.943771
vt 0.507228 0.944772
vt 0.546875 0.850543
vt 0.531250 0.850543
vt 0.506785 0.945803
vt 0.506785 0.945803
vt 0.506518 0.946855
vt 0.506518 0.946855
vt 0.515625 0.850543
vt 0.500000 0.850543
vt 0.506429 0.947917
vt 0.506429 0.947917
vt 0.506518 0.948979
vt 0.506518 0.948979
vt 0.484375 0.850543
vt 0.468750 0.850543
vt 0.506785 0.950030
vt 0.506786 0.950030
vt 0.507228 0.951061
vt 0.507228 0.951061
vt 0.453125 0.850543
vt 0.437500 0.850543
vt 0.507842 0.952062
vt 0.508622 0.953024
vt 0.421875 0.850543
vt 0.508621 0.796976
vt 0.508902 0.796704
vt 0.508621 0.796976
vt 0.582796 0.850543
vt 0.507842 0.797937
vt 0.507842 0.797938
vt 0.507229 0.798939
vt 0.506786 0.799970
vt 0.506786 0.799970
vt 0.506518 0.801022
vt 0.506518 0.801022
vt 0.506429 0.802083
vt 0.506429 0.802083
vt 0.506518 0.803145
vt 0.506785 0.804197
vt 0.507228 0.805228
vt 0.507228 0.805228
vt 0.507842 0.806229
vt 0.508622 0.807190
vt 0.406250 0.850543
vt 0.509559 0.808102
vt 0.510644 0.808956
vt 0.510644 0.808956
vt 0.390625 0.850543
vt 0.390625 0.850543
vt 0.390625 0.850543
vt 0.375000 0.850543
vt 0.511868 0.809744
vt 0.513218 0.810457
vt 0.359375 0.850543
vt 0.343750 0.850543
vt 0.514682 0.811091
vt 0.514682 0.811091
vt 0.516245 0.811637
vt 0.516245 0.811637
vt 0.328125 0.850543
vt 0.312500 0.850543
vt 0.517893 0.812092
vt 0.517893 0.812092
vt 0.519609 0.812451
vt 0.519609 0.812451
vt 0.296875 0.850543
vt 0.281250 0.850543
vt 0.521377 0.812708
vt 0.521377 0.812709
vt 0.523180 0.812864
vt 0.265625 0.850543
vt 0.525000 0.812917
vt 0.525000 0.812917
vt 0.250000 0.850543
vt 0.234375 0.850543
vt 0.526820 0.812864
vt 0.526820 0.812864
vt 0.218750 0.850543
vt 0.528623 0.812709
vt 0.528623 0.812709
vt 0.530391 0.812450
vt 0.203125 0.850543
vt 0.187500 0.850543
vt 0.532107 0.812092
vt 0.533754 0.811637
vt 0.171875 0.850543
vt 0.156250 0.850543
vt 0.535318 0.811091
vt 0.536782 0.810458
vt 0.140625 0.850543
vt 0.125000 0.850543
vt 0.538132 0.809744
vt 0.538132 0.809744
vt 0.539356 0.808956
vt 0.539356 0.808956
vt 0.109375 0.850543
vt 0.093750 0.850543
vt 0.540441 0.808102
vt 0.541379 0.807190
vt 0.078125 0.850543
vt 0.625000 0.074728
vt 0.600000 0.806666
vt 0.600770 0.806644
vt 0.601533 0.806578
vt 0.601533 0.806578
vt 0.602281 0.806469
vt 0.602281 0.806469
vt 0.603007 0.806318
vt 0.603007 0.806318
vt 0.603704 0.806125
vt 0.604365 0.805894
vt 0.604365 0.805894
vt 0.604985 0.805626
vt 0.605556 0.805324
vt 0.605556 0.805324
vt 0.606074 0.804991
vt 0.606533 0.804630
vt 0.606929 0.804244
vt 0.607259 0.803837
vt 0.607259 0.803837
vt 0.062500 0.850543
vt 0.046875 0.850543
vt 0.607519 0.803414
vt 0.607519 0.803414
vt 0.031250 0.850543
vt 0.607706 0.802977
vt 0.607706 0.802977
vt 0.015625 0.850543
vt 0.607819 0.802533
vt 0.607857 0.802083
vt 0.000000 0.850543
vt 1.000000 0.850543
vt 0.984375 0.850543
vt 0.607820 0.801634
vt 0.607706 0.801189
vt 0.968750 0.850543
vt 0.607519 0.800753
vt 0.953125 0.850543
vt 0.937500 0.850543
vt 0.607259 0.800330
vt 0.606930 0.799923
vt 0.606930 0.799923
vt 0.606533 0.799537
vt 0.606533 0.799537
vt 0.606074 0.799176
vt 0.605556 0.798842
vt 0.605556 0.798842
vt 0.604985 0.798540
vt 0.604985 0.798540
vt 0.604365 0.798272
vt 0.604365 0.798272
vt 0.603704 0.798041
vt 0.603704 0.798041
vt 0.603007 0.797849
vt 0.602281 0.797697
vt 0.602281 0.797697
vt 0.601533 0.797588
vt 0.601533 0.797588
vt 0.600770 0.797522
vt 0.600770 0.797522
vt 0.600000 0.797500
vt 0.541379 0.796977
vt 0.540442 0.796065
vt 0.540442 0.796065
vt 0.539356 0.795211
vt 0.540442 0.953935
vt 0.539356 0.954789
vt 0.540442 0.953935
vt 0.541379 0.953024
vt 0.541379 0.953024
vt 0.600000 0.952500
vt 0.600770 0.952478
vt 0.600770 0.952478
vt 0.601533 0.952412
vt 0.602281 0.952302
vt 0.603007 0.952151
vt 0.603007 0.952151
vt 0.603704 0.951959
vt 0.603704 0.951959
vt 0.604365 0.951727
vt 0.604985 0.951460
vt 0.604985 0.951460
vt 0.605556 0.951157
vt 0.605556 0.951157
vt 0.606074 0.950824
vt 0.606074 0.950824
vt 0.606533 0.950463
vt 0.606533 0.950463
vt 0.606929 0.950077
vt 0.607259 0.949671
vt 0.607519 0.949247
vt 0.607519 0.949247
vt 0.607706 0.948811
vt 0.607819 0.948366
vt 0.607819 0.948366
vt 0.607857 0.947917
vt 0.607819 0.947467
vt 0.607819 0.947467
vt 0.607706 0.947022
vt 0.607519 0.946586
vt 0.607259 0.946163
vt 0.606929 0.945756
vt 0.606929 0.945756
vt 0.606533 0.945370
vt 0.606073 0.945009
vt 0.605556 0.944676
vt 0.605556 0.944676
vt 0.604985 0.944374
vt 0.604365 0.944106
vt 0.603704 0.943874
vt 0.603007 0.943682
vt 0.603007 0.943682
vt 0.602281 0.943530
vt 0.601533 0.943421
vt 0.510644 0.795211
vt 0.509558 0.796065
vt 0.509559 0.796065
vt 0.510644 0.795211
vt 0.538132 0.794423
vt 0.538132 0.794423
vt 0.536782 0.793709
vt 0.536782 0.793709
vt 0.535318 0.793076
vt 0.535318 0.793076
vt 0.533754 0.792529
vt 0.533754 0.792529
vt 0.532107 0.792075
vt 0.532107 0.792075
vt 0.530391 0.791717
vt 0.528623 0.791458
vt 0.528623 0.791458
vt 0.526821 0.791302
vt 0.525000 0.791250
vt 0.525000 0.791250
vt 0.523180 0.791302
vt 0.521377 0.791458
vt 0.519609 0.791716
vt 0.519609 0.791716
vt 0.517893 0.792075
vt 0.516245 0.792529
vt 0.516245 0.792529
vt 0.514682 0.793076
vt 0.513218 0.793709
vt 0.511868 0.794423
vt 0.511868 0.794423
vt 0.536782 0.956291
vt 0.538132 0.955577
vt 0.538132 0.955577
vt 0.536782 0.956291
vt 0.509558 0.953935
vt 0.510644 0.954789
vt 0.510644 0.954789
vt 0.511868 0.955577
vt 0.511868 0.955577
vt 0.513218 0.956291
vt 0.514682 0.956924
vt 0.516245 0.957471
vt 0.517893 0.957925
vt 0.519609 0.958284
vt 0.519609 0.958284
vt 0.521377 0.958542
vt 0.521377 0.958542
vt 0.523180 0.958698
vt 0.523180 0.958698
vt 0.525000 0.958750
vt 0.526820 0.958698
vt 0.528623 0.958542
vt 0.530391 0.958284
vt 0.530391 0.958284
vt 0.532107 0.957925
vt 0.532107 0.957925
vt 0.533754 0.957471
vt 0.535318 0.956924
vt 0.386429 0.220238
vt 0.477054 0.235119
vt 0.386429 0.235119
vt 0.380952 0.250000
vt 0.375000 0.001466
vt 0.380952 0.500000
vt 0.527913 0.240000
vt 0.375000 0.748534
vt 0.624265 0.749265
vt 0.527913 0.510000
vt 0.386429 0.529762
vt 0.386429 0.250000
vt 0.378641 0.250000
vt 0.378641 0.500000
s 0
usemtl 
f 31/1/1 2/2/1 21/3/1 15/4/1 32/5/1
f 36/6/1 31/1/1 32/5/1 35/7/1
f 1/8/1 20/9/1 15/4/1 21/3/1
f 18/10/2 25/11/2 4/12/2 29/13/2 17/14/2
f 14/15/2 22/16/2 27/17/2
f 19/18/2 16/19/2 24/20/2 7/21/2 25/11/2 18/10/2
f 18/10/2 17/14/2 16/19/2 19/18/2
f 28/22/2 26/23/2 8/24/2 24/25/2 16/26/2 17/27/2 23/28/2
f 34/29/1 35/30/1 32/31/1 33/32/1
f 30/33/2 29/34/2 22/35/2 37/36/2
f 38/37/3 41/37/4 44/37/4 43/37/4
f 41/37/5 42/37/6 45/37/1 44/37/1
f 43/37/4 44/37/4 56/37/4 53/37/4
f 44/37/1 45/37/1 46/37/1 56/37/1
f 39/38/7 47/38/2 50/38/2 49/38/8
f 47/38/4 48/38/4 51/38/4 50/38/4
f 49/38/4 50/38/4 45/38/4 42/38/4
f 50/38/4 51/38/4 46/38/4 45/38/4
f 40/39/1 52/39/1 55/39/1 54/39/1
f 52/39/4 53/39/4 56/39/4 55/39/4
f 54/39/1 55/39/1 51/39/1 48/39/1
f 55/39/1 56/39/1 46/39/1 51/39/1
f 57/37/3 60/37/4 63/37/4 62/37/4
f 60/37/5 61/37/6 64/37/1 63/37/1
f 62/37/4 63/37/4 75/37/4 72/37/4
f 63/37/1 64/37/1 65/37/1 75/37/1
f 58/38/7 66/38/2 69/38/2 68/38/8
f 66/38/4 67/38/4 70/38/4 69/38/4
f 68/38/4 69/38/4 64/38/4 61/38/4
f 69/38/4 70/38/4 65/38/4 64/38/4
f 59/39/1 71/39/1 74/39/1 73/39/1
f 71/39/4 72/39/4 75/39/4 74/39/4
f 73/39/1 74/39/1 70/39/1 67/39/1
f 74/39/1 75/39/1 65/39/1 70/39/1
f 76/40/9 79/40/10 82/40/1 81/40/11
f 79/40/4 80/40/4 83/40/4 82/40/4
f 81/40/12 82/40/13 94/40/1 91/40/1
f 82/40/1 83/40/2 84/40/2 94/40/1
f 77/40/14 85/40/15 88/40/16 87/40/17
f 85/40/18 86/40/19 89/40/19 88/40/20
f 87/40/4 88/40/4 83/40/4 80/40/4
f 88/40/21 89/40/1 84/40/1 83/40/1
f 78/40/22 90/40/23 93/40/24 92/40/25
f 90/40/26 91/40/1 94/40/1 93/40/27
f 92/40/28 93/40/27 89/40/1 86/40/1
f 93/40/29 94/40/19 84/40/19 89/40/19
f 95/37/30 98/37/31 101/37/32 100/37/33
f 98/37/34 99/37/35 102/37/36 101/37/37
f 100/37/38 101/37/39 113/37/40 110/37/41
f 101/37/42 102/37/43 103/37/44 113/37/45
f 96/38/46 104/38/47 107/38/48 106/38/49
f 104/38/4 105/38/4 108/38/4 107/38/4
f 106/38/50 107/38/51 102/38/52 99/38/53
f 107/38/7 108/38/54 103/38/55 102/38/56
f 97/39/1 109/39/1 112/39/57 111/39/58
f 109/39/59 110/39/4 113/39/4 112/39/60
f 111/39/61 112/39/62 108/39/63 105/39/64
f 112/39/65 113/39/66 103/39/67 108/39/68
f 114/41/7 117/41/2 120/41/2 119/41/2
f 117/41/4 118/41/4 121/41/4 120/41/4
f 119/41/4 120/41/4 132/41/4 129/41/4
f 120/41/4 121/41/4 122/41/4 132/41/4
f 115/42/69 123/42/4 126/42/4 125/42/4
f 123/42/4 124/42/4 127/42/60 126/42/4
f 125/42/4 126/42/4 121/42/60 118/42/70
f 126/42/60 127/42/2 122/42/60 121/42/1
f 116/43/1 128/43/1 131/43/1 130/43/1
f 128/43/1 129/43/1 132/43/1 131/43/1
f 130/43/4 131/43/4 127/44/4 124/44/4
f 131/43/1 132/43/1 122/43/1 127/44/1
f 133/40/71 136/40/72 139/40/73 138/40/74
f 136/40/4 137/40/4 140/40/4 139/40/4
f 138/40/75 139/40/76 151/40/77 148/40/77
f 139/40/78 140/40/2 141/40/2 151/40/2
f 134/40/79 142/40/80 145/40/81 144/40/82
f 142/40/83 143/40/77 146/40/77 145/40/2
f 144/40/4 145/40/4 140/40/4 137/40/4
f 145/40/2 146/40/1 141/40/1 140/40/2
f 135/40/84 147/40/85 150/40/86 149/40/87
f 147/40/88 148/40/2 151/40/2 150/40/89
f 149/40/26 150/40/89 146/40/2 143/40/2
f 150/40/90 151/40/77 141/40/77 146/40/77
f 152/45/4 155/45/4 158/45/4 157/45/4
f 155/45/4 156/45/4 159/45/4 158/45/4
f 157/45/4 158/45/4 170/45/4 167/45/4
f 158/45/4 159/45/4 160/45/4 170/45/4
f 153/46/4 161/46/4 164/46/4 163/46/4
f 161/46/4 162/46/4 165/46/4 164/46/4
f 163/46/4 164/46/4 159/46/4 156/46/4
f 164/46/4 165/46/4 160/46/4 159/46/4
f 154/46/4 166/46/4 169/46/4 168/46/4
f 166/46/4 167/46/4 170/46/4 169/46/4
f 168/46/4 169/46/4 165/46/4 162/46/4
f 169/46/4 170/46/4 160/46/4 165/46/4
f 171/37/30 174/37/31 177/37/32 176/37/33
f 174/37/91 175/37/92 178/37/93 177/37/94
f 176/37/38 177/37/39 189/37/40 186/37/41
f 177/37/42 178/37/43 179/37/44 189/37/45
f 172/38/95 180/38/96 183/38/97 182/38/98
f 180/38/4 181/38/4 184/38/4 183/38/4
f 182/38/50 183/38/51 178/38/52 175/38/53
f 183/38/7 184/38/54 179/38/55 178/38/56
f 173/39/1 185/39/1 188/39/57 187/39/58
f 185/39/59 186/39/4 189/39/4 188/39/60
f 187/39/99 188/39/100 184/39/101 181/39/102
f 188/39/65 189/39/66 179/39/67 184/39/68
f 190/47/7 193/47/103 196/47/104 195/47/105
f 193/47/106 194/47/107 197/47/108 196/47/109
f 195/47/4 196/47/4 208/41/4 205/41/4
f 196/47/4 197/47/4 198/47/4 208/41/4
f 191/42/110 199/42/111 202/42/112 201/42/113
f 199/42/4 200/42/4 203/42/60 202/42/4
f 201/42/114 202/42/115 197/42/116 194/42/117
f 202/42/60 203/42/118 198/42/60 197/42/119
f 192/43/1 204/43/58 207/43/1 206/43/120
f 204/43/121 205/43/122 208/43/123 207/43/124
f 206/43/60 207/43/125 203/44/126 200/44/59
f 207/43/127 208/43/128 198/43/122 203/44/122
f 209/48/4 212/48/4 215/48/4 214/48/4
f 212/48/4 213/48/4 216/48/60 215/48/4
f 214/48/4 215/48/4 227/48/60 224/48/4
f 215/48/60 216/48/60 217/48/60 227/48/60
f 210/49/4 218/49/4 221/49/4 220/49/60
f 218/49/4 219/50/4 222/50/4 221/49/4
f 220/49/4 221/49/4 216/51/4 213/51/4
f 221/49/4 222/50/4 217/50/4 216/51/4
f 211/51/4 223/51/60 226/51/4 225/51/4
f 223/51/4 224/51/4 227/51/4 226/51/4
f 225/51/4 226/51/4 222/50/4 219/50/4
f 226/51/4 227/51/4 217/50/4 222/50/4
f 228/45/126 231/45/129 234/45/130 233/45/130
f 231/45/131 232/45/41 235/45/2 234/45/2
f 233/45/130 234/45/130 246/45/130 243/45/130
f 234/45/4 235/45/4 236/45/4 246/45/4
f 229/46/4 237/46/4 240/46/4 239/46/4
f 237/46/130 238/46/130 241/46/130 240/46/130
f 239/46/130 240/46/130 235/46/130 232/46/41
f 240/46/130 241/46/130 236/52/130 235/46/130
f 230/53/130 242/53/130 245/53/130 244/53/130
f 242/53/130 243/53/130 246/53/130 245/53/130
f 244/53/4 245/53/4 241/46/4 238/46/4
f 245/53/1 246/53/2 236/52/2 241/46/130
f 247/54/3 250/54/4 253/54/4 252/54/4
f 250/54/4 251/54/4 254/54/4 253/54/4
f 252/54/5 253/54/2 265/54/2 262/54/53
f 253/54/2 254/54/2 255/54/2 265/54/2
f 248/54/2 256/54/2 259/54/2 258/54/2
f 256/54/2 257/54/2 260/54/2 259/54/2
f 258/54/4 259/54/4 254/54/4 251/54/4
f 259/54/2 260/54/2 255/54/2 254/54/2
f 249/54/132 261/54/1 264/54/1 263/54/1
f 261/54/4 262/54/4 265/54/4 264/54/4
f 263/54/4 264/54/4 260/54/4 257/54/4
f 264/54/4 265/54/4 255/54/4 260/54/4
f 266/55/69 269/55/4 272/55/4 271/55/4
f 269/55/4 270/55/60 273/55/60 272/55/4
f 271/55/4 272/55/4 284/55/60 281/55/4
f 272/55/2 273/55/60 274/55/1 284/55/60
f 267/56/132 275/56/1 278/56/1 277/56/133
f 275/56/4 276/57/4 279/57/4 278/56/4
f 277/56/4 278/56/4 273/55/4 270/55/4
f 278/56/4 279/57/4 274/55/4 273/55/4
f 268/55/2 280/55/2 283/55/2 282/55/2
f 280/55/4 281/55/4 284/55/4 283/55/4
f 282/55/2 283/55/2 279/57/2 276/57/2
f 283/55/2 284/55/2 274/55/2 279/57/2
f 285/58/4 288/58/4 291/58/4 290/58/4
f 288/58/4 289/58/4 292/58/4 291/58/4
f 290/58/4 291/58/4 303/58/4 300/58/4
f 291/58/4 292/58/4 293/58/4 303/58/4
f 286/58/4 294/58/4 297/58/4 296/58/4
f 294/58/4 295/58/4 298/58/4 297/58/4
f 296/58/4 297/58/4 292/58/4 289/58/4
f 297/58/4 298/58/4 293/58/4 292/58/4
f 287/58/4 299/58/4 302/58/4 301/58/4
f 299/58/4 300/58/4 303/58/4 302/58/4
f 301/58/4 302/58/4 298/58/4 295/58/4
f 302/58/4 303/58/4 293/58/4 298/58/4
f 304/47/7 307/47/103 310/47/104 309/47/105
f 307/47/106 308/47/107 311/47/108 310/47/109
f 309/47/4 310/47/4 322/41/4 319/41/4
f 310/47/4 311/47/4 312/47/4 322/41/4
f 305/42/110 313/42/111 316/42/112 315/42/113
f 313/42/4 314/42/4 317/42/60 316/42/4
f 315/42/114 316/42/115 311/42/116 308/42/117
f 316/42/60 317/42/118 312/42/60 311/42/119
f 306/43/1 318/43/58 321/43/1 320/43/120
f 318/43/121 319/43/122 322/43/123 321/43/124
f 320/43/60 321/43/125 317/44/126 314/44/59
f 321/43/127 322/43/128 312/43/122 317/44/122
f 323/15/4 326/15/4 329/15/4 328/15/4
f 326/15/4 327/15/4 330/15/60 329/15/4
f 328/15/4 329/15/4 341/15/60 338/15/4
f 329/15/60 330/15/60 331/15/60 341/15/60
f 324/59/4 332/59/4 335/59/4 334/59/60
f 332/59/4 333/60/4 336/60/4 335/59/4
f 334/59/4 335/59/4 330/15/4 327/15/4
f 335/59/4 336/60/4 331/15/4 330/15/4
f 325/15/4 337/15/60 340/15/4 339/15/4
f 337/15/4 338/15/4 341/15/4 340/15/4
f 339/15/4 340/15/4 336/60/4 333/60/4
f 340/15/4 341/15/4 331/15/4 336/60/4
f 342/61/60 345/61/130 348/62/130 347/62/134
f 345/61/4 346/61/4 349/62/60 348/62/60
f 347/62/4 348/62/4 360/48/60 357/48/4
f 348/62/60 349/62/60 350/62/60 360/48/60
f 343/49/130 351/49/130 354/49/130 353/49/130
f 351/49/4 352/50/4 355/50/4 354/49/4
f 353/49/130 354/49/130 349/51/130 346/51/130
f 354/49/4 355/50/4 350/50/4 349/51/4
f 344/51/4 356/51/60 359/51/4 358/51/4
f 356/51/135 357/51/126 360/51/136 359/51/60
f 358/51/130 359/51/130 355/50/130 352/50/130
f 359/51/130 360/51/130 350/50/130 355/50/130
f 361/54/137 364/54/138 367/54/139 366/54/31
f 364/54/38 365/54/140 368/54/40 367/54/141
f 366/54/142 367/54/143 379/54/144 376/54/145
f 367/54/146 368/54/147 369/54/148 379/54/149
f 362/54/2 370/54/150 373/54/2 372/54/151
f 370/54/152 371/54/153 374/54/154 373/54/155
f 372/54/7 373/54/156 368/54/157 365/54/140
f 373/54/158 374/54/159 369/54/160 368/54/161
f 363/63/162 375/63/163 378/63/164 377/63/165
f 375/63/50 376/54/53 379/54/166 378/63/167
f 377/63/4 378/63/4 374/54/4 371/54/4
f 378/63/168 379/54/56 369/54/169 374/54/7
f 380/45/126 383/45/129 386/45/130 385/45/130
f 383/45/131 384/45/41 387/45/2 386/45/2
f 385/45/130 386/45/130 398/45/130 395/45/130
f 386/45/4 387/45/4 388/45/4 398/45/4
f 381/46/4 389/46/4 392/46/4 391/46/4
f 389/46/130 390/46/130 393/46/130 392/46/130
f 391/46/130 392/46/130 387/46/130 384/46/41
f 392/46/130 393/46/130 388/52/130 387/46/130
f 382/53/4 394/53/4 397/53/4 396/53/4
f 394/53/130 395/53/130 398/53/130 397/53/130
f 396/53/4 397/53/4 393/46/4 390/46/4
f 397/53/1 398/53/2 388/52/2 393/46/130
f 399/55/170 402/55/113 405/55/171 404/55/172
f 402/55/173 403/55/174 406/55/175 405/55/176
f 404/55/4 405/55/4 417/55/60 414/55/4
f 405/55/177 406/55/60 407/55/178 417/55/60
f 400/56/7 408/56/122 411/56/179 410/56/180
f 408/56/4 409/57/4 412/57/4 411/56/4
f 410/56/106 411/56/181 406/55/182 403/55/107
f 411/56/4 412/57/4 407/55/4 406/55/4
f 401/55/2 413/55/2 416/55/183 415/55/150
f 413/55/184 414/55/126 417/55/185 416/55/60
f 415/55/186 416/55/187 412/57/188 409/57/105
f 416/55/189 417/55/105 407/55/105 412/57/190
f 418/41/7 421/41/2 424/41/2 423/41/2
f 421/41/4 422/41/4 425/41/4 424/41/4
f 423/41/4 424/41/4 436/41/4 433/41/4
f 424/41/4 425/41/4 426/41/4 436/41/4
f 419/42/69 427/42/4 430/42/4 429/42/4
f 427/42/4 428/42/4 431/42/60 430/42/4
f 429/42/4 430/42/4 425/42/60 422/42/70
f 430/42/60 431/42/2 426/42/60 425/42/1
f 420/43/1 432/43/1 435/43/1 434/43/1
f 432/43/1 433/43/1 436/43/1 435/43/1
f 434/43/4 435/43/4 431/44/4 428/44/4
f 435/43/1 436/43/1 426/43/1 431/44/1
f 437/64/126 440/64/130 443/65/130 442/65/191
f 440/64/130 441/65/130 444/65/130 443/65/130
f 442/65/131 443/65/1 455/58/2 452/58/140
f 443/65/4 444/65/4 445/66/4 455/58/4
f 438/58/4 446/58/4 449/58/4 448/58/4
f 446/58/4 447/58/4 450/58/4 449/58/4
f 448/58/130 449/58/130 444/65/130 441/65/130
f 449/58/130 450/58/1 445/66/1 444/65/2
f 439/58/4 451/58/4 454/58/4 453/58/4
f 451/58/192 452/58/4 455/58/4 454/58/60
f 453/58/130 454/58/130 450/58/130 447/58/130
f 454/58/130 455/58/130 445/66/130 450/58/130
f 456/15/60 459/15/193 462/15/130 461/15/130
f 459/15/4 460/15/4 463/15/60 462/15/4
f 461/15/4 462/15/60 474/15/60 471/67/4
f 462/15/60 463/15/60 464/15/60 474/15/60
f 457/59/4 465/59/4 468/59/4 467/59/60
f 465/59/130 466/60/130 469/60/130 468/59/130
f 467/59/60 468/59/184 463/15/126 460/15/192
f 468/59/130 469/60/130 464/15/130 463/15/130
f 458/68/130 470/68/130 473/68/130 472/68/130
f 470/68/130 471/67/130 474/15/130 473/68/130
f 472/68/4 473/68/4 469/60/4 466/60/4
f 473/68/4 474/15/4 464/15/4 469/60/4
f 475/61/60 478/61/130 481/62/130 480/62/134
f 478/61/4 479/61/4 482/62/60 481/62/60
f 480/62/4 481/62/4 493/48/60 490/48/4
f 481/62/60 482/62/60 483/62/60 493/48/60
f 476/49/130 484/49/130 487/49/130 486/49/130
f 484/49/4 485/50/4 488/50/4 487/49/4
f 486/49/130 487/49/130 482/51/130 479/51/130
f 487/49/4 488/50/4 483/50/4 482/51/4
f 477/51/4 489/51/60 492/51/4 491/51/4
f 489/51/135 490/51/126 493/51/136 492/51/60
f 491/51/130 492/51/130 488/50/130 485/50/130
f 492/51/130 493/51/130 483/50/130 488/50/130
f 494/54/137 497/54/138 500/54/139 499/54/31
f 497/54/38 498/54/140 501/54/40 500/54/141
f 499/54/194 500/54/195 512/54/196 509/54/197
f 500/54/146 501/54/147 502/54/148 512/54/149
f 495/54/2 503/54/150 506/54/2 505/54/151
f 503/54/198 504/54/199 507/54/200 506/54/201
f 505/54/7 506/54/156 501/54/157 498/54/140
f 506/54/158 507/54/159 502/54/160 501/54/161
f 496/63/202 508/63/203 511/63/204 510/63/205
f 508/63/50 509/54/53 512/54/166 511/63/167
f 510/63/4 511/63/4 507/54/4 504/54/4
f 511/63/168 512/54/56 502/54/169 507/54/7
f 513/37/4 516/37/4 519/37/4 518/37/4
f 516/37/4 517/37/4 520/37/4 519/37/4
f 518/37/4 519/37/4 531/37/4 528/37/4
f 519/37/4 520/37/4 521/37/4 531/37/4
f 514/38/4 522/38/4 525/38/4 524/38/4
f 522/38/4 523/38/4 526/38/4 525/38/4
f 524/38/4 525/38/4 520/38/4 517/38/4
f 525/38/4 526/38/4 521/38/4 520/38/4
f 515/39/4 527/39/4 530/39/4 529/39/4
f 527/39/4 528/39/4 531/39/4 530/39/4
f 529/39/4 530/39/4 526/39/4 523/39/4
f 530/39/4 531/39/4 521/39/4 526/39/4
f 532/45/4 535/45/4 538/45/4 537/45/4
f 535/45/4 536/45/4 539/45/4 538/45/4
f 537/45/4 538/45/4 550/45/4 547/45/4
f 538/45/4 539/45/4 540/45/4 550/45/4
f 533/46/4 541/46/4 544/46/4 543/46/4
f 541/46/4 542/46/4 545/46/4 544/46/4
f 543/46/4 544/46/4 539/46/4 536/46/4
f 544/46/4 545/46/4 540/46/4 539/46/4
f 534/46/4 546/46/4 549/46/4 548/46/4
f 546/46/4 547/46/4 550/46/4 549/46/4
f 548/46/4 549/46/4 545/46/4 542/46/4
f 549/46/4 550/46/4 540/46/4 545/46/4
f 551/55/170 554/55/113 557/55/171 556/55/172
f 554/55/173 555/55/174 558/55/175 557/55/176
f 556/55/4 557/55/4 569/55/60 566/55/4
f 557/55/177 558/55/60 559/55/178 569/55/60
f 552/56/7 560/56/122 563/56/179 562/56/180
f 560/56/4 561/57/4 564/57/4 563/56/4
f 562/56/106 563/56/181 558/55/182 555/55/107
f 563/56/4 564/57/4 559/55/4 558/55/4
f 553/55/2 565/55/2 568/55/183 567/55/150
f 565/55/184 566/55/126 569/55/185 568/55/60
f 567/55/186 568/55/187 564/57/188 561/57/105
f 568/55/189 569/55/105 559/55/105 564/57/190
f 570/64/126 573/64/130 576/65/130 575/65/191
f 573/64/130 574/65/130 577/65/130 576/65/130
f 575/65/131 576/65/1 588/58/2 585/58/140
f 576/65/4 577/65/4 578/66/4 588/58/4
f 571/58/130 579/58/130 582/58/130 581/58/130
f 579/58/4 580/58/4 583/58/4 582/58/4
f 581/58/130 582/58/130 577/65/130 574/65/130
f 582/58/130 583/58/1 578/66/1 577/65/2
f 572/58/4 584/58/4 587/58/4 586/58/4
f 584/58/192 585/58/4 588/58/4 587/58/60
f 586/58/130 587/58/130 583/58/130 580/58/130
f 587/58/130 588/58/130 578/66/130 583/58/130
f 589/15/60 592/15/193 595/15/130 594/15/130
f 592/15/4 593/15/4 596/15/60 595/15/4
f 594/15/4 595/15/60 607/15/60 604/67/4
f 595/15/60 596/15/60 597/15/60 607/15/60
f 590/59/4 598/59/4 601/59/4 600/59/60
f 598/59/130 599/60/130 602/60/130 601/59/130
f 600/59/60 601/59/184 596/15/126 593/15/192
f 601/59/130 602/60/130 597/15/130 596/15/130
f 591/68/130 603/68/130 606/68/130 605/68/130
f 603/68/130 604/67/130 607/15/130 606/68/130
f 605/68/4 606/68/4 602/60/4 599/60/4
f 606/68/4 607/15/4 597/15/4 602/60/4
f 608/48/4 611/48/4 614/48/4 613/48/4
f 611/48/4 612/48/4 615/48/60 614/48/4
f 613/48/4 614/48/4 626/48/60 623/48/4
f 614/48/60 615/48/60 616/48/60 626/48/60
f 609/49/4 617/49/4 620/49/4 619/49/60
f 617/49/4 618/50/4 621/50/4 620/49/4
f 619/49/4 620/49/4 615/51/4 612/51/4
f 620/49/4 621/50/4 616/50/4 615/51/4
f 610/51/4 622/51/60 625/51/4 624/51/4
f 622/51/4 623/51/4 626/51/4 625/51/4
f 624/51/4 625/51/4 621/50/4 618/50/4
f 625/51/4 626/51/4 616/50/4 621/50/4
f 627/54/3 630/54/4 633/54/4 632/54/4
f 630/54/4 631/54/4 634/54/4 633/54/4
f 632/54/5 633/54/2 645/54/2 642/54/53
f 633/54/2 634/54/2 635/54/2 645/54/2
f 628/54/2 636/54/2 639/54/2 638/54/2
f 636/54/2 637/54/2 640/54/2 639/54/2
f 638/54/4 639/54/4 634/54/4 631/54/4
f 639/54/2 640/54/2 635/54/2 634/54/2
f 629/54/132 641/54/1 644/54/1 643/54/1
f 641/54/4 642/54/4 645/54/4 644/54/4
f 643/54/4 644/54/4 640/54/4 637/54/4
f 644/54/4 645/54/4 635/54/4 640/54/4
f 646/46/130 649/46/130 652/46/1 651/46/2
f 649/46/206 650/46/130 653/46/2 652/46/1
f 651/46/2 652/46/1 664/46/207 661/46/1
f 652/46/4 653/46/4 654/46/4 664/46/4
f 647/69/4 655/69/4 658/69/208 657/69/4
f 655/69/1 656/69/1 659/69/1 658/69/209
f 657/69/130 658/69/207 653/69/2 650/69/130
f 658/69/4 659/69/4 654/69/4 653/69/4
f 648/46/1 660/46/1 663/46/2 662/46/1
f 660/46/1 661/46/2 664/46/209 663/46/2
f 662/46/1 663/46/2 659/46/1 656/46/1
f 663/46/4 664/46/4 654/46/4 659/46/4
f 670/55/69 673/55/4 676/55/4 675/55/4
f 673/55/4 674/55/60 677/55/60 676/55/4
f 675/55/4 676/55/4 688/55/60 685/55/4
f 676/55/2 677/55/60 678/55/1 688/55/60
f 671/56/132 679/56/1 682/56/1 681/56/133
f 679/56/4 680/57/4 683/57/4 682/56/4
f 681/56/4 682/56/4 677/55/4 674/55/4
f 682/56/4 683/57/4 678/55/4 677/55/4
f 672/55/2 684/55/2 687/55/2 686/55/2
f 684/55/4 685/55/4 688/55/4 687/55/4
f 686/55/2 687/55/2 683/57/2 680/57/2
f 687/55/2 688/55/2 678/55/2 683/57/2
f 689/37/4 692/37/4 695/37/4 694/37/4
f 692/37/4 693/37/4 696/37/4 695/37/4
f 694/37/4 695/37/4 707/37/4 704/37/4
f 695/37/4 696/37/4 697/37/4 707/37/4
f 690/38/4 698/38/4 701/38/4 700/38/4
f 698/38/4 699/38/4 702/38/4 701/38/4
f 700/38/4 701/38/4 696/38/4 693/38/4
f 701/38/4 702/38/4 697/38/4 696/38/4
f 691/39/4 703/39/4 706/39/4 705/39/4
f 703/39/4 704/39/4 707/39/4 706/39/4
f 705/39/4 706/39/4 702/39/4 699/39/4
f 706/39/4 707/39/4 697/39/4 702/39/4
f 708/58/4 711/58/4 714/58/4 713/58/4
f 711/58/4 712/58/4 715/58/4 714/58/4
f 713/58/4 714/58/4 726/58/4 723/58/4
f 714/58/4 715/58/4 716/58/4 726/58/4
f 709/58/4 717/58/4 720/58/4 719/58/4
f 717/58/4 718/58/4 721/58/4 720/58/4
f 719/58/4 720/58/4 715/58/4 712/58/4
f 720/58/4 721/58/4 716/58/4 715/58/4
f 710/58/4 722/58/4 725/58/4 724/58/4
f 722/58/4 723/58/4 726/58/4 725/58/4
f 724/58/4 725/58/4 721/58/4 718/58/4
f 725/58/4 726/58/4 716/58/4 721/58/4
f 727/48/210 730/48/126 733/48/60 732/48/211
f 730/48/60 731/48/60 734/48/60 733/48/60
f 732/48/60 733/48/60 745/48/60 742/48/60
f 733/48/60 734/48/60 735/48/60 745/48/60
f 728/51/212 736/51/126 739/51/60 738/51/213
f 736/51/60 737/70/60 740/71/60 739/51/60
f 738/51/4 739/51/4 734/51/4 731/51/4
f 739/51/4 740/71/4 735/71/4 734/51/4
f 729/72/214 741/72/126 744/72/60 743/72/211
f 741/72/4 742/72/4 745/72/4 744/72/4
f 743/72/60 744/72/60 740/71/60 737/70/60
f 744/72/4 745/72/4 735/71/4 740/71/4
f 746/15/4 749/15/4 752/15/4 751/15/4
f 749/15/4 750/15/4 753/15/60 752/15/4
f 751/15/4 752/15/4 764/15/60 761/15/4
f 752/15/60 753/15/60 754/15/60 764/15/60
f 747/59/4 755/59/4 758/59/4 757/59/60
f 755/59/4 756/60/4 759/60/4 758/59/4
f 757/59/4 758/59/4 753/15/4 750/15/4
f 758/59/4 759/60/4 754/15/4 753/15/4
f 748/15/4 760/15/60 763/15/4 762/15/4
f 760/15/4 761/15/4 764/15/4 763/15/4
f 762/15/4 763/15/4 759/60/4 756/60/4
f 763/15/4 764/15/4 754/15/4 759/60/4
f 765/48/215 768/48/126 771/48/60 770/48/216
f 768/48/60 769/48/60 772/48/60 771/48/60
f 770/48/60 771/48/60 783/48/60 780/48/60
f 771/48/60 772/48/60 773/48/60 783/48/60
f 766/51/217 774/51/126 777/51/60 776/51/216
f 774/51/60 775/51/60 778/51/60 777/51/60
f 776/51/4 777/51/4 772/51/4 769/51/4
f 777/51/4 778/51/4 773/51/4 772/51/4
f 767/51/218 779/51/126 782/51/60 781/51/216
f 779/51/4 780/51/4 783/51/4 782/51/4
f 781/51/60 782/51/60 778/51/60 775/51/60
f 782/51/4 783/51/4 773/51/4 778/51/4
f 784/73/4 787/73/4 790/73/208 789/73/4
f 787/73/219 788/74/130 791/74/1 790/73/220
f 789/73/2 790/73/221 802/73/2 799/73/2
f 790/73/4 791/74/4 792/75/4 802/73/4
f 785/58/1 793/58/1 796/58/2 795/58/130
f 793/58/1 794/74/2 797/74/220 796/58/2
f 795/58/130 796/58/2 791/74/1 788/74/130
f 796/58/4 797/74/4 792/75/4 791/74/4
f 786/76/2 798/73/2 801/76/1 800/76/2
f 798/73/2 799/73/2 802/73/2 801/76/1
f 800/76/2 801/76/1 797/74/221 794/74/1
f 801/76/4 802/73/4 792/75/4 797/74/4
f 803/77/4 806/77/4 809/78/4 808/77/4
f 806/77/4 807/79/4 810/79/4 809/78/4
f 808/77/4 809/78/4 821/79/4 818/79/4
f 809/78/4 810/79/4 811/79/4 821/79/4
f 804/46/4 812/46/4 815/46/4 814/46/4
f 812/46/4 813/46/4 816/46/4 815/46/4
f 814/46/4 815/46/4 810/46/4 807/46/4
f 815/46/4 816/46/4 811/46/4 810/46/4
f 805/69/4 817/69/4 820/69/4 819/69/4
f 817/69/4 818/69/4 821/69/4 820/69/4
f 819/69/4 820/69/4 816/69/4 813/69/4
f 820/69/4 821/69/4 811/69/4 816/69/4
f 822/15/210 825/15/126 828/15/60 827/15/211
f 825/15/60 826/15/60 829/15/60 828/15/60
f 827/15/60 828/15/60 840/15/60 837/15/60
f 828/15/60 829/15/60 830/15/60 840/15/60
f 823/15/214 831/15/126 834/15/60 833/15/211
f 831/15/60 832/15/60 835/15/60 834/15/60
f 833/15/4 834/15/4 829/15/4 826/15/4
f 834/15/4 835/15/4 830/15/4 829/15/4
f 824/15/212 836/15/126 839/15/60 838/15/211
f 836/15/4 837/15/4 840/15/4 839/15/4
f 838/15/60 839/15/60 835/15/60 832/15/60
f 839/15/4 840/15/4 830/15/4 835/15/4
f 841/48/4 844/48/4 847/48/60 846/48/4
f 844/48/60 845/48/60 848/48/60 847/48/60
f 846/48/60 847/48/60 859/48/60 856/48/60
f 847/48/60 848/48/60 849/48/60 859/48/60
f 842/51/4 850/51/4 853/51/60 852/51/4
f 850/51/60 851/51/60 854/51/60 853/51/60
f 852/51/4 853/51/4 848/51/4 845/51/4
f 853/51/4 854/51/4 849/51/4 848/51/4
f 843/51/4 855/51/4 858/51/60 857/51/4
f 855/51/4 856/51/4 859/51/4 858/51/4
f 857/51/60 858/51/60 854/51/60 851/51/60
f 858/51/4 859/51/4 849/51/4 854/51/4
f 860/73/4 863/73/4 866/73/4 865/73/4
f 863/73/4 864/73/4 867/73/4 866/73/4
f 865/73/4 866/73/4 878/73/4 875/73/4
f 866/73/4 867/73/4 868/73/4 878/73/4
f 861/80/4 869/80/4 872/80/4 871/80/4
f 869/80/4 870/80/4 873/80/4 872/80/4
f 871/80/4 872/80/4 867/80/4 864/80/4
f 872/80/4 873/80/4 868/80/4 867/80/4
f 862/80/4 874/80/4 877/80/4 876/80/4
f 874/80/4 875/80/4 878/80/4 877/80/4
f 876/80/4 877/80/4 873/80/4 870/80/4
f 877/80/4 878/80/4 868/80/4 873/80/4
f 879/41/60 882/41/4 885/41/4 884/41/4
f 882/41/4 883/41/4 886/41/4 885/41/4
f 884/41/4 885/41/4 897/41/4 894/41/4
f 885/41/60 886/41/60 887/41/60 897/41/60
f 880/42/60 888/42/4 891/42/4 890/42/4
f 888/42/4 889/42/4 892/42/4 891/42/4
f 890/42/4 891/42/4 886/42/4 883/42/4
f 891/42/60 892/42/60 887/42/60 886/42/60
f 881/44/60 893/44/4 896/44/4 895/44/4
f 893/44/4 894/44/4 897/44/4 896/44/4
f 895/44/4 896/44/4 892/44/4 889/44/4
f 896/44/60 897/44/60 887/44/60 892/44/60
f 898/15/4 901/15/4 904/15/60 903/15/4
f 901/15/60 902/15/60 905/15/60 904/15/60
f 903/15/60 904/15/60 916/15/60 913/15/60
f 904/15/60 905/15/60 906/15/60 916/15/60
f 899/15/4 907/15/4 910/15/60 909/15/4
f 907/15/60 908/15/60 911/15/60 910/15/60
f 909/15/4 910/15/4 905/15/4 902/15/4
f 910/15/4 911/15/4 906/15/4 905/15/4
f 900/15/4 912/15/4 915/15/60 914/15/4
f 912/15/4 913/15/4 916/15/4 915/15/4
f 914/15/60 915/15/60 911/15/60 908/15/60
f 915/15/4 916/15/4 906/15/4 911/15/4
f 917/46/4 920/46/4 923/46/4 922/46/4
f 920/46/4 921/46/4 924/46/4 923/46/4
f 922/46/4 923/46/4 935/81/4 932/81/4
f 923/46/4 924/46/4 925/82/4 935/81/4
f 918/45/4 926/45/4 929/45/4 928/45/4
f 926/45/4 927/45/4 930/45/4 929/45/4
f 928/45/4 929/45/4 924/45/4 921/45/4
f 929/45/4 930/45/4 925/45/4 924/45/4
f 919/83/4 931/83/4 934/84/4 933/84/4
f 931/83/4 932/81/4 935/81/4 934/84/4
f 933/84/4 934/84/4 930/46/4 927/46/4
f 934/84/4 935/81/4 925/82/4 930/46/4
f 941/15/222 944/15/126 947/15/60 946/15/136
f 944/15/60 945/15/60 948/15/60 947/15/60
f 946/15/60 947/15/60 959/15/60 956/15/60
f 947/15/60 948/15/60 949/15/60 959/15/60
f 942/15/223 950/15/126 953/15/60 952/15/224
f 950/15/60 951/15/60 954/15/60 953/15/60
f 952/15/4 953/15/4 948/15/4 945/15/4
f 953/15/4 954/15/4 949/15/4 948/15/4
f 943/15/225 955/15/126 958/15/60 957/15/136
f 955/15/4 956/15/4 959/15/4 958/15/4
f 957/15/60 958/15/60 954/15/60 951/15/60
f 958/15/4 959/15/4 949/15/4 954/15/4
f 960/48/4 963/48/4 966/48/60 965/48/4
f 963/48/60 964/48/60 967/48/60 966/48/60
f 965/48/60 966/48/60 978/48/60 975/48/60
f 966/48/60 967/48/60 968/48/60 978/48/60
f 961/51/4 969/51/4 972/51/60 971/51/4
f 969/51/60 970/51/60 973/51/60 972/51/60
f 971/51/60 972/51/60 967/51/60 964/51/60
f 972/51/60 973/51/60 968/51/60 967/51/60
f 962/51/4 974/51/4 977/51/60 976/51/4
f 974/51/60 975/51/60 978/51/60 977/51/60
f 976/51/60 977/51/60 973/51/60 970/51/60
f 977/51/60 978/51/60 968/51/60 973/51/60
f 979/54/4 982/54/4 985/54/4 984/54/4
f 982/54/4 983/54/4 986/54/4 985/54/4
f 984/54/4 985/54/4 997/54/4 994/54/4
f 985/54/4 986/54/4 987/54/4 997/54/4
f 980/54/4 988/54/4 991/54/4 990/54/4
f 988/54/4 989/54/4 992/54/4 991/54/4
f 990/54/4 991/54/4 986/54/4 983/54/4
f 991/54/4 992/54/4 987/54/4 986/54/4
f 981/54/4 993/54/4 996/54/4 995/54/4
f 993/54/4 994/54/4 997/54/4 996/54/4
f 995/54/4 996/54/4 992/54/4 989/54/4
f 996/54/4 997/54/4 987/54/4 992/54/4
f 998/54/4 1001/54/4 1004/54/4 1003/54/4
f 1001/54/4 1002/54/4 1005/54/4 1004/54/4
f 1003/54/4 1004/54/4 1016/54/4 1013/54/4
f 1004/54/4 1005/54/4 1006/54/4 1016/54/4
f 999/54/4 1007/54/4 1010/54/4 1009/54/4
f 1007/54/4 1008/54/4 1011/54/4 1010/54/4
f 1009/54/4 1010/54/4 1005/54/4 1002/54/4
f 1010/54/4 1011/54/4 1006/54/4 1005/54/4
f 1000/54/4 1012/54/4 1015/54/4 1014/54/4
f 1012/54/4 1013/54/4 1016/54/4 1015/54/4
f 1014/54/4 1015/54/4 1011/54/4 1008/54/4
f 1015/54/4 1016/54/4 1006/54/4 1011/54/4
f 1017/55/4 1020/55/4 1023/55/60 1022/55/4
f 1020/55/60 1021/55/60 1024/55/60 1023/55/60
f 1022/55/60 1023/55/60 1035/55/60 1032/55/60
f 1023/55/60 1024/55/60 1025/55/60 1035/55/60
f 1018/55/4 1026/55/4 1029/55/60 1028/55/4
f 1026/55/60 1027/55/60 1030/55/60 1029/55/60
f 1028/55/60 1029/55/60 1024/55/60 1021/55/60
f 1029/55/60 1030/55/60 1025/55/60 1024/55/60
f 1019/55/4 1031/55/4 1034/55/60 1033/55/4
f 1031/55/60 1032/55/60 1035/55/60 1034/55/60
f 1033/55/60 1034/55/60 1030/55/60 1027/55/60
f 1034/55/60 1035/55/60 1025/55/60 1030/55/60
f 1036/58/4 1039/58/4 1042/58/4 1041/58/4
f 1039/58/4 1040/58/4 1043/58/4 1042/58/4
f 1041/58/4 1042/58/4 1054/58/4 1051/58/4
f 1042/58/4 1043/58/4 1044/58/4 1054/58/4
f 1037/58/4 1045/58/4 1048/58/4 1047/58/4
f 1045/58/4 1046/58/4 1049/58/4 1048/58/4
f 1047/58/4 1048/58/4 1043/58/4 1040/58/4
f 1048/58/4 1049/58/4 1044/58/4 1043/58/4
f 1038/58/4 1050/58/4 1053/58/4 1052/58/4
f 1050/58/4 1051/58/4 1054/58/4 1053/58/4
f 1052/58/4 1053/58/4 1049/58/4 1046/58/4
f 1053/58/4 1054/58/4 1044/58/4 1049/58/4
f 1055/15/4 1058/15/4 1061/15/60 1060/15/4
f 1058/15/60 1059/15/60 1062/15/60 1061/15/60
f 1060/15/60 1061/15/60 1073/15/60 1070/15/60
f 1061/15/60 1062/15/60 1063/15/60 1073/15/60
f 1056/15/4 1064/15/4 1067/15/60 1066/15/4
f 1064/15/60 1065/15/60 1068/15/60 1067/15/60
f 1066/15/60 1067/15/60 1062/15/60 1059/15/60
f 1067/15/60 1068/15/60 1063/15/60 1062/15/60
f 1057/15/4 1069/15/4 1072/15/60 1071/15/4
f 1069/15/60 1070/15/60 1073/15/60 1072/15/60
f 1071/15/60 1072/15/60 1068/15/60 1065/15/60
f 1072/15/60 1073/15/60 1063/15/60 1068/15/60
f 2124/85/226 2127/85/60 2130/85/60 2129/85/130
f 2127/85/60 2128/85/60 2131/85/60 2130/85/60
f 2129/85/60 2130/85/60 2142/85/60 2139/85/60
f 2130/85/60 2131/85/60 2132/85/60 2142/85/60
f 2125/86/227 2133/86/60 2136/86/60 2135/86/130
f 2133/86/60 2134/86/60 2137/86/60 2136/86/60
f 2135/86/60 2136/86/60 2131/86/60 2128/86/60
f 2136/86/60 2137/86/60 2132/86/60 2131/86/60
f 2126/87/7 2138/87/60 2141/87/60 2140/87/130
f 2138/87/60 2139/87/60 2142/87/60 2141/87/60
f 2140/87/60 2141/87/60 2137/87/60 2134/87/60
f 2141/87/60 2142/87/60 2132/87/60 2137/87/60
f 2148/88/228 2151/88/60 2154/88/60 2153/88/7
f 2151/88/60 2152/88/60 2155/88/60 2154/88/60
f 2153/88/60 2154/88/60 2166/88/60 2163/88/60
f 2154/88/60 2155/88/60 2156/88/60 2166/88/60
f 2149/89/229 2157/89/60 2160/89/60 2159/89/7
f 2157/89/60 2158/89/60 2161/89/60 2160/89/60
f 2159/89/60 2160/89/60 2155/89/60 2152/89/60
f 2160/89/60 2161/89/60 2156/89/60 2155/89/60
f 2150/90/130 2162/90/60 2165/90/60 2164/90/7
f 2162/90/60 2163/90/60 2166/90/60 2165/90/60
f 2164/90/60 2165/90/60 2161/90/60 2158/90/60
f 2165/90/60 2166/90/60 2156/90/60 2161/90/60
f 2172/91/227 2175/91/60 2178/91/60 2177/91/130
f 2175/91/60 2176/91/60 2179/91/60 2178/91/60
f 2177/91/60 2178/91/60 2190/91/60 2187/91/60
f 2178/91/60 2179/91/60 2180/91/60 2190/91/60
f 2173/92/226 2181/92/60 2184/92/60 2183/92/130
f 2181/92/60 2182/92/60 2185/92/60 2184/92/60
f 2183/92/60 2184/92/60 2179/92/60 2176/92/60
f 2184/92/60 2185/92/60 2180/92/60 2179/92/60
f 2174/93/7 2186/93/60 2189/93/60 2188/93/130
f 2186/93/60 2187/93/60 2190/93/60 2189/93/60
f 2188/93/60 2189/93/60 2185/93/60 2182/93/60
f 2189/93/60 2190/93/60 2180/93/60 2185/93/60
f 2216/94/229 2219/94/60 2222/94/60 2221/94/7
f 2219/94/60 2220/94/60 2223/94/60 2222/94/60
f 2221/94/60 2222/94/60 2234/94/60 2231/94/60
f 2222/94/60 2223/94/60 2224/94/60 2234/94/60
f 2217/95/228 2225/96/60 2228/96/60 2227/96/7
f 2225/96/60 2226/96/60 2229/96/60 2228/96/60
f 2227/96/60 2228/96/60 2223/95/60 2220/95/60
f 2228/96/60 2229/96/60 2224/96/60 2223/95/60
f 2218/97/130 2230/97/60 2233/97/60 2232/97/7
f 2230/97/60 2231/97/60 2234/97/60 2233/97/60
f 2232/97/60 2233/97/60 2229/97/60 2226/97/60
f 2233/97/60 2234/97/60 2224/97/60 2229/97/60
f 3965/98/228 3968/98/60 3971/98/60 3970/98/7
f 3968/98/60 3969/98/60 3972/98/60 3971/98/60
f 3970/98/60 3971/98/60 3983/98/60 3980/98/60
f 3971/98/60 3972/98/60 3973/98/60 3983/98/60
f 3966/89/229 3974/89/60 3977/89/60 3976/89/7
f 3974/89/60 3975/89/60 3978/89/60 3977/89/60
f 3976/89/60 3977/89/60 3972/89/60 3969/89/60
f 3977/89/60 3978/89/60 3973/89/60 3972/89/60
f 3967/99/130 3979/100/60 3982/100/60 3981/100/7
f 3979/100/60 3980/100/60 3983/100/60 3982/100/60
f 3981/100/60 3982/100/60 3978/99/60 3975/99/60
f 3982/100/60 3983/100/60 3973/100/60 3978/99/60
f 3994/85/226 3997/85/60 4000/85/60 3999/85/130
f 3997/85/60 3998/85/60 4001/85/60 4000/85/60
f 3999/85/60 4000/85/60 4012/85/60 4009/85/60
f 4000/85/60 4001/85/60 4002/85/60 4012/85/60
f 3995/101/227 4003/101/60 4006/101/60 4005/101/130
f 4003/101/60 4004/101/60 4007/101/60 4006/101/60
f 4005/101/60 4006/101/60 4001/101/60 3998/101/60
f 4006/101/60 4007/101/60 4002/101/60 4001/101/60
f 3996/102/7 4008/102/60 4011/102/60 4010/102/130
f 4008/102/60 4009/102/60 4012/102/60 4011/102/60
f 4010/102/60 4011/102/60 4007/102/60 4004/102/60
f 4011/102/60 4012/102/60 4002/102/60 4007/102/60
f 4038/103/227 4041/103/60 4044/103/60 4043/103/130
f 4041/103/60 4042/103/60 4045/103/60 4044/103/60
f 4043/103/60 4044/103/60 4056/103/60 4053/103/60
f 4044/103/60 4045/103/60 4046/103/60 4056/103/60
f 4039/92/226 4047/92/60 4050/92/60 4049/92/130
f 4047/92/60 4048/92/60 4051/92/60 4050/92/60
f 4049/92/60 4050/92/60 4045/92/60 4042/92/60
f 4050/92/60 4051/92/60 4046/92/60 4045/92/60
f 4040/104/7 4052/104/60 4055/104/60 4054/104/130
f 4052/104/60 4053/104/60 4056/104/60 4055/104/60
f 4054/104/60 4055/104/60 4051/104/60 4048/104/60
f 4055/104/60 4056/104/60 4046/104/60 4051/104/60
f 4062/94/229 4065/94/60 4068/94/60 4067/94/7
f 4065/94/60 4066/94/60 4069/94/60 4068/94/60
f 4067/94/60 4068/94/60 4080/94/60 4077/94/60
f 4068/94/60 4069/94/60 4070/94/60 4080/94/60
f 4063/105/228 4071/106/60 4074/106/60 4073/106/7
f 4071/106/60 4072/106/60 4075/106/60 4074/106/60
f 4073/106/60 4074/106/60 4069/105/60 4066/105/60
f 4074/106/60 4075/106/60 4070/106/60 4069/105/60
f 4064/107/130 4076/107/60 4079/107/60 4078/107/7
f 4076/107/60 4077/107/60 4080/107/60 4079/107/60
f 4078/107/60 4079/107/60 4075/107/60 4072/107/60
f 4079/107/60 4080/107/60 4070/107/60 4075/107/60
f 5331/54/4 5334/54/4 5337/54/4 5336/54/4
f 5334/54/4 5335/54/4 5338/54/4 5337/54/4
f 5336/54/4 5337/54/4 5349/54/4 5346/54/4
f 5337/54/4 5338/54/4 5339/54/4 5349/54/4
f 5332/108/4 5340/108/4 5343/108/4 5342/108/4
f 5340/108/4 5341/108/4 5344/108/4 5343/108/4
f 5342/108/4 5343/108/4 5338/108/4 5335/108/4
f 5343/108/4 5344/108/4 5339/108/4 5338/108/4
f 5333/108/4 5345/108/4 5348/108/4 5347/108/4
f 5345/108/4 5346/108/4 5349/108/4 5348/108/4
f 5347/108/4 5348/108/4 5344/108/4 5341/108/4
f 5348/108/4 5349/108/4 5339/108/4 5344/108/4
f 5350/38/4 5353/38/4 5356/38/4 5355/38/4
f 5353/38/4 5354/38/4 5357/38/4 5356/38/4
f 5355/38/4 5356/38/4 5368/38/4 5365/38/4
f 5356/38/4 5357/38/4 5358/38/4 5368/38/4
f 5351/109/4 5359/109/4 5362/109/4 5361/109/4
f 5359/109/4 5360/109/4 5363/109/4 5362/109/4
f 5361/109/4 5362/109/4 5357/109/4 5354/109/4
f 5362/109/4 5363/109/4 5358/109/4 5357/109/4
f 5352/39/4 5364/39/4 5367/39/4 5366/39/4
f 5364/39/4 5365/39/4 5368/39/4 5367/39/4
f 5366/39/4 5367/39/4 5363/39/4 5360/39/4
f 5367/39/4 5368/39/4 5358/39/4 5363/39/4
f 5379/110/130 5382/110/130 5385/110/7 5384/110/7
f 5382/110/4 5383/110/4 5386/110/4 5385/110/4
f 5384/110/4 5385/110/4 5397/110/4 5394/110/4
f 5385/110/2 5386/110/230 5387/110/231 5397/110/7
f 5380/111/232 5388/111/4 5391/111/4 5390/111/4
f 5388/111/38 5389/111/2 5392/111/231 5391/111/231
f 5390/111/1 5391/111/231 5386/111/233 5383/111/2
f 5391/111/4 5392/111/4 5387/111/4 5386/111/4
f 5381/112/2 5393/112/130 5396/112/130 5395/112/234
f 5393/112/4 5394/112/4 5397/112/4 5396/112/4
f 5395/112/7 5396/112/2 5392/113/233 5389/113/1
f 5396/112/130 5397/112/230 5387/112/231 5392/113/235
f 5398/114/60 5401/114/4 5404/114/4 5403/114/4
f 5401/114/4 5402/114/4 5405/114/60 5404/114/4
f 5403/114/4 5404/114/4 5416/114/60 5413/114/4
f 5404/114/60 5405/114/60 5406/114/60 5416/114/60
f 5399/115/60 5407/115/60 5410/115/60 5409/115/60
f 5407/115/60 5408/115/60 5411/115/60 5410/115/60
f 5409/115/60 5410/115/60 5405/115/60 5402/115/60
f 5410/115/60 5411/115/60 5406/115/60 5405/115/60
f 5400/114/60 5412/114/4 5415/114/4 5414/114/4
f 5412/114/4 5413/114/4 5416/114/60 5415/114/4
f 5414/114/4 5415/114/4 5411/114/60 5408/114/4
f 5415/114/60 5416/114/60 5406/114/60 5411/114/60
f 5422/116/60 5425/116/4 5428/116/4 5427/116/4
f 5425/116/4 5426/116/4 5429/116/60 5428/116/4
f 5427/116/4 5428/116/4 5440/116/60 5437/116/4
f 5428/116/60 5429/116/60 5430/116/60 5440/116/60
f 5423/116/60 5431/116/60 5434/116/60 5433/116/60
f 5431/116/60 5432/116/60 5435/116/60 5434/116/60
f 5433/116/60 5434/116/60 5429/116/60 5426/116/60
f 5434/116/60 5435/116/60 5430/116/60 5429/116/60
f 5424/117/60 5436/117/4 5439/117/4 5438/117/4
f 5436/117/4 5437/117/4 5440/117/60 5439/117/4
f 5438/117/4 5439/117/4 5435/117/60 5432/117/4
f 5439/117/60 5440/117/60 5430/117/60 5435/117/60
f 5441/118/236 5444/118/7 5447/119/7 5446/119/130
f 5444/118/4 5445/118/4 5448/119/4 5447/119/4
f 5446/119/130 5447/119/1 5459/118/231 5456/118/2
f 5447/119/7 5448/119/235 5449/118/233 5459/118/230
f 5442/120/237 5450/120/130 5453/120/130 5452/120/130
f 5450/120/4 5451/120/4 5454/120/4 5453/120/4
f 5452/120/4 5453/120/4 5448/120/4 5445/120/4
f 5453/120/1 5454/120/235 5449/120/233 5448/120/130
f 5443/121/238 5455/121/4 5458/121/4 5457/121/4
f 5455/121/1 5456/121/1 5459/121/233 5458/121/233
f 5457/121/239 5458/121/233 5454/121/231 5451/121/1
f 5458/121/4 5459/121/4 5449/121/4 5454/121/4
f 5460/122/60 5463/122/4 5466/122/4 5465/122/4
f 5463/122/4 5464/122/4 5467/122/60 5466/122/4
f 5465/122/4 5466/122/4 5478/122/60 5475/122/4
f 5466/122/60 5467/122/60 5468/122/60 5478/122/60
f 5461/122/60 5469/122/60 5472/122/60 5471/122/60
f 5469/122/60 5470/122/60 5473/122/60 5472/122/60
f 5471/122/60 5472/122/60 5467/122/60 5464/122/60
f 5472/122/60 5473/122/60 5468/122/60 5467/122/60
f 5462/123/60 5474/123/4 5477/123/4 5476/123/4
f 5474/123/4 5475/123/4 5478/123/60 5477/123/4
f 5476/123/4 5477/123/4 5473/123/60 5470/123/4
f 5477/123/60 5478/123/60 5468/123/60 5473/123/60
f 5484/115/60 5487/115/60 5490/115/60 5489/115/60
f 5487/115/60 5488/115/60 5491/115/60 5490/115/60
f 5489/115/60 5490/115/60 5502/115/60 5499/115/60
f 5490/115/60 5491/115/60 5492/115/60 5502/115/60
f 5485/124/60 5493/124/4 5496/124/4 5495/124/4
f 5493/124/4 5494/124/4 5497/124/60 5496/124/4
f 5495/124/4 5496/124/4 5491/124/60 5488/124/4
f 5496/124/60 5497/124/60 5492/124/60 5491/124/60
f 5486/125/60 5498/125/4 5501/125/4 5500/125/4
f 5498/125/4 5499/125/4 5502/125/60 5501/125/4
f 5500/125/4 5501/125/4 5497/125/60 5494/125/4
f 5501/125/60 5502/125/60 5492/125/60 5497/125/60
f 5503/126/240 5506/126/81 5509/126/81 5508/126/241
f 5506/126/4 5507/126/4 5510/126/4 5509/126/4
f 5508/126/7 5509/126/2 5521/126/242 5518/126/1
f 5509/126/130 5510/126/243 5511/126/243 5521/126/242
f 5504/127/244 5512/127/81 5515/127/19 5514/127/19
f 5512/127/4 5513/127/4 5516/127/4 5515/127/4
f 5514/127/4 5515/127/4 5510/127/4 5507/127/4
f 5515/127/2 5516/127/243 5511/127/243 5510/127/7
f 5505/128/245 5517/128/4 5520/128/4 5519/128/4
f 5517/128/239 5518/128/2 5521/128/243 5520/128/243
f 5519/128/131 5520/128/243 5516/128/242 5513/128/2
f 5520/128/4 5521/128/4 5511/128/4 5516/128/4
f 5522/31/246 5525/31/77 5528/31/77 5527/31/247
f 5525/31/4 5526/31/4 5529/31/4 5528/31/4
f 5527/31/130 5528/31/1 5540/31/243 5537/31/2
f 5528/31/7 5529/31/242 5530/31/242 5540/31/243
f 5523/129/248 5531/129/77 5534/129/249 5533/129/249
f 5531/129/4 5532/129/4 5535/129/4 5534/129/4
f 5533/129/4 5534/129/4 5529/129/4 5526/129/4
f 5534/129/1 5535/129/242 5530/129/242 5529/129/130
f 5524/130/250 5536/130/4 5539/130/4 5538/130/4
f 5536/130/251 5537/130/1 5540/130/242 5539/130/242
f 5538/130/239 5539/130/242 5535/130/243 5532/130/1
f 5539/130/4 5540/130/4 5530/130/4 5535/130/4
f 5541/131/60 5544/131/60 5547/131/60 5546/131/60
f 5544/131/60 5545/131/60 5548/131/60 5547/131/60
f 5546/131/60 5547/131/60 5559/131/60 5556/131/60
f 5547/131/60 5548/131/60 5549/131/60 5559/131/60
f 5542/132/60 5550/132/4 5553/132/4 5552/132/4
f 5550/132/4 5551/132/4 5554/132/4 5553/132/4
f 5552/132/4 5553/132/4 5548/132/60 5545/132/4
f 5553/132/60 5554/132/60 5549/132/60 5548/132/60
f 5543/132/60 5555/132/4 5558/132/4 5557/132/4
f 5555/132/4 5556/132/4 5559/132/60 5558/132/4
f 5557/132/4 5558/132/4 5554/132/4 5551/132/4
f 5558/132/60 5559/132/60 5549/132/60 5554/132/60
f 5560/133/60 5563/133/4 5566/133/4 5565/133/4
f 5563/133/4 5564/133/4 5567/133/60 5566/133/4
f 5565/133/4 5566/133/4 5578/133/60 5575/133/4
f 5566/133/60 5567/133/60 5568/133/60 5578/133/60
f 5561/48/60 5569/48/60 5572/48/60 5571/48/60
f 5569/48/60 5570/48/60 5573/48/60 5572/48/60
f 5571/48/60 5572/48/60 5567/48/60 5564/48/60
f 5572/48/60 5573/48/60 5568/48/60 5567/48/60
f 5562/133/60 5574/133/4 5577/133/4 5576/133/4
f 5574/133/4 5575/133/4 5578/133/60 5577/133/4
f 5576/133/4 5577/133/4 5573/133/60 5570/133/4
f 5577/133/60 5578/133/60 5568/133/60 5573/133/60
f 5579/134/60 5582/134/4 5585/134/4 5584/134/4
f 5582/134/4 5583/134/4 5586/134/60 5585/134/4
f 5584/134/4 5585/134/4 5597/134/60 5594/134/4
f 5585/134/60 5586/134/60 5587/134/60 5597/134/60
f 5580/135/60 5588/135/60 5591/135/60 5590/135/60
f 5588/135/60 5589/135/60 5592/135/60 5591/135/60
f 5590/135/60 5591/135/60 5586/135/60 5583/135/60
f 5591/135/60 5592/135/60 5587/135/60 5586/135/60
f 5581/136/60 5593/136/4 5596/136/4 5595/136/4
f 5593/136/4 5594/136/4 5597/136/60 5596/136/4
f 5595/136/4 5596/136/4 5592/136/60 5589/136/4
f 5596/136/60 5597/136/60 5587/136/60 5592/136/60
f 5598/137/60 5601/137/60 5604/137/60 5603/137/60
f 5601/137/60 5602/137/60 5605/137/60 5604/137/60
f 5603/137/60 5604/137/60 5616/137/60 5613/137/60
f 5604/137/60 5605/137/60 5606/137/60 5616/137/60
f 5599/138/60 5607/138/4 5610/138/4 5609/138/4
f 5607/138/4 5608/138/4 5611/138/60 5610/138/4
f 5609/138/4 5610/138/4 5605/138/60 5602/138/4
f 5610/138/60 5611/138/60 5606/138/60 5605/138/60
f 5600/139/60 5612/139/4 5615/139/4 5614/139/4
f 5612/139/4 5613/139/4 5616/139/60 5615/139/4
f 5614/139/4 5615/139/4 5611/139/60 5608/139/4
f 5615/139/60 5616/139/60 5606/139/60 5611/139/60
f 5617/140/60 5620/140/60 5623/140/60 5622/140/60
f 5620/140/60 5621/140/60 5624/140/60 5623/140/60
f 5622/140/60 5623/140/60 5635/140/60 5632/140/60
f 5623/140/60 5624/140/60 5625/140/60 5635/140/60
f 5618/133/60 5626/133/4 5629/133/4 5628/133/4
f 5626/133/4 5627/133/4 5630/133/4 5629/133/4
f 5628/133/4 5629/133/4 5624/133/60 5621/133/4
f 5629/133/60 5630/133/60 5625/133/60 5624/133/60
f 5619/133/60 5631/133/4 5634/133/4 5633/133/4
f 5631/133/4 5632/133/4 5635/133/60 5634/133/4
f 5633/133/4 5634/133/4 5630/133/4 5627/133/4
f 5634/133/60 5635/133/60 5625/133/60 5630/133/60
f 5636/15/60 5639/15/60 5642/15/60 5641/15/60
f 5639/15/60 5640/15/60 5643/15/60 5642/15/60
f 5641/15/60 5642/15/60 5654/15/60 5651/15/60
f 5642/15/60 5643/15/60 5644/15/60 5654/15/60
f 5637/132/60 5645/132/4 5648/132/4 5647/132/4
f 5645/132/4 5646/132/4 5649/132/60 5648/132/4
f 5647/132/4 5648/132/4 5643/132/60 5640/132/4
f 5648/132/60 5649/132/60 5644/132/60 5643/132/60
f 5638/15/60 5650/15/4 5653/15/4 5652/15/4
f 5650/15/4 5651/15/4 5654/15/60 5653/15/4
f 5652/15/4 5653/15/4 5649/15/60 5646/15/4
f 5653/15/60 5654/15/60 5644/15/60 5649/15/60
f 5655/40/252 5658/40/4 5661/40/4 5660/40/253
f 5658/40/4 5659/40/4 5662/40/4 5661/40/4
f 5660/40/7 5661/40/2 5673/40/254 5670/40/1
f 5661/40/130 5662/40/255 5663/40/256 5673/40/257
f 5656/141/258 5664/142/126 5667/142/4 5666/142/4
f 5664/142/4 5665/142/4 5668/142/4 5667/142/4
f 5666/142/4 5667/142/4 5662/141/4 5659/141/4
f 5667/142/2 5668/142/255 5663/142/256 5662/141/7
f 5657/143/232 5669/143/4 5672/143/4 5671/143/4
f 5669/143/38 5670/143/2 5673/143/256 5672/143/256
f 5671/143/1 5672/143/256 5668/143/254 5665/143/2
f 5672/143/4 5673/143/4 5663/143/4 5668/143/4
f 5674/144/259 5677/144/4 5680/144/4 5679/144/260
f 5677/144/4 5678/144/4 5681/144/4 5680/144/4
f 5679/144/130 5680/144/1 5692/144/261 5689/144/2
f 5680/144/7 5681/144/262 5682/144/263 5692/144/261
f 5675/40/264 5683/40/60 5686/40/4 5685/40/4
f 5683/40/4 5684/40/4 5687/40/4 5686/40/4
f 5685/40/4 5686/40/4 5681/40/4 5678/40/4
f 5686/40/1 5687/40/263 5682/40/263 5681/40/130
f 5676/145/238 5688/145/4 5691/145/4 5690/145/4
f 5688/145/1 5689/145/1 5692/145/262 5691/145/263
f 5690/145/38 5691/145/263 5687/145/265 5684/145/1
f 5691/145/4 5692/145/4 5682/145/4 5687/145/4
f 5693/40/266 5696/40/267 5699/40/268 5698/40/269
f 5696/40/270 5697/40/271 5700/40/272 5699/40/273
f 5698/40/274 5699/40/275 5711/40/276 5708/40/277
f 5699/40/4 5700/40/4 5701/40/4 5711/40/4
f 5694/146/278 5702/147/279 5705/148/280 5704/146/2
f 5702/147/281 5703/146/282 5706/149/283 5705/148/284
f 5704/146/130 5705/148/285 5700/146/286 5697/146/1
f 5705/148/287 5706/149/288 5701/149/130 5700/146/289
f 5695/150/290 5707/150/291 5710/150/292 5709/150/293
f 5707/150/294 5708/150/295 5711/150/296 5710/150/297
f 5709/150/298 5710/150/299 5706/150/300 5703/150/301
f 5710/150/4 5711/150/4 5701/150/4 5706/150/4
f 5717/40/302 5720/40/303 5723/40/303 5722/40/304
f 5720/40/126 5721/40/60 5724/40/60 5723/40/305
f 5722/40/306 5723/40/307 5735/40/307 5732/40/308
f 5723/40/7 5724/40/7 5725/40/7 5735/40/7
f 5718/40/2 5726/40/2 5729/40/1 5728/40/2
f 5726/40/130 5727/40/130 5730/40/7 5729/40/309
f 5728/40/1 5729/40/1 5724/40/2 5721/40/1
f 5729/40/4 5730/40/4 5725/40/4 5724/40/4
f 5719/151/310 5731/151/311 5734/151/312 5733/151/312
f 5731/151/313 5732/151/4 5735/151/4 5734/151/4
f 5733/151/2 5734/151/314 5730/151/1 5727/151/2
f 5734/151/2 5735/151/2 5725/151/2 5730/151/1
f 5736/40/315 5739/40/316 5742/40/1 5741/40/1
f 5739/40/316 5740/40/316 5743/40/1 5742/40/1
f 5741/40/60 5742/40/317 5754/40/318 5751/40/319
f 5742/40/320 5743/40/60 5744/40/60 5754/40/321
f 5737/152/4 5745/152/60 5748/152/4 5747/152/4
f 5745/152/1 5746/152/1 5749/152/1 5748/152/1
f 5747/152/322 5748/152/1 5743/152/1 5740/152/316
f 5748/152/1 5749/152/1 5744/152/1 5743/152/1
f 5738/153/1 5750/154/2 5753/154/1 5752/155/1
f 5750/154/2 5751/154/1 5754/154/2 5753/154/1
f 5752/155/1 5753/154/1 5749/154/1 5746/154/1
f 5753/154/1 5754/154/2 5744/154/1 5749/154/1
f 5760/40/4 5763/40/4 5766/40/4 5765/40/4
f 5763/40/130 5764/40/130 5767/40/1 5766/40/1
f 5765/40/1 5766/40/1 5778/40/1 5775/40/1
f 5766/40/1 5767/40/1 5768/40/1 5778/40/1
f 5761/40/315 5769/40/1 5772/40/1 5771/40/323
f 5769/40/60 5770/40/4 5773/40/4 5772/40/4
f 5771/40/324 5772/40/1 5767/40/1 5764/40/130
f 5772/40/1 5773/40/1 5768/40/1 5767/40/1
f 5762/156/1 5774/156/1 5777/156/1 5776/156/1
f 5774/156/1 5775/156/1 5778/156/1 5777/156/1
f 5776/156/1 5777/156/1 5773/156/1 5770/156/1
f 5777/156/1 5778/156/1 5768/156/1 5773/156/1
f 5859/40/325 5862/40/326 5865/40/327 5864/40/328
f 5862/40/329 5863/40/330 5866/40/331 5865/40/332
f 5864/40/333 5865/40/334 5877/40/335 5874/40/336
f 5865/40/4 5866/40/4 5867/40/4 5877/40/4
f 5860/157/337 5868/157/2 5871/157/338 5870/157/339
f 5868/157/7 5869/157/1 5872/157/340 5871/157/341
f 5870/157/342 5871/157/343 5866/157/344 5863/157/345
f 5871/157/346 5872/157/7 5867/157/2 5866/157/288
f 5861/40/1 5873/40/28 5876/40/347 5875/40/1
f 5873/40/348 5874/40/349 5877/40/350 5876/40/351
f 5875/40/352 5876/40/353 5872/40/354 5869/40/355
f 5876/40/356 5877/40/357 5867/40/2 5872/40/358
f 5888/40/60 5891/40/60 5894/40/359 5893/40/60
f 5891/40/60 5892/40/60 5895/40/60 5894/40/360
f 5893/40/7 5894/40/60 5906/40/360 5903/40/60
f 5894/40/60 5895/40/60 5896/40/60 5906/40/60
f 5889/158/60 5897/158/60 5900/158/359 5899/158/60
f 5897/158/60 5898/158/60 5901/158/60 5900/158/360
f 5899/158/60 5900/158/60 5895/158/360 5892/158/60
f 5900/158/60 5901/158/60 5896/158/60 5895/158/60
f 5890/40/60 5902/40/361 5905/40/359 5904/40/60
f 5902/40/60 5903/40/1 5906/40/60 5905/40/360
f 5904/40/60 5905/40/60 5901/40/360 5898/40/60
f 5905/40/60 5906/40/60 5896/40/60 5901/40/60
f 5907/40/60 5910/40/60 5913/40/60 5912/40/60
f 5910/40/60 5911/40/60 5914/40/60 5913/40/60
f 5912/40/60 5913/40/60 5925/40/60 5922/40/60
f 5913/40/60 5914/40/60 5915/40/60 5925/40/60
f 5908/40/60 5916/40/60 5919/40/60 5918/40/60
f 5916/40/60 5917/40/60 5920/40/60 5919/40/60
f 5918/40/60 5919/40/60 5914/40/60 5911/40/60
f 5919/40/60 5920/40/60 5915/40/60 5914/40/60
f 5909/159/60 5921/159/60 5924/159/60 5923/159/60
f 5921/159/60 5922/159/60 5925/159/60 5924/159/60
f 5923/159/60 5924/159/60 5920/159/60 5917/159/60
f 5924/159/60 5925/159/60 5915/159/60 5920/159/60
f 5926/160/362 5929/160/126 5932/160/4 5931/160/4
f 5929/160/4 5930/160/4 5933/160/4 5932/160/4
f 5931/160/4 5932/160/4 5944/160/4 5941/160/4
f 5932/160/2 5933/160/261 5934/160/261 5944/160/7
f 5927/161/232 5935/161/4 5938/161/4 5937/161/4
f 5935/161/38 5936/161/2 5939/161/265 5938/161/261
f 5937/161/1 5938/161/261 5933/161/262 5930/161/2
f 5938/161/4 5939/161/4 5934/161/4 5933/161/4
f 5928/40/252 5940/40/4 5943/40/4 5942/40/253
f 5940/40/4 5941/40/4 5944/40/4 5943/40/4
f 5942/40/7 5943/40/2 5939/40/263 5936/40/1
f 5943/40/130 5944/40/265 5934/40/261 5939/40/263
f 5945/40/264 5948/40/60 5951/40/4 5950/40/4
f 5948/40/4 5949/40/4 5952/40/4 5951/40/4
f 5950/40/4 5951/40/4 5963/40/4 5960/40/4
f 5951/40/1 5952/40/257 5953/40/254 5963/40/130
f 5946/162/238 5954/162/4 5957/162/4 5956/162/4
f 5954/162/1 5955/162/1 5958/162/254 5957/162/254
f 5956/162/38 5957/162/254 5952/162/256 5949/162/1
f 5957/162/4 5958/162/4 5953/162/4 5952/162/4
f 5947/163/259 5959/163/4 5962/163/4 5961/163/260
f 5959/163/4 5960/163/4 5963/163/4 5962/163/4
f 5961/163/130 5962/163/1 5958/163/256 5955/163/2
f 5962/163/7 5963/163/257 5953/163/254 5958/163/255
f 5969/164/363 5972/164/1 5975/164/364 5974/164/365
f 5972/164/130 5973/164/2 5976/164/366 5975/164/367
f 5974/164/368 5975/164/369 5987/164/370 5984/164/371
f 5975/164/287 5976/164/130 5977/164/372 5987/164/373
f 5970/40/374 5978/40/375 5981/40/376 5980/40/377
f 5978/40/378 5979/40/379 5982/40/380 5981/40/381
f 5980/40/382 5981/40/383 5976/40/384 5973/40/385
f 5981/40/4 5982/40/4 5977/40/4 5976/40/4
f 5971/165/386 5983/165/387 5986/165/388 5985/165/389
f 5983/165/390 5984/165/391 5987/166/392 5986/165/393
f 5985/165/394 5986/165/395 5982/165/396 5979/165/397
f 5986/165/4 5987/166/4 5977/166/4 5982/165/4
f 5988/40/315 5991/40/398 5994/40/1 5993/40/1
f 5991/40/316 5992/40/399 5995/40/1 5994/40/1
f 5993/40/400 5994/40/4 6006/40/4 6003/40/60
f 5994/40/1 5995/40/1 5996/40/401 6006/40/402
f 5989/167/60 5997/167/1 6000/167/2 5999/167/322
f 5997/167/403 5998/167/4 6001/167/4 6000/167/130
f 5999/167/313 6000/167/404 5995/167/405 5992/167/406
f 6000/167/407 6001/167/2 5996/167/408 5995/167/1
f 5990/40/1 6002/40/1 6005/40/2 6004/40/1
f 6002/40/77 6003/40/77 6006/40/77 6005/40/77
f 6004/40/409 6005/40/4 6001/40/4 5998/40/410
f 6005/40/303 6006/40/303 5996/40/411 6001/40/303
f 6007/40/315 6010/40/2 6013/40/2 6012/40/316
f 6010/40/60 6011/40/317 6014/40/318 6013/40/319
f 6012/40/316 6013/40/2 6025/40/2 6022/40/316
f 6013/40/320 6014/40/60 6015/40/60 6025/40/321
f 6008/168/2 6016/168/2 6019/168/2 6018/168/2
f 6016/168/2 6017/168/2 6020/168/2 6019/168/2
f 6018/168/60 6019/168/60 6014/168/60 6011/168/60
f 6019/168/4 6020/168/4 6015/168/60 6014/168/60
f 6009/169/4 6021/169/4 6024/169/412 6023/169/60
f 6021/169/316 6022/169/316 6025/169/2 6024/169/413
f 6023/169/2 6024/169/414 6020/169/2 6017/169/2
f 6024/169/4 6025/169/4 6015/169/415 6020/169/416
f 6031/40/126 6034/40/2 6037/40/2 6036/40/219
f 6034/40/2 6035/40/2 6038/40/2 6037/40/2
f 6036/40/219 6037/40/2 6049/40/2 6046/40/219
f 6037/40/2 6038/40/2 6039/40/2 6049/40/2
f 6032/170/2 6040/170/2 6043/170/2 6042/170/2
f 6040/170/2 6041/170/2 6044/170/2 6043/170/2
f 6042/170/2 6043/170/2 6038/170/2 6035/170/2
f 6043/170/2 6044/170/2 6039/170/2 6038/170/2
f 6033/40/417 6045/40/418 6048/40/2 6047/40/2
f 6045/40/323 6046/40/219 6049/40/2 6048/40/2
f 6047/40/2 6048/40/2 6044/40/2 6041/40/2
f 6048/40/2 6049/40/2 6039/40/2 6044/40/2
f 6055/40/419 6058/40/420 6061/40/421 6060/40/422
f 6058/40/423 6059/40/424 6062/40/425 6061/40/426
f 6060/40/427 6061/40/428 6073/40/429 6070/40/430
f 6061/40/431 6062/40/432 6063/40/2 6073/40/433
f 6056/40/434 6064/40/435 6067/40/436 6066/40/437
f 6064/40/438 6065/40/439 6068/40/440 6067/40/441
f 6066/40/442 6067/40/443 6062/40/444 6059/40/445
f 6067/40/446 6068/40/447 6063/40/2 6062/40/432
f 6057/171/448 6069/171/449 6072/171/450 6071/171/1
f 6069/171/451 6070/171/452 6073/171/453 6072/171/454
f 6071/171/7 6072/171/455 6068/171/456 6065/171/2
f 6072/171/457 6073/171/458 6063/171/459 6068/171/460
f 6159/40/60 6162/40/130 6165/40/461 6164/40/60
f 6162/40/60 6163/40/2 6166/40/60 6165/40/462
f 6164/40/60 6165/40/60 6177/40/462 6174/40/60
f 6165/40/60 6166/40/60 6167/40/60 6177/40/60
f 6160/40/60 6168/40/60 6171/40/461 6170/40/60
f 6168/40/60 6169/40/60 6172/40/60 6171/40/462
f 6170/40/463 6171/40/60 6166/40/462 6163/40/60
f 6171/40/60 6172/40/60 6167/40/60 6166/40/60
f 6161/172/60 6173/172/60 6176/172/461 6175/172/60
f 6173/172/60 6174/172/60 6177/172/60 6176/172/462
f 6175/172/60 6176/172/60 6172/172/462 6169/172/60
f 6176/172/60 6177/172/60 6167/172/60 6172/172/60
f 6178/40/60 6181/40/60 6184/40/60 6183/40/60
f 6181/40/60 6182/40/60 6185/40/60 6184/40/60
f 6183/40/60 6184/40/60 6196/40/60 6193/40/60
f 6184/40/60 6185/40/60 6186/40/60 6196/40/60
f 6179/40/60 6187/40/60 6190/40/60 6189/40/60
f 6187/40/60 6188/40/60 6191/40/60 6190/40/60
f 6189/40/60 6190/40/60 6185/40/60 6182/40/60
f 6190/40/60 6191/40/60 6186/40/60 6185/40/60
f 6180/173/60 6192/173/60 6195/173/60 6194/173/60
f 6192/173/60 6193/173/60 6196/173/60 6195/173/60
f 6194/173/60 6195/173/60 6191/173/60 6188/173/60
f 6195/173/60 6196/173/60 6186/173/60 6191/173/60
f 803/77/7 917/46/7 922/46/7 806/77/7
f 806/77/130 922/46/130 932/81/130 807/79/130
f 807/79/130 932/81/130 931/83/130 814/79/130
f 814/79/7 931/83/7 919/83/7 804/174/7
f 691/39/1 919/83/1 933/84/1 703/39/1
f 703/39/1 933/84/1 927/46/1 704/39/1
f 704/37/1 927/45/1 926/45/1 694/37/1
f 694/37/1 926/45/1 918/45/1 689/37/1
f 690/38/4 5350/38/4 5355/38/4 698/38/4
f 698/38/4 5355/38/4 5365/38/4 699/38/60
f 699/39/60 5365/39/4 5364/39/4 705/39/4
f 705/39/4 5364/39/4 5352/39/4 691/39/4
f 917/46/130 1037/58/130 1047/58/130 920/46/130
f 920/46/130 1047/58/130 1040/58/130 921/46/130
f 921/45/130 1040/58/130 1039/58/130 928/45/130
f 928/45/130 1039/58/130 1036/58/130 918/45/130
f 805/69/130 937/175/130 940/175/130 817/69/130
f 817/69/130 940/175/130 939/175/130 818/69/130
f 818/79/130 939/176/130 938/176/130 808/77/130
f 808/77/130 938/176/130 936/176/130 803/77/130
f 665/177/130 936/176/130 938/176/130 667/177/130
f 667/177/130 938/176/130 939/176/130 668/177/130
f 668/178/130 939/175/130 940/175/130 669/178/130
f 669/178/130 940/175/130 937/175/130 666/179/130
f 666/179/130 860/73/130 865/73/130 669/178/130
f 669/178/130 865/73/130 875/73/130 668/178/130
f 668/177/130 875/80/130 874/80/130 667/177/130
f 667/177/130 874/80/130 862/80/130 665/177/130
f 861/80/7 1038/58/7 1052/58/7 869/80/7
f 869/80/130 1052/58/130 1046/58/130 870/80/130
f 870/80/130 1046/58/130 1045/58/130 876/80/130
f 876/80/7 1045/58/7 1037/58/7 862/80/7
f 1000/54/4 5332/180/4 5342/54/4 1012/54/4
f 1012/54/4 5342/54/4 5335/54/4 1013/54/60
f 1013/54/60 5335/54/4 5334/54/4 1003/54/4
f 1003/54/4 5334/54/4 5331/54/4 998/54/4
f 999/54/2 1036/58/2 1041/58/2 1007/54/2
f 1007/54/2 1041/58/2 1051/58/2 1008/54/2
f 1008/54/2 1051/58/2 1050/58/2 1014/54/2
f 1014/54/2 1050/58/2 1038/58/2 1000/54/2
f 5333/108/7 5351/109/7 5361/109/7 5345/108/7
f 5345/108/7 5361/109/7 5354/109/7 5346/108/7
f 5346/54/7 5354/38/7 5353/38/7 5336/54/7
f 5336/54/7 5353/38/7 5350/38/7 5331/54/7
f 689/37/7 999/54/7 1009/54/7 692/37/7
f 692/37/7 1009/54/7 1002/54/7 693/37/7
f 693/38/7 1002/54/7 1001/54/7 700/38/7
f 700/38/7 1001/54/7 998/54/7 690/38/7
f 1080/181/2 1089/182/2 1091/182/2 1083/181/2
f 1083/181/2 1091/182/2 1092/182/2 1082/181/2
f 1082/183/2 1092/184/2 1093/184/2 1081/185/2
f 1081/185/2 1093/184/2 1090/184/2 1079/185/2
f 1535/186/464 1544/187/464 1546/188/464 1538/189/464
f 1538/189/464 1546/188/464 1547/188/464 1537/189/464
f 1537/190/465 1547/191/465 1548/191/465 1536/190/465
f 1536/190/466 1548/191/466 1545/192/467 1534/193/468
f 1089/182/469 1545/192/470 1548/191/471 1091/182/472
f 1091/182/473 1548/191/474 1547/191/475 1092/182/475
f 1092/194/476 1547/188/476 1546/188/476 1093/194/476
f 1093/194/475 1546/188/475 1544/187/475 1090/194/475
f 1079/194/477 1154/195/477 1156/196/478 1081/194/479
f 1081/194/480 1156/196/481 1157/196/482 1082/197/483
f 1082/181/484 1157/198/485 1158/198/486 1083/181/487
f 1083/181/488 1158/198/489 1155/198/490 1080/181/491
f 1154/195/492 1164/199/492 1166/200/492 1156/196/492
f 1156/196/492 1166/200/492 1167/200/492 1157/196/492
f 1157/198/493 1167/201/493 1168/201/493 1158/198/493
f 1158/198/494 1168/201/494 1165/202/495 1155/198/496
f 1164/199/497 1169/203/497 1171/204/497 1166/200/497
f 1166/200/497 1171/204/497 1172/204/497 1167/200/497
f 1167/201/498 1172/205/498 1173/205/498 1168/201/498
f 1168/201/499 1173/205/499 1170/205/500 1165/202/501
f 1169/203/502 1179/206/502 1181/207/502 1171/204/502
f 1171/204/502 1181/207/502 1182/207/502 1172/204/502
f 1172/205/503 1182/208/503 1183/208/503 1173/205/503
f 1173/205/502 1183/208/502 1180/209/504 1170/205/505
f 1179/206/506 1204/210/507 1206/211/508 1181/207/509
f 1181/207/510 1206/211/511 1207/212/512 1182/207/513
f 1182/208/514 1207/213/515 1208/213/516 1183/208/517
f 1183/208/518 1208/213/519 1205/213/520 1180/209/521
f 1190/214/522 1205/213/523 1208/213/524 1193/214/525
f 1193/214/526 1208/213/527 1207/213/528 1192/214/529
f 1192/215/530 1207/212/531 1206/211/532 1191/216/533
f 1191/216/534 1206/211/534 1204/210/534 1189/217/534
f 1189/217/535 1209/218/536 1211/219/537 1191/216/538
f 1191/216/539 1211/219/540 1212/219/541 1192/215/542
f 1192/214/543 1212/220/544 1213/220/545 1193/214/546
f 1193/214/547 1213/220/548 1210/221/549 1190/214/550
f 1209/218/551 1224/222/551 1226/223/551 1211/219/551
f 1211/219/551 1226/223/551 1227/223/552 1212/219/553
f 1212/220/554 1227/224/554 1228/224/554 1213/220/554
f 1213/220/555 1228/224/556 1225/224/557 1210/221/558
f 1224/222/559 1239/225/559 1241/226/559 1226/223/559
f 1226/223/559 1241/226/559 1242/226/560 1227/223/561
f 1227/224/562 1242/227/563 1243/227/564 1228/224/565
f 1228/224/566 1243/227/567 1240/227/568 1225/224/569
f 1230/228/570 1240/227/571 1243/227/572 1233/228/573
f 1233/228/574 1243/227/575 1242/227/576 1232/228/577
f 1232/229/578 1242/226/579 1241/226/580 1231/229/580
f 1231/229/581 1241/226/581 1239/225/581 1229/230/581
f 1229/230/582 1279/231/583 1281/231/584 1231/229/585
f 1231/229/586 1281/231/587 1282/232/588 1232/229/589
f 1232/228/590 1282/233/591 1283/233/592 1233/228/593
f 1233/228/594 1283/233/595 1280/234/596 1230/228/597
f 1255/235/598 1280/234/599 1283/233/600 1258/236/601
f 1258/236/602 1283/233/602 1282/233/603 1257/236/604
f 1257/237/605 1282/232/606 1281/231/607 1256/238/608
f 1256/238/609 1281/231/610 1279/231/611 1254/238/612
f 1254/238/613 1269/239/614 1271/239/615 1256/238/616
f 1256/238/617 1271/239/618 1272/240/619 1257/237/620
f 1257/236/621 1272/241/622 1273/241/623 1258/236/623
f 1258/236/624 1273/241/625 1270/242/626 1255/235/627
f 1260/243/628 1270/242/629 1273/241/630 1263/243/631
f 1263/243/632 1273/241/633 1272/241/634 1262/243/635
f 1262/244/636 1272/240/637 1271/239/638 1261/245/639
f 1261/245/640 1271/239/641 1269/239/642 1259/245/643
f 1259/245/644 1299/246/644 1301/247/644 1261/245/644
f 1261/245/645 1301/247/645 1302/247/646 1262/244/647
f 1262/243/648 1302/248/649 1303/248/650 1263/243/651
f 1263/243/652 1303/248/653 1300/248/571 1260/243/654
f 1290/249/655 1300/248/656 1303/248/657 1293/250/658
f 1293/250/659 1303/248/660 1302/248/661 1292/250/662
f 1292/251/663 1302/247/664 1301/247/665 1291/251/665
f 1291/251/665 1301/247/665 1299/246/665 1289/252/665
f 1289/252/666 1309/253/666 1311/254/666 1291/251/666
f 1291/251/666 1311/254/666 1312/254/667 1292/251/668
f 1292/250/669 1312/255/669 1313/255/669 1293/250/669
f 1293/250/670 1313/255/671 1310/255/672 1290/249/673
f 1309/253/674 1319/256/675 1321/257/676 1311/254/677
f 1311/254/678 1321/257/679 1322/257/680 1312/254/681
f 1312/255/682 1322/258/683 1323/258/684 1313/255/685
f 1313/255/686 1323/258/687 1320/258/688 1310/255/689
f 1319/256/690 1334/259/690 1336/260/690 1321/257/690
f 1321/257/691 1336/260/692 1337/261/693 1322/257/694
f 1322/258/695 1337/262/696 1338/263/697 1323/258/698
f 1323/258/699 1338/263/700 1335/264/701 1320/258/702
f 1334/259/703 1354/265/704 1356/266/705 1336/260/706
f 1336/260/707 1356/266/708 1357/266/709 1337/261/710
f 1337/262/711 1357/267/712 1358/267/713 1338/263/714
f 1338/263/715 1358/267/716 1355/267/717 1335/264/718
f 1340/268/719 1355/267/720 1358/267/721 1343/268/721
f 1343/268/722 1358/267/722 1357/267/722 1342/268/722
f 1342/269/721 1357/266/721 1356/266/721 1341/269/721
f 1341/269/721 1356/266/721 1354/265/721 1339/270/721
f 1339/270/723 1364/271/723 1366/272/723 1341/269/723
f 1341/269/723 1366/272/723 1367/272/723 1342/269/723
f 1342/268/724 1367/273/724 1368/273/724 1343/268/724
f 1343/268/725 1368/273/725 1365/274/726 1340/268/727
f 1364/271/728 1374/275/728 1376/275/728 1366/272/728
f 1366/272/728 1376/275/728 1377/276/728 1367/272/728
f 1367/273/729 1377/277/729 1378/277/729 1368/273/729
f 1368/273/730 1378/277/730 1375/278/468 1365/274/467
f 1105/279/731 1375/278/732 1378/277/733 1108/279/733
f 1108/279/734 1378/277/734 1377/277/734 1107/279/734
f 1107/280/735 1377/276/735 1376/275/735 1106/281/735
f 1106/281/733 1376/275/733 1374/275/733 1104/281/733
f 1990/194/736 2084/195/737 2086/282/738 1993/194/739
f 1993/194/740 2086/282/741 2087/196/742 1992/194/743
f 1992/283/744 2087/284/745 2088/284/746 1991/283/747
f 1991/283/748 2088/284/749 2085/284/750 1989/285/751
f 2084/195/752 2109/199/753 2111/286/754 2086/282/755
f 2086/282/756 2111/286/757 2112/200/758 2087/196/759
f 2087/284/760 2112/287/761 2113/287/762 2088/284/763
f 2088/284/764 2113/287/765 2110/287/766 2085/284/767
f 2100/288/768 2110/287/769 2113/287/770 2103/289/771
f 2103/289/772 2113/287/773 2112/287/774 2102/289/775
f 2102/204/776 2112/200/777 2111/286/498 2101/204/498
f 2101/204/778 2111/286/778 2109/199/778 2099/203/778
f 2090/290/779 2100/288/780 2103/289/781 2093/291/782
f 2093/291/783 2103/289/784 2102/289/785 2092/291/786
f 2092/207/787 2102/204/788 2101/204/503 2091/292/503
f 2091/292/789 2101/204/789 2099/203/789 2089/206/789
f 2089/206/790 2211/210/791 2213/293/792 2091/292/793
f 2091/292/794 2213/293/795 2214/294/796 2092/207/797
f 2092/291/798 2214/295/799 2215/295/800 2093/291/801
f 2093/291/802 2215/295/803 2212/296/804 2090/290/805
f 2120/297/806 2212/296/807 2215/295/808 2123/297/809
f 2123/297/810 2215/295/811 2214/295/812 2122/297/813
f 2122/215/814 2214/294/815 2213/293/816 2121/215/817
f 2121/215/818 2213/293/819 2211/210/820 2119/217/821
f 2119/217/822 2196/218/823 2198/219/824 2121/215/825
f 2121/215/826 2198/219/827 2199/219/828 2122/215/829
f 2122/297/830 2199/298/831 2200/298/832 2123/297/833
f 2123/297/834 2200/298/835 2197/299/836 2120/297/837
f 2144/300/838 2197/299/839 2200/298/840 2147/300/841
f 2147/300/842 2200/298/843 2199/298/844 2146/300/845
f 2146/223/846 2199/219/847 2198/219/848 2145/223/849
f 2145/223/850 2198/219/851 2196/218/852 2143/222/853
f 2143/222/559 2167/225/559 2169/226/559 2145/223/559
f 2145/223/559 2169/226/559 2170/226/560 2146/223/561
f 2146/300/562 2170/301/563 2171/301/564 2147/300/565
f 2147/300/566 2171/301/567 2168/301/568 2144/300/569
f 2167/225/581 2206/230/581 2208/229/581 2169/226/581
f 2169/226/580 2208/229/580 2209/229/578 2170/226/579
f 2170/301/576 2209/302/577 2210/302/854 2171/301/575
f 2171/301/572 2210/302/573 2207/302/570 2168/301/571
f 2206/230/582 2250/231/583 2252/232/584 2208/229/585
f 2208/229/586 2252/232/587 2253/232/588 2209/229/589
f 2209/302/590 2253/303/591 2254/303/592 2210/302/593
f 2210/302/594 2254/303/595 2251/304/596 2207/302/597
f 2241/305/598 2251/304/599 2254/303/600 2244/306/601
f 2244/306/602 2254/303/602 2253/303/603 2243/306/604
f 2243/237/605 2253/232/606 2252/232/607 2242/237/608
f 2242/237/609 2252/232/610 2250/231/611 2240/238/612
f 2240/238/613 2280/239/614 2282/240/615 2242/237/616
f 2242/237/617 2282/240/618 2283/240/619 2243/237/620
f 2243/306/621 2283/307/622 2284/307/623 2244/306/623
f 2244/306/624 2284/307/625 2281/308/626 2241/305/627
f 2271/309/628 2281/308/629 2284/307/630 2274/309/631
f 2274/309/632 2284/307/633 2283/307/634 2273/309/635
f 2273/244/636 2283/240/637 2282/240/638 2272/244/639
f 2272/244/640 2282/240/641 2280/239/642 2270/245/643
f 2256/310/571 2271/309/654 2274/309/652 2259/310/653
f 2259/310/650 2274/309/651 2273/309/648 2258/310/649
f 2258/247/646 2273/244/647 2272/244/645 2257/247/645
f 2257/247/644 2272/244/644 2270/245/644 2255/246/644
f 2255/246/665 2320/252/665 2322/311/665 2257/247/665
f 2257/247/665 2322/311/665 2323/251/663 2258/247/664
f 2258/310/661 2323/312/662 2324/312/659 2259/310/660
f 2259/310/657 2324/312/658 2321/312/655 2256/310/656
f 2291/313/855 2321/312/856 2324/312/857 2294/314/858
f 2294/314/859 2324/312/860 2323/312/861 2293/314/862
f 2293/254/863 2323/251/864 2322/311/865 2292/253/866
f 2292/253/867 2322/311/868 2320/252/869 2290/253/870
f 3056/194/871 3135/195/872 3137/196/873 3059/194/874
f 3059/194/875 3137/196/876 3138/196/877 3058/194/878
f 3058/315/879 3138/316/880 3139/316/881 3057/315/882
f 3057/315/883 3139/316/884 3136/317/885 3055/315/886
f 3135/195/887 3160/199/888 3162/200/889 3137/196/890
f 3137/196/891 3162/200/892 3163/200/893 3138/196/894
f 3138/316/895 3163/318/896 3164/318/897 3139/316/898
f 3139/316/899 3164/318/900 3161/319/901 3136/317/902
f 3146/320/903 3161/319/904 3164/318/905 3149/320/906
f 3149/320/907 3164/318/908 3163/318/909 3148/320/910
f 3148/204/911 3163/200/912 3162/200/913 3147/204/913
f 3147/204/913 3162/200/913 3160/199/914 3145/203/915
f 3145/203/916 3170/206/917 3172/207/918 3147/204/919
f 3147/204/920 3172/207/921 3173/207/922 3148/204/923
f 3148/320/924 3173/321/925 3174/321/926 3149/320/927
f 3149/320/928 3174/321/929 3171/322/930 3146/320/931
f 3170/206/932 3180/210/933 3182/293/934 3172/207/935
f 3172/207/936 3182/293/937 3183/293/938 3173/207/939
f 3173/321/940 3183/323/941 3184/323/942 3174/321/943
f 3174/321/944 3184/323/945 3181/324/946 3171/322/947
f 3180/210/948 3185/217/949 3187/215/950 3182/293/951
f 3182/293/952 3187/215/953 3188/215/954 3183/293/955
f 3183/323/956 3188/325/957 3189/325/958 3184/323/959
f 3184/323/960 3189/325/961 3186/325/962 3181/324/963
f 3185/217/964 3195/218/965 3197/219/966 3187/215/967
f 3187/215/968 3197/219/969 3198/219/970 3188/215/971
f 3188/325/972 3198/326/973 3199/326/974 3189/325/975
f 3189/325/976 3199/326/977 3196/326/978 3186/325/979
f 3195/218/980 3205/222/981 3207/223/982 3197/219/983
f 3197/219/984 3207/223/985 3208/223/986 3198/219/987
f 3198/326/988 3208/327/989 3209/327/990 3199/326/991
f 3199/326/992 3209/327/993 3206/328/994 3196/326/995
f 3205/222/996 3235/225/997 3237/226/998 3207/223/999
f 3207/223/1000 3237/226/1001 3238/226/1002 3208/223/1003
f 3208/327/1004 3238/329/1004 3239/329/1004 3209/327/1004
f 3209/327/1005 3239/329/1006 3236/330/1007 3206/328/1008
f 3216/331/1009 3236/330/1010 3239/329/1011 3219/332/1012
f 3219/332/1013 3239/329/1014 3238/329/1015 3218/332/1016
f 3218/229/1017 3238/226/1018 3237/226/1019 3217/229/1019
f 3217/229/1020 3237/226/1021 3235/225/1022 3215/230/1023
f 3215/230/1024 3230/231/1025 3232/232/1026 3217/229/1027
f 3217/229/1028 3232/232/1029 3233/232/1030 3218/229/1031
f 3218/332/1032 3233/333/1033 3234/333/1034 3219/332/1034
f 3219/332/1035 3234/333/1036 3231/333/1037 3216/331/1038
f 3230/231/1039 3360/238/1040 3362/237/1041 3232/232/1042
f 3232/232/1043 3362/237/1044 3363/237/1045 3233/232/1046
f 3233/333/1047 3363/334/1048 3364/334/1049 3234/333/1050
f 3234/333/1051 3364/334/1051 3361/335/1051 3231/333/1051
f 3251/336/1052 3361/335/1052 3364/334/1052 3254/336/1052
f 3254/336/1053 3364/334/1054 3363/334/1055 3253/336/1056
f 3253/240/1057 3363/237/1058 3362/237/1059 3252/240/1060
f 3252/240/1061 3362/237/1062 3360/238/1063 3250/239/1064
f 3250/239/1065 3255/245/1066 3257/244/1067 3252/240/1068
f 3252/240/1069 3257/244/1070 3258/244/1071 3253/240/1072
f 3253/336/1073 3258/337/1074 3259/337/1075 3254/336/1075
f 3254/336/1076 3259/337/1077 3256/337/1078 3251/336/1079
f 3255/245/1080 3285/246/1081 3287/247/1082 3257/244/1083
f 3257/244/1084 3287/247/1084 3288/247/1085 3258/244/1086
f 3258/337/1087 3288/338/1088 3289/338/1089 3259/337/1090
f 3259/337/1091 3289/338/1092 3286/338/1093 3256/337/1094
f 3266/339/1095 3286/338/1096 3289/338/1097 3269/339/1098
f 3269/339/1099 3289/338/1099 3288/338/1099 3268/339/1099
f 3268/251/1100 3288/247/1101 3287/247/1102 3267/251/1103
f 3267/251/1104 3287/247/1105 3285/246/1106 3265/252/1107
f 3265/252/666 3275/253/666 3277/254/1108 3267/251/1109
f 3267/251/1110 3277/254/1111 3278/254/1112 3268/251/1113
f 3268/339/1114 3278/340/1115 3279/340/1116 3269/339/1117
f 3269/339/1118 3279/340/1119 3276/341/1120 3266/339/1121
f 3275/253/1122 3350/256/1123 3352/257/1124 3277/254/1125
f 3277/254/1126 3352/257/1127 3353/257/1128 3278/254/1129
f 3278/340/1130 3353/342/1131 3354/342/1132 3279/340/1133
f 3279/340/1134 3354/342/1135 3351/342/1136 3276/341/1137
f 4112/194/736 4196/195/737 4198/196/738 4115/194/739
f 4115/194/740 4198/196/741 4199/196/742 4114/194/743
f 4114/343/744 4199/344/745 4200/344/746 4113/343/747
f 4113/343/748 4200/344/749 4197/345/750 4111/343/751
f 4196/195/752 4211/199/753 4213/200/754 4198/196/755
f 4198/196/756 4213/200/757 4214/200/758 4199/196/759
f 4199/344/760 4214/346/761 4215/346/762 4200/344/763
f 4200/344/764 4215/346/765 4212/346/766 4197/345/767
f 4207/347/768 4212/346/769 4215/346/770 4210/348/771
f 4210/348/772 4215/346/773 4214/346/774 4209/348/775
f 4209/204/776 4214/200/777 4213/200/498 4208/204/498
f 4208/204/778 4213/200/778 4211/199/778 4206/203/778
f 4206/203/789 4226/206/789 4228/349/789 4208/204/789
f 4208/204/503 4228/349/503 4229/207/787 4209/204/788
f 4209/348/785 4229/350/786 4230/350/783 4210/348/784
f 4210/348/781 4230/350/782 4227/350/779 4207/347/780
f 4226/206/790 4236/210/791 4238/293/792 4228/349/793
f 4228/349/794 4238/293/795 4239/351/796 4229/207/797
f 4229/350/798 4239/352/799 4240/352/800 4230/350/801
f 4230/350/802 4240/352/803 4237/353/804 4227/350/805
f 4236/210/820 4246/217/821 4248/215/818 4238/293/819
f 4238/293/816 4248/215/817 4249/215/814 4239/351/815
f 4239/352/812 4249/354/813 4250/354/810 4240/352/811
f 4240/352/808 4250/354/809 4247/355/806 4237/353/807
f 4246/217/822 4256/218/823 4258/219/824 4248/215/825
f 4248/215/826 4258/219/827 4259/219/828 4249/215/829
f 4249/354/830 4259/356/831 4260/357/832 4250/354/833
f 4250/354/834 4260/357/835 4257/357/836 4247/355/837
f 4256/218/852 4266/222/853 4268/223/850 4258/219/851
f 4258/219/848 4268/223/849 4269/223/846 4259/219/847
f 4259/356/844 4269/358/845 4270/358/842 4260/357/843
f 4260/357/840 4270/358/841 4267/358/838 4257/357/839
f 4266/222/559 4296/225/559 4298/226/559 4268/223/559
f 4268/223/559 4298/226/559 4299/226/560 4269/223/561
f 4269/358/562 4299/359/563 4300/359/564 4270/358/565
f 4270/358/566 4300/359/567 4297/360/568 4267/358/569
f 4277/361/570 4297/360/571 4300/359/572 4280/362/573
f 4280/362/854 4300/359/575 4299/359/576 4279/362/577
f 4279/229/578 4299/226/579 4298/226/580 4278/229/580
f 4278/229/581 4298/226/581 4296/225/581 4276/230/581
f 4276/230/582 4281/231/583 4283/232/584 4278/229/585
f 4278/229/586 4283/232/587 4284/232/588 4279/229/589
f 4279/362/590 4284/363/591 4285/363/592 4280/362/593
f 4280/362/594 4285/363/595 4282/363/596 4277/361/597
f 4281/231/611 4416/238/612 4418/237/609 4283/232/610
f 4283/232/607 4418/237/608 4419/237/605 4284/232/606
f 4284/363/603 4419/364/604 4420/364/602 4285/363/602
f 4285/363/600 4420/364/601 4417/364/598 4282/363/599
f 4307/365/626 4417/364/627 4420/364/624 4310/365/625
f 4310/365/623 4420/364/623 4419/364/621 4309/365/622
f 4309/240/619 4419/237/620 4418/237/617 4308/240/618
f 4308/240/615 4418/237/616 4416/238/613 4306/239/614
f 4306/239/642 4316/245/643 4318/244/640 4308/240/641
f 4308/240/638 4318/244/639 4319/244/636 4309/240/637
f 4309/365/634 4319/366/635 4320/366/632 4310/365/633
f 4310/365/630 4320/366/631 4317/366/628 4307/365/629
f 4316/245/644 4341/246/644 4343/247/644 4318/244/644
f 4318/244/645 4343/247/645 4344/247/646 4319/244/647
f 4319/366/648 4344/367/649 4345/367/650 4320/366/651
f 4320/366/652 4345/367/653 4342/367/571 4317/366/654
f 4322/368/655 4342/367/656 4345/367/657 4325/369/658
f 4325/369/659 4345/367/660 4344/367/661 4324/369/662
f 4324/251/663 4344/247/664 4343/247/665 4323/251/665
f 4323/251/665 4343/247/665 4341/246/665 4321/252/665
f 4321/252/869 4331/253/870 4333/254/1138 4323/251/1139
f 4323/251/1140 4333/254/1141 4334/370/1142 4324/251/1143
f 4324/369/1144 4334/371/1145 4335/371/1146 4325/369/1147
f 4325/369/1148 4335/371/1149 4332/372/1150 4322/368/1151
f 4331/253/1152 4401/256/1153 4403/257/1154 4333/254/1155
f 4333/254/1156 4403/257/1157 4404/257/1158 4334/370/1159
f 4334/371/1160 4404/373/1161 4405/373/1162 4335/371/1163
f 4335/371/1164 4405/373/1165 4402/374/1166 4332/372/1167
f 4352/375/1168 4402/374/1169 4405/373/1170 4355/376/1171
f 4355/376/1172 4405/373/1173 4404/373/1174 4354/377/1175
f 4354/378/1176 4404/257/1177 4403/257/1178 4353/378/1179
f 4353/378/1180 4403/257/1181 4401/256/1182 4351/259/1183
f 4351/259/1184 4361/265/1185 4363/266/1186 4353/378/1187
f 4353/378/1188 4363/266/1189 4364/266/1190 4354/378/1191
f 4354/377/1192 4364/379/1193 4365/379/1194 4355/376/1195
f 4355/376/1196 4365/379/1197 4362/379/1198 4352/375/1199
f 4917/194/477 4951/195/477 4953/195/477 4920/194/477
f 4920/194/1200 4953/195/1200 4954/196/1200 4919/194/1200
f 4919/380/1201 4954/381/1201 4955/381/1201 4918/380/1201
f 4918/380/477 4955/381/477 4952/382/1202 4916/380/1203
f 4951/195/492 4961/199/492 4963/199/492 4953/195/492
f 4953/195/492 4963/199/492 4964/200/492 4954/196/492
f 4954/381/493 4964/383/493 4965/383/493 4955/381/493
f 4955/381/494 4965/383/494 4962/383/495 4952/382/496
f 4957/384/500 4962/383/501 4965/383/499 4960/384/499
f 4960/384/498 4965/383/498 4964/383/498 4959/384/498
f 4959/204/497 4964/200/497 4963/199/497 4958/204/497
f 4958/204/497 4963/199/497 4961/199/497 4956/203/497
f 4956/203/502 4966/206/502 4968/207/502 4958/204/502
f 4958/204/502 4968/207/502 4969/207/502 4959/204/502
f 4959/384/503 4969/385/503 4970/385/503 4960/384/503
f 4960/384/502 4970/385/502 4967/385/504 4957/384/505
f 4966/206/506 4971/210/507 4973/211/508 4968/207/509
f 4968/207/510 4973/211/511 4974/386/512 4969/207/513
f 4969/385/514 4974/387/515 4975/387/516 4970/385/517
f 4970/385/518 4975/387/519 4972/387/520 4967/385/521
f 4971/210/534 4976/217/534 4978/216/534 4973/211/534
f 4973/211/532 4978/216/533 4979/215/530 4974/386/531
f 4974/387/528 4979/388/529 4980/388/526 4975/387/527
f 4975/387/524 4980/388/525 4977/388/522 4972/387/523
f 4976/217/535 4981/218/536 4983/389/537 4978/216/538
f 4978/216/539 4983/389/540 4984/219/541 4979/215/542
f 4979/388/543 4984/390/544 4985/390/545 4980/388/546
f 4980/388/547 4985/390/548 4982/390/549 4977/388/550
f 4981/218/551 4986/222/551 4988/223/551 4983/389/551
f 4983/389/551 4988/223/551 4989/223/552 4984/219/553
f 4984/390/554 4989/391/554 4990/391/554 4985/390/554
f 4985/390/555 4990/391/556 4987/392/557 4982/390/558
f 4986/222/559 5001/225/559 5003/226/559 4988/223/559
f 4988/223/559 5003/226/559 5004/226/560 4989/223/561
f 4989/391/562 5004/393/563 5005/393/564 4990/391/565
f 4990/391/566 5005/393/567 5002/393/568 4987/392/569
f 4992/394/570 5002/393/571 5005/393/572 4995/395/573
f 4995/395/574 5005/393/575 5004/393/576 4994/395/577
f 4994/229/578 5004/226/579 5003/226/580 4993/229/580
f 4993/229/581 5003/226/581 5001/225/581 4991/230/581
f 4991/230/582 4996/231/583 4998/231/584 4993/229/585
f 4993/229/586 4998/231/587 4999/232/588 4994/229/589
f 4994/395/590 4999/396/591 5000/396/592 4995/395/593
f 4995/395/594 5000/396/595 4997/397/596 4992/394/597
f 4996/231/611 5061/238/612 5063/238/609 4998/231/610
f 4998/231/607 5063/238/608 5064/237/605 4999/232/606
f 4999/396/603 5064/398/604 5065/398/602 5000/396/602
f 5000/396/600 5065/398/601 5062/399/598 4997/397/599
f 5007/400/626 5062/399/627 5065/398/624 5010/401/625
f 5010/401/623 5065/398/623 5064/398/621 5009/401/622
f 5009/240/619 5064/237/620 5063/238/617 5008/402/618
f 5008/402/615 5063/238/616 5061/238/613 5006/239/614
f 5006/239/642 5011/245/643 5013/245/640 5008/402/641
f 5008/402/638 5013/245/639 5014/244/636 5009/240/637
f 5009/401/634 5014/403/635 5015/403/632 5010/401/633
f 5010/401/630 5015/403/631 5012/404/628 5007/400/629
f 5011/245/644 5026/246/644 5028/247/644 5013/245/644
f 5013/245/645 5028/247/645 5029/247/646 5014/244/647
f 5014/403/648 5029/405/649 5030/405/650 5015/403/651
f 5015/403/652 5030/405/653 5027/406/571 5012/404/654
f 5017/407/655 5027/406/656 5030/405/657 5020/407/658
f 5020/407/659 5030/405/660 5029/405/661 5019/407/662
f 5019/251/663 5029/247/664 5028/247/665 5018/311/665
f 5018/311/665 5028/247/665 5026/246/665 5016/252/665
f 5016/252/666 5021/253/666 5023/254/666 5018/311/666
f 5018/311/666 5023/254/666 5024/254/667 5019/251/668
f 5019/407/669 5024/408/669 5025/408/669 5020/407/669
f 5020/407/670 5025/408/671 5022/408/672 5017/407/673
f 5021/253/674 5056/256/675 5058/257/676 5023/254/677
f 5023/254/678 5058/257/679 5059/257/680 5024/254/681
f 5024/408/682 5059/409/683 5060/409/684 5025/408/685
f 5025/408/686 5060/409/687 5057/410/688 5022/408/689
f 5032/411/701 5057/410/702 5060/409/699 5035/412/700
f 5035/412/697 5060/409/698 5059/409/695 5034/413/696
f 5034/414/693 5059/257/694 5058/257/691 5033/415/692
f 5033/415/690 5058/257/690 5056/256/690 5031/259/690
f 5031/259/703 5036/265/704 5038/266/705 5033/415/706
f 5033/415/707 5038/266/708 5039/266/709 5034/414/710
f 5034/413/711 5039/416/712 5040/416/713 5035/412/714
f 5035/412/715 5040/416/716 5037/417/717 5032/411/718
f 5036/265/721 5051/270/721 5053/269/721 5038/266/721
f 5038/266/721 5053/269/721 5054/269/721 5039/266/721
f 5039/416/722 5054/418/722 5055/418/722 5040/416/722
f 5040/416/721 5055/418/721 5052/419/719 5037/417/720
f 5042/420/726 5052/419/727 5055/418/725 5045/421/725
f 5045/421/724 5055/418/724 5054/418/724 5044/421/724
f 5044/272/723 5054/269/723 5053/269/723 5043/272/723
f 5043/272/723 5053/269/723 5051/270/723 5041/271/723
f 5041/271/728 5046/275/728 5048/276/728 5043/272/728
f 5043/272/728 5048/276/728 5049/276/728 5044/272/728
f 5044/421/729 5049/422/729 5050/422/729 5045/421/729
f 5045/421/730 5050/422/730 5047/423/468 5042/420/467
f 4922/424/731 5047/423/732 5050/422/733 4925/425/733
f 4925/425/734 5050/422/734 5049/422/734 4924/425/734
f 4924/280/735 5049/276/735 5048/276/735 4923/426/735
f 4923/426/733 5048/276/733 5046/275/733 4921/281/733
f 4921/427/1 4931/428/1 4933/428/1 4923/427/1
f 4923/427/1 4933/428/1 4934/429/1 4924/427/1
f 4924/425/1 4934/430/1 4935/430/1 4925/425/1
f 4925/425/1 4935/430/1 4932/430/1 4922/424/1
f 4931/280/1204 5196/431/1204 5198/432/1204 4933/280/1204
f 4933/280/1205 5198/432/1205 5199/432/1205 4934/280/1205
f 4934/430/1206 5199/433/1206 5200/433/1206 4935/430/1206
f 4935/430/1204 5200/433/1204 5197/434/1203 4932/430/1202
f 5192/435/496 5197/434/495 5200/433/1207 5195/435/1207
f 5195/435/1208 5200/433/1208 5199/433/1208 5194/435/1208
f 5194/436/1209 5199/432/1209 5198/432/1209 5193/436/1209
f 5193/436/1209 5198/432/1209 5196/431/1209 5191/437/1209
f 5191/437/1210 5201/438/1210 5203/439/1210 5193/436/1210
f 5193/436/1210 5203/439/1210 5204/439/1210 5194/436/1210
f 5194/435/1211 5204/440/1211 5205/440/1211 5195/435/1211
f 5195/435/1212 5205/440/1212 5202/441/501 5192/435/500
f 5187/442/505 5202/441/504 5205/440/1213 5190/443/1213
f 5190/443/1214 5205/440/1214 5204/440/1214 5189/443/1214
f 5189/444/1213 5204/439/1213 5203/439/1213 5188/444/1213
f 5188/444/1213 5203/439/1213 5201/438/1213 5186/445/1213
f 5182/446/1215 5187/442/1216 5190/443/1217 5185/446/1218
f 5185/446/1219 5190/443/1220 5189/443/1221 5184/446/1222
f 5184/447/1223 5189/444/1224 5188/444/1225 5183/448/1226
f 5183/448/1227 5188/444/1228 5186/445/1229 5181/449/1230
f 5181/449/1231 5206/450/1231 5208/451/1231 5183/448/1231
f 5183/448/1232 5208/451/1233 5209/451/1234 5184/447/1235
f 5184/446/1236 5209/452/1237 5210/452/1238 5185/446/1239
f 5185/446/1240 5210/452/1241 5207/453/1242 5182/446/1243
f 5172/454/1244 5207/453/1245 5210/452/1246 5175/455/1247
f 5175/455/1248 5210/452/1249 5209/452/1250 5174/455/1251
f 5174/456/1252 5209/451/1253 5208/451/1254 5173/456/1255
f 5173/456/1256 5208/451/1257 5206/450/1258 5171/457/1259
f 5167/458/1260 5172/454/1261 5175/455/1262 5170/459/1263
f 5170/459/1264 5175/455/1265 5174/455/1266 5169/459/1267
f 5169/460/1268 5174/456/1269 5173/456/1270 5168/460/1270
f 5168/460/1270 5173/456/1270 5171/457/1270 5166/461/1270
f 5166/461/1271 5176/462/1271 5178/463/1271 5168/460/1271
f 5168/460/1271 5178/463/1271 5179/463/1272 5169/460/1273
f 5169/459/1274 5179/464/1275 5180/464/1276 5170/459/1277
f 5170/459/1278 5180/464/1279 5177/464/1280 5167/458/1281
f 5162/465/1282 5177/464/1283 5180/464/1284 5165/465/1285
f 5165/465/1286 5180/464/1287 5179/464/1288 5164/465/1289
f 5164/466/1290 5179/463/1291 5178/463/1292 5163/466/1292
f 5163/466/1293 5178/463/1293 5176/462/1293 5161/467/1293
f 5157/468/1294 5162/465/1295 5165/465/1296 5160/469/1297
f 5160/469/1298 5165/465/1299 5164/465/1300 5159/469/1301
f 5159/470/1302 5164/466/1303 5163/466/1304 5158/470/1305
f 5158/470/1306 5163/466/1307 5161/467/1308 5156/471/1309
f 5156/471/1310 5211/472/1311 5213/473/1312 5158/470/1313
f 5158/470/1314 5213/473/1315 5214/474/1316 5159/470/1317
f 5159/469/1318 5214/475/1319 5215/475/1320 5160/469/1320
f 5160/469/1321 5215/475/1322 5212/475/1323 5157/468/1324
f 5137/476/1325 5212/475/1326 5215/475/1327 5140/477/1328
f 5140/477/1329 5215/475/1329 5214/475/1330 5139/477/1331
f 5139/478/1332 5214/479/1333 5213/479/1334 5138/478/1335
f 5138/478/1336 5213/479/1337 5211/479/1338 5136/480/1339
f 5136/480/1340 5141/481/1341 5143/482/1342 5138/478/1343
f 5138/478/1344 5143/482/1345 5144/482/1346 5139/478/1347
f 5139/477/1348 5144/483/1349 5145/483/1350 5140/477/1351
f 5140/477/1352 5145/483/1353 5142/484/1354 5137/476/1355
f 5141/481/1356 5146/485/1356 5148/486/1356 5143/482/1356
f 5143/482/1357 5148/486/1357 5149/486/1358 5144/482/1359
f 5144/483/1360 5149/487/1361 5150/487/1362 5145/483/1363
f 5145/483/1364 5150/487/1365 5147/488/1283 5142/484/1366
f 5127/489/1367 5147/488/1368 5150/487/1369 5130/490/1370
f 5130/490/1371 5150/487/1372 5149/487/1373 5129/490/1374
f 5129/491/1375 5149/486/1376 5148/486/1377 5128/492/1377
f 5128/492/1377 5148/486/1377 5146/485/1377 5126/493/1377
f 5126/493/1378 5131/494/1378 5133/495/1378 5128/492/1378
f 5128/492/1378 5133/495/1378 5134/495/1379 5129/491/1380
f 5129/490/1381 5134/496/1382 5135/496/1383 5130/490/1384
f 5130/490/1385 5135/496/1386 5132/496/1387 5127/489/1388
f 5131/494/1389 5151/497/1390 5153/498/1391 5133/495/1392
f 5133/495/1393 5153/498/1394 5154/498/1395 5134/495/1396
f 5134/496/1397 5154/499/1398 5155/499/1399 5135/496/1400
f 5135/496/1401 5155/499/1402 5152/500/1403 5132/496/1404
f 5112/501/1405 5152/500/1406 5155/499/1407 5115/502/1408
f 5115/502/1409 5155/499/1410 5154/499/1411 5114/503/1412
f 5114/504/1413 5154/498/1414 5153/498/1415 5113/505/1416
f 5113/505/1417 5153/498/1417 5151/497/1417 5111/506/1417
f 5111/506/1418 5116/507/1419 5118/508/1420 5113/505/1421
f 5113/505/1422 5118/508/1423 5119/508/1424 5114/504/1425
f 5114/503/1426 5119/509/1427 5120/509/1428 5115/502/1429
f 5115/502/1430 5120/509/1431 5117/510/1432 5112/501/1433
f 5116/507/1434 5121/511/1434 5123/512/1434 5118/508/1434
f 5118/508/1434 5123/512/1434 5124/512/1434 5119/508/1434
f 5119/509/1435 5124/513/1435 5125/513/1435 5120/509/1435
f 5120/509/1434 5125/513/1434 5122/514/720 5117/510/719
f 5107/515/727 5122/514/726 5125/513/1436 5110/515/1436
f 5110/515/1437 5125/513/1437 5124/513/1437 5109/515/1437
f 5109/189/1438 5124/512/1438 5123/512/1438 5108/189/1438
f 5108/189/1438 5123/512/1438 5121/511/1438 5106/186/1438
f 5102/516/467 5107/515/468 5110/515/466 5105/516/466
f 5105/516/465 5110/515/465 5109/515/465 5104/516/465
f 5104/188/464 5109/189/464 5108/189/464 5103/188/464
f 5103/188/464 5108/189/464 5106/186/464 5101/187/464
f 4927/517/732 5102/516/731 5105/516/476 4930/517/476
f 4930/517/1439 5105/516/1439 5104/516/1439 4929/517/1439
f 4929/194/1440 5104/188/1440 5103/188/1440 4928/194/1440
f 4928/194/476 5103/188/476 5101/187/476 4926/194/476
f 4132/280/1441 4781/431/1442 4783/432/1443 4135/280/1444
f 4135/280/1445 4783/432/1446 4784/432/1447 4134/280/1448
f 4134/518/1449 4784/519/1450 4785/519/1451 4133/518/1452
f 4133/518/1453 4785/519/1454 4782/519/1455 4131/518/1456
f 4777/520/1457 4782/519/1458 4785/519/1459 4780/520/1460
f 4780/520/1461 4785/519/1462 4784/519/1463 4779/520/1464
f 4779/436/1465 4784/432/1466 4783/432/1467 4778/436/1468
f 4778/436/1469 4783/432/1470 4781/431/1471 4776/437/1472
f 4776/437/1473 4786/438/1473 4788/439/1473 4778/436/1473
f 4778/436/1211 4788/439/1211 4789/439/1474 4779/436/1475
f 4779/520/1476 4789/521/1477 4790/521/1478 4780/520/1479
f 4780/520/1480 4790/521/1481 4787/521/1482 4777/520/1483
f 4772/522/1484 4787/521/1485 4790/521/1486 4775/522/1487
f 4775/522/1488 4790/521/1489 4789/521/1490 4774/522/1491
f 4774/444/1492 4789/439/1493 4788/439/1214 4773/444/1214
f 4773/444/1494 4788/439/1494 4786/438/1494 4771/445/1494
f 4767/523/1495 4772/522/1496 4775/522/1497 4770/523/1498
f 4770/523/1499 4775/522/1500 4774/522/1501 4769/523/1502
f 4769/524/1503 4774/444/1504 4773/444/1505 4768/525/1506
f 4768/525/1507 4773/444/1508 4771/445/1509 4766/449/1510
f 4766/449/1511 4791/450/1512 4793/451/1513 4768/525/1514
f 4768/525/1515 4793/451/1516 4794/451/1517 4769/524/1518
f 4769/523/1519 4794/526/1520 4795/526/1521 4770/523/1522
f 4770/523/1523 4795/526/1524 4792/526/1525 4767/523/1526
f 4757/527/1527 4792/526/1528 4795/526/1529 4760/528/1530
f 4760/528/1531 4795/526/1532 4794/526/1533 4759/529/1534
f 4759/456/1535 4794/451/1536 4793/451/1537 4758/456/1538
f 4758/456/1539 4793/451/1540 4791/450/1541 4756/457/1542
f 4752/530/1543 4757/527/1544 4760/528/1545 4755/531/1546
f 4755/531/1547 4760/528/1548 4759/529/1549 4754/531/1550
f 4754/460/1551 4759/456/1552 4758/456/1553 4753/460/1554
f 4753/460/1555 4758/456/1556 4756/457/1557 4751/461/1558
f 4751/461/1271 4761/462/1271 4763/532/1271 4753/460/1271
f 4753/460/1271 4763/532/1271 4764/463/1272 4754/460/1273
f 4754/531/1559 4764/533/1559 4765/533/1559 4755/531/1559
f 4755/531/1278 4765/533/1279 4762/533/1280 4752/530/1281
f 4747/534/1282 4762/533/1283 4765/533/1284 4750/534/1285
f 4750/534/1560 4765/533/1287 4764/533/1288 4749/534/1289
f 4749/466/1290 4764/463/1291 4763/532/1292 4748/466/1292
f 4748/466/1293 4763/532/1293 4761/462/1293 4746/467/1293
f 4742/535/1561 4747/534/1562 4750/534/1563 4745/535/1564
f 4745/535/1298 4750/534/1299 4749/534/1300 4744/535/1301
f 4744/470/1302 4749/466/1303 4748/466/1304 4743/470/1305
f 4743/470/1306 4748/466/1307 4746/467/1308 4741/471/1309
f 4741/471/1310 4796/472/1311 4798/473/1312 4743/470/1313
f 4743/470/1314 4798/473/1315 4799/474/1316 4744/470/1317
f 4744/535/1318 4799/536/1319 4800/536/1320 4745/535/1320
f 4745/535/1321 4800/536/1322 4797/537/1323 4742/535/1324
f 4722/538/1325 4797/537/1326 4800/536/1327 4725/538/1328
f 4725/538/1329 4800/536/1329 4799/536/1330 4724/538/1331
f 4724/478/1332 4799/479/1333 4798/479/1334 4723/539/1335
f 4723/539/1336 4798/479/1337 4796/479/1338 4721/480/1339
f 4721/480/1340 4726/481/1341 4728/482/1342 4723/539/1343
f 4723/539/1344 4728/482/1345 4729/482/1346 4724/478/1347
f 4724/538/1348 4729/540/1349 4730/540/1350 4725/538/1351
f 4725/538/1565 4730/540/1566 4727/540/1567 4722/538/1568
f 4726/481/1356 4731/485/1356 4733/486/1356 4728/482/1356
f 4728/482/1357 4733/486/1357 4734/486/1358 4729/482/1359
f 4729/540/1360 4734/541/1361 4735/541/1362 4730/540/1363
f 4730/540/1364 4735/541/1365 4732/542/1283 4727/540/1366
f 4702/543/1367 4732/542/1368 4735/541/1369 4705/544/1370
f 4705/544/1569 4735/541/1569 4734/541/1569 4704/544/1569
f 4704/491/1375 4734/486/1376 4733/486/1377 4703/491/1377
f 4703/491/1377 4733/486/1377 4731/485/1377 4701/493/1377
f 4701/493/1570 4711/494/1571 4713/495/1572 4703/491/1573
f 4703/491/1574 4713/495/1575 4714/545/1576 4704/491/1577
f 4704/544/1578 4714/546/1579 4715/546/1580 4705/544/1581
f 4705/544/1582 4715/546/1583 4712/546/1584 4702/543/1585
f 4711/494/1586 4736/497/1587 4738/498/1588 4713/495/1589
f 4713/495/1590 4738/498/1591 4739/498/1592 4714/545/1593
f 4714/546/1594 4739/547/1595 4740/547/1596 4715/546/1597
f 4715/546/1598 4740/547/1599 4737/548/1600 4712/546/1601
f 4672/549/1602 4737/548/1603 4740/547/1604 4675/550/1605
f 4675/550/1606 4740/547/1607 4739/547/1608 4674/550/1609
f 4674/551/1610 4739/498/1611 4738/498/1612 4673/551/1613
f 4673/551/1614 4738/498/1615 4736/497/1616 4671/506/1617
f 4671/506/1618 4681/507/1619 4683/508/1620 4673/551/1621
f 4673/551/1622 4683/508/1623 4684/508/1624 4674/551/1625
f 4674/550/1626 4684/552/1627 4685/552/1628 4675/550/1629
f 4675/550/1630 4685/552/1631 4682/553/1632 4672/549/1633
f 4681/507/1634 4691/511/1634 4693/512/1634 4683/508/1634
f 4683/508/1435 4693/512/1435 4694/512/1635 4684/508/1636
f 4684/552/1637 4694/554/1638 4695/554/1639 4685/552/1640
f 4685/552/1641 4695/554/1642 4692/554/1643 4682/553/1644
f 4662/555/1645 4692/554/1646 4695/554/1647 4665/556/1648
f 4665/556/1649 4695/554/1650 4694/554/1651 4664/556/1652
f 4664/189/1653 4694/512/1654 4693/512/1437 4663/189/1437
f 4663/189/1655 4693/512/1655 4691/511/1655 4661/186/1655
f 4652/557/1656 4662/555/1657 4665/556/1658 4655/557/1659
f 4655/557/1660 4665/556/1661 4664/556/1662 4654/557/1663
f 4654/188/1664 4664/189/1665 4663/189/1666 4653/188/1667
f 4653/188/1668 4663/189/1669 4661/186/1670 4651/187/1671
f 4142/558/1672 4652/557/1673 4655/557/1674 4145/558/1675
f 4145/558/1676 4655/557/1677 4654/557/1678 4144/558/1679
f 4144/194/1680 4654/188/1681 4653/188/1682 4143/194/1683
f 4143/194/1684 4653/188/1685 4651/187/1686 4141/194/1687
f 3076/280/1688 3790/431/1689 3792/432/1690 3079/280/1691
f 3079/280/1692 3792/432/1693 3793/432/1694 3078/280/1695
f 3078/559/1696 3793/560/1697 3794/560/1698 3077/559/1699
f 3077/559/1700 3794/560/1701 3791/561/1702 3075/559/1703
f 3781/562/1704 3791/561/1705 3794/560/1706 3784/562/1707
f 3784/562/1708 3794/560/1709 3793/560/1710 3783/562/1711
f 3783/436/1712 3793/432/1713 3792/432/1208 3782/436/1208
f 3782/436/1208 3792/432/1208 3790/431/1714 3780/437/1715
f 3780/437/1716 3800/438/1717 3802/439/1718 3782/436/1718
f 3782/436/1718 3802/439/1718 3803/439/1719 3783/436/1720
f 3783/562/1721 3803/563/1722 3804/563/1723 3784/562/1724
f 3784/562/1725 3804/563/1726 3801/563/1727 3781/562/1728
f 3766/564/1729 3801/563/1730 3804/563/1731 3769/565/1732
f 3769/565/1733 3804/563/1734 3803/563/1735 3768/566/1736
f 3768/444/1737 3803/439/1738 3802/439/1739 3767/444/1740
f 3767/444/1741 3802/439/1742 3800/438/1743 3765/445/1744
f 3756/567/1745 3766/564/1746 3769/565/1747 3759/567/1748
f 3759/567/1749 3769/565/1750 3768/566/1751 3758/567/1752
f 3758/525/1753 3768/444/1754 3767/444/1755 3757/525/1756
f 3757/525/1757 3767/444/1758 3765/445/1759 3755/449/1760
f 3755/449/1761 3810/450/1762 3812/451/1763 3757/525/1764
f 3757/525/1765 3812/451/1766 3813/451/1767 3758/525/1768
f 3758/567/1769 3813/568/1770 3814/568/1771 3759/567/1772
f 3759/567/1773 3814/568/1774 3811/568/1775 3756/567/1776
f 3741/569/1777 3811/568/1778 3814/568/1779 3744/569/1780
f 3744/569/1781 3814/568/1782 3813/568/1783 3743/569/1784
f 3743/456/1785 3813/451/1786 3812/451/1787 3742/456/1788
f 3742/456/1789 3812/451/1790 3810/450/1791 3740/457/1792
f 3731/570/1793 3741/569/1794 3744/569/1795 3734/570/1796
f 3734/570/1797 3744/569/1798 3743/569/1799 3733/570/1800
f 3733/460/1801 3743/456/1802 3742/456/1803 3732/460/1804
f 3732/460/1805 3742/456/1806 3740/457/1807 3730/461/1808
f 3730/461/1809 3745/462/1810 3747/463/1811 3732/460/1812
f 3732/460/1813 3747/463/1814 3748/463/1815 3733/460/1816
f 3733/570/1817 3748/571/1818 3749/571/1819 3734/570/1820
f 3734/570/1821 3749/571/1822 3746/571/1823 3731/570/1824
f 3721/572/1825 3746/571/1826 3749/571/1827 3724/572/1828
f 3724/572/1829 3749/571/1830 3748/571/1831 3723/572/1832
f 3723/466/1833 3748/463/1834 3747/463/1835 3722/466/1835
f 3722/466/1836 3747/463/1837 3745/462/1838 3720/467/1839
f 3711/573/1840 3721/572/1841 3724/572/1842 3714/574/1843
f 3714/574/1844 3724/572/1844 3723/572/1845 3713/574/1846
f 3713/470/1847 3723/466/1848 3722/466/1849 3712/470/1850
f 3712/470/1851 3722/466/1852 3720/467/1853 3710/471/1854
f 3710/471/1855 3815/472/1856 3817/473/1857 3712/470/1858
f 3712/470/1859 3817/473/1860 3818/474/1861 3713/470/1862
f 3713/574/1863 3818/575/1864 3819/575/1865 3714/574/1866
f 3714/574/1867 3819/575/1867 3816/576/1868 3711/573/1869
f 3671/577/1870 3816/576/1871 3819/575/1872 3674/578/1872
f 3674/578/1873 3819/575/1874 3818/575/1875 3673/578/1876
f 3673/478/1877 3818/579/1878 3817/579/1879 3672/478/1880
f 3672/478/1881 3817/579/1882 3815/479/1883 3670/480/1884
f 3670/480/1885 3675/481/1886 3677/580/1887 3672/478/1888
f 3672/478/1889 3677/580/1890 3678/482/1891 3673/478/1892
f 3673/578/1893 3678/581/1894 3679/581/1895 3674/578/1895
f 3674/578/1896 3679/581/1897 3676/582/1898 3671/577/1899
f 3675/481/1900 3690/485/1901 3692/583/1902 3677/580/1903
f 3677/580/1904 3692/583/1904 3693/486/1905 3678/482/1906
f 3678/581/1907 3693/584/1908 3694/584/1909 3679/581/1910
f 3679/581/1911 3694/584/1912 3691/584/1913 3676/582/1914
f 3646/585/1915 3691/584/1916 3694/584/1917 3649/585/1918
f 3649/585/1919 3694/584/1920 3693/584/1921 3648/585/1922
f 3648/491/1923 3693/486/1924 3692/583/1925 3647/491/1926
f 3647/491/1927 3692/583/1928 3690/485/1929 3645/493/1930
f 3645/493/1931 3655/494/1932 3657/495/1933 3647/491/1934
f 3647/491/1935 3657/495/1936 3658/495/1937 3648/491/1938
f 3648/585/1939 3658/586/1940 3659/586/1941 3649/585/1942
f 3649/585/1943 3659/586/1944 3656/587/1945 3646/585/1946
f 3655/494/1947 3700/497/1948 3702/498/1949 3657/495/1950
f 3657/495/1951 3702/498/1952 3703/498/1953 3658/495/1954
f 3658/586/1955 3703/588/1956 3704/588/1957 3659/586/1958
f 3659/586/1959 3704/588/1960 3701/589/1961 3656/587/1962
f 3616/590/1963 3701/589/1964 3704/588/1965 3619/591/1966
f 3619/591/1967 3704/588/1968 3703/588/1969 3618/591/1970
f 3618/551/1971 3703/498/1972 3702/498/1973 3617/592/1974
f 3617/592/1975 3702/498/1976 3700/497/1977 3615/506/1978
f 3615/506/1979 3625/507/1980 3627/593/1981 3617/592/1982
f 3617/592/1983 3627/593/1984 3628/594/1985 3618/551/1986
f 3618/591/1987 3628/595/1988 3629/595/1989 3619/591/1990
f 3619/591/1991 3629/595/1992 3626/596/1993 3616/590/1994
f 3625/507/1995 3635/511/1996 3637/512/1997 3627/593/1998
f 3627/593/1999 3637/512/2000 3638/512/2001 3628/594/2002
f 3628/595/2003 3638/597/2004 3639/597/2005 3629/595/2006
f 3629/595/2007 3639/597/2008 3636/598/2009 3626/596/2010
f 3611/599/2011 3636/598/2012 3639/597/2013 3614/600/2014
f 3614/600/2015 3639/597/2016 3638/597/2017 3613/600/2018
f 3613/189/2019 3638/512/2020 3637/512/2021 3612/189/2021
f 3612/189/2021 3637/512/2021 3635/511/2022 3610/186/2023
f 3601/601/2024 3611/599/2025 3614/600/2026 3604/601/2027
f 3604/601/2028 3614/600/2029 3613/600/2030 3603/601/2031
f 3603/188/2032 3613/189/2033 3612/189/465 3602/188/465
f 3602/188/465 3612/189/465 3610/186/2034 3600/187/2035
f 3086/602/2036 3601/601/2037 3604/601/2038 3089/602/2039
f 3089/602/2040 3604/601/2041 3603/601/2042 3088/602/2043
f 3088/194/2044 3603/188/2045 3602/188/2046 3087/194/2046
f 3087/194/2046 3602/188/2046 3600/187/2047 3085/194/2048
f 2015/280/1441 2785/431/1442 2787/603/1443 2018/280/1444
f 2018/280/1445 2787/603/1446 2788/432/1447 2017/280/1448
f 2017/604/1449 2788/605/1450 2789/605/1451 2016/604/1452
f 2016/604/1453 2789/605/1454 2786/605/1455 2014/604/1456
f 2776/606/1457 2786/605/1458 2789/605/1459 2779/606/1460
f 2779/606/1461 2789/605/1462 2788/605/1463 2778/606/1464
f 2778/436/1465 2788/432/1466 2787/603/1467 2777/436/1468
f 2777/436/1469 2787/603/1470 2785/431/1471 2775/437/1472
f 2775/437/1473 2795/438/1473 2797/439/1473 2777/436/1473
f 2777/436/1211 2797/439/1211 2798/439/1474 2778/436/1475
f 2778/606/1476 2798/607/1477 2799/607/1478 2779/606/1479
f 2779/606/1480 2799/607/1481 2796/607/1482 2776/606/1483
f 2771/608/1484 2796/607/1485 2799/607/1486 2774/608/1487
f 2774/608/1488 2799/607/1489 2798/607/1490 2773/608/1491
f 2773/444/1492 2798/439/1493 2797/439/1214 2772/444/1214
f 2772/444/1494 2797/439/1494 2795/438/1494 2770/445/1494
f 2761/609/1495 2771/608/1496 2774/608/1497 2764/609/1498
f 2764/609/1499 2774/608/1500 2773/608/1501 2763/609/1502
f 2763/610/1503 2773/444/1504 2772/444/1505 2762/525/1506
f 2762/525/1507 2772/444/1508 2770/445/1509 2760/449/1510
f 2760/449/1511 2810/450/1512 2812/451/1513 2762/525/1514
f 2762/525/1515 2812/451/1516 2813/451/1517 2763/610/1518
f 2763/609/1519 2813/611/1520 2814/611/1521 2764/609/1522
f 2764/609/1523 2814/611/1524 2811/612/1525 2761/609/1526
f 2736/613/1527 2811/612/1528 2814/611/1529 2739/614/1530
f 2739/614/1531 2814/611/1532 2813/611/1533 2738/614/1534
f 2738/456/1535 2813/451/1536 2812/451/1537 2737/456/1538
f 2737/456/1539 2812/451/1540 2810/450/1541 2735/457/1542
f 2731/615/1543 2736/613/1544 2739/614/1545 2734/616/1546
f 2734/616/1547 2739/614/1548 2738/614/1549 2733/616/1550
f 2733/460/1551 2738/456/1552 2737/456/1553 2732/460/1554
f 2732/460/1555 2737/456/1556 2735/457/1557 2730/461/1558
f 2730/461/1271 2745/462/1271 2747/532/1271 2732/460/1271
f 2732/460/1271 2747/532/1271 2748/463/1272 2733/460/1273
f 2733/616/1559 2748/617/1559 2749/617/1559 2734/616/1559
f 2734/616/1278 2749/617/1279 2746/618/1280 2731/615/1281
f 2716/619/1282 2746/618/1283 2749/617/1284 2719/620/1285
f 2719/620/1560 2749/617/1287 2748/617/1288 2718/620/1289
f 2718/466/1290 2748/463/1291 2747/532/1292 2717/466/1292
f 2717/466/1293 2747/532/1293 2745/462/1293 2715/467/1293
f 2711/621/1561 2716/619/1562 2719/620/1563 2714/622/1564
f 2714/622/1298 2719/620/1299 2718/620/1300 2713/622/1301
f 2713/470/1302 2718/466/1303 2717/466/1304 2712/470/1305
f 2712/470/1306 2717/466/1307 2715/467/1308 2710/471/1309
f 2710/471/1310 2820/472/1311 2822/473/1312 2712/470/1313
f 2712/470/1314 2822/473/1315 2823/474/1316 2713/470/1317
f 2713/622/1318 2823/623/1319 2824/623/1320 2714/622/1320
f 2714/622/1321 2824/623/1322 2821/623/1323 2711/621/1324
f 2671/624/1325 2821/623/1326 2824/623/1327 2674/624/1328
f 2674/624/1329 2824/623/1329 2823/623/1330 2673/624/1331
f 2673/478/1332 2823/479/1333 2822/479/1334 2672/625/1335
f 2672/625/1336 2822/479/1337 2820/479/1338 2670/480/1339
f 2670/480/1340 2680/481/1341 2682/626/1342 2672/625/1343
f 2672/625/1344 2682/626/1345 2683/482/1346 2673/478/1347
f 2673/624/1348 2683/627/1349 2684/627/1350 2674/624/1351
f 2674/624/1565 2684/627/1566 2681/627/1567 2671/624/1568
f 2680/481/1356 2690/485/1356 2692/486/1356 2682/626/1356
f 2682/626/1357 2692/486/1357 2693/486/1358 2683/482/1359
f 2683/627/1360 2693/628/1361 2694/628/1362 2684/627/1363
f 2684/627/1364 2694/628/1365 2691/629/1283 2681/627/1366
f 2651/630/1367 2691/629/1368 2694/628/1369 2654/631/1370
f 2654/631/1569 2694/628/1569 2693/628/1569 2653/631/1569
f 2653/491/1375 2693/486/1376 2692/486/1377 2652/632/1377
f 2652/632/1377 2692/486/1377 2690/485/1377 2650/493/1377
f 2650/493/1570 2660/494/1571 2662/495/1572 2652/632/1573
f 2652/632/1574 2662/495/1575 2663/633/1576 2653/491/1577
f 2653/631/1578 2663/634/1579 2664/634/1580 2654/631/1581
f 2654/631/1582 2664/634/1583 2661/634/1584 2651/630/1585
f 2660/494/1586 2700/497/1587 2702/498/1588 2662/495/1589
f 2662/495/1590 2702/498/1591 2703/498/1592 2663/633/1593
f 2663/634/1594 2703/635/1595 2704/635/1596 2664/634/1597
f 2664/634/1598 2704/635/1599 2701/635/1600 2661/634/1601
f 2621/636/1602 2701/635/1603 2704/635/1604 2624/637/1605
f 2624/637/1606 2704/635/1607 2703/635/1608 2623/637/1609
f 2623/551/1610 2703/498/1611 2702/498/1612 2622/551/1613
f 2622/551/1614 2702/498/1615 2700/497/1616 2620/506/1617
f 2620/506/1618 2630/507/1619 2632/508/1620 2622/551/1621
f 2622/551/1622 2632/508/1623 2633/508/1624 2623/551/1625
f 2623/637/1626 2633/638/1627 2634/638/1628 2624/637/1629
f 2624/637/1630 2634/638/1631 2631/639/1632 2621/636/1633
f 2630/507/1634 2640/511/1634 2642/512/1634 2632/508/1634
f 2632/508/1435 2642/512/1435 2643/512/1635 2633/508/1636
f 2633/638/1637 2643/640/1638 2644/640/1639 2634/638/1640
f 2634/638/1641 2644/640/1642 2641/640/1643 2631/639/1644
f 2611/641/1645 2641/640/1646 2644/640/1647 2614/641/1648
f 2614/641/1649 2644/640/1650 2643/640/1651 2613/641/1652
f 2613/189/1653 2643/512/1654 2642/512/1437 2612/189/1437
f 2612/189/1655 2642/512/1655 2640/511/1655 2610/186/1655
f 2596/642/1656 2611/641/1657 2614/641/1658 2599/643/1659
f 2599/643/1660 2614/641/1661 2613/641/1662 2598/643/1663
f 2598/188/1664 2613/189/1665 2612/189/1666 2597/188/1667
f 2597/188/1668 2612/189/1669 2610/186/1670 2595/187/1671
f 2020/644/1672 2596/642/1673 2599/643/1674 2023/645/1675
f 2023/645/1676 2599/643/1677 2598/643/1678 2022/645/1679
f 2022/194/1680 2598/188/1681 2597/188/1682 2021/194/1683
f 2021/194/1684 2597/188/1685 2595/187/1686 2019/194/1687
f 1095/280/1204 1744/431/1204 1746/432/1204 1098/280/1204
f 1098/280/1205 1746/432/1205 1747/432/1205 1097/280/1205
f 1097/646/1206 1747/647/1206 1748/647/1206 1096/646/1206
f 1096/646/1204 1748/647/1204 1745/647/1203 1094/646/1202
f 1730/648/496 1745/647/495 1748/647/1207 1733/649/1207
f 1733/649/1208 1748/647/1208 1747/647/1208 1732/649/1208
f 1732/436/1209 1747/432/1209 1746/432/1209 1731/436/1209
f 1731/436/1209 1746/432/1209 1744/431/1209 1729/437/1209
f 1729/437/1210 1754/438/1210 1756/439/1210 1731/436/1210
f 1731/436/1210 1756/439/1210 1757/439/1210 1732/436/1210
f 1732/649/1211 1757/650/1211 1758/650/1211 1733/649/1211
f 1733/649/1212 1758/650/1212 1755/650/501 1730/648/500
f 1720/651/505 1755/650/504 1758/650/1213 1723/652/1213
f 1723/652/1214 1758/650/1214 1757/650/1214 1722/652/1214
f 1722/444/1213 1757/439/1213 1756/439/1213 1721/444/1213
f 1721/444/1213 1756/439/1213 1754/438/1213 1719/445/1213
f 1715/653/1215 1720/651/1216 1723/652/1217 1718/653/1218
f 1718/653/1219 1723/652/1220 1722/652/1221 1717/653/1222
f 1717/447/1223 1722/444/1224 1721/444/1225 1716/654/1226
f 1716/654/1227 1721/444/1228 1719/445/1229 1714/449/1230
f 1705/655/1242 1715/653/1243 1718/653/1240 1708/655/1241
f 1708/655/1238 1718/653/1239 1717/653/1236 1707/655/1237
f 1707/451/1234 1717/447/1235 1716/654/1232 1706/656/1233
f 1706/656/1231 1716/654/1231 1714/449/1231 1704/450/1231
f 1675/657/1244 1705/655/1245 1708/655/1246 1678/657/1247
f 1678/657/1248 1708/655/1249 1707/655/1250 1677/657/1251
f 1677/456/1252 1707/451/1253 1706/656/1254 1676/456/1255
f 1676/456/1256 1706/656/1257 1704/450/1258 1674/457/1259
f 1674/457/1270 1684/461/1270 1686/460/1270 1676/456/1270
f 1676/456/1270 1686/460/1270 1687/460/1268 1677/456/1269
f 1677/657/1266 1687/658/1267 1688/658/1264 1678/657/1265
f 1678/657/1262 1688/658/1263 1685/659/1260 1675/657/1261
f 1684/461/1271 1689/462/1271 1691/463/1271 1686/460/1271
f 1686/460/1271 1691/463/1271 1692/463/1272 1687/460/1273
f 1687/658/1274 1692/660/1275 1693/660/1276 1688/658/1277
f 1688/658/1278 1693/660/1279 1690/661/1280 1685/659/1281
f 1665/662/1282 1690/661/1283 1693/660/1284 1668/662/1285
f 1668/662/1286 1693/660/1287 1692/660/1288 1667/662/1289
f 1667/466/1290 1692/463/1291 1691/463/1292 1666/466/1292
f 1666/466/1293 1691/463/1293 1689/462/1293 1664/467/1293
f 1650/663/1294 1665/662/1295 1668/662/1296 1653/663/1297
f 1653/663/1298 1668/662/1299 1667/662/1300 1652/663/1301
f 1652/470/1302 1667/466/1303 1666/466/1304 1651/470/1305
f 1651/470/1306 1666/466/1307 1664/467/1308 1649/471/1309
f 1635/664/1323 1650/663/1324 1653/663/1321 1638/664/1322
f 1638/664/1320 1653/663/1320 1652/663/1318 1637/664/1319
f 1637/474/1316 1652/470/1317 1651/470/1314 1636/473/1315
f 1636/473/1312 1651/470/1313 1649/471/1310 1634/472/1311
f 1625/665/1325 1635/664/1326 1638/664/1327 1628/666/1328
f 1628/666/1329 1638/664/1329 1637/664/1330 1627/666/1331
f 1627/478/1332 1637/479/1333 1636/479/1334 1626/478/1335
f 1626/478/1336 1636/479/1337 1634/479/1338 1624/480/1339
f 1624/480/1340 1644/481/1341 1646/482/1342 1626/478/1343
f 1626/478/1344 1646/482/1345 1647/482/1346 1627/478/1347
f 1627/666/1348 1647/667/1349 1648/667/1350 1628/666/1351
f 1628/666/1352 1648/667/1353 1645/668/1354 1625/665/1355
f 1605/669/1283 1645/668/1366 1648/667/1364 1608/670/1365
f 1608/670/1362 1648/667/1363 1647/667/1360 1607/670/1361
f 1607/486/1358 1647/482/1359 1646/482/1357 1606/486/1357
f 1606/486/1356 1646/482/1356 1644/481/1356 1604/485/1356
f 1604/485/1377 1609/493/1377 1611/671/1377 1606/486/1377
f 1606/486/1377 1611/671/1377 1612/491/1375 1607/486/1376
f 1607/670/1373 1612/672/1374 1613/672/1371 1608/670/1372
f 1608/670/1369 1613/672/1370 1610/672/1367 1605/669/1368
f 1590/673/1387 1610/672/1388 1613/672/1385 1593/673/1386
f 1593/673/1383 1613/672/1384 1612/672/1381 1592/673/1382
f 1592/495/1379 1612/491/1380 1611/671/1378 1591/495/1378
f 1591/495/1378 1611/671/1378 1609/493/1378 1589/494/1378
f 1580/674/1403 1590/673/1404 1593/673/1401 1583/675/1402
f 1583/675/1399 1593/673/1400 1592/673/1397 1582/674/1398
f 1582/498/1395 1592/495/1396 1591/495/1393 1581/498/1394
f 1581/498/1391 1591/495/1392 1589/494/1389 1579/497/1390
f 1550/676/1405 1580/674/1406 1583/675/1407 1553/677/1408
f 1553/677/1409 1583/675/1410 1582/674/1411 1552/678/1412
f 1552/504/1413 1582/498/1414 1581/498/1415 1551/679/1416
f 1551/679/1417 1581/498/1417 1579/497/1417 1549/506/1417
f 1549/506/1418 1564/507/1419 1566/508/1420 1551/679/1421
f 1551/679/1422 1566/508/1423 1567/508/1424 1552/504/1425
f 1552/678/1426 1567/680/1427 1568/680/1428 1553/677/1429
f 1553/677/1430 1568/680/1431 1565/680/1432 1550/676/1433
f 1564/507/1434 1574/511/1434 1576/512/1434 1566/508/1434
f 1566/508/1434 1576/512/1434 1577/512/1434 1567/508/1434
f 1567/680/1435 1577/681/1435 1578/681/1435 1568/680/1435
f 1568/680/1434 1578/681/1434 1575/681/720 1565/680/719
f 1534/193/727 1575/681/726 1578/681/1436 1536/190/1436
f 1536/190/1437 1578/681/1437 1577/681/1437 1537/190/1437
f 1537/189/1438 1577/512/1438 1576/512/1438 1538/189/1438
f 1538/189/1438 1576/512/1438 1574/511/1438 1535/186/1438
f 4916/380/2 4927/517/2 4930/517/2 4918/380/2
f 4918/380/2 4930/517/2 4929/517/2 4919/380/2
f 4919/183/2 4929/184/2 4928/184/2 4920/185/2
f 4920/185/2 4928/184/2 4926/184/2 4917/185/2
f 4361/265/2049 4391/270/2049 4393/682/2049 4363/266/2049
f 4363/266/722 4393/682/722 4394/269/2050 4364/266/2051
f 4364/379/2052 4394/683/2053 4395/683/2054 4365/379/2055
f 4365/379/2056 4395/683/2057 4392/684/2058 4362/379/2059
f 4372/685/2060 4392/684/2061 4395/683/2062 4375/685/2063
f 4375/685/2064 4395/683/2065 4394/683/2066 4374/685/2067
f 4374/272/2068 4394/269/2069 4393/682/724 4373/272/724
f 4373/272/2070 4393/682/2070 4391/270/2070 4371/271/2070
f 4371/271/2071 4381/275/2072 4383/276/2073 4373/272/2074
f 4373/272/2075 4383/276/2076 4384/276/2077 4374/272/2078
f 4374/685/2079 4384/686/2080 4385/686/2081 4375/685/2082
f 4375/685/2083 4385/686/2084 4382/686/2085 4372/685/2086
f 4127/687/2087 4382/686/2088 4385/686/2089 4130/688/2090
f 4130/688/2091 4385/686/2092 4384/686/2093 4129/688/2094
f 4129/280/2095 4384/276/2096 4383/276/2097 4128/426/2098
f 4128/426/2099 4383/276/2100 4381/275/2101 4126/281/2102
f 4126/427/2103 4132/428/2103 4135/428/2103 4128/427/2103
f 4128/427/1 4135/428/1 4134/429/1 4129/427/1
f 4129/688/2104 4134/518/2104 4133/518/2104 4130/688/2104
f 4130/688/2105 4133/518/2105 4131/518/2105 4127/687/2105
f 4111/343/2106 4142/558/2106 4145/558/2106 4113/343/2106
f 4113/343/2107 4145/558/2107 4144/558/2107 4114/343/2107
f 4114/183/2 4144/184/2 4143/184/2 4115/185/2
f 4115/185/2108 4143/184/2108 4141/184/2108 4112/185/2108
f 3301/689/2109 3351/342/2110 3354/342/2111 3304/690/2112
f 3304/690/2113 3354/342/2114 3353/342/2115 3303/690/2116
f 3303/378/2117 3353/257/2118 3352/257/2119 3302/691/2120
f 3302/691/2121 3352/257/2122 3350/256/2123 3300/259/2124
f 3300/259/2125 3310/265/2126 3312/692/2127 3302/691/2128
f 3302/691/2129 3312/692/2130 3313/692/2131 3303/378/2132
f 3303/690/2133 3313/693/2134 3314/693/2135 3304/690/2136
f 3304/690/2137 3314/693/2138 3311/693/2139 3301/689/2140
f 3310/265/2141 3340/270/2142 3342/269/2143 3312/692/2144
f 3312/692/2145 3342/269/2146 3343/269/2147 3313/692/2148
f 3313/693/2149 3343/694/2150 3344/694/2151 3314/693/2152
f 3314/693/2153 3344/694/2154 3341/695/2155 3311/693/2156
f 3321/696/2157 3341/695/2158 3344/694/2159 3324/696/2160
f 3324/696/2161 3344/694/2162 3343/694/2163 3323/696/2164
f 3323/272/2165 3343/269/2166 3342/269/2167 3322/272/2167
f 3322/272/2167 3342/269/2167 3340/270/2168 3320/271/2169
f 3320/271/2170 3330/275/2171 3332/276/729 3322/272/729
f 3322/272/729 3332/276/729 3333/276/2172 3323/272/2173
f 3323/696/2174 3333/697/2175 3334/697/2176 3324/696/2177
f 3324/696/2178 3334/697/2179 3331/698/2180 3321/696/2181
f 3066/699/2182 3331/698/2183 3334/697/2184 3069/700/2185
f 3069/700/2186 3334/697/2187 3333/697/2188 3068/700/2189
f 3068/280/2190 3333/276/2190 3332/276/2191 3067/426/2192
f 3067/426/2193 3332/276/2194 3330/275/2195 3065/281/2196
f 3065/427/2197 3076/428/2197 3079/428/2197 3067/427/2197
f 3067/427/2198 3079/428/2198 3078/429/2198 3068/427/2198
f 3068/700/2199 3078/559/2199 3077/559/2199 3069/700/2199
f 3069/700/2200 3077/559/2200 3075/559/2200 3066/699/2200
f 3055/315/2201 3086/602/2201 3089/602/2201 3057/315/2201
f 3057/315/2202 3089/602/2202 3088/602/2202 3058/315/2202
f 3058/183/2203 3088/184/2203 3087/184/2203 3059/185/2203
f 3059/185/2203 3087/184/2203 3085/184/2203 3056/185/2203
f 2290/253/1152 2325/256/1153 2327/257/2204 2292/253/2205
f 2292/253/2206 2327/257/2207 2328/257/2208 2293/254/2209
f 2293/314/2210 2328/701/2211 2329/701/2212 2294/314/2213
f 2294/314/2214 2329/701/2215 2326/701/2216 2291/313/2217
f 2301/702/1168 2326/701/1169 2329/701/1170 2304/703/1171
f 2304/703/1172 2329/701/1173 2328/701/1174 2303/703/1175
f 2303/378/1176 2328/257/1177 2327/257/1178 2302/378/1179
f 2302/378/1180 2327/257/1181 2325/256/1182 2300/259/1183
f 2300/259/1184 2305/265/1185 2307/266/1186 2302/378/1187
f 2302/378/1188 2307/266/1189 2308/266/1190 2303/378/1191
f 2303/703/1192 2308/704/1193 2309/704/1194 2304/703/1195
f 2304/703/1196 2309/704/1197 2306/704/1198 2301/702/1199
f 2305/265/2049 2335/270/2049 2337/682/2049 2307/266/2049
f 2307/266/722 2337/682/722 2338/269/2050 2308/266/2051
f 2308/704/2052 2338/705/2053 2339/705/2054 2309/704/2055
f 2309/704/2056 2339/705/2057 2336/705/2058 2306/704/2059
f 2335/270/2070 2345/271/2070 2347/272/2070 2337/682/2070
f 2337/682/724 2347/272/724 2348/272/2068 2338/269/2069
f 2338/705/2066 2348/706/2067 2349/706/2064 2339/705/2065
f 2339/705/2062 2349/706/2063 2346/706/2060 2336/705/2061
f 2345/271/2071 2360/275/2072 2362/276/2073 2347/272/2074
f 2347/272/2075 2362/276/2076 2363/276/2077 2348/272/2078
f 2348/706/2079 2363/707/2080 2364/707/2081 2349/706/2082
f 2349/706/2083 2364/707/2084 2361/707/2085 2346/706/2086
f 2005/708/2087 2361/707/2088 2364/707/2089 2008/709/2090
f 2008/709/2091 2364/707/2092 2363/707/2093 2007/709/2094
f 2007/280/2095 2363/276/2096 2362/276/2097 2006/426/2098
f 2006/426/2099 2362/276/2100 2360/275/2101 2004/281/2102
f 2004/427/2103 2015/428/2103 2018/428/2103 2006/427/2103
f 2006/427/1 2018/428/1 2017/429/1 2007/427/1
f 2007/709/2104 2017/604/2104 2016/604/2104 2008/709/2104
f 2008/709/2105 2016/604/2105 2014/604/2105 2005/708/2105
f 1094/646/1 1105/279/1 1108/279/1 1096/646/1
f 1096/646/1 1108/279/1 1107/279/1 1097/646/1
f 1097/429/1 1107/427/1 1106/427/1 1098/428/1
f 1098/428/1 1106/427/1 1104/427/1 1095/428/1
f 1989/285/2106 2020/644/2106 2023/645/2106 1991/283/2106
f 1991/283/2107 2023/645/2107 2022/645/2107 1992/283/2107
f 1992/183/2 2022/184/2 2021/184/2 1993/185/2
f 1993/185/2108 2021/184/2108 2019/184/2108 1990/185/2108
f 5370/710/2 5375/711/2 5378/711/2 5373/710/2
f 5373/710/2 5378/711/2 5377/711/2 5372/710/2
f 5372/712/2 5377/713/2 5376/713/2 5371/712/2
f 5371/712/2 5376/713/2 5374/713/2 5369/714/2
f 1120/715/2 1129/716/2 1131/716/2 1123/715/2
f 1123/715/2 1131/716/2 1132/716/2 1122/715/2
f 1122/717/2 1132/718/2 1133/718/2 1121/717/2
f 1121/717/2 1133/718/2 1130/718/2 1119/717/2
f 5443/121/2218 5927/161/2218 5937/161/2218 5455/121/2218
f 5455/121/130 5937/161/130 5930/161/130 5456/121/130
f 5456/118/130 5930/160/130 5929/160/130 5446/119/130
f 5446/119/2219 5929/160/2219 5926/160/2219 5441/118/2219
f 5442/120/2220 5522/31/2220 5527/31/2220 5450/120/2220
f 5450/120/1 5527/31/1 5537/31/1 5451/120/1
f 5451/121/1 5537/130/1 5536/130/1 5457/121/1
f 5457/121/2221 5536/130/2221 5524/130/2221 5443/121/2221
f 5505/128/2222 5524/130/2222 5538/130/2222 5517/128/2222
f 5517/128/7 5538/130/7 5532/130/7 5518/128/7
f 5518/126/7 5532/129/7 5531/129/7 5508/126/7
f 5508/126/2223 5531/129/2223 5523/129/2223 5503/126/2223
f 5375/711/2224 5505/128/2224 5519/128/2224 5378/711/2224
f 5378/711/2225 5519/128/2225 5513/128/2 5377/711/2
f 5377/713/2 5513/127/2 5512/127/2 5376/713/2
f 5376/713/2226 5512/127/2226 5504/127/2226 5374/713/2226
f 1129/719/475 1759/720/475 1761/721/475 1131/719/475
f 1131/719/476 1761/721/476 1762/721/476 1132/719/476
f 1132/718/475 1762/722/475 1763/722/2227 1133/718/2228
f 1133/718/2229 1763/722/2230 1760/723/2231 1130/718/2232
f 1759/720/464 1789/724/464 1791/724/464 1761/721/464
f 1761/721/464 1791/724/464 1792/724/464 1762/721/464
f 1762/722/465 1792/725/465 1793/725/465 1763/722/465
f 1763/722/466 1793/725/466 1790/725/2233 1760/723/2234
f 1780/726/2235 1790/725/2236 1793/725/1436 1783/726/1436
f 1783/726/1437 1793/725/1437 1792/725/1437 1782/726/1437
f 1782/727/1438 1792/724/1438 1791/724/1438 1781/727/1438
f 1781/727/1438 1791/724/1438 1789/724/1438 1779/727/1438
f 1770/728/2237 1780/726/2238 1783/726/1434 1773/729/1434
f 1773/729/1435 1783/726/1435 1782/726/1435 1772/729/1435
f 1772/730/1434 1782/727/1434 1781/727/1434 1771/730/1434
f 1771/730/1434 1781/727/1434 1779/727/1434 1769/730/1434
f 1769/730/2239 1849/731/2240 1851/732/2241 1771/730/2242
f 1771/730/2243 1851/732/2244 1852/733/2245 1772/730/2246
f 1772/729/2247 1852/734/2248 1853/734/2249 1773/729/2250
f 1773/729/2251 1853/734/2252 1850/734/2253 1770/728/2254
f 1810/735/2255 1850/734/2256 1853/734/2257 1813/735/2258
f 1813/735/2259 1853/734/2260 1852/734/2261 1812/735/2262
f 1812/736/2263 1852/733/2264 1851/732/2265 1811/737/2266
f 1811/737/2267 1851/732/2267 1849/731/2267 1809/736/2267
f 1805/738/2268 1810/735/2269 1813/735/2270 1808/738/2271
f 1808/738/2272 1813/735/2273 1812/735/2274 1807/738/2275
f 1807/739/2276 1812/736/2277 1811/737/2278 1806/739/2279
f 1806/739/2280 1811/737/2281 1809/736/2282 1804/739/2283
f 1804/739/1378 1844/740/1378 1846/740/1378 1806/739/1378
f 1806/739/1378 1846/740/1378 1847/740/2284 1807/739/2285
f 1807/738/2286 1847/741/2287 1848/741/2288 1808/738/2289
f 1808/738/2290 1848/741/2291 1845/742/2292 1805/738/2293
f 1830/743/2294 1845/742/2295 1848/741/2296 1833/744/2297
f 1833/744/2298 1848/741/2299 1847/741/2300 1832/744/2301
f 1832/745/2302 1847/740/2303 1846/740/1377 1831/745/1377
f 1831/745/1377 1846/740/1377 1844/740/1377 1829/745/1377
f 1820/746/2304 1830/743/2305 1833/744/2306 1823/747/2307
f 1823/747/2308 1833/744/2309 1832/744/2310 1822/747/2311
f 1822/748/2312 1832/745/2313 1831/745/1357 1821/748/1357
f 1821/748/1356 1831/745/1356 1829/745/1356 1819/748/1356
f 1819/748/2314 1964/749/2315 1966/749/2316 1821/748/2317
f 1821/748/2318 1966/749/2319 1967/749/2320 1822/748/2321
f 1822/747/2322 1967/750/2323 1968/750/2324 1823/747/2325
f 1823/747/2326 1968/750/2327 1965/750/2328 1820/746/2329
f 1860/751/2330 1965/750/2331 1968/750/2332 1863/752/2333
f 1863/752/2334 1968/750/2334 1967/750/2335 1862/752/2336
f 1862/753/2337 1967/749/2338 1966/749/2339 1861/753/2340
f 1861/753/2341 1966/749/2342 1964/749/2343 1859/753/2344
f 1859/754/2345 1894/755/2346 1896/755/2347 1861/754/2348
f 1861/754/2349 1896/755/2350 1897/755/2351 1862/754/2352
f 1862/752/2353 1897/756/2354 1898/756/2355 1863/752/2355
f 1863/752/2356 1898/756/2357 1895/756/2358 1860/751/2359
f 1875/757/2360 1895/756/2361 1898/756/2362 1878/757/2363
f 1878/757/2364 1898/756/2365 1897/756/2366 1877/757/2367
f 1877/758/2368 1897/755/2369 1896/755/2370 1876/758/2371
f 1876/758/2372 1896/755/2373 1894/755/2374 1874/758/2375
f 1874/758/1293 1884/759/1293 1886/759/1293 1876/758/1293
f 1876/758/1292 1886/759/1292 1887/759/2376 1877/758/2377
f 1877/757/2378 1887/760/2379 1888/760/2380 1878/757/2381
f 1878/757/2382 1888/760/2383 1885/761/2305 1875/757/2384
f 1884/759/1271 1954/762/1271 1956/763/1271 1886/759/1271
f 1886/759/1271 1956/763/1271 1957/762/2385 1887/759/2386
f 1887/760/2387 1957/764/2388 1958/764/2389 1888/760/2390
f 1888/760/2391 1958/764/2392 1955/765/2393 1885/761/2394
f 1905/766/2395 1955/765/2396 1958/764/2397 1908/767/2398
f 1908/767/2399 1958/764/2400 1957/764/2401 1907/767/2402
f 1907/768/2403 1957/762/2404 1956/763/1270 1906/768/1270
f 1906/768/1270 1956/763/1270 1954/762/1270 1904/768/1270
f 1904/768/2405 1914/769/2406 1916/769/2407 1906/768/2408
f 1906/768/2409 1916/769/2410 1917/769/2411 1907/768/2412
f 1907/767/2413 1917/770/2414 1918/771/2415 1908/767/2416
f 1908/767/2417 1918/771/2418 1915/771/2419 1905/766/2420
f 1914/769/2421 1944/772/2421 1946/773/2421 1916/769/2421
f 1916/769/2422 1946/773/2423 1947/774/2424 1917/769/2425
f 1917/770/2426 1947/775/2427 1948/776/2428 1918/771/2429
f 1918/771/2430 1948/776/2431 1945/775/2432 1915/771/2433
f 1925/777/2434 1945/775/2435 1948/776/2436 1928/778/2437
f 1928/778/2438 1948/776/2439 1947/775/2440 1927/778/2441
f 1927/779/2442 1947/774/2443 1946/773/2444 1926/779/2445
f 1926/779/2446 1946/773/2447 1944/772/2448 1924/780/2449
f 1924/780/1213 1934/781/1213 1936/782/1213 1926/779/1213
f 1926/779/1213 1936/782/1213 1937/782/1213 1927/779/1213
f 1927/778/1214 1937/783/1214 1938/783/1214 1928/778/1214
f 1928/778/1213 1938/783/1213 1935/783/2450 1925/777/2451
f 1934/781/1210 1984/784/1210 1986/785/1210 1936/782/1210
f 1936/782/1210 1986/785/1210 1987/785/1210 1937/782/1210
f 1937/783/1211 1987/786/1211 1988/786/1211 1938/783/1211
f 1938/783/1212 1988/786/1212 1985/786/2452 1935/783/2453
f 1970/787/2454 1985/786/2455 1988/786/1207 1973/788/1207
f 1973/788/1208 1988/786/1208 1987/786/1208 1972/788/1208
f 1972/789/1209 1987/785/1209 1986/785/1209 1971/789/1209
f 1971/789/1209 1986/785/1209 1984/784/1209 1969/790/1209
f 1140/791/2456 1970/787/2457 1973/788/1204 1143/791/1204
f 1143/791/1206 1973/788/1206 1972/788/1206 1142/791/1206
f 1142/792/1205 1972/789/1205 1971/789/1205 1141/793/1205
f 1141/793/1204 1971/789/1204 1969/790/1204 1139/794/1204
f 2075/719/2458 2830/795/2459 2832/721/2460 2078/719/2461
f 2078/719/2462 2832/721/2463 2833/721/2464 2077/719/2465
f 2077/796/2466 2833/797/2467 2834/797/2468 2076/796/2469
f 2076/796/2470 2834/797/2471 2831/797/2472 2074/796/2473
f 2830/795/2474 2860/724/2475 2862/724/2476 2832/721/2477
f 2832/721/2478 2862/724/2479 2863/724/2480 2833/721/2481
f 2833/797/2482 2863/798/2483 2864/798/2484 2834/797/2485
f 2834/797/2486 2864/798/2487 2861/798/2488 2831/797/2489
f 2851/799/2490 2861/798/2491 2864/798/2492 2854/799/2493
f 2854/799/2494 2864/798/2495 2863/798/2496 2853/799/2497
f 2853/727/2498 2863/724/2499 2862/724/1437 2852/727/1437
f 2852/727/2021 2862/724/2021 2860/724/2021 2850/727/2021
f 2836/800/2500 2851/799/2501 2854/799/2502 2839/800/2503
f 2839/800/2504 2854/799/2505 2853/799/2506 2838/800/2507
f 2838/730/2508 2853/727/2509 2852/727/1435 2837/801/1435
f 2837/801/1634 2852/727/1634 2850/727/1634 2835/730/1634
f 2835/730/2510 2920/731/2511 2922/731/2512 2837/801/2513
f 2837/801/2514 2922/731/2515 2923/802/2516 2838/730/2517
f 2838/800/2518 2923/803/2519 2924/803/2520 2839/800/2521
f 2839/800/2522 2924/803/2523 2921/804/2524 2836/800/2525
f 2881/805/2526 2921/804/2527 2924/803/2528 2884/805/2529
f 2884/805/2530 2924/803/2531 2923/803/2532 2883/805/2533
f 2883/736/2534 2923/802/2535 2922/731/2536 2882/736/2537
f 2882/736/2538 2922/731/2539 2920/731/2540 2880/736/2541
f 2866/806/2542 2881/805/2543 2884/805/2544 2869/806/2545
f 2869/806/2546 2884/805/2547 2883/805/2548 2868/806/2549
f 2868/739/2550 2883/736/2551 2882/736/2552 2867/739/2553
f 2867/739/2554 2882/736/2555 2880/736/2556 2865/739/2557
f 2865/739/2558 2910/740/2559 2912/740/2560 2867/739/2561
f 2867/739/2562 2912/740/2563 2913/740/2564 2868/739/2565
f 2868/806/2566 2913/807/2567 2914/807/2568 2869/806/2569
f 2869/806/2570 2914/807/2571 2911/807/2572 2866/806/2573
f 2896/808/2294 2911/807/2295 2914/807/2296 2899/808/2297
f 2899/808/2574 2914/807/2574 2913/807/2574 2898/808/2574
f 2898/745/2302 2913/740/2303 2912/740/1377 2897/809/1377
f 2897/809/1377 2912/740/1377 2910/740/1377 2895/745/1377
f 2886/810/2304 2896/808/2305 2899/808/2306 2889/811/2307
f 2889/811/2575 2899/808/2309 2898/808/2310 2888/811/2311
f 2888/748/2312 2898/745/2313 2897/809/1357 2887/748/1357
f 2887/748/1356 2897/809/1356 2895/745/1356 2885/748/1356
f 2885/748/2314 3030/749/2315 3032/749/2316 2887/748/2317
f 2887/748/2318 3032/749/2319 3033/749/2320 2888/748/2321
f 2888/811/2322 3033/812/2323 3034/812/2324 2889/811/2325
f 2889/811/2576 3034/812/2577 3031/812/2578 2886/810/2579
f 2931/813/2330 3031/812/2331 3034/812/2332 2934/814/2333
f 2934/814/2334 3034/812/2334 3033/812/2335 2933/814/2336
f 2933/753/2337 3033/749/2338 3032/749/2339 2932/753/2340
f 2932/753/2341 3032/749/2342 3030/749/2343 2930/753/2344
f 2930/754/2345 2955/815/2346 2957/815/2347 2932/754/2348
f 2932/754/2349 2957/815/2350 2958/815/2351 2933/754/2352
f 2933/814/2353 2958/816/2354 2959/816/2355 2934/814/2355
f 2934/814/2356 2959/816/2357 2956/817/2358 2931/813/2359
f 2936/818/2580 2956/817/2581 2959/816/2582 2939/818/2583
f 2939/818/2364 2959/816/2365 2958/816/2366 2938/818/2367
f 2938/758/2368 2958/815/2369 2957/815/2370 2937/758/2371
f 2937/758/2372 2957/815/2373 2955/815/2374 2935/758/2375
f 2935/758/1293 2945/759/1293 2947/759/1293 2937/758/1293
f 2937/758/1292 2947/759/1292 2948/759/2376 2938/758/2377
f 2938/818/2378 2948/819/2379 2949/820/2380 2939/818/2381
f 2939/818/2382 2949/820/2383 2946/819/2305 2936/818/2384
f 2945/759/1271 3015/762/1271 3017/762/1271 2947/759/1271
f 2947/759/1271 3017/762/1271 3018/762/2385 2948/759/2386
f 2948/819/2584 3018/821/2584 3019/821/2584 2949/820/2584
f 2949/820/2391 3019/821/2392 3016/822/2393 2946/819/2394
f 2971/823/2585 3016/822/2586 3019/821/2587 2974/824/2588
f 2974/824/2589 3019/821/2590 3018/821/2591 2973/824/2592
f 2973/825/2593 3018/762/2594 3017/762/2595 2972/768/2596
f 2972/768/2597 3017/762/2598 3015/762/2599 2970/768/2600
f 2970/768/2601 2975/769/2602 2977/769/2603 2972/768/2604
f 2972/768/2605 2977/769/2606 2978/769/2607 2973/825/2608
f 2973/824/2609 2978/826/2610 2979/826/2611 2974/824/2612
f 2974/824/2613 2979/826/2614 2976/827/2615 2971/823/2616
f 2975/769/2617 3010/772/2618 3012/828/2619 2977/769/2620
f 2977/769/2621 3012/828/2622 3013/828/2623 2978/769/2624
f 2978/826/2625 3013/829/2626 3014/829/2627 2979/826/2628
f 2979/826/2629 3014/829/2630 3011/829/2631 2976/827/2632
f 2991/830/2633 3011/829/2634 3014/829/2635 2994/830/2636
f 2994/830/2637 3014/829/2638 3013/829/2639 2993/830/2640
f 2993/779/2641 3013/828/2642 3012/828/2643 2992/779/2644
f 2992/779/2645 3012/828/2646 3010/772/2647 2990/831/2648
f 2990/831/1494 2995/832/1494 2997/782/1494 2992/779/1494
f 2992/779/1214 2997/782/1214 2998/782/2649 2993/779/2650
f 2993/830/2651 2998/833/2652 2999/833/2653 2994/830/2654
f 2994/830/2655 2999/833/2656 2996/833/2657 2991/830/2658
f 2995/832/1718 3050/834/1718 3052/785/1718 2997/782/1718
f 2997/782/1211 3052/785/1211 3053/785/2659 2998/782/2660
f 2998/833/2661 3053/835/2662 3054/835/2663 2999/833/2664
f 2999/833/2665 3054/835/2666 3051/836/2667 2996/833/2668
f 3036/837/2669 3051/836/2670 3054/835/2671 3039/838/2672
f 3039/838/2673 3054/835/2674 3053/835/2675 3038/838/2676
f 3038/789/2677 3053/785/2678 3052/785/2679 3037/789/2680
f 3037/789/2681 3052/785/2682 3050/834/2683 3035/839/2684
f 2060/840/2685 3036/837/2686 3039/838/2687 2063/840/2688
f 2063/840/2689 3039/838/2690 3038/838/2691 2062/840/2692
f 2062/792/2693 3038/789/2694 3037/789/2695 2061/793/2696
f 2061/793/2697 3037/789/2698 3035/839/2699 2059/794/2700
f 3131/719/2701 3830/720/2702 3832/721/2703 3134/719/2703
f 3134/719/2703 3832/721/2703 3833/721/2704 3133/719/2705
f 3133/841/2706 3833/842/2707 3834/842/2708 3132/841/2709
f 3132/841/2710 3834/842/2711 3831/842/2712 3130/841/2713
f 3830/720/2714 3840/724/2715 3842/724/465 3832/721/465
f 3832/721/465 3842/724/465 3843/724/2716 3833/721/2717
f 3833/842/2718 3843/843/2719 3844/843/2720 3834/842/2721
f 3834/842/2722 3844/843/2723 3841/843/2724 3831/842/2725
f 3840/724/2726 3850/727/2727 3852/727/1655 3842/724/1655
f 3842/724/1655 3852/727/1655 3853/727/2728 3843/724/2729
f 3843/843/2730 3853/844/2731 3854/844/2732 3844/843/2733
f 3844/843/2734 3854/844/2735 3851/844/2736 3841/843/2737
f 3850/727/2738 3860/730/2739 3862/730/2740 3852/727/2741
f 3852/727/2742 3862/730/2743 3863/730/2744 3853/727/2745
f 3853/844/2746 3863/845/2747 3864/845/2748 3854/844/2749
f 3854/844/2750 3864/845/2751 3861/845/2752 3851/844/2753
f 3860/730/2754 3870/731/2755 3872/731/2756 3862/730/2757
f 3862/730/2758 3872/731/2759 3873/731/2760 3863/730/2761
f 3863/845/2762 3873/846/2763 3874/846/2764 3864/845/2765
f 3864/845/2766 3874/846/2767 3871/847/2768 3861/845/2769
f 3870/731/2770 3880/736/2771 3882/736/2772 3872/731/2773
f 3872/731/2774 3882/736/2775 3883/736/2776 3873/731/2777
f 3873/846/2778 3883/848/2779 3884/848/2780 3874/846/2781
f 3874/846/2782 3884/848/2783 3881/848/2784 3871/847/2785
f 3880/736/2786 3885/739/2787 3887/739/2788 3882/736/2789
f 3882/736/2790 3887/739/2791 3888/739/2792 3883/736/2793
f 3883/848/2794 3888/849/2795 3889/849/2796 3884/848/2797
f 3884/848/2798 3889/849/2799 3886/849/2800 3881/848/2801
f 3885/739/2802 3895/740/2803 3897/850/2804 3887/739/2805
f 3887/739/2806 3897/850/2807 3898/740/2808 3888/739/2809
f 3888/849/2810 3898/851/2811 3899/851/2812 3889/849/2813
f 3889/849/2814 3899/851/2815 3896/851/2816 3886/849/2817
f 3895/740/2818 3930/745/2819 3932/745/2820 3897/850/2821
f 3897/850/2822 3932/745/2823 3933/745/2824 3898/740/2825
f 3898/851/2826 3933/852/2827 3934/852/2828 3899/851/2829
f 3899/851/2830 3934/852/2831 3931/853/2832 3896/851/2833
f 3906/854/2834 3931/853/2835 3934/852/2836 3909/855/2837
f 3909/855/2838 3934/852/2839 3933/852/2840 3908/855/2841
f 3908/748/2842 3933/745/2843 3932/745/2844 3907/748/2844
f 3907/748/2845 3932/745/2846 3930/745/2847 3905/748/2848
f 3905/748/2849 3920/749/2850 3922/856/2851 3907/748/2852
f 3907/748/2853 3922/856/2854 3923/856/2855 3908/748/2856
f 3908/855/2857 3923/857/2858 3924/857/2859 3909/855/2859
f 3909/855/2860 3924/857/2861 3921/858/2862 3906/854/2863
f 3920/749/2864 4101/753/2865 4103/753/2866 3922/856/2867
f 3922/856/2868 4103/753/2869 4104/753/2870 3923/856/2871
f 3923/857/2872 4104/859/2873 4105/859/2874 3924/857/2875
f 3924/857/2876 4105/859/2876 4102/859/2877 3921/858/2878
f 3941/860/2879 4102/859/2880 4105/859/2881 3944/861/2881
f 3944/861/2882 4105/859/2883 4104/859/2884 3943/861/2885
f 3943/815/2886 4104/754/2887 4103/754/2888 3942/815/2889
f 3942/815/2890 4103/754/2891 4101/754/2892 3940/815/2893
f 3940/815/2894 3950/758/2895 3952/862/2896 3942/815/2897
f 3942/815/2898 3952/862/2899 3953/758/2900 3943/815/2901
f 3943/861/2902 3953/863/2903 3954/863/2904 3944/861/2904
f 3944/861/2905 3954/863/2906 3951/864/2907 3941/860/2908
f 3950/758/2909 3989/759/2910 3991/759/2911 3952/862/2912
f 3952/862/2913 3991/759/2913 3992/759/2914 3953/758/2915
f 3953/863/2916 3992/865/2917 3993/865/2918 3954/863/2919
f 3954/863/2920 3993/865/2921 3990/865/2922 3951/864/2923
f 3961/866/2924 3990/865/2925 3993/865/2926 3964/867/2927
f 3964/867/2928 3993/865/2929 3992/865/2930 3963/867/2931
f 3963/762/2932 3992/759/2933 3991/759/2934 3962/762/2935
f 3962/762/2936 3991/759/2937 3989/759/2938 3960/762/2939
f 3960/762/2940 3984/768/2941 3986/768/2942 3962/762/2943
f 3962/762/2944 3986/768/2945 3987/768/2946 3963/762/2947
f 3963/867/2948 3987/868/2949 3988/868/2950 3964/867/2951
f 3964/867/2952 3988/868/2953 3985/868/2954 3961/866/2955
f 3984/768/2956 4096/769/2957 4098/769/2958 3986/768/2959
f 3986/768/2960 4098/769/2961 4099/769/2962 3987/768/2963
f 3987/868/2964 4099/869/2965 4100/869/2966 3988/868/2967
f 3988/868/2968 4100/869/2969 4097/870/2970 3985/868/2971
f 4019/871/2972 4097/870/2973 4100/869/2974 4022/872/2975
f 4022/872/2976 4100/869/2977 4099/869/2978 4021/872/2979
f 4021/828/2980 4099/769/2981 4098/769/2982 4020/828/2983
f 4020/828/2984 4098/769/2985 4096/769/2986 4018/772/2987
f 4018/772/2988 4023/831/2989 4025/779/2990 4020/828/2991
f 4020/828/2992 4025/779/2993 4026/779/2994 4021/828/2995
f 4021/872/2996 4026/873/2997 4027/873/2998 4022/872/2999
f 4022/872/3000 4027/873/3001 4024/873/3002 4019/871/3003
f 4152/719/2458 4801/795/2459 4803/874/2460 4155/719/2461
f 4155/719/2462 4803/874/2463 4804/721/2464 4154/719/2465
f 4154/875/2466 4804/876/2467 4805/876/2468 4153/875/2469
f 4153/875/2470 4805/876/2471 4802/877/2472 4151/875/2473
f 4801/795/2474 4806/724/2475 4808/724/2476 4803/874/2477
f 4803/874/2478 4808/724/2479 4809/724/2480 4804/721/2481
f 4804/876/2482 4809/878/2483 4810/878/2484 4805/876/2485
f 4805/876/2486 4810/878/2487 4807/878/2488 4802/877/2489
f 4806/724/2021 4811/727/2021 4813/727/2021 4808/724/2021
f 4808/724/1437 4813/727/1437 4814/727/2498 4809/724/2499
f 4809/878/2496 4814/879/2497 4815/879/2494 4810/878/2495
f 4810/878/2492 4815/879/2493 4812/880/2490 4807/878/2491
f 4811/727/3004 4816/730/3004 4818/730/3004 4813/727/3004
f 4813/727/1435 4818/730/1435 4819/730/2508 4814/727/2509
f 4814/879/3005 4819/881/3006 4820/881/3007 4815/879/3008
f 4815/879/3009 4820/881/3010 4817/882/3011 4812/880/3012
f 4816/730/2510 4821/731/2511 4823/731/2512 4818/730/2513
f 4818/730/2514 4823/731/2515 4824/883/2516 4819/730/2517
f 4819/881/2518 4824/884/2519 4825/884/2520 4820/881/2521
f 4820/881/2522 4825/884/2523 4822/885/2524 4817/882/2525
f 4821/731/2540 4826/736/2541 4828/736/2538 4823/731/2539
f 4823/731/2536 4828/736/2537 4829/736/2534 4824/883/2535
f 4824/884/2532 4829/886/2533 4830/886/2530 4825/884/2531
f 4825/884/2528 4830/886/2529 4827/887/2526 4822/885/2527
f 4826/736/2556 4831/739/2557 4833/739/2554 4828/736/2555
f 4828/736/2552 4833/739/2553 4834/739/2550 4829/736/2551
f 4829/886/2548 4834/888/2549 4835/888/2546 4830/886/2547
f 4830/886/2544 4835/888/2545 4832/889/2542 4827/887/2543
f 4831/739/2558 4836/740/2559 4838/740/2560 4833/739/2561
f 4833/739/2562 4838/740/2563 4839/740/2564 4834/739/2565
f 4834/888/2566 4839/890/2567 4840/890/2568 4835/888/2569
f 4835/888/2570 4840/890/2571 4837/891/2572 4832/889/2573
f 4836/740/1377 4851/745/1377 4853/892/1377 4838/740/1377
f 4838/740/1377 4853/892/1377 4854/745/2302 4839/740/2303
f 4839/890/2574 4854/893/2574 4855/893/2574 4840/890/2574
f 4840/890/2296 4855/893/2297 4852/894/2294 4837/891/2295
f 4842/895/2304 4852/894/2305 4855/893/2306 4845/896/2307
f 4845/896/2575 4855/893/2309 4854/893/2310 4844/896/2311
f 4844/748/2312 4854/745/2313 4853/892/1357 4843/748/1357
f 4843/748/1356 4853/892/1356 4851/745/1356 4841/748/1356
f 4841/748/2314 4846/749/2315 4848/749/2316 4843/748/2317
f 4843/748/2318 4848/749/2319 4849/749/2320 4844/748/2321
f 4844/896/2322 4849/897/2323 4850/897/2324 4845/896/2325
f 4845/896/2576 4850/897/2577 4847/897/2578 4842/895/2579
f 4846/749/2343 4911/753/2344 4913/753/2341 4848/749/2342
f 4848/749/2339 4913/753/2340 4914/753/2337 4849/749/2338
f 4849/897/2335 4914/898/2336 4915/898/2334 4850/897/2334
f 4850/897/2332 4915/898/2333 4912/899/2330 4847/897/2331
f 4857/900/2358 4912/899/2359 4915/898/2356 4860/900/2357
f 4860/900/2355 4915/898/2355 4914/898/2353 4859/900/2354
f 4859/815/2351 4914/754/2352 4913/754/2349 4858/815/2350
f 4858/815/2347 4913/754/2348 4911/754/2345 4856/815/2346
f 4856/815/2374 4861/758/2375 4863/862/2372 4858/815/2373
f 4858/815/2370 4863/862/2371 4864/758/2368 4859/815/2369
f 4859/900/2366 4864/901/2367 4865/901/2364 4860/900/2365
f 4860/900/2582 4865/901/2583 4862/902/2580 4857/900/2581
f 4861/758/1293 4876/759/1293 4878/759/1293 4863/862/1293
f 4863/862/1292 4878/759/1292 4879/759/2376 4864/758/2377
f 4864/901/2378 4879/903/2379 4880/903/2380 4865/901/2381
f 4865/901/2382 4880/903/2383 4877/904/2305 4862/902/2384
f 4867/905/2393 4877/904/2394 4880/903/2391 4870/905/2392
f 4870/905/2584 4880/903/2584 4879/903/2584 4869/905/2584
f 4869/762/2385 4879/759/2386 4878/759/1271 4868/762/1271
f 4868/762/1271 4878/759/1271 4876/759/1271 4866/762/1271
f 4866/762/2599 4871/768/2600 4873/768/2597 4868/762/2598
f 4868/762/2595 4873/768/2596 4874/825/2593 4869/762/2594
f 4869/905/2591 4874/906/2592 4875/906/2589 4870/905/2590
f 4870/905/2587 4875/906/2588 4872/906/2585 4867/905/2586
f 4871/768/2601 4906/769/2602 4908/769/2603 4873/768/2604
f 4873/768/2605 4908/769/2606 4909/769/2607 4874/825/2608
f 4874/906/2609 4909/907/2610 4910/907/2611 4875/906/2612
f 4875/906/2613 4910/907/2614 4907/908/2615 4872/906/2616
f 4882/909/2631 4907/908/2632 4910/907/2629 4885/910/2630
f 4885/910/2627 4910/907/2628 4909/907/2625 4884/910/2626
f 4884/828/2623 4909/769/2624 4908/769/2621 4883/828/2622
f 4883/828/2619 4908/769/2620 4906/769/2617 4881/911/2618
f 4881/911/2647 4886/780/2648 4888/779/2645 4883/828/2646
f 4883/828/2643 4888/779/2644 4889/779/2641 4884/828/2642
f 4884/910/3013 4889/912/3014 4890/912/3015 4885/910/3016
f 4885/910/2635 4890/912/2636 4887/913/2633 4882/909/2634
f 4886/780/1494 4901/832/1494 4903/782/1494 4888/779/1494
f 4888/779/1214 4903/782/1214 4904/782/2649 4889/779/2650
f 4889/912/2651 4904/914/2652 4905/914/2653 4890/912/2654
f 4890/912/2655 4905/914/2656 4902/914/2657 4887/913/2658
f 4937/719/476 5216/720/476 5218/721/476 4940/719/476
f 4940/719/1440 5218/721/1440 5219/721/1440 4939/719/1440
f 4939/915/1439 5219/916/1439 5220/916/1439 4938/915/1439
f 4938/915/476 5220/916/476 5217/917/3017 4936/915/3018
f 5216/720/464 5221/724/464 5223/724/464 5218/721/464
f 5218/721/464 5223/724/464 5224/724/464 5219/721/464
f 5219/916/465 5224/918/465 5225/918/465 5220/916/465
f 5220/916/466 5225/918/466 5222/918/2233 5217/917/2234
f 5221/724/1438 5226/727/1438 5228/727/1438 5223/724/1438
f 5223/724/1438 5228/727/1438 5229/727/1438 5224/724/1438
f 5224/918/1437 5229/919/1437 5230/919/1437 5225/918/1437
f 5225/918/1436 5230/919/1436 5227/919/2235 5222/918/2236
f 5226/727/1434 5231/730/1434 5233/730/1434 5228/727/1434
f 5228/727/1434 5233/730/1434 5234/730/1434 5229/727/1434
f 5229/919/1435 5234/920/1435 5235/920/1435 5230/919/1435
f 5230/919/1434 5235/920/1434 5232/920/2237 5227/919/2238
f 5231/730/2239 5236/731/2240 5238/921/2241 5233/730/2242
f 5233/730/2243 5238/921/2244 5239/733/2245 5234/730/2246
f 5234/920/2247 5239/922/2248 5240/922/2249 5235/920/2250
f 5235/920/2251 5240/922/2252 5237/922/2253 5232/920/2254
f 5236/731/2267 5241/736/2267 5243/923/2267 5238/921/2267
f 5238/921/2265 5243/923/2266 5244/736/2263 5239/733/2264
f 5239/922/2261 5244/924/2262 5245/924/2259 5240/922/2260
f 5240/922/2257 5245/924/2258 5242/924/2255 5237/922/2256
f 5241/736/2282 5246/739/2283 5248/739/2280 5243/923/2281
f 5243/923/2278 5248/739/2279 5249/739/2276 5244/736/2277
f 5244/924/2274 5249/925/2275 5250/925/2272 5245/924/2273
f 5245/924/2270 5250/925/2271 5247/925/2268 5242/924/2269
f 5246/739/1378 5251/740/1378 5253/740/1378 5248/739/1378
f 5248/739/1378 5253/740/1378 5254/740/2284 5249/739/2285
f 5249/925/2286 5254/926/2287 5255/926/2288 5250/925/2289
f 5250/925/2290 5255/926/2291 5252/926/2292 5247/925/2293
f 5251/740/1377 5266/745/1377 5268/745/1377 5253/740/1377
f 5253/740/1377 5268/745/1377 5269/745/2302 5254/740/2303
f 5254/926/2300 5269/927/2301 5270/927/2298 5255/926/2299
f 5255/926/2296 5270/927/2297 5267/928/2294 5252/926/2295
f 5257/929/2304 5267/928/2305 5270/927/2306 5260/929/2307
f 5260/929/2308 5270/927/2309 5269/927/2310 5259/929/2311
f 5259/748/2312 5269/745/2313 5268/745/1357 5258/748/1357
f 5258/748/1356 5268/745/1356 5266/745/1356 5256/748/1356
f 5256/748/2314 5261/749/2315 5263/749/2316 5258/748/2317
f 5258/748/2318 5263/749/2319 5264/749/2320 5259/748/2321
f 5259/929/2322 5264/930/2323 5265/930/2324 5260/929/2325
f 5260/929/2326 5265/930/2327 5262/931/2328 5257/929/2329
f 5261/749/2343 5326/753/2344 5328/753/2341 5263/749/2342
f 5263/749/2339 5328/753/2340 5329/753/2337 5264/749/2338
f 5264/930/2335 5329/932/2336 5330/932/2334 5265/930/2334
f 5265/930/2332 5330/932/2333 5327/932/2330 5262/931/2331
f 5272/933/2358 5327/932/2359 5330/932/2356 5275/933/2357
f 5275/933/2355 5330/932/2355 5329/932/2353 5274/933/2354
f 5274/755/2351 5329/754/2352 5328/754/2349 5273/755/2350
f 5273/755/2347 5328/754/2348 5326/754/2345 5271/755/2346
f 5271/755/2374 5276/758/2375 5278/758/2372 5273/755/2373
f 5273/755/2370 5278/758/2371 5279/758/2368 5274/755/2369
f 5274/933/2366 5279/934/2367 5280/934/2364 5275/933/2365
f 5275/933/2362 5280/934/2363 5277/934/2360 5272/933/2361
f 5276/758/1293 5291/759/1293 5293/759/1293 5278/758/1293
f 5278/758/1292 5293/759/1292 5294/759/2376 5279/758/2377
f 5279/934/2378 5294/935/2379 5295/935/2380 5280/934/2381
f 5280/934/2382 5295/935/2383 5292/935/2305 5277/934/2384
f 5282/936/2393 5292/935/2394 5295/935/2391 5285/936/2392
f 5285/936/2389 5295/935/2390 5294/935/2387 5284/936/2388
f 5284/762/2385 5294/759/2386 5293/759/1271 5283/763/1271
f 5283/763/1271 5293/759/1271 5291/759/1271 5281/762/1271
f 5281/762/1270 5286/768/1270 5288/768/1270 5283/763/1270
f 5283/763/1270 5288/768/1270 5289/768/2403 5284/762/2404
f 5284/936/2401 5289/937/2402 5290/937/2399 5285/936/2400
f 5285/936/2397 5290/937/2398 5287/937/2395 5282/936/2396
f 5286/768/2405 5321/769/2406 5323/769/2407 5288/768/2408
f 5288/768/2409 5323/769/2410 5324/769/2411 5289/768/2412
f 5289/937/2413 5324/938/2414 5325/938/2415 5290/937/2416
f 5290/937/2417 5325/938/2418 5322/938/2419 5287/937/2420
f 5297/939/2432 5322/938/2433 5325/938/2430 5300/940/2431
f 5300/940/2428 5325/938/2429 5324/938/2426 5299/941/2427
f 5299/774/2424 5324/769/2425 5323/769/2422 5298/942/2423
f 5298/942/2421 5323/769/2421 5321/769/2421 5296/772/2421
f 5296/772/2448 5301/780/2449 5303/779/2446 5298/942/2447
f 5298/942/2444 5303/779/2445 5304/779/2442 5299/774/2443
f 5299/941/2440 5304/943/2441 5305/943/2438 5300/940/2439
f 5300/940/2436 5305/943/3019 5302/943/2434 5297/939/2435
f 5301/780/1213 5316/832/1213 5318/782/1213 5303/779/1213
f 5303/779/1213 5318/782/1213 5319/782/1213 5304/779/1213
f 5304/943/1214 5319/944/1214 5320/944/1214 5305/943/1214
f 5305/943/1213 5320/944/1213 5317/945/2450 5302/943/2451
f 5307/946/2452 5317/945/2453 5320/944/1212 5310/947/1212
f 5310/947/1211 5320/944/1211 5319/944/1211 5309/947/1211
f 5309/785/1210 5319/782/1210 5318/782/1210 5308/785/1210
f 5308/785/1210 5318/782/1210 5316/832/1210 5306/784/1210
f 5306/784/1209 5311/839/1209 5313/789/1209 5308/785/1209
f 5308/785/1209 5313/789/1209 5314/789/1209 5309/785/1209
f 5309/947/1208 5314/948/1208 5315/948/1208 5310/947/1208
f 5310/947/1207 5315/948/1207 5312/948/2454 5307/946/2455
f 4947/949/2456 5312/948/2457 5315/948/1204 4950/949/1204
f 4950/949/1206 5315/948/1206 5314/948/1206 4949/949/1206
f 4949/792/1205 5314/789/1205 5313/789/1205 4948/793/1205
f 4948/793/1204 5313/789/1204 5311/839/1204 4946/794/1204
f 4942/950/1 4947/949/1 4950/949/1 4945/950/1
f 4945/950/1 4950/949/1 4949/949/1 4944/950/1
f 4944/951/1 4949/952/1 4948/952/1 4943/951/1
f 4943/951/1 4948/952/1 4946/952/1 4941/953/1
f 4941/792/733 5091/954/733 5093/954/733 4943/792/733
f 4943/792/735 5093/954/735 5094/954/735 4944/792/735
f 4944/950/734 5094/955/734 5095/955/734 4945/950/734
f 4945/950/733 5095/955/733 5092/955/3018 4942/950/3017
f 5087/956/2234 5092/955/2233 5095/955/730 5090/956/730
f 5090/956/729 5095/955/729 5094/955/729 5089/956/729
f 5089/957/728 5094/954/728 5093/954/728 5088/957/728
f 5088/957/728 5093/954/728 5091/954/728 5086/958/728
f 5077/959/2236 5087/956/2235 5090/956/725 5080/959/725
f 5080/959/724 5090/956/724 5089/956/724 5079/959/724
f 5079/960/723 5089/957/723 5088/957/723 5078/960/723
f 5078/960/723 5088/957/723 5086/958/723 5076/961/723
f 5076/961/721 5081/962/721 5083/963/721 5078/960/721
f 5078/960/721 5083/963/721 5084/963/721 5079/960/721
f 5079/959/722 5084/964/722 5085/964/722 5080/959/722
f 5080/959/721 5085/964/721 5082/964/2238 5077/959/2237
f 5081/962/3020 5096/965/3021 5098/966/3022 5083/963/3023
f 5083/963/3024 5098/966/3025 5099/967/3026 5084/963/3027
f 5084/964/3028 5099/968/3029 5100/968/3030 5085/964/3031
f 5085/964/3032 5100/968/3033 5097/968/3034 5082/964/3035
f 5067/969/3036 5097/968/3037 5100/968/3038 5070/969/3039
f 5070/969/3040 5100/968/3041 5099/968/3042 5069/969/3043
f 5069/970/3044 5099/967/3045 5098/966/3046 5068/970/3047
f 5068/970/3048 5098/966/3048 5096/965/3048 5066/971/3048
f 5066/971/3049 5071/972/3050 5073/973/3051 5068/970/3052
f 5068/970/3053 5073/973/3054 5074/973/3055 5069/970/3056
f 5069/969/3057 5074/974/3058 5075/974/3059 5070/969/3060
f 5070/969/3061 5075/974/3062 5072/974/3063 5067/969/3064
f 5071/972/3065 5969/164/3065 5974/164/3065 5073/973/3065
f 5073/973/3066 5974/164/3066 5984/164/3067 5074/973/3068
f 5074/974/3069 5984/165/3070 5983/165/3071 5075/974/3072
f 5075/974/3073 5983/165/3074 5971/165/3075 5072/974/3076
f 5927/161/3077 5971/165/3077 5985/165/3077 5935/161/3077
f 5935/161/2 5985/165/2 5979/165/2 5936/161/2
f 5936/40/2 5979/40/2 5978/40/2 5942/40/2
f 5942/40/3078 5978/40/3078 5970/40/3078 5928/40/3078
f 5945/40/3079 5964/40/3079 5966/40/3079 5948/40/3079
f 5948/40/1 5966/40/1 5967/40/1 5949/40/1
f 5949/162/1 5967/975/1 5968/975/1 5956/162/1
f 5956/162/3080 5968/975/3080 5965/975/3080 5946/162/3080
f 4177/792/3081 4626/954/3082 4628/954/3083 4180/792/3084
f 4180/792/3085 4628/954/3086 4629/954/3087 4179/792/3088
f 4179/976/3089 4629/977/3090 4630/977/3091 4178/976/3092
f 4178/976/3093 4630/977/3094 4627/978/3095 4176/976/3096
f 4617/979/3097 4627/978/3098 4630/977/3099 4620/980/3100
f 4620/980/3101 4630/977/3102 4629/977/3103 4619/980/3104
f 4619/957/3105 4629/954/3106 4628/954/3107 4618/957/3108
f 4618/957/3109 4628/954/3110 4626/954/3111 4616/981/3112
f 4597/982/3113 4617/979/3114 4620/980/3115 4600/983/3116
f 4600/983/3117 4620/980/3118 4619/980/3119 4599/983/3120
f 4599/960/3121 4619/957/3122 4618/957/724 4598/960/724
f 4598/960/2167 4618/957/2167 4616/981/2167 4596/961/2167
f 4596/961/2049 4606/962/2049 4608/963/2049 4598/960/2049
f 4598/960/722 4608/963/722 4609/963/3123 4599/960/3124
f 4599/983/3125 4609/984/3126 4610/984/3127 4600/983/3128
f 4600/983/3129 4610/984/3130 4607/985/3131 4597/982/3132
f 4606/962/3133 4636/986/3134 4638/987/3135 4608/963/3136
f 4608/963/3137 4638/987/3138 4639/987/3139 4609/963/3140
f 4609/984/3141 4639/988/3142 4640/988/3143 4610/984/3144
f 4610/984/3145 4640/988/3146 4637/988/3147 4607/985/3148
f 4567/989/3149 4637/988/3150 4640/988/3151 4570/990/3152
f 4570/990/3153 4640/988/3154 4639/988/3155 4569/990/3156
f 4569/970/3157 4639/987/3158 4638/987/3159 4568/970/3160
f 4568/970/3161 4638/987/3162 4636/986/3163 4566/991/3164
f 4566/991/3165 4576/992/3166 4578/973/3167 4568/970/3168
f 4568/970/3169 4578/973/3170 4579/973/3171 4569/970/3172
f 4569/990/3173 4579/993/3174 4580/993/3175 4570/990/3176
f 4570/990/3177 4580/993/3178 4577/994/3179 4567/989/3180
f 4576/992/3181 4581/995/3182 4583/996/3183 4578/973/3184
f 4578/973/3185 4583/996/3186 4584/996/3187 4579/973/3188
f 4579/993/3189 4584/997/3190 4585/997/3191 4580/993/3192
f 4580/993/3193 4585/997/3194 4582/997/3195 4577/994/3196
f 4547/998/3197 4582/997/3198 4585/997/3199 4550/999/3200
f 4550/999/3201 4585/997/3202 4584/997/3203 4549/999/3204
f 4549/1000/3205 4584/996/3206 4583/996/665 4548/1000/665
f 4548/1000/665 4583/996/665 4581/995/665 4546/1001/665
f 4546/1001/644 4556/1002/644 4558/1003/644 4548/1000/644
f 4548/1000/645 4558/1003/645 4559/1003/3207 4549/1000/3208
f 4549/999/3209 4559/1004/3210 4560/1004/3211 4550/999/3212
f 4550/999/3213 4560/1004/3214 4557/1004/3215 4547/998/3216
f 4556/1002/3217 4641/1005/3218 4643/1006/3219 4558/1003/3220
f 4558/1003/3221 4643/1006/3222 4644/1006/3223 4559/1003/3224
f 4559/1004/3225 4644/1007/3226 4645/1007/3227 4560/1004/3228
f 4560/1004/3229 4645/1007/3230 4642/1007/3231 4557/1004/3232
f 4502/1008/3233 4642/1007/3234 4645/1007/3235 4505/1009/3236
f 4505/1009/3237 4645/1007/3237 4644/1007/3238 4504/1009/3239
f 4504/1010/3240 4644/1006/3241 4643/1006/3242 4503/1010/3243
f 4503/1010/3244 4643/1006/3245 4641/1005/3246 4501/1011/3247
f 4501/1011/3248 4511/1012/3249 4513/1013/3250 4503/1010/3251
f 4503/1010/3252 4513/1013/3253 4514/1013/3254 4504/1010/3255
f 4504/1009/3256 4514/1014/3257 4515/1014/3258 4505/1009/3258
f 4505/1009/3259 4515/1014/3260 4512/1015/3261 4502/1008/3262
f 4511/1012/3263 4521/1016/3264 4523/1017/3265 4513/1013/3266
f 4513/1013/3267 4523/1017/3268 4524/1017/3269 4514/1013/3270
f 4514/1014/3271 4524/1018/3272 4525/1018/3273 4515/1014/3274
f 4515/1014/3275 4525/1018/3276 4522/1018/3277 4512/1015/3278
f 4482/1019/3216 4522/1018/3279 4525/1018/3280 4485/1020/3281
f 4485/1020/3282 4525/1018/3283 4524/1018/3284 4484/1019/3285
f 4484/1021/3286 4524/1017/3287 4523/1017/580 4483/1021/580
f 4483/1021/581 4523/1017/581 4521/1016/581 4481/1022/581
f 4481/1022/559 4491/1023/559 4493/1024/559 4483/1021/559
f 4483/1021/559 4493/1024/559 4494/1024/3288 4484/1021/3289
f 4484/1019/3290 4494/1025/3291 4495/1025/3292 4485/1020/3293
f 4485/1020/3294 4495/1025/3295 4492/1026/3296 4482/1019/3297
f 4491/1023/3298 4536/1027/3299 4538/1028/3300 4493/1024/3301
f 4493/1024/3302 4538/1028/3303 4539/1028/3304 4494/1024/3305
f 4494/1025/3306 4539/1029/3307 4540/1029/3308 4495/1025/3309
f 4495/1025/3310 4540/1029/3311 4537/1030/3312 4492/1026/3313
f 4457/1031/3314 4537/1030/3315 4540/1029/3316 4460/1032/3317
f 4460/1032/3318 4540/1029/3319 4539/1029/3320 4459/1032/3321
f 4459/1033/3322 4539/1028/3323 4538/1028/3324 4458/1033/3325
f 4458/1033/3326 4538/1028/3327 4536/1027/3328 4456/1034/3329
f 4456/1034/3330 4466/1035/3331 4468/1035/3332 4458/1033/3333
f 4458/1033/3334 4468/1035/3335 4469/1035/3336 4459/1033/3337
f 4459/1032/3338 4469/1036/3339 4470/1036/3340 4460/1032/3341
f 4460/1032/3342 4470/1036/3343 4467/1037/3344 4457/1031/3345
f 4466/1035/3346 4476/1038/3347 4478/1038/3348 4468/1035/3349
f 4468/1035/3350 4478/1038/3351 4479/1038/3352 4469/1035/3353
f 4469/1036/3354 4479/1039/3355 4480/1039/3356 4470/1036/3357
f 4470/1036/3358 4480/1039/3359 4477/1040/3360 4467/1037/3361
f 4447/1041/3362 4477/1040/3363 4480/1039/3364 4450/1042/3365
f 4450/1042/3366 4480/1039/3367 4479/1039/3368 4449/1042/3369
f 4449/1043/3370 4479/1038/3371 4478/1038/503 4448/1044/503
f 4448/1044/789 4478/1038/789 4476/1038/789 4446/1043/789
f 4437/1045/3372 4447/1041/3373 4450/1042/3374 4440/1046/3375
f 4440/1046/3376 4450/1042/3377 4449/1042/3378 4439/1046/3379
f 4439/1047/3380 4449/1043/3381 4448/1044/498 4438/1047/498
f 4438/1047/913 4448/1044/913 4446/1043/913 4436/1047/913
f 4422/1048/3382 4437/1045/3383 4440/1046/3384 4425/1049/3385
f 4425/1049/3386 4440/1046/3387 4439/1046/3388 4424/1049/3389
f 4424/1050/3390 4439/1047/3391 4438/1047/3392 4423/1050/3393
f 4423/1050/3394 4438/1047/3395 4436/1047/3396 4421/1050/3397
f 4187/1051/3398 4422/1048/3399 4425/1049/3400 4190/1051/3401
f 4190/1051/3402 4425/1049/3403 4424/1049/3404 4189/1051/3405
f 4189/719/3406 4424/1050/3407 4423/1050/3408 4188/719/3409
f 4188/719/3410 4423/1050/3411 4421/1050/3412 4186/719/3413
f 3111/792/3414 3565/954/3415 3567/954/3416 3114/792/3417
f 3114/792/3418 3567/954/3419 3568/954/3420 3113/792/3421
f 3113/1052/3422 3568/1053/3423 3569/1053/3424 3112/1052/3425
f 3112/1052/3426 3569/1053/3427 3566/1053/3428 3110/1052/3429
f 3561/1054/3430 3566/1053/3431 3569/1053/3432 3564/1054/3433
f 3564/1054/3434 3569/1053/3435 3568/1053/3436 3563/1054/3437
f 3563/957/3438 3568/954/3439 3567/954/729 3562/957/729
f 3562/957/729 3567/954/729 3565/954/3440 3560/981/3441
f 3541/1055/3442 3561/1054/3443 3564/1054/3444 3544/1056/3445
f 3544/1056/3446 3564/1054/3447 3563/1054/3448 3543/1056/3449
f 3543/960/3450 3563/957/3451 3562/957/2070 3542/960/2070
f 3542/960/2070 3562/957/2070 3560/981/3452 3540/961/3453
f 3540/961/3454 3550/962/3455 3552/963/3456 3542/960/3457
f 3542/960/3458 3552/963/3459 3553/963/3460 3543/960/3461
f 3543/1056/3462 3553/1057/3463 3554/1057/3464 3544/1056/3465
f 3544/1056/3466 3554/1057/3467 3551/1058/3468 3541/1055/3469
f 3550/962/3470 3580/986/3471 3582/987/3472 3552/963/3473
f 3552/963/3474 3582/987/3475 3583/987/3476 3553/963/3477
f 3553/1057/3478 3583/1059/3479 3584/1059/3480 3554/1057/3481
f 3554/1057/3482 3584/1059/3483 3581/1059/3484 3551/1058/3485
f 3506/1060/3486 3581/1059/3487 3584/1059/3488 3509/1061/3489
f 3509/1061/3490 3584/1059/3491 3583/1059/3492 3508/1061/3493
f 3508/970/3494 3583/987/3495 3582/987/3496 3507/970/3497
f 3507/970/3498 3582/987/3499 3580/986/3500 3505/991/3501
f 3505/991/3502 3520/972/3503 3522/973/3504 3507/970/3505
f 3507/970/3506 3522/973/3507 3523/973/3508 3508/970/3509
f 3508/1061/3510 3523/1062/3511 3524/1062/3512 3509/1061/3513
f 3509/1061/3514 3524/1062/3515 3521/1062/3516 3506/1060/3517
f 3520/972/3518 3525/1063/3519 3527/996/3520 3522/973/3521
f 3522/973/3522 3527/996/3523 3528/996/3524 3523/973/3525
f 3523/1062/3526 3528/1064/3527 3529/1064/3528 3524/1062/3529
f 3524/1062/3530 3529/1064/3531 3526/1065/3532 3521/1062/3533
f 3491/1066/3534 3526/1065/3535 3529/1064/3536 3494/1066/3537
f 3494/1066/3538 3529/1064/3539 3528/1064/3540 3493/1066/3541
f 3493/1000/3542 3528/996/3543 3527/996/3544 3492/1000/3545
f 3492/1000/3546 3527/996/3547 3525/1063/3548 3490/1001/3549
f 3490/1001/3550 3495/1067/3551 3497/1003/3552 3492/1000/3553
f 3492/1000/3554 3497/1003/3555 3498/1003/3556 3493/1000/3557
f 3493/1066/3558 3498/1068/3559 3499/1068/3560 3494/1066/3561
f 3494/1066/3562 3499/1068/3563 3496/1069/3564 3491/1066/3565
f 3495/1067/3566 3590/1070/3567 3592/1006/3568 3497/1003/3569
f 3497/1003/3570 3592/1006/3571 3593/1006/3572 3498/1003/3573
f 3498/1068/3574 3593/1071/3575 3594/1071/3576 3499/1068/3576
f 3499/1068/3577 3594/1071/3578 3591/1072/3579 3496/1069/3580
f 3451/1073/3581 3591/1072/3581 3594/1071/3581 3454/1073/3581
f 3454/1073/3582 3594/1071/3583 3593/1071/3584 3453/1073/3585
f 3453/1010/3586 3593/1006/3587 3592/1006/3588 3452/1010/3589
f 3452/1010/3590 3592/1006/3591 3590/1070/3592 3450/1074/3593
f 3450/1074/3594 3455/1012/3595 3457/1013/3596 3452/1010/3597
f 3452/1010/3598 3457/1013/3599 3458/1013/3600 3453/1010/3601
f 3453/1073/3602 3458/1075/3603 3459/1076/3604 3454/1073/3605
f 3454/1073/3606 3459/1076/3606 3456/1077/3606 3451/1073/3606
f 3455/1012/3607 3470/1016/3608 3472/1017/3609 3457/1013/3610
f 3457/1013/3611 3472/1017/3612 3473/1017/3613 3458/1013/3614
f 3458/1075/3615 3473/1078/3616 3474/1078/3617 3459/1076/3617
f 3459/1076/3618 3474/1078/3619 3471/1079/3620 3456/1077/3621
f 3426/1080/3622 3471/1079/3623 3474/1078/3624 3429/1081/3625
f 3429/1081/3626 3474/1078/3627 3473/1078/3628 3428/1081/3629
f 3428/1021/3630 3473/1017/3631 3472/1017/3632 3427/1021/3633
f 3427/1021/3634 3472/1017/3635 3470/1016/3636 3425/1022/3637
f 3425/1022/3638 3440/1082/3639 3442/1024/3640 3427/1021/3641
f 3427/1021/3642 3442/1024/3643 3443/1024/3644 3428/1021/3645
f 3428/1081/3646 3443/1083/3647 3444/1083/3648 3429/1081/3649
f 3429/1081/3650 3444/1083/3651 3441/1083/3652 3426/1080/3653
f 3440/1082/3654 3475/1084/3655 3477/1028/3656 3442/1024/3657
f 3442/1024/3658 3477/1028/3659 3478/1028/3660 3443/1024/3661
f 3443/1083/3662 3478/1085/3663 3479/1085/3664 3444/1083/3665
f 3444/1083/3666 3479/1085/3667 3476/1086/3668 3441/1083/3669
f 3396/1087/3670 3476/1086/3671 3479/1085/3672 3399/1087/3673
f 3399/1087/3674 3479/1085/3675 3478/1085/3676 3398/1087/3677
f 3398/1033/3678 3478/1028/3679 3477/1028/3680 3397/1033/3681
f 3397/1033/3682 3477/1028/3683 3475/1084/3684 3395/1034/3685
f 3395/1034/3686 3405/1035/3687 3407/1088/3688 3397/1033/3689
f 3397/1033/3690 3407/1088/3691 3408/1035/3692 3398/1033/3693
f 3398/1087/3694 3408/1089/3695 3409/1089/3696 3399/1087/3697
f 3399/1087/3698 3409/1089/3699 3406/1090/3700 3396/1087/3701
f 3405/1035/3702 3415/1038/3703 3417/1091/3704 3407/1088/3705
f 3407/1088/3706 3417/1091/3707 3418/1091/3708 3408/1035/3709
f 3408/1089/3710 3418/1092/3711 3419/1092/3712 3409/1089/3713
f 3409/1089/3714 3419/1092/3715 3416/1092/3716 3406/1090/3717
f 3391/1093/3718 3416/1092/3719 3419/1092/3720 3394/1094/3721
f 3394/1094/3722 3419/1092/3723 3418/1092/3724 3393/1094/3725
f 3393/1043/3726 3418/1091/3727 3417/1091/3728 3392/1043/3729
f 3392/1043/3730 3417/1091/3731 3415/1038/3732 3390/1043/3733
f 3376/1095/3734 3391/1093/3735 3394/1094/3736 3379/1096/3737
f 3379/1096/3738 3394/1094/3739 3393/1094/3740 3378/1096/3741
f 3378/1047/3742 3393/1043/3743 3392/1043/778 3377/1047/778
f 3377/1047/778 3392/1043/778 3390/1043/3744 3375/1047/3745
f 3366/1097/3746 3376/1095/3747 3379/1096/3748 3369/1097/3749
f 3369/1097/3750 3379/1096/3751 3378/1096/3752 3368/1097/3753
f 3368/1050/3754 3378/1047/3755 3377/1047/3756 3367/1050/3757
f 3367/1050/3758 3377/1047/3759 3375/1047/3760 3365/1050/3761
f 3101/1098/3762 3366/1097/3763 3369/1097/3764 3104/1098/3765
f 3104/1098/3766 3369/1097/3767 3368/1097/3768 3103/1098/3769
f 3103/719/3770 3368/1050/3771 3367/1050/3772 3102/719/3773
f 3102/719/3774 3367/1050/3775 3365/1050/3776 3100/719/3777
f 2516/992/3181 2530/995/3182 2532/996/3778 2519/973/3779
f 2519/973/3780 2532/996/3781 2533/996/3782 2518/973/3783
f 2518/1099/3784 2533/1100/3785 2534/1100/3786 2517/1099/3787
f 2517/1099/3788 2534/1100/3789 2531/1101/3790 2515/1099/3791
f 2486/1102/3197 2531/1101/3198 2534/1100/3199 2489/1103/3200
f 2489/1103/3201 2534/1100/3202 2533/1100/3203 2488/1103/3204
f 2488/1000/3205 2533/996/3206 2532/996/665 2487/1000/665
f 2487/1000/665 2532/996/665 2530/995/665 2485/1001/665
f 2485/1001/644 2500/1002/644 2502/1003/644 2487/1000/644
f 2487/1000/645 2502/1003/645 2503/1003/3207 2488/1000/3208
f 2488/1103/3209 2503/1104/3210 2504/1104/3211 2489/1103/3212
f 2489/1103/3213 2504/1104/3214 2501/1105/3215 2486/1102/3216
f 2500/1002/3217 2590/1070/3218 2592/1006/3219 2502/1003/3220
f 2502/1003/3221 2592/1006/3222 2593/1006/3223 2503/1003/3224
f 2503/1104/3225 2593/1106/3226 2594/1106/3227 2504/1104/3228
f 2504/1104/3229 2594/1106/3230 2591/1106/3231 2501/1105/3232
f 2446/1107/3233 2591/1106/3234 2594/1106/3235 2449/1108/3236
f 2449/1108/3237 2594/1106/3237 2593/1106/3238 2448/1108/3239
f 2448/1010/3240 2593/1006/3241 2592/1006/3242 2447/1010/3243
f 2447/1010/3244 2592/1006/3245 2590/1070/3246 2445/1011/3247
f 2445/1011/3248 2460/1012/3249 2462/1013/3250 2447/1010/3251
f 2447/1010/3252 2462/1013/3253 2463/1013/3254 2448/1010/3255
f 2448/1108/3256 2463/1109/3257 2464/1109/3258 2449/1108/3258
f 2449/1108/3259 2464/1109/3260 2461/1110/3261 2446/1107/3262
f 2460/1012/3263 2465/1111/3264 2467/1017/3265 2462/1013/3266
f 2462/1013/3267 2467/1017/3268 2468/1017/3269 2463/1013/3270
f 2463/1109/3271 2468/1112/3272 2469/1112/3273 2464/1109/3274
f 2464/1109/3275 2469/1112/3276 2466/1113/3277 2461/1110/3278
f 2426/1114/3216 2466/1113/3279 2469/1112/3280 2429/1115/3281
f 2429/1115/3282 2469/1112/3283 2468/1112/3284 2428/1115/3285
f 2428/1021/3286 2468/1017/3287 2467/1017/580 2427/1021/580
f 2427/1021/581 2467/1017/581 2465/1111/581 2425/1022/581
f 2425/1022/559 2435/1082/559 2437/1024/559 2427/1021/559
f 2427/1021/559 2437/1024/559 2438/1024/3288 2428/1021/3289
f 2428/1115/3290 2438/1116/3291 2439/1116/3292 2429/1115/3293
f 2429/1115/3294 2439/1116/3295 2436/1117/3296 2426/1114/3297
f 2435/1082/3298 2475/1084/3299 2477/1028/3300 2437/1024/3301
f 2437/1024/3302 2477/1028/3303 2478/1028/3304 2438/1024/3305
f 2438/1116/3306 2478/1118/3307 2479/1118/3308 2439/1116/3309
f 2439/1116/3310 2479/1118/3311 2476/1119/3312 2436/1117/3313
f 2401/1120/3314 2476/1119/3315 2479/1118/3316 2404/1120/3317
f 2404/1120/3318 2479/1118/3319 2478/1118/3320 2403/1120/3321
f 2403/1033/3322 2478/1028/3323 2477/1028/3324 2402/1033/3325
f 2402/1033/3326 2477/1028/3327 2475/1084/3328 2400/1121/3329
f 2400/1121/3330 2405/1035/3331 2407/1035/3332 2402/1033/3333
f 2402/1033/3334 2407/1035/3335 2408/1035/3336 2403/1033/3337
f 2403/1120/3338 2408/1122/3339 2409/1122/3340 2404/1120/3341
f 2404/1120/3342 2409/1122/3343 2406/1123/3344 2401/1120/3345
f 2405/1035/3346 2415/1038/3347 2417/1038/3348 2407/1035/3349
f 2407/1035/3350 2417/1038/3351 2418/1038/3352 2408/1035/3353
f 2408/1122/3354 2418/1124/3355 2419/1124/3356 2409/1122/3357
f 2409/1122/3358 2419/1124/3359 2416/1124/3360 2406/1123/3361
f 2391/1125/3362 2416/1124/3363 2419/1124/3364 2394/1126/3365
f 2394/1126/3366 2419/1124/3367 2418/1124/3368 2393/1126/3369
f 2393/1043/3370 2418/1038/3371 2417/1038/503 2392/1127/503
f 2392/1127/789 2417/1038/789 2415/1038/789 2390/1043/789
f 2381/1128/3372 2391/1125/3373 2394/1126/3374 2384/1128/3375
f 2384/1128/3376 2394/1126/3377 2393/1126/3378 2383/1128/3379
f 2383/1047/3380 2393/1043/3381 2392/1127/498 2382/1047/498
f 2382/1047/913 2392/1127/913 2390/1043/913 2380/1047/913
f 2371/1129/3382 2381/1128/3383 2384/1128/3384 2374/1130/3385
f 2374/1130/3386 2384/1128/3387 2383/1128/3388 2373/1130/3389
f 2373/1050/3390 2383/1047/3391 2382/1047/3392 2372/1050/3393
f 2372/1050/3394 2382/1047/3395 2380/1047/3396 2370/1050/3397
f 2035/1131/3398 2371/1129/3399 2374/1130/3400 2038/1132/3401
f 2038/1132/3402 2374/1130/3403 2373/1130/3404 2037/1132/3405
f 2037/719/3406 2373/1050/3407 2372/1050/3408 2036/719/3409
f 2036/719/3410 2372/1050/3411 2370/1050/3412 2034/719/3413
f 2034/715/3792 2044/1133/3792 2046/1133/3792 2036/715/3792
f 2036/715/3793 2046/1133/3793 2047/1133/88 2037/715/88
f 2037/1132/3794 2047/1134/3794 2048/1134/3794 2038/1132/3794
f 2038/1132/3794 2048/1134/3794 2045/1134/3794 2035/1131/3794
f 5657/143/3795 5713/1135/3795 5716/1135/3795 5669/143/3795
f 5669/143/2 5716/1135/2 5715/1135/2 5670/143/2
f 5670/40/2 5715/40/2 5714/40/2 5660/40/2
f 5660/40/3796 5714/40/3796 5712/40/3796 5655/40/3796
f 5656/141/3797 5947/163/3797 5961/163/3797 5664/142/3797
f 5664/142/130 5961/163/130 5955/163/130 5665/142/130
f 5665/143/130 5955/162/130 5954/162/130 5671/143/130
f 5671/143/3798 5954/162/3798 5946/162/3798 5657/143/3798
f 5379/110/2219 5674/144/2219 5679/144/2219 5382/110/2219
f 5382/110/130 5679/144/130 5689/144/130 5383/110/130
f 5383/111/130 5689/145/130 5688/145/130 5390/111/130
f 5390/111/2218 5688/145/2218 5676/145/2218 5380/111/2218
f 5675/40/3799 5693/40/3799 5698/40/3799 5683/40/3799
f 5683/40/1 5698/40/1 5708/40/1 5684/40/1
f 5684/145/1 5708/150/1 5707/150/1 5690/145/1
f 5690/145/3800 5707/150/3800 5695/150/3800 5676/145/3800
f 1440/1136/3801 5695/150/3802 5709/150/3803 1443/1137/3804
f 1443/1137/3805 5709/150/3806 5703/150/3807 1442/1137/3808
f 1442/1028/3809 5703/146/3810 5702/147/3811 1441/1028/3811
f 1441/1028/3812 5702/147/3812 5694/146/3812 1439/1084/3812
f 1420/1138/3813 1440/1136/3814 1443/1137/3815 1423/1139/3816
f 1423/1139/3817 1443/1137/3818 1442/1137/3819 1422/1139/3820
f 1422/1033/3821 1442/1028/3822 1441/1028/3823 1421/1033/3824
f 1421/1033/3825 1441/1028/3826 1439/1084/3827 1419/1121/3828
f 1419/1121/3829 1429/1035/3829 1431/1140/3829 1421/1033/3829
f 1421/1033/3830 1431/1140/3831 1432/1141/3832 1422/1033/3833
f 1422/1139/3834 1432/1142/3835 1433/1143/3836 1423/1139/3837
f 1423/1139/3838 1433/1143/3839 1430/1144/3840 1420/1138/3841
f 1415/1145/3842 1430/1144/3843 1433/1143/3844 1418/1145/3845
f 1418/1145/3846 1433/1143/3847 1432/1142/3848 1417/1145/3849
f 1417/1038/3850 1432/1141/3851 1431/1140/3852 1416/1038/3853
f 1416/1038/3854 1431/1140/3855 1429/1035/3856 1414/1038/3857
f 1405/1146/2451 1415/1145/2450 1418/1145/502 1408/1147/502
f 1408/1147/503 1418/1145/503 1417/1145/503 1407/1147/503
f 1407/1043/502 1417/1038/502 1416/1038/502 1406/1043/502
f 1406/1043/502 1416/1038/502 1414/1038/502 1404/1043/502
f 1395/1148/2453 1405/1146/2452 1408/1147/499 1398/1149/499
f 1398/1149/498 1408/1147/498 1407/1147/498 1397/1149/498
f 1397/1047/497 1407/1043/497 1406/1043/497 1396/1047/497
f 1396/1047/497 1406/1043/497 1404/1043/497 1394/1047/497
f 1385/1150/2455 1395/1148/2454 1398/1149/494 1388/1151/494
f 1388/1151/493 1398/1149/493 1397/1149/493 1387/1151/493
f 1387/1050/492 1397/1047/492 1396/1047/492 1386/1050/492
f 1386/1050/492 1396/1047/492 1394/1047/492 1384/1050/492
f 1119/717/3858 1385/1150/3859 1388/1151/3860 1121/717/3861
f 1121/717/3862 1388/1151/3863 1387/1151/3864 1122/717/3865
f 1122/719/3866 1387/1050/3867 1386/1050/3868 1123/719/3869
f 1123/719/3870 1386/1050/3871 1384/1050/477 1120/719/477
f 5369/714/3872 5381/112/3872 5395/112/3872 5371/712/3872
f 5371/712/2 5395/112/2 5389/113/2 5372/712/2
f 5372/710/2 5389/111/2 5388/111/2 5373/710/2
f 5373/710/3873 5388/111/3873 5380/111/3873 5370/710/3873
f 5988/40/3874 6007/40/3874 6012/40/3874 5991/40/3874
f 5991/40/399 6012/40/399 6022/40/399 5992/40/399
f 5992/167/3875 6022/169/3875 6021/169/3876 5999/167/3876
f 5999/167/399 6021/169/399 6009/169/60 5989/167/60
f 4936/915/2 6009/169/2 6023/169/2 4938/915/2
f 4938/915/2 6023/169/2 6017/169/2 4939/915/2
f 4939/716/2 6017/168/2 6016/168/2 4940/716/2
f 4940/716/2 6016/168/2 6008/168/2 4937/1152/2
f 4892/1153/2667 4902/914/2668 4905/914/2665 4895/1154/2666
f 4895/1154/2663 4905/914/2664 4904/914/2661 4894/1154/2662
f 4894/785/2659 4904/782/2660 4903/782/1211 4893/785/1211
f 4893/785/1718 4903/782/1718 4901/832/1718 4891/784/1718
f 4891/784/2683 4896/790/2684 4898/789/2681 4893/785/2682
f 4893/785/2679 4898/789/2680 4899/789/2677 4894/785/2678
f 4894/1154/2675 4899/1155/2676 4900/1155/2673 4895/1154/2674
f 4895/1154/2671 4900/1155/2672 4897/1155/2669 4892/1153/2670
f 4167/1156/2685 4897/1155/2686 4900/1155/2687 4170/1156/2688
f 4170/1156/2689 4900/1155/2690 4899/1155/2691 4169/1156/2692
f 4169/792/2693 4899/789/2694 4898/789/2695 4168/793/2696
f 4168/793/2697 4898/789/2698 4896/790/2699 4166/794/2700
f 4166/952/3877 4177/953/3877 4180/951/3877 4168/952/3877
f 4168/952/1 4180/951/1 4179/951/1 4169/952/1
f 4169/1156/3878 4179/976/3878 4178/976/3878 4170/1156/3878
f 4170/1156/3879 4178/976/3879 4176/976/3879 4167/1156/3879
f 5964/40/1 5990/40/1 6004/40/1 5966/40/1
f 5966/40/1 6004/40/1 5998/40/1 5967/40/1
f 5967/975/1 5998/167/1 5997/167/1 5968/975/1
f 5968/975/1 5997/167/1 5989/167/1 5965/975/1
f 4151/875/3880 4187/1051/3880 4190/1051/3880 4153/875/3880
f 4153/875/3881 4190/1051/3881 4189/1051/3881 4154/875/3881
f 4154/716/2 4189/715/2 4188/715/2 4155/716/2
f 4155/716/3882 4188/715/3882 4186/715/3882 4152/716/3882
f 4023/831/3883 4081/781/3884 4083/782/3885 4025/779/3886
f 4025/779/3887 4083/782/3888 4084/782/3889 4026/779/3890
f 4026/873/3891 4084/1157/3892 4085/1157/3893 4027/873/3894
f 4027/873/3895 4085/1157/3896 4082/1158/3897 4024/873/3898
f 4034/1159/3899 4082/1158/3900 4085/1157/3901 4037/1159/3902
f 4037/1159/3903 4085/1157/3904 4084/1157/3905 4036/1159/3906
f 4036/785/3907 4084/782/3908 4083/782/1473 4035/785/1473
f 4035/785/1473 4083/782/1473 4081/781/3909 4033/834/3910
f 4033/834/3911 4057/790/3912 4059/789/1208 4035/785/1208
f 4035/785/1208 4059/789/1208 4060/789/3913 4036/785/3914
f 4036/1159/3915 4060/1160/3916 4061/1160/3917 4037/1159/3918
f 4037/1159/3919 4061/1160/3920 4058/1161/3921 4034/1159/3922
f 3121/1162/3923 4058/1161/3924 4061/1160/3925 3124/1163/3926
f 3124/1163/3927 4061/1160/3928 4060/1160/3929 3123/1163/3930
f 3123/792/3931 4060/789/3931 4059/789/3932 3122/793/3933
f 3122/793/3934 4059/789/3935 4057/790/3936 3120/794/3937
f 3110/1052/3938 3121/1162/3938 3124/1163/3938 3112/1052/3938
f 3112/1052/3939 3124/1163/3939 3123/1163/3939 3113/1052/3939
f 3113/951/3940 3123/952/3940 3122/952/3940 3114/951/3940
f 3114/951/3941 3122/952/3941 3120/952/3941 3111/953/3941
f 3100/715/3942 3131/716/3942 3134/716/3942 3102/715/3942
f 3102/715/3942 3134/716/3942 3133/716/3942 3103/715/3942
f 3103/1098/3943 3133/841/3943 3132/841/3943 3104/1098/3943
f 3104/1098/3944 3132/841/3944 3130/841/3944 3101/1098/3944
f 2055/1164/3879 2060/840/3879 2063/840/3879 2058/1165/3879
f 2058/1165/3878 2063/840/3878 2062/840/3878 2057/1165/3878
f 2057/951/1 2062/952/1 2061/952/1 2056/951/1
f 2056/951/3877 2061/952/3877 2059/952/3877 2054/953/3877
f 2054/792/3081 2565/954/3082 2567/954/3083 2056/792/3084
f 2056/792/3085 2567/954/3086 2568/954/3087 2057/792/3088
f 2057/1165/3089 2568/1166/3090 2569/1166/3091 2058/1165/3092
f 2058/1165/3093 2569/1166/3094 2566/1166/3095 2055/1164/3096
f 2556/1167/3097 2566/1166/3098 2569/1166/3099 2559/1167/3100
f 2559/1167/3101 2569/1166/3102 2568/1166/3103 2558/1167/3104
f 2558/957/3105 2568/954/3106 2567/954/3107 2557/957/3108
f 2557/957/3109 2567/954/3110 2565/954/3111 2555/958/3112
f 2541/1168/3113 2556/1167/3114 2559/1167/3115 2544/1169/3116
f 2544/1169/3117 2559/1167/3118 2558/1167/3119 2543/1169/3120
f 2543/960/3121 2558/957/3122 2557/957/724 2542/960/724
f 2542/960/2167 2557/957/2167 2555/958/2167 2540/961/2167
f 2540/961/2049 2545/1170/2049 2547/963/2049 2542/960/2049
f 2542/960/722 2547/963/722 2548/963/3123 2543/960/3124
f 2543/1169/3125 2548/1171/3126 2549/1171/3127 2544/1169/3128
f 2544/1169/3129 2549/1171/3130 2546/1171/3131 2541/1168/3132
f 2545/1170/3133 2575/986/3134 2577/987/3135 2547/963/3136
f 2547/963/3137 2577/987/3138 2578/987/3139 2548/963/3140
f 2548/1171/3141 2578/1172/3142 2579/1172/3143 2549/1171/3144
f 2549/1171/3145 2579/1172/3146 2576/1173/3147 2546/1171/3148
f 2506/1174/3149 2576/1173/3150 2579/1172/3151 2509/1175/3152
f 2509/1175/3153 2579/1172/3154 2578/1172/3155 2508/1175/3156
f 2508/970/3157 2578/987/3158 2577/987/3159 2507/970/3160
f 2507/970/3161 2577/987/3162 2575/986/3163 2505/991/3164
f 2505/991/3165 2516/992/3166 2519/973/3945 2507/970/3946
f 2507/970/3947 2519/973/3948 2518/973/3949 2508/970/3950
f 2508/1175/3951 2518/1099/3952 2517/1099/3953 2509/1175/3954
f 2509/1175/3955 2517/1099/3956 2515/1099/3957 2506/1174/3958
f 5719/151/60 5737/152/60 5747/152/399 5731/151/399
f 5731/151/3876 5747/152/3876 5740/152/3875 5732/151/3875
f 5732/40/399 5740/40/399 5739/40/399 5722/40/399
f 5722/40/3874 5739/40/3874 5736/40/3874 5717/40/3874
f 5713/1135/2 5719/151/2 5733/151/2 5716/1135/2
f 5716/1135/2 5733/151/2 5727/151/2 5715/1135/2
f 5715/40/2 5727/40/2 5726/40/2 5714/40/2
f 5714/40/2 5726/40/2 5718/40/2 5712/40/2
f 2044/1133/3959 2075/716/3959 2078/716/3959 2046/1133/3959
f 2046/1133/2 2078/716/2 2077/716/2 2047/1133/2
f 2047/1134/3960 2077/796/3960 2076/796/3960 2048/1134/3960
f 2048/1134/3961 2076/796/3961 2074/796/3961 2045/1134/3961
f 1139/952/1 5738/153/1 5752/155/1 1141/952/1
f 1141/952/1 5752/155/1 5746/154/1 1142/952/1
f 1142/791/1 5746/152/1 5745/152/1 1143/791/1
f 1143/791/1 5745/152/1 5737/152/1 1140/791/1
f 5755/40/1 5760/40/1 5765/40/1 5757/40/1
f 5757/40/1 5765/40/1 5775/40/1 5758/40/1
f 5758/1176/1 5775/156/1 5774/156/1 5759/1176/1
f 5759/1176/1 5774/156/1 5762/156/1 5756/1176/1
f 5738/153/3962 5762/156/3963 5776/156/60 5750/154/60
f 5750/154/1 5776/156/1 5770/156/1 5751/154/1
f 5751/40/1 5770/40/1 5769/40/1 5741/40/1
f 5741/40/4 5769/40/4 5761/40/4 5736/40/4
f 5756/1177/733 5780/1178/733 5783/1178/733 5759/1177/733
f 5759/1177/735 5783/1178/735 5782/1179/735 5758/1177/735
f 5758/40/734 5782/40/734 5781/40/734 5757/40/734
f 5757/40/733 5781/40/733 5779/40/3964 5755/40/3965
f 5780/1178/728 5785/1180/728 5788/1180/728 5783/1178/728
f 5783/1178/728 5788/1180/728 5787/1181/728 5782/1179/728
f 5782/40/729 5787/40/729 5786/40/729 5781/40/729
f 5781/40/730 5786/40/730 5784/40/3966 5779/40/3967
f 5785/1180/723 5790/1182/723 5793/1182/723 5788/1180/723
f 5788/1180/723 5793/1182/723 5792/1183/723 5787/1181/723
f 5787/40/724 5792/40/724 5791/40/724 5786/40/724
f 5786/40/725 5791/40/725 5789/40/3968 5784/40/3969
f 5790/1182/721 5795/1184/721 5798/1184/721 5793/1182/721
f 5793/1182/3970 5798/1184/3970 5797/1185/3970 5792/1183/3970
f 5792/40/3971 5797/40/3971 5796/40/3971 5791/40/3971
f 5791/40/721 5796/40/721 5794/40/720 5789/40/719
f 5795/1184/3972 5800/1186/3973 5803/1187/3974 5798/1184/3975
f 5798/1184/3976 5803/1187/3977 5802/1188/3978 5797/1185/3978
f 5797/40/3979 5802/40/3979 5801/40/714 5796/40/3980
f 5796/40/3981 5801/40/3982 5799/40/3983 5794/40/3984
f 5800/1186/3985 5805/1189/3985 5808/1189/3985 5803/1187/3985
f 5803/1187/3986 5808/1189/3987 5807/1189/3988 5802/1188/3989
f 5802/40/3990 5807/40/3991 5806/40/3992 5801/40/3993
f 5801/40/3994 5806/40/3995 5804/40/3996 5799/40/3997
f 5805/1189/3998 5810/1190/3999 5813/1190/4000 5808/1189/4001
f 5808/1189/679 5813/1190/4002 5812/1190/681 5807/1189/4003
f 5807/40/4004 5812/40/4005 5811/40/4006 5806/40/4007
f 5806/40/4008 5811/40/4009 5809/40/4010 5804/40/4011
f 5810/1190/4012 5815/1191/4012 5818/1191/4012 5813/1190/4012
f 5813/1190/4012 5818/1191/4012 5817/1191/4013 5812/1190/4014
f 5812/40/4015 5817/40/4016 5816/40/4017 5811/40/4018
f 5811/40/4019 5816/40/4020 5814/40/4021 5809/40/4022
f 5815/1191/665 5820/1192/665 5823/1192/665 5818/1191/665
f 5818/1191/4023 5823/1192/4023 5822/1193/4024 5817/1191/4025
f 5817/40/4026 5822/40/4027 5821/40/4028 5816/40/4029
f 5816/40/4030 5821/40/4031 5819/40/4032 5814/40/4033
f 5820/1192/645 5825/1194/645 5828/1194/645 5823/1192/645
f 5823/1192/645 5828/1194/645 5827/1194/647 5822/1193/646
f 5822/40/4034 5827/40/4035 5826/40/4036 5821/40/4037
f 5821/40/4038 5826/40/4039 5824/40/4040 5819/40/4041
f 5825/1194/4042 5830/1195/4043 5833/1195/4044 5828/1194/4045
f 5828/1194/639 5833/1195/4046 5832/1195/637 5827/1194/636
f 5827/40/4047 5832/40/4048 5831/40/4049 5826/40/4049
f 5826/40/4050 5831/40/4050 5829/40/4051 5824/40/4052
f 5830/1195/4053 5835/1196/4054 5838/1196/4055 5833/1195/4056
f 5833/1195/618 5838/1196/617 5837/1197/620 5832/1195/4057
f 5832/40/4058 5837/40/4059 5836/40/4060 5831/40/4061
f 5831/40/4062 5836/40/4063 5834/40/4064 5829/40/4065
f 5835/1196/4066 5840/1198/4067 5843/1198/4068 5838/1196/4069
f 5838/1196/608 5843/1198/607 5842/1199/4070 5837/1197/605
f 5837/40/4071 5842/40/4072 5841/40/4073 5836/40/4074
f 5836/40/4075 5841/40/4076 5839/40/4077 5834/40/4078
f 5840/1198/4079 5845/1200/4080 5848/1201/4081 5843/1198/4082
f 5843/1198/4083 5848/1201/586 5847/1201/589 5842/1199/588
f 5842/40/4084 5847/40/4085 5846/40/4086 5841/40/4086
f 5841/40/4087 5846/40/4087 5844/40/4088 5839/40/4089
f 5845/1200/580 5850/1202/580 5853/1202/580 5848/1201/580
f 5848/1201/580 5853/1202/580 5852/1202/579 5847/1201/578
f 5847/40/4090 5852/40/4091 5851/40/4092 5846/40/4093
f 5846/40/4094 5851/40/4095 5849/40/4096 5844/40/4097
f 5850/1202/559 5855/1203/559 5858/1203/559 5853/1202/559
f 5853/1202/4098 5858/1203/4098 5857/1204/4099 5852/1202/4100
f 5852/40/4101 5857/40/4102 5856/40/4103 5851/40/4104
f 5851/40/4105 5856/40/4106 5854/40/4107 5849/40/4108
f 5855/1203/4109 5860/157/4110 5870/157/4111 5858/1203/4112
f 5858/1203/4113 5870/157/4114 5863/157/4115 5857/1204/4116
f 5857/40/4117 5863/40/4118 5862/40/4119 5856/40/4120
f 5856/40/4121 5862/40/4122 5859/40/4123 5854/40/4124
f 5693/40/4 5861/40/4 5875/40/4 5696/40/4
f 5696/40/1 5875/40/1 5869/40/1 5697/40/1
f 5697/146/4 5869/157/4 5868/157/4 5704/146/4
f 5704/146/4 5868/157/4 5860/157/4 5694/146/4
f 6027/1205/2 6032/170/2 6042/170/2 6030/1205/2
f 6030/1205/2 6042/170/2 6035/170/2 6029/1205/2
f 6029/40/2 6035/40/2 6034/40/2 6028/40/2
f 6028/40/2 6034/40/2 6031/40/2 6026/40/2
f 6007/40/4 6033/40/4 6047/40/4 6010/40/4
f 6010/40/2 6047/40/2 6041/40/2 6011/40/2
f 6011/168/2 6041/170/2 6040/170/2 6018/168/2
f 6018/168/60 6040/170/60 6032/170/4125 6008/168/4126
f 6050/40/4127 6055/40/4128 6060/40/4129 6052/40/4130
f 6052/40/4131 6060/40/4132 6070/40/4133 6053/40/4134
f 6053/1191/4135 6070/171/4136 6069/171/4137 6054/1191/4138
f 6054/1191/4139 6069/171/4140 6057/171/4141 6051/1191/4142
f 5969/164/4 6057/171/4 6071/171/4 5972/164/4
f 5972/164/4 6071/171/4 6065/171/4 5973/164/4
f 5973/40/2 6065/40/2 6064/40/2 5980/40/2
f 5980/40/4 6064/40/4 6056/40/4 5970/40/4
f 6051/1191/665 6075/1192/665 6078/1192/665 6054/1191/665
f 6054/1191/4023 6078/1192/4023 6077/1193/4024 6053/1191/4025
f 6053/40/4026 6077/40/4027 6076/40/4028 6052/40/4029
f 6052/40/4030 6076/40/4031 6074/40/4032 6050/40/4033
f 6075/1192/645 6080/1206/645 6083/1194/645 6078/1192/645
f 6078/1192/645 6083/1194/645 6082/1194/647 6077/1193/646
f 6077/40/4034 6082/40/4035 6081/40/4036 6076/40/4037
f 6076/40/4038 6081/40/4039 6079/40/4040 6074/40/4041
f 6080/1206/4042 6085/1195/4043 6088/1195/4044 6083/1194/4045
f 6083/1194/639 6088/1195/4046 6087/1195/637 6082/1194/636
f 6082/40/4047 6087/40/4048 6086/40/4049 6081/40/4049
f 6081/40/4050 6086/40/4050 6084/40/4051 6079/40/4052
f 6085/1195/4053 6090/1196/4054 6093/1196/4055 6088/1195/4056
f 6088/1195/618 6093/1196/617 6092/1197/620 6087/1195/4057
f 6087/40/4058 6092/40/4059 6091/40/4060 6086/40/4061
f 6086/40/4062 6091/40/4063 6089/40/4064 6084/40/4065
f 6090/1196/4066 6095/1198/4067 6098/1198/4068 6093/1196/4069
f 6093/1196/608 6098/1198/607 6097/1199/4070 6092/1197/605
f 6092/40/4071 6097/40/4072 6096/40/4073 6091/40/4074
f 6091/40/4075 6096/40/4076 6094/40/4077 6089/40/4078
f 6095/1198/4079 6100/1200/4080 6103/1201/4081 6098/1198/4082
f 6098/1198/4083 6103/1201/586 6102/1201/589 6097/1199/588
f 6097/40/4084 6102/40/4085 6101/40/4086 6096/40/4086
f 6096/40/4087 6101/40/4087 6099/40/4088 6094/40/4089
f 6100/1200/580 6105/1207/580 6108/1202/580 6103/1201/580
f 6103/1201/580 6108/1202/580 6107/1202/579 6102/1201/578
f 6102/40/4090 6107/40/4091 6106/40/4092 6101/40/4093
f 6101/40/4094 6106/40/4095 6104/40/4096 6099/40/4097
f 6105/1207/559 6110/1203/559 6113/1203/559 6108/1202/559
f 6108/1202/4098 6113/1203/4098 6112/1204/4099 6107/1202/4100
f 6107/40/4101 6112/40/4102 6111/40/4103 6106/40/4104
f 6106/40/4105 6111/40/4106 6109/40/4107 6104/40/4108
f 6110/1203/4143 6115/1208/4143 6118/1208/4143 6113/1203/4143
f 6113/1203/4143 6118/1208/4143 6117/1208/4144 6112/1204/4145
f 6112/40/4146 6117/40/4147 6116/40/4148 6111/40/4149
f 6111/40/4150 6116/40/4151 6114/40/4152 6109/40/4153
f 6115/1208/4154 6120/1209/4155 6123/1210/4156 6118/1208/4157
f 6118/1208/4158 6123/1210/539 6122/1210/4159 6117/1208/541
f 6117/40/4160 6122/40/4161 6121/40/4162 6116/40/4163
f 6116/40/4164 6121/40/4165 6119/40/4166 6114/40/4167
f 6120/1209/4168 6125/1211/4168 6128/1212/4168 6123/1210/4168
f 6123/1210/4169 6128/1212/4170 6127/1213/4171 6122/1210/4172
f 6122/40/4173 6127/40/4174 6126/40/4175 6121/40/4176
f 6121/40/4177 6126/40/4178 6124/40/4179 6119/40/4180
f 6125/1211/4181 6130/1214/4182 6133/1214/4183 6128/1212/4184
f 6128/1212/4185 6133/1214/4186 6132/1214/4187 6127/1213/4187
f 6127/40/4188 6132/40/4188 6131/40/4189 6126/40/516
f 6126/40/4190 6131/40/4191 6129/40/4192 6124/40/4193
f 6130/1214/502 6135/1215/502 6138/1215/502 6133/1214/502
f 6133/1214/4194 6138/1215/4194 6137/1215/4194 6132/1214/4194
f 6132/40/4195 6137/40/4195 6136/40/4195 6131/40/4195
f 6131/40/502 6136/40/502 6134/40/505 6129/40/504
f 6135/1215/497 6140/1216/497 6143/1216/497 6138/1215/497
f 6138/1215/497 6143/1216/497 6142/1216/497 6137/1215/497
f 6137/40/498 6142/40/498 6141/40/498 6136/40/498
f 6136/40/499 6141/40/499 6139/40/4196 6134/40/4197
f 6140/1216/492 6145/1217/492 6148/1217/492 6143/1216/492
f 6143/1216/492 6148/1217/492 6147/1217/492 6142/1216/492
f 6142/40/493 6147/40/493 6146/40/493 6141/40/493
f 6141/40/494 6146/40/494 6144/40/4198 6139/40/4199
f 6026/40/4200 6144/40/4201 6146/40/477 6028/40/477
f 6028/40/1201 6146/40/1201 6147/40/1201 6029/40/1201
f 6029/1218/1200 6147/1217/1200 6148/1217/1200 6030/1218/1200
f 6030/1218/477 6148/1217/477 6145/1217/477 6027/1218/477
f 515/39/1 5352/1219/1 5366/1220/1 527/39/1
f 527/39/1 5366/1220/1 5360/1220/1 528/39/1
f 528/37/1 5360/109/1 5359/109/1 518/37/1
f 518/37/1 5359/109/1 5351/109/126 513/37/1
f 514/38/4 879/41/4 884/41/4 522/38/4
f 522/38/4 884/41/4 894/41/4 523/38/4
f 523/39/4 894/44/4 893/44/4 529/39/4
f 529/39/4 893/44/4 881/44/4 515/39/4
f 880/42/2 960/48/2 965/48/2 888/42/2
f 888/42/1 965/48/126 975/48/60 889/42/60
f 889/44/60 975/51/60 974/51/2 895/44/60
f 895/44/1 974/51/1 962/51/1 881/44/1
f 961/51/4 5398/114/4 5403/114/4 969/51/4
f 969/51/4 5403/114/4 5413/114/4 970/51/4
f 970/51/4 5413/114/4 5412/114/4 976/51/4
f 976/51/4 5412/114/4 5400/114/4 962/51/4
f 5879/1221/4 5889/158/4 5899/158/4 5882/1221/4
f 5882/1221/7 5899/158/7 5892/158/7 5881/1221/7
f 5881/40/4 5892/40/4 5891/40/4 5880/40/4
f 5880/40/7 5891/40/7 5888/40/7 5878/40/7
f 5417/1222/4 5422/116/4 5427/116/4 5419/1222/4
f 5419/1222/130 5427/116/130 5437/116/130 5420/1222/130
f 5420/1223/4 5437/117/4 5436/117/4 5421/1223/4
f 5421/1223/130 5436/117/130 5424/117/130 5418/1223/130
f 5398/114/130 5424/117/60 5438/117/7 5401/114/60
f 5401/114/130 5438/117/130 5432/117/130 5402/114/130
f 5402/115/130 5432/116/60 5431/116/60 5409/115/60
f 5409/115/60 5431/116/60 5423/116/7 5399/115/60
f 1235/1224/4202 1344/1225/60 1346/1225/60 1238/1224/60
f 1238/1224/60 1346/1225/60 1347/1225/60 1237/1224/60
f 1237/1226/60 1347/1227/60 1348/1227/60 1236/1226/60
f 1236/1226/60 1348/1227/60 1345/1227/4203 1234/1226/126
f 1175/1228/4204 1345/1227/126 1348/1227/60 1178/1229/60
f 1178/1229/60 1348/1227/60 1347/1227/60 1177/1229/60
f 1177/1230/60 1347/1225/60 1346/1225/60 1176/1230/60
f 1176/1230/60 1346/1225/60 1344/1225/4205 1174/1230/60
f 1174/1230/4206 1194/1231/60 1196/1231/60 1176/1230/60
f 1176/1230/60 1196/1231/60 1197/1231/60 1177/1230/60
f 1177/1229/60 1197/1232/60 1198/1232/60 1178/1229/60
f 1178/1229/60 1198/1232/60 1195/1233/4207 1175/1228/126
f 1150/1234/4208 1195/1233/126 1198/1232/60 1153/1234/60
f 1153/1234/60 1198/1232/60 1197/1232/60 1152/1234/60
f 1152/1235/60 1197/1231/60 1196/1231/60 1151/1235/60
f 1151/1235/60 1196/1231/60 1194/1231/4209 1149/1235/60
f 1149/1235/4210 1214/1236/60 1216/1236/60 1151/1235/60
f 1151/1235/60 1216/1236/60 1217/1236/60 1152/1235/60
f 1152/1234/60 1217/1237/60 1218/1237/60 1153/1234/60
f 1153/1234/60 1218/1237/60 1215/1237/4211 1150/1234/126
f 1115/1238/4212 1215/1237/126 1218/1237/60 1118/1238/60
f 1118/1238/60 1218/1237/60 1217/1237/60 1117/1238/60
f 1117/1239/60 1217/1236/60 1216/1236/60 1116/1239/60
f 1116/1239/60 1216/1236/60 1214/1236/4213 1114/1239/60
f 1114/1239/4214 1134/1240/60 1136/1240/60 1116/1239/60
f 1116/1239/60 1136/1240/60 1137/1240/60 1117/1239/60
f 1117/1238/60 1137/1241/60 1138/1241/60 1118/1238/60
f 1118/1238/60 1138/1241/60 1135/1242/4215 1115/1238/126
f 1100/1243/4216 1135/1242/126 1138/1241/60 1103/1243/60
f 1103/1243/60 1138/1241/60 1137/1241/60 1102/1243/60
f 1102/1244/60 1137/1240/60 1136/1240/60 1101/1244/60
f 1101/1244/60 1136/1240/60 1134/1240/4217 1099/1244/60
f 1075/1245/4218 1100/1243/126 1103/1243/60 1078/1245/60
f 1078/1245/60 1103/1243/60 1102/1243/60 1077/1245/60
f 1077/1246/60 1102/1244/60 1101/1244/60 1076/1246/60
f 1076/1246/60 1101/1244/60 1099/1244/4219 1074/1246/60
f 1074/1246/4220 1084/1247/60 1086/1247/60 1076/1246/60
f 1076/1246/60 1086/1247/60 1087/1247/60 1077/1246/60
f 1077/1245/60 1087/1248/60 1088/1248/60 1078/1245/60
f 1078/1245/60 1088/1248/60 1085/1248/4221 1075/1245/126
f 1084/1247/4222 1109/1249/60 1111/1249/60 1086/1247/60
f 1086/1247/60 1111/1249/60 1112/1249/60 1087/1247/60
f 1087/1248/60 1112/1250/60 1113/1250/60 1088/1248/60
f 1088/1248/60 1113/1250/60 1110/1251/4223 1085/1248/126
f 1109/1249/4224 1124/1252/60 1126/1252/60 1111/1249/60
f 1111/1249/60 1126/1252/60 1127/1252/60 1112/1249/60
f 1112/1250/60 1127/1253/60 1128/1253/60 1113/1250/60
f 1113/1250/60 1128/1253/60 1125/1254/4225 1110/1251/126
f 1124/1252/4226 1144/1255/60 1146/1255/60 1126/1252/60
f 1126/1252/60 1146/1255/60 1147/1255/60 1127/1252/60
f 1127/1253/60 1147/1256/60 1148/1256/60 1128/1253/60
f 1128/1253/60 1148/1256/60 1145/1256/4227 1125/1254/126
f 1144/1255/4228 1184/1257/60 1186/1257/60 1146/1255/60
f 1146/1255/60 1186/1257/60 1187/1257/60 1147/1255/60
f 1147/1256/60 1187/1258/60 1188/1258/60 1148/1256/60
f 1148/1256/60 1188/1258/60 1185/1258/4229 1145/1256/126
f 1160/1259/4230 1185/1258/126 1188/1258/60 1163/1259/60
f 1163/1259/60 1188/1258/60 1187/1258/60 1162/1259/60
f 1162/1260/60 1187/1257/60 1186/1257/60 1161/1260/60
f 1161/1260/60 1186/1257/60 1184/1257/4231 1159/1260/60
f 1159/1260/4232 1199/1261/60 1201/1261/60 1161/1260/60
f 1161/1260/60 1201/1261/60 1202/1261/60 1162/1260/60
f 1162/1259/60 1202/1262/60 1203/1262/60 1163/1259/60
f 1163/1259/60 1203/1262/60 1200/1263/4233 1160/1259/126
f 1199/1261/4234 1219/1264/60 1221/1264/60 1201/1261/60
f 1201/1261/60 1221/1264/60 1222/1264/60 1202/1261/60
f 1202/1262/60 1222/1265/60 1223/1265/60 1203/1262/60
f 1203/1262/60 1223/1265/60 1220/1266/4235 1200/1263/126
f 1219/1264/4236 1274/1267/60 1276/1267/60 1221/1264/60
f 1221/1264/60 1276/1267/60 1277/1267/60 1222/1264/60
f 1222/1265/60 1277/1268/60 1278/1268/60 1223/1265/60
f 1223/1265/60 1278/1268/60 1275/1268/4237 1220/1266/126
f 1245/1269/4238 1275/1268/126 1278/1268/60 1248/1270/60
f 1248/1270/60 1278/1268/60 1277/1268/60 1247/1270/60
f 1247/1271/60 1277/1267/60 1276/1267/60 1246/1271/60
f 1246/1271/60 1276/1267/60 1274/1267/4239 1244/1271/60
f 1244/1271/4240 1249/1272/60 1251/1273/60 1246/1271/60
f 1246/1271/60 1251/1273/60 1252/1273/60 1247/1271/60
f 1247/1270/60 1252/1274/60 1253/1274/60 1248/1270/60
f 1248/1270/60 1253/1274/60 1250/1274/4241 1245/1269/126
f 5883/40/4 5907/40/4 5912/40/4 5885/40/4
f 5885/40/4 5912/40/4 5922/40/4 5886/40/4
f 5886/1275/4 5922/159/4 5921/159/4 5887/1275/4
f 5887/1275/4 5921/159/4 5909/159/4 5884/1275/4
f 5889/158/130 5909/159/60 5923/159/60 5897/158/60
f 5897/158/60 5923/159/60 5917/159/60 5898/158/60
f 5898/40/60 5917/40/60 5916/40/60 5904/40/60
f 5904/40/60 5916/40/60 5908/40/7 5890/40/60
f 3156/1276/4242 3200/1277/126 3202/1277/60 3159/1276/60
f 3159/1276/60 3202/1277/60 3203/1277/60 3158/1276/60
f 3158/1278/60 3203/1279/60 3204/1279/60 3157/1278/60
f 3157/1278/60 3204/1279/60 3201/1280/4243 3155/1278/60
f 3176/1281/4244 3201/1280/60 3204/1279/60 3179/1281/60
f 3179/1281/60 3204/1279/60 3203/1279/60 3178/1281/60
f 3178/1282/60 3203/1277/60 3202/1277/60 3177/1282/60
f 3177/1282/60 3202/1277/60 3200/1277/4245 3175/1282/126
f 3175/1282/4203 3380/1283/126 3382/1283/60 3177/1282/60
f 3177/1282/60 3382/1283/60 3383/1283/60 3178/1282/60
f 3178/1281/60 3383/1284/60 3384/1284/60 3179/1281/60
f 3179/1281/60 3384/1284/60 3381/1284/4202 3176/1281/60
f 3226/1285/4205 3381/1284/60 3384/1284/60 3229/1285/60
f 3229/1285/60 3384/1284/60 3383/1284/60 3228/1285/60
f 3228/1286/60 3383/1283/60 3382/1283/60 3227/1286/60
f 3227/1286/60 3382/1283/60 3380/1283/4204 3225/1286/126
f 3225/1286/4207 3270/1287/126 3272/1287/60 3227/1286/60
f 3227/1286/60 3272/1287/60 3273/1287/60 3228/1286/60
f 3228/1285/60 3273/1288/60 3274/1288/60 3229/1285/60
f 3229/1285/60 3274/1288/60 3271/1289/4206 3226/1285/60
f 3246/1290/4209 3271/1289/60 3274/1288/60 3249/1291/60
f 3249/1291/60 3274/1288/60 3273/1288/60 3248/1291/60
f 3248/1292/60 3273/1287/60 3272/1287/60 3247/1292/60
f 3247/1292/60 3272/1287/60 3270/1287/4208 3245/1292/126
f 3245/1292/4211 3355/1293/126 3357/1293/60 3247/1292/60
f 3247/1292/60 3357/1293/60 3358/1293/60 3248/1292/60
f 3248/1291/60 3358/1294/60 3359/1294/60 3249/1291/60
f 3249/1291/60 3359/1294/60 3356/1295/4210 3246/1290/60
f 3291/1296/4213 3356/1295/60 3359/1294/60 3294/1297/60
f 3294/1297/60 3359/1294/60 3358/1294/60 3293/1297/60
f 3293/1298/60 3358/1293/60 3357/1293/60 3292/1298/60
f 3292/1298/60 3357/1293/60 3355/1293/4212 3290/1298/126
f 3290/1298/4215 3335/1299/126 3337/1299/60 3292/1298/60
f 3292/1298/60 3337/1299/60 3338/1299/60 3293/1298/60
f 3293/1297/60 3338/1300/60 3339/1300/60 3294/1297/60
f 3294/1297/60 3339/1300/60 3336/1300/4214 3291/1296/60
f 3316/1301/4217 3336/1300/60 3339/1300/60 3319/1301/60
f 3319/1301/60 3339/1300/60 3338/1300/60 3318/1301/60
f 3318/1302/60 3338/1299/60 3337/1299/60 3317/1302/60
f 3317/1302/60 3337/1299/60 3335/1299/4216 3315/1302/126
f 3306/1303/4219 3316/1301/60 3319/1301/60 3309/1304/60
f 3309/1304/60 3319/1301/60 3318/1301/60 3308/1304/60
f 3308/1305/60 3318/1302/60 3317/1302/60 3307/1305/60
f 3307/1305/60 3317/1302/60 3315/1302/4218 3305/1305/126
f 3305/1305/4221 3325/1306/126 3327/1306/60 3307/1305/60
f 3307/1305/60 3327/1306/60 3328/1306/60 3308/1305/60
f 3308/1304/60 3328/1307/60 3329/1307/60 3309/1304/60
f 3309/1304/60 3329/1307/60 3326/1308/4220 3306/1303/60
f 3325/1306/4223 3345/1309/126 3347/1309/60 3327/1306/60
f 3327/1306/60 3347/1309/60 3348/1309/60 3328/1306/60
f 3328/1307/60 3348/1310/60 3349/1310/60 3329/1307/60
f 3329/1307/60 3349/1310/60 3346/1311/4222 3326/1308/60
f 3296/1312/4224 3346/1311/60 3349/1310/60 3299/1313/60
f 3299/1313/60 3349/1310/60 3348/1310/60 3298/1313/60
f 3298/1314/60 3348/1309/60 3347/1309/60 3297/1314/60
f 3297/1314/60 3347/1309/60 3345/1309/4225 3295/1314/126
f 3295/1314/4227 3370/1315/126 3372/1315/60 3297/1314/60
f 3297/1314/60 3372/1315/60 3373/1315/60 3298/1314/60
f 3298/1313/60 3373/1316/60 3374/1316/60 3299/1313/60
f 3299/1313/60 3374/1316/60 3371/1317/4226 3296/1312/60
f 3261/1318/4228 3371/1317/60 3374/1316/60 3264/1319/60
f 3264/1319/60 3374/1316/60 3373/1316/60 3263/1319/60
f 3263/1320/60 3373/1315/60 3372/1315/60 3262/1320/60
f 3262/1320/60 3372/1315/60 3370/1315/4229 3260/1320/126
f 3260/1320/4230 3280/1321/126 3282/1321/60 3262/1320/60
f 3262/1320/60 3282/1321/60 3283/1321/60 3263/1320/60
f 3263/1319/60 3283/1322/60 3284/1322/60 3264/1319/60
f 3264/1319/60 3284/1322/60 3281/1323/4231 3261/1318/60
f 3241/1324/4232 3281/1323/60 3284/1322/60 3244/1325/60
f 3244/1325/60 3284/1322/60 3283/1322/60 3243/1325/60
f 3243/1326/60 3283/1321/60 3282/1321/60 3242/1326/60
f 3242/1326/60 3282/1321/60 3280/1321/4233 3240/1326/126
f 3240/1326/4235 3385/1327/126 3387/1327/60 3242/1326/60
f 3242/1326/60 3387/1327/60 3388/1327/60 3243/1326/60
f 3243/1325/60 3388/1328/60 3389/1328/60 3244/1325/60
f 3244/1325/60 3389/1328/60 3386/1328/4234 3241/1324/60
f 3191/1329/4236 3386/1328/60 3389/1328/60 3194/1329/60
f 3194/1329/60 3389/1328/60 3388/1328/60 3193/1329/60
f 3193/1330/60 3388/1327/60 3387/1327/60 3192/1330/60
f 3192/1330/60 3387/1327/60 3385/1327/4237 3190/1330/126
f 1055/15/4 5460/123/4 5465/123/4 1058/15/4
f 1058/15/4 5465/123/4 5475/123/4 1059/15/4
f 1059/15/4 5475/123/4 5474/123/4 1066/15/4
f 1066/15/4 5474/123/4 5462/123/4 1056/15/4
f 5461/122/7 5484/115/60 5489/115/60 5469/122/60
f 5469/122/60 5489/115/60 5499/115/130 5470/122/60
f 5470/123/130 5499/125/130 5498/125/130 5476/123/130
f 5476/123/7 5498/125/60 5486/125/130 5462/123/60
f 5480/1331/130 5486/125/130 5500/125/130 5483/1331/130
f 5483/1331/4 5500/125/4 5494/125/4 5482/1331/4
f 5482/1332/4 5494/124/4 5493/124/4 5481/1332/4
f 5481/1332/4 5493/124/4 5485/124/4 5479/1333/4
f 6154/40/4 6159/40/4 6164/40/4 6156/40/4
f 6156/40/4 6164/40/4 6174/40/4 6157/40/4
f 6157/1334/4 6174/172/4 6173/172/4 6158/1335/4
f 6158/1335/7 6173/172/7 6161/172/7 6155/1334/7
f 6160/40/7 6178/40/60 6183/40/60 6168/40/60
f 6168/40/60 6183/40/60 6193/40/60 6169/40/60
f 6169/172/60 6193/173/60 6192/173/60 6175/172/60
f 6175/172/60 6192/173/60 6180/173/130 6161/172/60
f 6150/1336/4 6180/173/4 6194/173/4 6153/1336/4
f 6153/1336/4 6194/173/4 6188/173/4 6152/1336/4
f 6152/40/4 6188/40/4 6187/40/4 6151/40/4
f 6151/40/4 6187/40/4 6179/40/4 6149/40/4
f 1249/1272/4240 1329/1337/60 1331/1337/60 1251/1273/60
f 1251/1273/60 1331/1337/60 1332/1337/60 1252/1273/60
f 1252/1274/60 1332/1338/60 1333/1338/60 1253/1274/60
f 1253/1274/60 1333/1338/60 1330/1338/4241 1250/1274/126
f 1295/1339/4246 1330/1338/126 1333/1338/60 1298/1339/60
f 1298/1339/60 1333/1338/60 1332/1338/60 1297/1339/60
f 1297/1340/60 1332/1337/60 1331/1337/60 1296/1340/60
f 1296/1340/60 1331/1337/60 1329/1337/4247 1294/1340/60
f 1294/1340/4248 1324/1341/60 1326/1341/60 1296/1340/60
f 1296/1340/60 1326/1341/60 1327/1341/60 1297/1340/60
f 1297/1339/60 1327/1342/60 1328/1342/60 1298/1339/60
f 1298/1339/60 1328/1342/60 1325/1342/4249 1295/1339/126
f 1315/1343/4250 1325/1342/126 1328/1342/60 1318/1344/60
f 1318/1344/60 1328/1342/60 1327/1342/60 1317/1344/60
f 1317/1345/60 1327/1341/60 1326/1341/60 1316/1345/60
f 1316/1345/60 1326/1341/60 1324/1341/4251 1314/1345/60
f 1305/1346/4252 1315/1343/126 1318/1344/60 1308/1347/60
f 1308/1347/60 1318/1344/60 1317/1344/60 1307/1347/60
f 1307/1348/60 1317/1345/60 1316/1345/60 1306/1348/60
f 1306/1348/60 1316/1345/60 1314/1345/4253 1304/1348/60
f 1304/1348/4254 1539/1349/60 1541/1349/60 1306/1348/60
f 1306/1348/60 1541/1349/60 1542/1349/60 1307/1348/60
f 1307/1347/60 1542/1350/60 1543/1350/60 1308/1347/60
f 1308/1347/60 1543/1350/60 1540/1350/4255 1305/1346/126
f 1350/1351/4256 1540/1350/60 1543/1350/60 1353/1351/60
f 1353/1351/60 1543/1350/60 1542/1350/60 1352/1351/60
f 1352/1352/60 1542/1349/60 1541/1349/60 1351/1352/60
f 1351/1352/60 1541/1349/60 1539/1349/4257 1349/1352/126
f 1349/1352/4258 1369/1353/126 1371/1353/60 1351/1352/60
f 1351/1352/60 1371/1353/60 1372/1353/60 1352/1352/60
f 1352/1351/60 1372/1354/60 1373/1354/60 1353/1351/60
f 1353/1351/60 1373/1354/60 1370/1355/4259 1350/1351/60
f 1360/1356/4260 1370/1355/60 1373/1354/60 1363/1356/60
f 1363/1356/60 1373/1354/60 1372/1354/60 1362/1356/60
f 1362/1357/60 1372/1353/60 1371/1353/60 1361/1357/60
f 1361/1357/60 1371/1353/60 1369/1353/4261 1359/1357/126
f 1359/1357/4262 1444/1358/126 1446/1358/60 1361/1357/60
f 1361/1357/60 1446/1358/60 1447/1358/60 1362/1357/60
f 1362/1356/60 1447/1359/60 1448/1359/60 1363/1356/60
f 1363/1356/60 1448/1359/60 1445/1359/4263 1360/1356/60
f 1380/1360/4264 1445/1359/60 1448/1359/60 1383/1361/60
f 1383/1361/60 1448/1359/60 1447/1359/60 1382/1361/60
f 1382/1276/60 1447/1358/60 1446/1358/60 1381/1276/60
f 1381/1276/60 1446/1358/60 1444/1358/4265 1379/1276/126
f 1379/1276/4242 1424/1277/126 1426/1277/60 1381/1276/60
f 1381/1276/60 1426/1277/60 1427/1277/60 1382/1276/60
f 1382/1361/60 1427/1362/60 1428/1362/60 1383/1361/60
f 1383/1361/60 1428/1362/60 1425/1363/4243 1380/1360/60
f 1400/1364/126 1425/1363/126 1428/1362/126 1403/1365/126
f 1403/1365/60 1428/1362/60 1427/1362/60 1402/1365/60
f 1402/1366/60 1427/1277/60 1426/1277/60 1401/1366/60
f 1401/1366/60 1426/1277/60 1424/1277/4238 1399/1282/4266
f 1399/1282/4267 1529/1283/4267 1531/1283/4267 1401/1366/4267
f 1401/1366/7 1531/1283/7 1532/1283/7 1402/1366/7
f 1402/1365/7 1532/1367/7 1533/1367/7 1403/1365/7
f 1403/1365/130 1533/1367/130 1530/1368/130 1400/1364/130
f 1450/1369/4205 1530/1368/60 1533/1367/4204 1453/1370/126
f 1453/1370/60 1533/1367/60 1532/1367/60 1452/1370/60
f 1452/1286/60 1532/1283/60 1531/1283/60 1451/1286/60
f 1451/1286/4205 1531/1283/60 1529/1283/4204 1449/1286/126
f 1449/1286/4268 1469/1287/4268 1471/1287/4268 1451/1286/4268
f 1451/1286/4269 1471/1287/4269 1472/1287/4269 1452/1286/4269
f 1452/1370/130 1472/1371/130 1473/1371/130 1453/1370/130
f 1453/1370/60 1473/1371/60 1470/1371/60 1450/1369/60
f 1460/1372/60 1470/1371/60 1473/1371/60 1463/1372/60
f 1463/1372/126 1473/1371/126 1472/1371/126 1462/1372/126
f 1462/1292/60 1472/1287/60 1471/1287/60 1461/1292/60
f 1461/1292/60 1471/1287/60 1469/1287/4270 1459/1292/126
f 1459/1292/4271 1519/1293/4272 1521/1293/130 1461/1292/130
f 1461/1292/7 1521/1293/7 1522/1293/7 1462/1292/7
f 1462/1372/4267 1522/1373/4267 1523/1373/4267 1463/1372/4267
f 1463/1372/126 1523/1373/126 1520/1373/126 1460/1372/126
f 1480/1374/60 1520/1373/60 1523/1373/60 1483/1375/60
f 1483/1375/4273 1523/1373/4273 1522/1373/4273 1482/1375/4273
f 1482/1298/7 1522/1293/7 1521/1293/7 1481/1298/7
f 1481/1298/4274 1521/1293/4274 1519/1293/4274 1479/1298/4274
f 1479/1298/4215 1509/1299/126 1511/1299/60 1481/1298/60
f 1481/1298/60 1511/1299/60 1512/1299/4214 1482/1298/60
f 1482/1375/130 1512/1376/130 1513/1376/130 1483/1375/130
f 1483/1375/4215 1513/1376/126 1510/1377/4214 1480/1374/60
f 1500/1378/60 1510/1377/60 1513/1376/60 1503/1378/60
f 1503/1378/130 1513/1376/130 1512/1376/130 1502/1378/130
f 1502/1302/7 1512/1299/7 1511/1299/7 1501/1302/7
f 1501/1302/130 1511/1299/130 1509/1299/4275 1499/1302/4275
f 1490/1379/130 1500/1378/130 1503/1378/130 1493/1380/130
f 1493/1380/4219 1503/1378/60 1502/1378/4218 1492/1380/126
f 1492/1305/7 1502/1302/7 1501/1302/7 1491/1305/7
f 1491/1305/130 1501/1302/130 1499/1302/4276 1489/1305/4276
f 1489/1305/4277 1494/1306/4277 1496/1306/130 1491/1305/130
f 1491/1305/7 1496/1306/7 1497/1306/7 1492/1305/7
f 1492/1380/4221 1497/1381/126 1498/1381/4220 1493/1380/60
f 1493/1380/130 1498/1381/130 1495/1381/130 1490/1379/130
f 1494/1306/4278 1504/1309/130 1506/1309/130 1496/1306/130
f 1496/1306/7 1506/1309/7 1507/1309/7 1497/1306/7
f 1497/1381/130 1507/1382/130 1508/1382/130 1498/1381/130
f 1498/1381/60 1508/1382/60 1505/1383/60 1495/1381/60
f 1485/1384/4224 1505/1383/60 1508/1382/4225 1488/1385/126
f 1488/1385/130 1508/1382/130 1507/1382/130 1487/1385/130
f 1487/1314/4224 1507/1309/60 1506/1309/60 1486/1314/60
f 1486/1314/60 1506/1309/60 1504/1309/4225 1484/1314/126
f 1484/1314/4279 1514/1386/4280 1516/1386/130 1486/1314/130
f 1486/1314/4281 1516/1386/4281 1517/1386/4281 1487/1314/4281
f 1487/1385/130 1517/1387/130 1518/1387/130 1488/1385/130
f 1488/1385/126 1518/1387/126 1515/1387/126 1485/1384/126
f 1465/1388/60 1515/1387/60 1518/1387/60 1468/1388/60
f 1468/1388/4268 1518/1387/4268 1517/1387/4268 1467/1388/4268
f 1467/1320/7 1517/1386/7 1516/1386/7 1466/1320/7
f 1466/1320/130 1516/1386/130 1514/1386/4282 1464/1320/130
f 1464/1320/4208 1474/1321/4283 1476/1321/60 1466/1320/60
f 1466/1320/60 1476/1321/60 1477/1321/60 1467/1320/60
f 1467/1388/60 1477/1389/60 1478/1389/60 1468/1388/60
f 1468/1388/126 1478/1389/126 1475/1389/126 1465/1388/126
f 1455/1390/60 1475/1389/60 1478/1389/60 1458/1391/60
f 1458/1391/130 1478/1389/130 1477/1389/130 1457/1391/130
f 1457/1326/133 1477/1321/133 1476/1321/133 1456/1326/133
f 1456/1326/4267 1476/1321/4267 1474/1321/4267 1454/1326/4267
f 1454/1326/4235 1524/1327/126 1526/1327/4234 1456/1326/60
f 1456/1326/60 1526/1327/60 1527/1327/60 1457/1326/60
f 1457/1391/60 1527/1392/60 1528/1392/60 1458/1391/60
f 1458/1391/4235 1528/1392/126 1525/1393/4234 1455/1390/60
f 1410/1394/4273 1525/1393/4273 1528/1392/4273 1413/1394/4273
f 1413/1394/7 1528/1392/7 1527/1392/7 1412/1395/7
f 1412/1330/7 1527/1327/7 1526/1327/7 1411/1330/7
f 1411/1330/130 1526/1327/130 1524/1327/4284 1409/1330/4284
f 1409/1330/4285 1434/1396/126 1436/1396/60 1411/1330/60
f 1411/1330/60 1436/1396/60 1437/1396/60 1412/1330/60
f 1412/1395/60 1437/1397/60 1438/1397/60 1413/1394/60
f 1413/1394/60 1438/1397/60 1435/1397/60 1410/1394/60
f 1390/1398/4240 1435/1397/60 1438/1397/60 1393/1399/60
f 1393/1399/60 1438/1397/60 1437/1397/60 1392/1399/60
f 1392/1400/60 1437/1396/60 1436/1396/60 1391/1400/60
f 1391/1400/60 1436/1396/60 1434/1396/4241 1389/1400/126
f 1389/1400/4286 2148/88/4287 2153/88/4288 1391/1400/4288
f 1391/1400/4246 2153/88/126 2163/88/60 1392/1400/60
f 1392/1399/60 2163/90/60 2162/90/4247 1393/1399/60
f 1393/1399/7 2162/90/7 2150/90/4289 1390/1398/130
f 2115/1401/7 2150/90/7 2164/90/7 2118/1401/7
f 2118/1401/4 2164/90/4 2158/90/4 2117/1401/4
f 2117/1402/4 2158/89/4 2157/89/4 2116/1402/4
f 2116/1402/130 2157/89/130 2149/89/130 2114/1402/130
f 2114/1305/4221 2510/1306/126 2512/1306/60 2116/1305/60
f 2116/1305/60 2512/1306/60 2513/1306/60 2117/1305/60
f 2117/1401/60 2513/1403/60 2514/1403/60 2118/1401/60
f 2118/1401/60 2514/1403/60 2511/1403/4220 2115/1401/60
f 2496/1404/4222 2511/1403/60 2514/1403/60 2499/1405/60
f 2499/1405/60 2514/1403/60 2513/1403/60 2498/1405/60
f 2498/1309/60 2513/1306/60 2512/1306/60 2497/1309/60
f 2497/1309/60 2512/1306/60 2510/1306/4223 2495/1309/126
f 2495/1309/4290 2520/1314/126 2522/1314/60 2497/1309/60
f 2497/1309/60 2522/1314/60 2523/1314/60 2498/1309/60
f 2498/1405/60 2523/1406/60 2524/1406/60 2499/1405/60
f 2499/1405/60 2524/1406/60 2521/1406/4291 2496/1404/60
f 2481/1407/4226 2521/1406/60 2524/1406/60 2484/1408/60
f 2484/1408/60 2524/1406/60 2523/1406/60 2483/1408/60
f 2483/1315/60 2523/1314/60 2522/1314/60 2482/1315/60
f 2482/1315/60 2522/1314/60 2520/1314/4227 2480/1315/126
f 2480/1315/4229 2490/1320/126 2492/1320/60 2482/1315/60
f 2482/1315/60 2492/1320/60 2493/1320/60 2483/1315/60
f 2483/1408/60 2493/1409/60 2494/1409/60 2484/1408/60
f 2484/1408/60 2494/1409/60 2491/1410/4228 2481/1407/60
f 2471/1411/4231 2491/1410/60 2494/1409/60 2474/1411/60
f 2474/1411/60 2494/1409/60 2493/1409/60 2473/1411/60
f 2473/1321/60 2493/1320/60 2492/1320/60 2472/1321/60
f 2472/1321/60 2492/1320/60 2490/1320/4230 2470/1321/126
f 2470/1321/4233 2525/1326/126 2527/1326/60 2472/1321/60
f 2472/1321/60 2527/1326/60 2528/1326/60 2473/1321/60
f 2473/1411/60 2528/1412/60 2529/1412/60 2474/1411/60
f 2474/1411/60 2529/1412/60 2526/1412/4232 2471/1411/60
f 2441/1413/4234 2526/1412/60 2529/1412/60 2444/1414/60
f 2444/1414/60 2529/1412/60 2528/1412/60 2443/1414/60
f 2443/1327/60 2528/1326/60 2527/1326/60 2442/1327/60
f 2442/1327/60 2527/1326/60 2525/1326/4292 2440/1327/126
f 2440/1327/4237 2450/1330/126 2452/1330/60 2442/1327/60
f 2442/1327/60 2452/1330/60 2453/1330/60 2443/1327/60
f 2443/1414/60 2453/1415/60 2454/1415/60 2444/1414/60
f 2444/1414/60 2454/1415/60 2451/1416/4236 2441/1413/60
f 2450/1330/4238 2455/1396/126 2457/1396/60 2452/1330/60
f 2452/1330/60 2457/1396/60 2458/1396/60 2453/1330/60
f 2453/1415/60 2458/1417/60 2459/1417/60 2454/1415/60
f 2454/1415/60 2459/1417/60 2456/1417/4239 2451/1416/60
f 2421/1418/4240 2456/1417/60 2459/1417/60 2424/1418/60
f 2424/1418/60 2459/1417/60 2458/1417/60 2423/1418/60
f 2423/1400/60 2458/1396/60 2457/1396/60 2422/1400/60
f 2422/1400/60 2457/1396/60 2455/1396/4241 2420/1400/126
f 2420/1400/4246 2430/1419/126 2432/1419/60 2422/1400/60
f 2422/1400/60 2432/1419/60 2433/1419/60 2423/1400/60
f 2423/1418/60 2433/1420/60 2434/1420/60 2424/1418/60
f 2424/1418/60 2434/1420/60 2431/1420/4247 2421/1418/60
f 2411/1421/4248 2431/1420/60 2434/1420/60 2414/1422/60
f 2414/1422/60 2434/1420/60 2433/1420/60 2413/1422/60
f 2413/1423/60 2433/1419/60 2432/1419/60 2412/1423/60
f 2412/1423/60 2432/1419/60 2430/1419/4249 2410/1423/126
f 2410/1423/4250 2535/1424/126 2537/1424/60 2412/1423/60
f 2412/1423/60 2537/1424/60 2538/1424/60 2413/1423/60
f 2413/1422/60 2538/1425/60 2539/1425/60 2414/1422/60
f 2414/1422/60 2539/1425/60 2536/1426/4251 2411/1421/60
f 2376/1427/4253 2536/1426/60 2539/1425/60 2379/1428/60
f 2379/1428/60 2539/1425/60 2538/1425/60 2378/1428/60
f 2378/1429/60 2538/1424/60 2537/1424/60 2377/1429/60
f 2377/1429/60 2537/1424/60 2535/1424/4293 2375/1429/126
f 2375/1429/4255 2385/1430/126 2387/1430/60 2377/1429/60
f 2377/1429/60 2387/1430/60 2388/1430/60 2378/1429/60
f 2378/1428/60 2388/1431/60 2389/1431/60 2379/1428/60
f 2379/1428/60 2389/1431/60 2386/1432/4254 2376/1427/60
f 2385/1433/4256 2395/1434/60 2397/1434/60 2387/1433/60
f 2387/1433/60 2397/1434/60 2398/1434/60 2388/1433/60
f 2388/1431/60 2398/1435/60 2399/1435/60 2389/1431/60
f 2389/1431/60 2399/1435/60 2396/1435/4257 2386/1432/126
f 2356/1436/4294 2396/1435/126 2399/1435/60 2359/1437/60
f 2359/1437/60 2399/1435/60 2398/1435/60 2358/1437/60
f 2358/1438/60 2398/1434/60 2397/1434/60 2357/1438/60
f 2357/1438/60 2397/1434/60 2395/1434/4259 2355/1438/60
f 2355/1438/4260 2365/1439/60 2367/1439/60 2357/1438/60
f 2357/1438/60 2367/1439/60 2368/1439/60 2358/1438/60
f 2358/1437/60 2368/1440/60 2369/1440/60 2359/1437/60
f 2359/1437/60 2369/1440/60 2366/1440/4261 2356/1436/126
f 2351/1441/4262 2366/1440/126 2369/1440/60 2354/1442/60
f 2354/1442/60 2369/1440/60 2368/1440/60 2353/1442/60
f 2353/1443/60 2368/1439/60 2367/1439/60 2352/1443/60
f 2352/1443/60 2367/1439/60 2365/1439/4263 2350/1443/60
f 2341/1444/4265 2351/1441/126 2354/1442/60 2344/1445/60
f 2344/1445/60 2354/1442/60 2353/1442/60 2343/1445/60
f 2343/1446/60 2353/1443/60 2352/1443/60 2342/1446/60
f 2342/1446/60 2352/1443/60 2350/1443/4264 2340/1446/60
f 2311/1447/4242 2341/1444/126 2344/1445/60 2314/1447/60
f 2314/1447/60 2344/1445/60 2343/1445/60 2313/1447/60
f 2313/1448/60 2343/1446/60 2342/1446/60 2312/1448/60
f 2312/1448/60 2342/1446/60 2340/1446/4243 2310/1448/60
f 2310/1448/4244 2315/1224/60 2317/1224/60 2312/1448/60
f 2312/1448/60 2317/1224/60 2318/1224/60 2313/1448/60
f 2313/1447/60 2318/1449/60 2319/1449/60 2314/1447/60
f 2314/1447/60 2319/1449/60 2316/1450/4245 2311/1447/126
f 2315/1224/4202 2330/1225/60 2332/1225/60 2317/1224/60
f 2317/1224/60 2332/1225/60 2333/1225/60 2318/1224/60
f 2318/1449/60 2333/1451/60 2334/1451/60 2319/1449/60
f 2319/1449/60 2334/1451/60 2331/1452/4203 2316/1450/126
f 2286/1453/4295 2331/1452/126 2334/1451/60 2289/1453/60
f 2289/1453/60 2334/1451/60 2333/1451/60 2288/1453/60
f 2288/1230/60 2333/1225/60 2332/1225/60 2287/1230/60
f 2287/1230/60 2332/1225/60 2330/1225/4205 2285/1230/60
f 2285/1230/4206 2295/1231/60 2297/1231/60 2287/1230/60
f 2287/1230/60 2297/1231/60 2298/1231/60 2288/1230/60
f 2288/1453/60 2298/1454/60 2299/1454/60 2289/1453/60
f 2289/1453/60 2299/1454/60 2296/1455/4207 2286/1453/126
f 2261/1456/4208 2296/1455/126 2299/1454/60 2264/1457/60
f 2264/1457/60 2299/1454/60 2298/1454/60 2263/1457/60
f 2263/1235/60 2298/1231/60 2297/1231/60 2262/1235/60
f 2262/1235/60 2297/1231/60 2295/1231/4209 2260/1235/60
f 2260/1235/4210 2265/1236/60 2267/1236/60 2262/1235/60
f 2262/1235/60 2267/1236/60 2268/1236/60 2263/1235/60
f 2263/1457/60 2268/1458/60 2269/1458/60 2264/1457/60
f 2264/1457/60 2269/1458/60 2266/1458/4211 2261/1456/126
f 2265/1236/4213 2275/1239/60 2277/1239/60 2267/1236/60
f 2267/1236/60 2277/1239/60 2278/1239/60 2268/1236/60
f 2268/1458/60 2278/1459/60 2279/1459/60 2269/1458/60
f 2269/1458/60 2279/1459/60 2276/1459/4212 2266/1458/126
f 2236/1460/4296 2276/1459/126 2279/1459/60 2239/1460/60
f 2239/1460/60 2279/1459/60 2278/1459/60 2238/1460/60
f 2238/1240/60 2278/1239/60 2277/1239/60 2237/1240/60
f 2237/1240/60 2277/1239/60 2275/1239/4297 2235/1240/60
f 2235/1240/4217 2245/1244/60 2247/1244/60 2237/1240/60
f 2237/1240/60 2247/1244/60 2248/1244/60 2238/1240/60
f 2238/1460/60 2248/1461/60 2249/1461/60 2239/1460/60
f 2239/1460/60 2249/1461/60 2246/1461/4216 2236/1460/126
f 2105/1462/4218 2246/1461/126 2249/1461/60 2108/1462/60
f 2108/1462/60 2249/1461/60 2248/1461/60 2107/1462/60
f 2107/1246/60 2248/1244/60 2247/1244/60 2106/1246/60
f 2106/1246/60 2247/1244/60 2245/1244/4219 2104/1246/60
f 2104/1463/130 2124/85/130 2129/85/130 2106/1463/130
f 2106/1463/4 2129/85/4 2139/85/4 2107/1463/4
f 2107/1462/4 2139/87/4 2138/87/4 2108/1462/4
f 2108/1462/7 2138/87/7 2126/87/7 2105/1462/7
f 1265/1464/4298 2126/87/4298 2140/87/4298 1268/1464/4298
f 1268/1464/4265 2140/87/126 2134/87/60 1267/1464/60
f 1267/1446/60 2134/86/60 2133/86/4264 1266/1446/60
f 1266/1446/130 2133/86/130 2125/86/4299 1264/1446/130
f 1264/1446/4243 1284/1448/60 1286/1448/60 1266/1446/60
f 1266/1446/60 1286/1448/60 1287/1448/60 1267/1446/60
f 1267/1464/60 1287/1465/60 1288/1465/60 1268/1464/60
f 1268/1464/60 1288/1465/60 1285/1465/4242 1265/1464/126
f 1234/1226/4245 1285/1465/126 1288/1465/60 1236/1226/60
f 1236/1226/60 1288/1465/60 1287/1465/60 1237/1226/60
f 1237/1224/60 1287/1448/60 1286/1448/60 1238/1224/60
f 1238/1224/60 1286/1448/60 1284/1448/4244 1235/1224/60
f 960/48/7 1057/15/7 1071/15/7 963/48/7
f 963/48/130 1071/15/60 1065/15/60 964/48/60
f 964/51/60 1065/15/60 1064/15/7 971/51/60
f 971/51/130 1064/15/130 1056/15/130 961/51/130
f 3190/1330/4238 3210/1396/126 3212/1396/60 3192/1330/60
f 3192/1330/60 3212/1396/60 3213/1396/60 3193/1330/60
f 3193/1329/60 3213/1466/60 3214/1466/60 3194/1329/60
f 3194/1329/60 3214/1466/60 3211/1467/4239 3191/1329/60
f 3166/1468/4240 3211/1467/60 3214/1466/60 3169/1468/60
f 3169/1468/60 3214/1466/60 3213/1466/60 3168/1468/60
f 3168/1400/60 3213/1396/60 3212/1396/60 3167/1400/60
f 3167/1400/60 3212/1396/60 3210/1396/4241 3165/1400/126
f 3165/1400/4300 3965/98/4300 3970/98/4300 3167/1400/4300
f 3167/1400/4246 3970/98/126 3980/98/60 3168/1400/60
f 3168/1468/60 3980/100/60 3979/100/4247 3169/1468/60
f 3169/1468/7 3979/100/7 3967/99/4289 3166/1468/130
f 3966/89/130 4013/1402/130 4015/1402/130 3974/89/130
f 3974/89/4 4015/1402/4 4016/1402/4 3975/89/4
f 3975/99/4 4016/1469/4 4017/1469/4 3981/100/4
f 3981/100/7 4017/1469/7 4014/1470/7 3967/99/7
f 4013/1305/4221 4366/1306/126 4368/1306/60 4015/1305/60
f 4015/1305/60 4368/1306/60 4369/1306/60 4016/1305/60
f 4016/1469/60 4369/1471/60 4370/1471/60 4017/1469/60
f 4017/1469/60 4370/1471/60 4367/1472/4220 4014/1470/60
f 4357/1473/4222 4367/1472/60 4370/1471/60 4360/1474/60
f 4360/1474/60 4370/1471/60 4369/1471/60 4359/1474/60
f 4359/1309/60 4369/1306/60 4368/1306/60 4358/1309/60
f 4358/1309/60 4368/1306/60 4366/1306/4223 4356/1309/126
f 4356/1309/4290 4376/1314/126 4378/1314/60 4358/1309/60
f 4358/1309/60 4378/1314/60 4379/1314/60 4359/1309/60
f 4359/1474/60 4379/1475/60 4380/1475/60 4360/1474/60
f 4360/1474/60 4380/1475/60 4377/1476/4291 4357/1473/60
f 4337/1477/4226 4377/1476/60 4380/1475/60 4340/1478/60
f 4340/1478/60 4380/1475/60 4379/1475/60 4339/1478/60
f 4339/1315/60 4379/1314/60 4378/1314/60 4338/1315/60
f 4338/1315/60 4378/1314/60 4376/1314/4227 4336/1315/126
f 4336/1315/4229 4346/1320/126 4348/1320/60 4338/1315/60
f 4338/1315/60 4348/1320/60 4349/1320/60 4339/1315/60
f 4339/1478/60 4349/1479/60 4350/1479/60 4340/1478/60
f 4340/1478/60 4350/1479/60 4347/1480/4228 4337/1477/60
f 4327/1481/4231 4347/1480/60 4350/1479/60 4330/1481/60
f 4330/1481/60 4350/1479/60 4349/1479/60 4329/1481/60
f 4329/1321/60 4349/1320/60 4348/1320/60 4328/1321/60
f 4328/1321/60 4348/1320/60 4346/1320/4230 4326/1321/126
f 4326/1321/4233 4386/1326/126 4388/1326/60 4328/1321/60
f 4328/1321/60 4388/1326/60 4389/1326/60 4329/1321/60
f 4329/1481/60 4389/1482/60 4390/1482/60 4330/1481/60
f 4330/1481/60 4390/1482/60 4387/1482/4232 4327/1481/60
f 4292/1483/4234 4387/1482/60 4390/1482/60 4295/1483/60
f 4295/1483/60 4390/1482/60 4389/1482/60 4294/1483/60
f 4294/1327/60 4389/1326/60 4388/1326/60 4293/1327/60
f 4293/1327/60 4388/1326/60 4386/1326/4292 4291/1327/126
f 4291/1327/4237 4301/1330/126 4303/1330/60 4293/1327/60
f 4293/1327/60 4303/1330/60 4304/1330/60 4294/1327/60
f 4294/1483/60 4304/1484/60 4305/1484/60 4295/1483/60
f 4295/1483/60 4305/1484/60 4302/1484/4236 4292/1483/60
f 4287/1485/4239 4302/1484/60 4305/1484/60 4290/1486/60
f 4290/1486/60 4305/1484/60 4304/1484/60 4289/1486/60
f 4289/1396/60 4304/1330/60 4303/1330/60 4288/1396/60
f 4288/1396/60 4303/1330/60 4301/1330/4238 4286/1396/126
f 4286/1396/4241 4311/1400/126 4313/1400/60 4288/1396/60
f 4288/1396/60 4313/1400/60 4314/1400/60 4289/1396/60
f 4289/1486/60 4314/1487/60 4315/1487/60 4290/1486/60
f 4290/1486/60 4315/1487/60 4312/1487/4240 4287/1485/60
f 4262/1488/4247 4312/1487/60 4315/1487/60 4265/1489/60
f 4265/1489/60 4315/1487/60 4314/1487/60 4264/1489/60
f 4264/1419/60 4314/1400/60 4313/1400/60 4263/1419/60
f 4263/1419/60 4313/1400/60 4311/1400/4246 4261/1419/126
f 4261/1419/4249 4271/1423/126 4273/1423/60 4263/1419/60
f 4263/1419/60 4273/1423/60 4274/1423/60 4264/1419/60
f 4264/1489/60 4274/1490/60 4275/1490/60 4265/1489/60
f 4265/1489/60 4275/1490/60 4272/1491/4248 4262/1488/60
f 4252/1492/4251 4272/1491/60 4275/1490/60 4255/1492/60
f 4255/1492/60 4275/1490/60 4274/1490/60 4254/1492/60
f 4254/1424/60 4274/1423/60 4273/1423/60 4253/1424/60
f 4253/1424/60 4273/1423/60 4271/1423/4250 4251/1424/126
f 4251/1424/4293 4396/1429/126 4398/1429/60 4253/1424/60
f 4253/1424/60 4398/1429/60 4399/1429/60 4254/1424/60
f 4254/1492/60 4399/1493/60 4400/1493/60 4255/1492/60
f 4255/1492/60 4400/1493/60 4397/1493/4253 4252/1492/60
f 4217/1494/4254 4397/1493/60 4400/1493/60 4220/1494/60
f 4220/1494/60 4400/1493/60 4399/1493/60 4219/1494/60
f 4219/1430/60 4399/1429/60 4398/1429/60 4218/1430/60
f 4218/1430/60 4398/1429/60 4396/1429/4255 4216/1430/126
f 4216/1433/4256 4221/1434/60 4223/1434/60 4218/1433/60
f 4218/1433/60 4223/1434/60 4224/1434/60 4219/1433/60
f 4219/1494/60 4224/1495/60 4225/1495/60 4220/1494/60
f 4220/1494/60 4225/1495/60 4222/1496/4257 4217/1494/126
f 4202/1497/4294 4222/1496/126 4225/1495/60 4205/1498/60
f 4205/1498/60 4225/1495/60 4224/1495/60 4204/1498/60
f 4204/1438/60 4224/1434/60 4223/1434/60 4203/1438/60
f 4203/1438/60 4223/1434/60 4221/1434/4259 4201/1438/60
f 4201/1438/4260 4231/1439/60 4233/1439/60 4203/1438/60
f 4203/1438/60 4233/1439/60 4234/1439/60 4204/1438/60
f 4204/1498/60 4234/1499/60 4235/1499/60 4205/1498/60
f 4205/1498/60 4235/1499/60 4232/1499/4261 4202/1497/126
f 4182/1500/4262 4232/1499/126 4235/1499/60 4185/1501/60
f 4185/1501/60 4235/1499/60 4234/1499/60 4184/1501/60
f 4184/1443/60 4234/1439/60 4233/1439/60 4183/1443/60
f 4183/1443/60 4233/1439/60 4231/1439/4263 4181/1443/60
f 4181/1443/4264 4191/1446/60 4193/1446/60 4183/1443/60
f 4183/1443/60 4193/1446/60 4194/1446/60 4184/1443/60
f 4184/1501/60 4194/1502/60 4195/1502/60 4185/1501/60
f 4185/1501/60 4195/1502/60 4192/1503/4265 4182/1500/126
f 4172/1504/4242 4192/1503/126 4195/1502/60 4175/1504/60
f 4175/1504/60 4195/1502/60 4194/1502/60 4174/1504/60
f 4174/1448/60 4194/1446/60 4193/1446/60 4173/1448/60
f 4173/1448/60 4193/1446/60 4191/1446/4243 4171/1448/60
f 4171/1448/4244 4241/1224/60 4243/1224/60 4173/1448/60
f 4173/1448/60 4243/1224/60 4244/1224/60 4174/1448/60
f 4174/1504/60 4244/1505/60 4245/1505/60 4175/1504/60
f 4175/1504/60 4245/1505/60 4242/1506/4245 4172/1504/126
f 4147/1507/4203 4242/1506/126 4245/1505/60 4150/1508/60
f 4150/1508/60 4245/1505/60 4244/1505/60 4149/1508/60
f 4149/1225/60 4244/1224/60 4243/1224/60 4148/1225/60
f 4148/1225/60 4243/1224/60 4241/1224/4202 4146/1225/60
f 4146/1225/4205 4156/1230/60 4158/1230/60 4148/1225/60
f 4148/1225/60 4158/1230/60 4159/1230/60 4149/1225/60
f 4149/1508/60 4159/1509/60 4160/1509/60 4150/1508/60
f 4150/1508/60 4160/1509/60 4157/1510/4295 4147/1507/126
f 4137/1511/4207 4157/1510/126 4160/1509/60 4140/1512/60
f 4140/1512/60 4160/1509/60 4159/1509/60 4139/1512/60
f 4139/1231/60 4159/1230/60 4158/1230/60 4138/1231/60
f 4138/1231/60 4158/1230/60 4156/1230/4206 4136/1231/60
f 4136/1231/4209 4161/1235/60 4163/1235/60 4138/1231/60
f 4138/1231/60 4163/1235/60 4164/1235/60 4139/1231/60
f 4139/1512/60 4164/1513/60 4165/1513/60 4140/1512/60
f 4140/1512/60 4165/1513/60 4162/1514/4208 4137/1511/126
f 4117/1515/4211 4162/1514/126 4165/1513/60 4120/1515/60
f 4120/1515/60 4165/1513/60 4164/1513/60 4119/1515/60
f 4119/1236/60 4164/1235/60 4163/1235/60 4118/1236/60
f 4118/1236/60 4163/1235/60 4161/1235/4210 4116/1236/60
f 4116/1236/4213 4121/1239/60 4123/1239/60 4118/1236/60
f 4118/1236/60 4123/1239/60 4124/1239/60 4119/1236/60
f 4119/1515/60 4124/1516/60 4125/1516/60 4120/1515/60
f 4120/1515/60 4125/1516/60 4122/1516/4212 4117/1515/126
f 4107/1517/4296 4122/1516/126 4125/1516/60 4110/1518/60
f 4110/1518/60 4125/1516/60 4124/1516/60 4109/1518/60
f 4109/1240/60 4124/1239/60 4123/1239/60 4108/1240/60
f 4108/1240/60 4123/1239/60 4121/1239/4297 4106/1240/60
f 4106/1240/4217 4406/1244/60 4408/1244/60 4108/1240/60
f 4108/1240/60 4408/1244/60 4409/1244/60 4109/1240/60
f 4109/1518/60 4409/1519/60 4410/1519/60 4110/1518/60
f 4110/1518/60 4410/1519/60 4407/1519/4216 4107/1517/126
f 4029/1520/4218 4407/1519/126 4410/1519/60 4032/1521/60
f 4032/1521/60 4410/1519/60 4409/1519/60 4031/1521/60
f 4031/1246/60 4409/1244/60 4408/1244/60 4030/1246/60
f 4030/1246/60 4408/1244/60 4406/1244/4219 4028/1246/60
f 3996/102/7 4029/1520/7 4032/1521/7 4008/102/7
f 4008/102/4 4032/1521/4 4031/1521/4 4009/102/4
f 4009/85/4 4031/1463/4 4030/1463/4 3999/85/4
f 3999/85/130 4030/1463/130 4028/1463/130 3994/85/130
f 3041/1522/4301 3996/102/4302 4010/102/4303 3044/1523/4303
f 3044/1523/4265 4010/102/126 4004/102/60 3043/1523/60
f 3043/1446/60 4004/101/60 4003/101/4264 3042/1446/60
f 3042/1446/130 4003/101/130 3995/101/4299 3040/1446/130
f 3040/1446/4243 3060/1448/60 3062/1448/60 3042/1446/60
f 3042/1446/60 3062/1448/60 3063/1448/60 3043/1446/60
f 3043/1523/60 3063/1524/60 3064/1524/60 3044/1523/60
f 3044/1523/60 3064/1524/60 3061/1525/4242 3041/1522/126
f 3021/1526/60 3061/1525/60 3064/1524/60 3024/1527/60
f 3024/1527/60 3064/1524/60 3063/1524/60 3023/1527/60
f 3023/1528/60 3063/1448/60 3062/1448/60 3022/1528/60
f 3022/1528/60 3062/1448/60 3060/1448/4239 3020/1224/4304
f 3020/1224/4268 3115/1225/4268 3117/1225/4268 3022/1528/4268
f 3022/1528/7 3117/1225/7 3118/1225/7 3023/1528/7
f 3023/1527/7 3118/1529/7 3119/1529/7 3024/1527/7
f 3024/1527/130 3119/1529/130 3116/1530/130 3021/1526/130
f 2961/1531/4204 3116/1530/126 3119/1529/4205 2964/1531/60
f 2964/1531/60 3119/1529/60 3118/1529/60 2963/1531/60
f 2963/1230/60 3118/1225/60 3117/1225/60 2962/1230/60
f 2962/1230/4204 3117/1225/126 3115/1225/4205 2960/1230/60
f 2960/1230/4267 2980/1231/4267 2982/1231/4267 2962/1230/4267
f 2962/1230/133 2982/1231/133 2983/1231/133 2963/1230/133
f 2963/1531/130 2983/1532/130 2984/1532/130 2964/1531/130
f 2964/1531/60 2984/1532/60 2981/1533/60 2961/1531/60
f 2941/1534/126 2981/1533/126 2984/1532/126 2944/1535/126
f 2944/1535/60 2984/1532/60 2983/1532/60 2943/1535/60
f 2943/1235/60 2983/1231/60 2982/1231/60 2942/1235/60
f 2942/1235/60 2982/1231/60 2980/1231/4305 2940/1235/60
f 2940/1235/4306 3000/1236/4307 3002/1536/130 2942/1235/130
f 2942/1235/7 3002/1536/7 3003/1236/7 2943/1235/7
f 2943/1535/4268 3003/1537/4268 3004/1537/4268 2944/1535/4268
f 2944/1535/60 3004/1537/60 3001/1538/60 2941/1534/60
f 2901/1539/60 3001/1538/60 3004/1537/60 2904/1539/60
f 2904/1539/4274 3004/1537/4274 3003/1537/4274 2903/1539/4274
f 2903/1540/7 3003/1236/7 3002/1536/7 2902/1540/7
f 2902/1540/4273 3002/1536/4273 3000/1236/4273 2900/1540/4273
f 2900/1540/4214 2915/1240/60 2917/1240/60 2902/1540/60
f 2902/1540/60 2917/1240/60 2918/1240/4215 2903/1540/126
f 2903/1539/130 2918/1541/130 2919/1541/130 2904/1539/130
f 2904/1539/4214 2919/1541/60 2916/1542/4215 2901/1539/126
f 2876/1543/60 2916/1542/60 2919/1541/60 2879/1544/60
f 2879/1544/130 2919/1541/130 2918/1541/130 2878/1544/130
f 2878/1244/7 2918/1240/7 2917/1240/7 2877/1244/7
f 2877/1244/130 2917/1240/130 2915/1240/4308 2875/1244/4308
f 2856/1545/130 2876/1543/130 2879/1544/130 2859/1546/130
f 2859/1546/4218 2879/1544/126 2878/1544/4219 2858/1546/60
f 2858/1246/7 2878/1244/7 2877/1244/7 2857/1246/7
f 2857/1246/130 2877/1244/130 2875/1244/4309 2855/1246/4309
f 2855/1246/4310 2870/1247/4310 2872/1247/130 2857/1246/130
f 2857/1246/7 2872/1247/7 2873/1247/7 2858/1246/7
f 2858/1546/4220 2873/1547/60 2874/1547/4221 2859/1546/126
f 2859/1546/130 2874/1547/130 2871/1548/130 2856/1545/130
f 2870/1247/4311 2905/1249/130 2907/1249/130 2872/1247/130
f 2872/1247/7 2907/1249/7 2908/1249/7 2873/1247/7
f 2873/1547/130 2908/1549/130 2909/1549/130 2874/1547/130
f 2874/1547/60 2909/1549/60 2906/1550/60 2871/1548/60
f 2891/1551/4225 2906/1550/126 2909/1549/4224 2894/1551/60
f 2894/1551/130 2909/1549/130 2908/1549/130 2893/1551/130
f 2893/1252/4225 2908/1249/126 2907/1249/60 2892/1252/60
f 2892/1252/60 2907/1249/60 2905/1249/4224 2890/1252/60
f 2890/1252/4312 2985/1255/4313 2987/1255/130 2892/1252/130
f 2892/1252/4314 2987/1255/4314 2988/1255/4314 2893/1252/4314
f 2893/1551/130 2988/1552/130 2989/1552/130 2894/1551/130
f 2894/1551/60 2989/1552/60 2986/1553/60 2891/1551/60
f 2926/1554/126 2986/1553/126 2989/1552/126 2929/1555/126
f 2929/1555/4267 2989/1552/4267 2988/1552/4267 2928/1555/4267
f 2928/1257/7 2988/1255/7 2987/1255/7 2927/1257/7
f 2927/1257/130 2987/1255/130 2985/1255/4315 2925/1257/130
f 2925/1257/4209 2965/1260/4316 2967/1260/60 2927/1257/60
f 2927/1257/60 2967/1260/60 2968/1260/60 2928/1257/60
f 2928/1555/126 2968/1556/126 2969/1556/126 2929/1555/126
f 2929/1555/60 2969/1556/60 2966/1556/60 2926/1554/60
f 2951/1557/60 2966/1556/60 2969/1556/60 2954/1558/60
f 2954/1558/130 2969/1556/130 2968/1556/130 2953/1558/130
f 2953/1261/4269 2968/1260/4269 2967/1260/4269 2952/1261/4269
f 2952/1261/4268 2967/1260/4268 2965/1260/4268 2950/1261/4268
f 2950/1261/4234 3105/1264/60 3107/1264/4235 2952/1261/126
f 2952/1261/60 3107/1264/60 3108/1264/60 2953/1261/60
f 2953/1558/60 3108/1559/60 3109/1560/60 2954/1558/60
f 2954/1558/4234 3109/1560/60 3106/1561/4235 2951/1557/126
f 3006/1562/4274 3106/1561/4274 3109/1560/4274 3009/1563/4274
f 3009/1563/7 3109/1560/7 3108/1559/7 3008/1564/7
f 3008/1267/7 3108/1264/7 3107/1264/7 3007/1267/7
f 3007/1267/130 3107/1264/130 3105/1264/4317 3005/1267/4317
f 3005/1267/4318 3045/1271/60 3047/1271/60 3007/1267/60
f 3007/1267/60 3047/1271/60 3048/1271/60 3008/1267/60
f 3008/1564/60 3048/1565/60 3049/1565/60 3009/1563/60
f 3009/1563/126 3049/1565/126 3046/1565/126 3006/1562/126
f 3026/1566/4241 3046/1565/126 3049/1565/60 3029/1567/60
f 3029/1567/60 3049/1565/60 3048/1565/60 3028/1567/60
f 3028/1337/60 3048/1271/60 3047/1271/60 3027/1337/60
f 3027/1337/60 3047/1271/60 3045/1271/4240 3025/1337/60
f 3025/1337/4247 3095/1340/60 3097/1340/60 3027/1337/60
f 3027/1337/60 3097/1340/60 3098/1340/60 3028/1337/60
f 3028/1567/60 3098/1568/60 3099/1568/60 3029/1567/60
f 3029/1567/60 3099/1568/60 3096/1568/4246 3026/1566/126
f 3071/1569/4249 3096/1568/126 3099/1568/60 3074/1570/60
f 3074/1570/60 3099/1568/60 3098/1568/60 3073/1570/60
f 3073/1341/60 3098/1340/60 3097/1340/60 3072/1341/60
f 3072/1341/60 3097/1340/60 3095/1340/4248 3070/1341/60
f 3070/1341/4251 3090/1345/60 3092/1345/60 3072/1341/60
f 3072/1341/60 3092/1345/60 3093/1345/60 3073/1341/60
f 3073/1570/60 3093/1571/60 3094/1571/60 3074/1570/60
f 3074/1570/60 3094/1571/60 3091/1571/4250 3071/1569/126
f 3081/1572/4252 3091/1571/126 3094/1571/60 3084/1572/60
f 3084/1572/60 3094/1571/60 3093/1571/60 3083/1572/60
f 3083/1348/60 3093/1345/60 3092/1345/60 3082/1348/60
f 3082/1348/60 3092/1345/60 3090/1345/4253 3080/1348/60
f 3080/1348/4254 3400/1349/60 3402/1349/60 3082/1348/60
f 3082/1348/60 3402/1349/60 3403/1349/60 3083/1348/60
f 3083/1572/60 3403/1573/60 3404/1573/60 3084/1572/60
f 3084/1572/60 3404/1573/60 3401/1574/4255 3081/1572/126
f 3126/1575/4256 3401/1574/60 3404/1573/60 3129/1575/60
f 3129/1575/60 3404/1573/60 3403/1573/60 3128/1575/60
f 3128/1352/60 3403/1349/60 3402/1349/60 3127/1352/60
f 3127/1352/60 3402/1349/60 3400/1349/4257 3125/1352/126
f 3125/1352/4258 3150/1353/126 3152/1353/60 3127/1352/60
f 3127/1352/60 3152/1353/60 3153/1353/60 3128/1352/60
f 3128/1575/60 3153/1576/60 3154/1576/60 3129/1575/60
f 3129/1575/60 3154/1576/60 3151/1576/4259 3126/1575/60
f 3141/1577/4260 3151/1576/60 3154/1576/60 3144/1578/60
f 3144/1578/60 3154/1576/60 3153/1576/60 3143/1578/60
f 3143/1357/60 3153/1353/60 3152/1353/60 3142/1357/60
f 3142/1357/60 3152/1353/60 3150/1353/4261 3140/1357/126
f 3140/1357/4262 3220/1358/126 3222/1358/60 3142/1357/60
f 3142/1357/60 3222/1358/60 3223/1358/60 3143/1357/60
f 3143/1578/60 3223/1579/60 3224/1579/60 3144/1578/60
f 3144/1578/60 3224/1579/60 3221/1579/4263 3141/1577/60
f 3155/1278/4264 3221/1579/60 3224/1579/60 3157/1278/60
f 3157/1278/60 3224/1579/60 3223/1579/60 3158/1278/60
f 3158/1276/60 3223/1358/60 3222/1358/60 3159/1276/60
f 3159/1276/60 3222/1358/60 3220/1358/4265 3156/1276/126
f 5947/163/7 6150/1336/7 6153/1336/7 5959/163/7
f 5959/163/4 6153/1336/4 6152/1336/4 5960/163/4
f 5960/40/7 6152/40/7 6151/40/7 5950/40/7
f 5950/40/130 6151/40/130 6149/40/130 5945/40/130
f 5655/40/130 5883/40/130 5885/40/130 5658/40/130
f 5658/40/4 5885/40/4 5886/40/4 5659/40/4
f 5659/141/4 5886/1275/4 5887/1275/4 5666/142/4
f 5666/142/7 5887/1275/7 5884/1275/7 5656/141/7
f 5441/118/4 5480/1331/4 5483/1331/4 5444/118/4
f 5444/118/4 5483/1331/4 5482/1331/4 5445/118/4
f 5445/120/130 5482/1332/130 5481/1332/130 5452/120/130
f 5452/120/4 5481/1332/4 5479/1333/4 5442/120/4
f 5928/40/130 6154/40/130 6156/40/130 5940/40/130
f 5940/40/4 6156/40/4 6157/40/4 5941/40/4
f 5941/160/4 6157/1334/4 6158/1335/4 5931/160/4
f 5931/160/7 6158/1335/7 6155/1334/7 5926/160/7
f 5381/112/4 5417/1222/4 5419/1222/4 5393/112/4
f 5393/112/4 5419/1222/4 5420/1222/4 5394/112/4
f 5394/110/4 5420/1223/4 5421/1223/4 5384/110/4
f 5384/110/130 5421/1223/130 5418/1223/130 5379/110/130
f 5674/144/7 5879/1221/7 5882/1221/7 5677/144/7
f 5677/144/4 5882/1221/4 5881/1221/4 5678/144/4
f 5678/40/4 5881/40/4 5880/40/4 5685/40/4
f 5685/40/130 5880/40/130 5878/40/130 5675/40/130
f 1019/55/2 1055/15/2 1060/15/2 1031/55/2
f 1031/55/1 1060/15/60 1070/15/60 1032/55/60
f 1032/55/60 1070/15/60 1069/15/2 1022/55/60
f 1022/55/1 1069/15/1 1057/15/1 1017/55/1
f 981/54/4 1019/55/4 1033/55/4 993/54/4
f 993/54/4 1033/55/4 1027/55/4 994/54/4
f 994/54/4 1027/55/4 1026/55/4 984/54/4
f 984/54/4 1026/55/4 1018/55/4 979/54/4
f 980/54/2 5333/108/2 5347/108/2 988/54/2
f 988/54/2 5347/108/2 5341/108/2 989/54/2
f 989/54/2 5341/108/2 5340/108/2 995/54/2
f 995/54/2 5340/108/2 5332/108/2 981/54/2
f 2202/1580/4221 2815/1581/126 2817/1581/60 2205/1580/60
f 2205/1580/60 2817/1581/60 2818/1581/60 2204/1580/60
f 2204/1582/60 2818/1583/60 2819/1583/60 2203/1582/60
f 2203/1582/60 2819/1583/60 2816/1583/4220 2201/1582/60
f 2201/1584/7 2216/94/7 2221/94/7 2203/1584/7
f 2203/1584/4 2221/94/4 2231/94/4 2204/1584/4
f 2204/1580/4 2231/97/4 2230/97/4 2205/1580/4
f 2205/1580/130 2230/97/130 2218/97/130 2202/1580/130
f 1865/1585/4319 2218/97/4319 2232/97/130 1868/1585/130
f 1868/1585/4246 2232/97/126 2226/97/60 1867/1585/60
f 1867/1586/60 2226/96/60 2225/96/4247 1866/1586/60
f 1866/1586/7 2225/96/7 2217/95/4320 1864/1586/7
f 1864/1586/4240 1899/1587/60 1901/1587/60 1866/1586/60
f 1866/1586/60 1901/1587/60 1902/1587/60 1867/1586/60
f 1867/1585/60 1902/1588/60 1903/1588/60 1868/1585/60
f 1868/1585/60 1903/1588/60 1900/1589/4241 1865/1585/126
f 1880/1590/60 1900/1589/60 1903/1588/60 1883/1590/60
f 1883/1590/126 1903/1588/126 1902/1588/126 1882/1590/126
f 1882/1591/60 1902/1587/60 1901/1587/60 1881/1591/60
f 1881/1591/60 1901/1587/60 1899/1587/4244 1879/1591/4321
f 1879/1591/4322 2069/1592/7 2071/1592/7 1881/1591/7
f 1881/1591/130 2071/1592/130 2072/1592/130 1882/1591/130
f 1882/1590/130 2072/1593/130 2073/1593/130 1883/1590/130
f 1883/1590/7 2073/1593/7 2070/1594/7 1880/1590/7
f 1930/1595/4235 2070/1594/126 2073/1593/4234 1933/1595/60
f 1933/1595/60 2073/1593/60 2072/1593/60 1932/1595/60
f 1932/1596/126 2072/1592/126 2071/1592/126 1931/1596/126
f 1931/1596/4235 2071/1592/126 2069/1592/4234 1929/1596/60
f 1929/1596/4269 1974/1597/4269 1976/1597/4269 1931/1596/4269
f 1931/1596/4268 1976/1597/4268 1977/1597/4268 1932/1596/4268
f 1932/1595/7 1977/1598/7 1978/1598/7 1933/1595/7
f 1933/1595/60 1978/1598/60 1975/1599/60 1930/1595/60
f 1950/1600/60 1975/1599/60 1978/1598/60 1953/1600/60
f 1953/1600/60 1978/1598/60 1977/1598/60 1952/1600/60
f 1952/1601/60 1977/1597/60 1976/1597/60 1951/1601/60
f 1951/1601/60 1976/1597/60 1974/1597/4283 1949/1601/60
f 1949/1601/4269 2049/1602/4269 2051/1602/4269 1951/1601/4269
f 1951/1601/4268 2051/1602/4268 2052/1602/4268 1952/1601/4268
f 1952/1600/7 2052/1603/7 2053/1603/7 1953/1600/7
f 1953/1600/60 2053/1603/60 2050/1603/60 1950/1600/60
f 1995/1604/60 2050/1603/60 2053/1603/60 1998/1605/60
f 1998/1605/7 2053/1603/7 2052/1603/7 1997/1605/7
f 1997/1606/130 2052/1602/130 2051/1602/130 1996/1606/130
f 1996/1606/7 2051/1602/7 2049/1602/4280 1994/1606/7
f 1994/1606/4224 2029/1607/60 2031/1607/60 1996/1606/60
f 1996/1606/60 2031/1607/60 2032/1607/4225 1997/1606/126
f 1997/1605/7 2032/1608/7 2033/1608/7 1998/1605/7
f 1998/1605/4224 2033/1608/60 2030/1608/4225 1995/1604/126
f 2010/1609/60 2030/1608/60 2033/1608/60 2013/1609/60
f 2013/1609/7 2033/1608/7 2032/1608/7 2012/1609/7
f 2012/1583/4323 2032/1607/4323 2031/1607/4323 2011/1583/4323
f 2011/1583/4324 2031/1607/4324 2029/1607/4325 2009/1583/4326
f 2000/1610/7 2010/1609/7 2013/1609/7 2003/1610/7
f 2003/1610/4221 2013/1609/126 2012/1609/4220 2002/1610/60
f 2002/1582/130 2012/1583/130 2011/1583/130 2001/1582/130
f 2001/1582/7 2011/1583/7 2009/1583/4277 1999/1582/4277
f 1999/1582/4276 2024/1611/4276 2026/1611/7 2001/1582/7
f 2001/1582/130 2026/1611/130 2027/1611/130 2002/1582/130
f 2002/1610/4219 2027/1612/60 2028/1612/4218 2003/1610/126
f 2003/1610/7 2028/1612/7 2025/1612/7 2000/1610/7
f 2024/1611/4327 2039/1613/4328 2041/1613/4329 2026/1611/4329
f 2026/1611/4328 2041/1613/4328 2042/1613/4328 2027/1611/4328
f 2027/1612/7 2042/1614/7 2043/1614/7 2028/1612/7
f 2028/1612/60 2043/1614/60 2040/1614/60 2025/1612/60
f 1980/1615/4215 2040/1614/126 2043/1614/4214 1983/1616/60
f 1983/1616/7 2043/1614/7 2042/1614/7 1982/1616/7
f 1982/1617/4215 2042/1613/126 2041/1613/60 1981/1617/60
f 1981/1617/60 2041/1613/60 2039/1613/4214 1979/1617/60
f 1979/1617/4330 2064/1618/4331 2066/1618/7 1981/1617/7
f 1981/1617/130 2066/1618/130 2067/1618/130 1982/1617/130
f 1982/1616/7 2067/1619/7 2068/1619/7 1983/1616/7
f 1983/1616/60 2068/1619/60 2065/1619/60 1980/1615/60
f 1940/1620/60 2065/1619/60 2068/1619/60 1943/1620/60
f 1943/1620/7 2068/1619/7 2067/1619/7 1942/1620/7
f 1942/1621/4267 2067/1618/4267 2066/1618/4267 1941/1621/4267
f 1941/1621/133 2066/1618/133 2064/1618/133 1939/1621/133
f 1939/1621/4231 1959/1622/4270 1961/1622/60 1941/1621/60
f 1941/1621/60 1961/1622/60 1962/1622/60 1942/1621/60
f 1942/1620/60 1962/1623/60 1963/1623/60 1943/1620/60
f 1943/1620/60 1963/1623/60 1960/1624/60 1940/1620/60
f 1920/1625/60 1960/1624/60 1963/1623/60 1923/1626/60
f 1923/1626/7 1963/1623/7 1962/1623/7 1922/1626/7
f 1922/1627/4267 1962/1622/4267 1961/1622/4267 1921/1627/4267
f 1921/1627/133 1961/1622/133 1959/1622/133 1919/1627/133
f 1919/1627/4205 2079/1628/60 2081/1628/4204 1921/1627/126
f 1921/1627/60 2081/1628/60 2082/1628/60 1922/1627/60
f 1922/1626/126 2082/1629/126 2083/1630/126 1923/1626/126
f 1923/1626/4205 2083/1630/60 2080/1631/4204 1920/1625/126
f 1870/1632/7 2080/1631/7 2083/1630/7 1873/1633/7
f 1873/1633/130 2083/1630/130 2082/1629/130 1872/1634/130
f 1872/1635/130 2082/1628/130 2081/1628/130 1871/1635/130
f 1871/1635/7 2081/1628/7 2079/1628/4332 1869/1635/4332
f 1869/1635/4333 1889/1636/60 1891/1636/60 1871/1635/60
f 1871/1635/60 1891/1636/60 1892/1636/60 1872/1635/60
f 1872/1634/60 1892/1637/60 1893/1637/60 1873/1633/60
f 1873/1633/126 1893/1637/126 1890/1637/126 1870/1632/126
f 1855/1638/4242 1890/1637/126 1893/1637/60 1858/1639/60
f 1858/1639/60 1893/1637/60 1892/1637/60 1857/1639/60
f 1857/1640/60 1892/1636/60 1891/1636/60 1856/1640/60
f 1856/1640/60 1891/1636/60 1889/1636/4243 1854/1640/60
f 1854/1640/4264 1909/1641/60 1911/1641/60 1856/1640/60
f 1856/1640/60 1911/1641/60 1912/1641/60 1857/1640/60
f 1857/1639/60 1912/1642/60 1913/1642/60 1858/1639/60
f 1858/1639/60 1913/1642/60 1910/1642/4265 1855/1638/126
f 1835/1643/4262 1910/1642/126 1913/1642/60 1838/1643/60
f 1838/1643/60 1913/1642/60 1912/1642/60 1837/1643/60
f 1837/1644/60 1912/1641/60 1911/1641/60 1836/1644/60
f 1836/1644/60 1911/1641/60 1909/1641/4263 1834/1644/60
f 1834/1644/4260 1839/1645/60 1841/1645/60 1836/1644/60
f 1836/1644/60 1841/1645/60 1842/1645/60 1837/1644/60
f 1837/1643/60 1842/1646/60 1843/1646/60 1838/1643/60
f 1838/1643/60 1843/1646/60 1840/1647/4261 1835/1643/126
f 1825/1648/4258 1840/1647/126 1843/1646/60 1828/1649/60
f 1828/1649/60 1843/1646/60 1842/1646/60 1827/1649/60
f 1827/1650/60 1842/1645/60 1841/1645/60 1826/1650/60
f 1826/1650/60 1841/1645/60 1839/1645/4259 1824/1650/60
f 1824/1650/4256 2094/1651/60 2096/1651/60 1826/1650/60
f 1826/1650/60 2096/1651/60 2097/1651/60 1827/1650/60
f 1827/1649/60 2097/1652/60 2098/1652/60 1828/1649/60
f 1828/1649/60 2098/1652/60 2095/1653/4257 1825/1648/126
f 1775/1654/4254 2095/1653/60 2098/1652/60 1778/1655/60
f 1778/1655/60 2098/1652/60 2097/1652/60 1777/1655/60
f 1777/1656/60 2097/1651/60 2096/1651/60 1776/1656/60
f 1776/1656/60 2096/1651/60 2094/1651/4255 1774/1656/126
f 1774/1656/4252 1784/1657/126 1786/1657/60 1776/1656/60
f 1776/1656/60 1786/1657/60 1787/1657/60 1777/1656/60
f 1777/1655/60 1787/1658/60 1788/1658/60 1778/1655/60
f 1778/1655/60 1788/1658/60 1785/1659/4253 1775/1654/60
f 1765/1660/4251 1785/1659/60 1788/1658/60 1768/1661/60
f 1768/1661/60 1788/1658/60 1787/1658/60 1767/1661/60
f 1767/1662/60 1787/1657/60 1786/1657/60 1766/1662/60
f 1766/1662/60 1786/1657/60 1784/1657/4250 1764/1662/126
f 1764/1662/4249 1794/1663/126 1796/1663/60 1766/1662/60
f 1766/1662/60 1796/1663/60 1797/1663/60 1767/1662/60
f 1767/1661/60 1797/1664/60 1798/1664/60 1768/1661/60
f 1768/1661/60 1798/1664/60 1795/1664/4248 1765/1660/60
f 1725/1665/4247 1795/1664/60 1798/1664/60 1728/1665/60
f 1728/1665/60 1798/1664/60 1797/1664/60 1727/1665/60
f 1727/1666/60 1797/1663/60 1796/1663/60 1726/1666/60
f 1726/1666/60 1796/1663/60 1794/1663/4246 1724/1666/126
f 513/37/7 980/54/7 990/54/7 516/37/7
f 516/37/7 990/54/7 983/54/7 517/37/7
f 517/38/7 983/54/7 982/54/7 524/38/7
f 524/38/7 982/54/7 979/54/7 514/38/7
f 3706/1667/4242 3716/1668/126 3719/1668/60 3709/1669/60
f 3709/1669/60 3719/1668/60 3718/1668/60 3708/1669/60
f 3708/1640/60 3718/1670/60 3717/1670/60 3707/1640/60
f 3707/1640/60 3717/1670/60 3715/1670/4243 3705/1640/60
f 3705/1640/4264 3775/1641/60 3777/1641/60 3707/1640/60
f 3707/1640/60 3777/1641/60 3778/1641/60 3708/1640/60
f 3708/1669/60 3778/1671/60 3779/1671/60 3709/1669/60
f 3709/1669/60 3779/1671/60 3776/1672/4265 3706/1667/126
f 3686/1673/4262 3776/1672/126 3779/1671/60 3689/1673/60
f 3689/1673/60 3779/1671/60 3778/1671/60 3688/1673/60
f 3688/1644/60 3778/1641/60 3777/1641/60 3687/1644/60
f 3687/1644/60 3777/1641/60 3775/1641/4263 3685/1644/60
f 3685/1644/4260 3695/1645/60 3697/1645/60 3687/1644/60
f 3687/1644/60 3697/1645/60 3698/1645/60 3688/1644/60
f 3688/1673/60 3698/1674/60 3699/1674/60 3689/1673/60
f 3689/1673/60 3699/1674/60 3696/1675/4261 3686/1673/126
f 3681/1676/4258 3696/1675/126 3699/1674/60 3684/1677/60
f 3684/1677/60 3699/1674/60 3698/1674/60 3683/1677/60
f 3683/1650/60 3698/1645/60 3697/1645/60 3682/1650/60
f 3682/1650/60 3697/1645/60 3695/1645/4259 3680/1650/60
f 3680/1650/4256 3955/1651/60 3957/1651/60 3682/1650/60
f 3682/1650/60 3957/1651/60 3958/1651/60 3683/1650/60
f 3683/1677/60 3958/1678/60 3959/1678/60 3684/1677/60
f 3684/1677/60 3959/1678/60 3956/1679/4257 3681/1676/126
f 3631/1680/4254 3956/1679/60 3959/1678/60 3634/1680/60
f 3634/1680/60 3959/1678/60 3958/1678/60 3633/1680/60
f 3633/1656/60 3958/1651/60 3957/1651/60 3632/1656/60
f 3632/1656/60 3957/1651/60 3955/1651/4255 3630/1656/126
f 3630/1656/4252 3640/1657/126 3642/1657/60 3632/1656/60
f 3632/1656/60 3642/1657/60 3643/1657/60 3633/1656/60
f 3633/1680/60 3643/1681/60 3644/1681/60 3634/1680/60
f 3634/1680/60 3644/1681/60 3641/1681/4253 3631/1680/60
f 3621/1682/4251 3641/1681/60 3644/1681/60 3624/1683/60
f 3624/1683/60 3644/1681/60 3643/1681/60 3623/1683/60
f 3623/1662/60 3643/1657/60 3642/1657/60 3622/1662/60
f 3622/1662/60 3642/1657/60 3640/1657/4250 3620/1662/126
f 3620/1662/4249 3650/1663/126 3652/1663/60 3622/1662/60
f 3622/1662/60 3652/1663/60 3653/1663/60 3623/1662/60
f 3623/1683/60 3653/1684/60 3654/1684/60 3624/1683/60
f 3624/1683/60 3654/1684/60 3651/1684/4248 3621/1682/60
f 3576/1685/4247 3651/1684/60 3654/1684/60 3579/1685/60
f 3579/1685/60 3654/1684/60 3653/1684/60 3578/1685/60
f 3578/1666/60 3653/1663/60 3652/1663/60 3577/1666/60
f 3577/1666/60 3652/1663/60 3650/1663/4246 3575/1666/126
f 3575/1666/4241 3595/1686/126 3597/1686/60 3577/1666/60
f 3577/1666/60 3597/1686/60 3598/1686/60 3578/1666/60
f 3578/1685/60 3598/1687/60 3599/1687/60 3579/1685/60
f 3579/1685/60 3599/1687/60 3596/1687/4240 3576/1685/60
f 3556/1688/126 3596/1687/126 3599/1687/126 3559/1689/126
f 3559/1689/60 3599/1687/60 3598/1687/60 3558/1689/60
f 3558/1690/60 3598/1686/60 3597/1686/60 3557/1691/60
f 3557/1691/60 3597/1686/60 3595/1686/4245 3555/1692/4334
f 3555/1692/4335 3660/1693/7 3662/1693/7 3557/1691/7
f 3557/1691/130 3662/1693/130 3663/1693/130 3558/1690/130
f 3558/1689/130 3663/1694/130 3664/1694/130 3559/1689/130
f 3559/1689/7 3664/1694/7 3661/1694/7 3556/1688/7
f 3501/1695/4234 3661/1694/60 3664/1694/4235 3504/1695/126
f 3504/1695/126 3664/1694/126 3663/1694/126 3503/1695/126
f 3503/1696/60 3663/1693/60 3662/1693/60 3502/1696/60
f 3502/1696/4234 3662/1693/60 3660/1693/4235 3500/1696/126
f 3500/1696/133 3515/1697/133 3517/1697/133 3502/1696/133
f 3502/1696/4267 3517/1697/4267 3518/1697/4267 3503/1696/4267
f 3503/1695/7 3518/1698/7 3519/1698/7 3504/1695/7
f 3504/1695/60 3519/1698/60 3516/1699/60 3501/1695/60
f 3481/1700/60 3516/1699/60 3519/1698/60 3484/1701/60
f 3484/1701/60 3519/1698/60 3518/1698/60 3483/1701/60
f 3483/1702/60 3518/1697/60 3517/1697/60 3482/1702/60
f 3482/1702/60 3517/1697/60 3515/1697/4316 3480/1702/126
f 3480/1702/133 3535/1703/133 3537/1703/133 3482/1702/133
f 3482/1702/4267 3537/1703/4267 3538/1703/4267 3483/1702/4267
f 3483/1701/7 3538/1704/7 3539/1704/7 3484/1701/7
f 3484/1701/60 3539/1704/60 3536/1705/60 3481/1700/60
f 3436/1706/60 3536/1705/60 3539/1704/60 3439/1707/60
f 3439/1707/7 3539/1704/7 3538/1704/7 3438/1707/7
f 3438/1708/130 3538/1703/130 3537/1703/130 3437/1708/130
f 3437/1708/7 3537/1703/7 3535/1703/4313 3435/1708/7
f 3435/1708/4225 3460/1709/126 3462/1709/60 3437/1708/60
f 3437/1708/60 3462/1709/60 3463/1709/4224 3438/1708/60
f 3438/1707/7 3463/1710/7 3464/1710/7 3439/1707/7
f 3439/1707/4225 3464/1710/126 3461/1711/4224 3436/1706/60
f 3421/1712/60 3461/1711/60 3464/1710/60 3424/1712/60
f 3424/1712/7 3464/1710/7 3463/1710/7 3423/1712/7
f 3423/1713/4328 3463/1709/4328 3462/1709/4328 3422/1713/4328
f 3422/1713/4329 3462/1709/4329 3460/1709/4336 3420/1713/4337
f 3411/1714/7 3421/1712/7 3424/1712/7 3414/1715/7
f 3414/1715/4220 3424/1712/60 3423/1712/4221 3413/1715/126
f 3413/1716/130 3423/1713/130 3422/1713/130 3412/1716/130
f 3412/1716/7 3422/1713/7 3420/1713/4310 3410/1716/4310
f 3410/1716/4309 3430/1717/4309 3432/1717/7 3412/1716/7
f 3412/1716/130 3432/1717/130 3433/1717/130 3413/1716/130
f 3413/1715/4218 3433/1718/126 3434/1718/4219 3414/1715/60
f 3414/1715/7 3434/1718/7 3431/1719/7 3411/1714/7
f 3430/1717/4338 3465/1720/4323 3467/1720/4324 3432/1717/4324
f 3432/1717/4323 3467/1720/4323 3468/1720/4323 3433/1717/4323
f 3433/1718/7 3468/1721/7 3469/1721/7 3434/1718/7
f 3434/1718/60 3469/1721/60 3466/1722/60 3431/1719/60
f 3446/1723/4214 3466/1722/60 3469/1721/4215 3449/1723/126
f 3449/1723/7 3469/1721/7 3468/1721/7 3448/1723/7
f 3448/1724/4214 3468/1720/60 3467/1720/60 3447/1724/60
f 3447/1724/60 3467/1720/60 3465/1720/4215 3445/1724/126
f 3445/1724/4339 3545/1725/4340 3547/1725/7 3447/1724/7
f 3447/1724/130 3547/1725/130 3548/1725/130 3448/1724/130
f 3448/1723/7 3548/1726/7 3549/1726/7 3449/1723/7
f 3449/1723/60 3549/1726/60 3546/1726/60 3446/1723/60
f 3486/1727/60 3546/1726/60 3549/1726/60 3489/1727/60
f 3489/1727/7 3549/1726/7 3548/1726/7 3488/1727/7
f 3488/1728/4268 3548/1725/4268 3547/1725/4268 3487/1728/4268
f 3487/1728/4269 3547/1725/4269 3545/1725/4269 3485/1728/4269
f 3485/1728/4230 3530/1729/4305 3532/1729/60 3487/1728/60
f 3487/1728/60 3532/1729/60 3533/1729/60 3488/1728/60
f 3488/1727/60 3533/1730/60 3534/1730/60 3489/1727/60
f 3489/1727/60 3534/1730/60 3531/1730/60 3486/1727/60
f 3511/1731/60 3531/1730/60 3534/1730/60 3514/1731/60
f 3514/1731/7 3534/1730/7 3533/1730/7 3513/1731/7
f 3513/1732/4268 3533/1729/4268 3532/1729/4268 3512/1732/4268
f 3512/1732/4269 3532/1729/4269 3530/1729/4269 3510/1732/4269
f 3510/1732/4204 3665/1733/126 3667/1733/4205 3512/1732/60
f 3512/1732/126 3667/1733/126 3668/1733/126 3513/1732/126
f 3513/1731/60 3668/1734/60 3669/1734/60 3514/1731/60
f 3514/1731/4204 3669/1734/126 3666/1735/4205 3511/1731/60
f 3571/1736/7 3666/1735/7 3669/1734/7 3574/1737/7
f 3574/1737/130 3669/1734/130 3668/1734/130 3573/1737/130
f 3573/1738/130 3668/1733/130 3667/1733/130 3572/1738/130
f 3572/1738/7 3667/1733/7 3665/1733/4341 3570/1738/4341
f 3570/1738/4342 3605/1739/126 3607/1739/60 3572/1738/60
f 3572/1738/60 3607/1739/60 3608/1739/60 3573/1738/60
f 3573/1737/126 3608/1740/126 3609/1740/126 3574/1737/126
f 3574/1737/60 3609/1740/60 3606/1740/60 3571/1736/60
f 3586/1741/4243 3606/1740/60 3609/1740/60 3589/1741/60
f 3589/1741/60 3609/1740/60 3608/1740/60 3588/1741/60
f 3588/1742/60 3608/1739/60 3607/1739/60 3587/1742/60
f 3587/1742/60 3607/1739/60 3605/1739/4242 3585/1742/126
f 3585/1742/4343 4038/103/4344 4043/103/7 3587/1742/7
f 3587/1742/4265 4043/103/126 4053/103/60 3588/1742/60
f 3588/1741/60 4053/104/60 4052/104/4264 3589/1741/60
f 3589/1741/130 4052/104/130 4040/104/4319 3586/1741/7
f 4039/92/7 4086/1743/7 4088/1743/7 4047/92/7
f 4047/92/4 4088/1743/4 4089/1743/4 4048/92/4
f 4048/104/4 4089/1744/4 4090/1744/4 4054/104/4
f 4054/104/130 4090/1744/130 4087/1744/130 4040/104/130
f 4086/1716/4218 4471/1717/126 4473/1717/60 4088/1716/60
f 4088/1716/60 4473/1717/60 4474/1717/60 4089/1716/60
f 4089/1744/60 4474/1745/60 4475/1745/60 4090/1744/60
f 4090/1744/60 4475/1745/60 4472/1745/4219 4087/1744/60
f 4462/1746/4217 4472/1745/60 4475/1745/60 4465/1747/60
f 4465/1747/60 4475/1745/60 4474/1745/60 4464/1747/60
f 4464/1720/60 4474/1717/60 4473/1717/60 4463/1720/60
f 4463/1720/60 4473/1717/60 4471/1717/4216 4461/1720/126
f 4461/1720/4296 4506/1724/126 4508/1724/60 4463/1720/60
f 4463/1720/60 4508/1724/60 4509/1724/60 4464/1720/60
f 4464/1747/60 4509/1748/60 4510/1748/60 4465/1747/60
f 4465/1747/60 4510/1748/60 4507/1749/4297 4462/1746/60
f 4497/1750/4213 4507/1749/60 4510/1748/60 4500/1751/60
f 4500/1751/60 4510/1748/60 4509/1748/60 4499/1751/60
f 4499/1725/60 4509/1724/60 4508/1724/60 4498/1725/60
f 4498/1725/60 4508/1724/60 4506/1724/4212 4496/1725/126
f 4487/1752/4210 4497/1750/60 4500/1751/60 4490/1752/60
f 4490/1752/60 4500/1751/60 4499/1751/60 4489/1752/60
f 4489/1728/60 4499/1725/60 4498/1725/60 4488/1728/60
f 4488/1728/60 4498/1725/60 4496/1725/4211 4486/1728/126
f 4486/1728/4208 4516/1729/126 4518/1729/60 4488/1728/60
f 4488/1728/60 4518/1729/60 4519/1729/60 4489/1728/60
f 4489/1752/60 4519/1753/60 4520/1753/60 4490/1752/60
f 4490/1752/60 4520/1753/60 4517/1754/4209 4487/1752/60
f 4516/1729/4207 4526/1732/126 4528/1732/60 4518/1729/60
f 4518/1729/60 4528/1732/60 4529/1732/60 4519/1729/60
f 4519/1753/60 4529/1755/60 4530/1755/60 4520/1753/60
f 4520/1753/60 4530/1755/60 4527/1755/4206 4517/1754/60
f 4526/1732/4204 4541/1733/126 4543/1733/60 4528/1732/60
f 4528/1732/60 4543/1733/60 4544/1733/60 4529/1732/60
f 4529/1755/60 4544/1756/60 4545/1756/60 4530/1755/60
f 4530/1755/60 4545/1756/60 4542/1757/4205 4527/1755/60
f 4532/1758/4202 4542/1757/60 4545/1756/60 4535/1758/60
f 4535/1758/60 4545/1756/60 4544/1756/60 4534/1758/60
f 4534/1738/60 4544/1733/60 4543/1733/60 4533/1738/60
f 4533/1738/60 4543/1733/60 4541/1733/4203 4531/1738/126
f 4531/1738/4245 4571/1739/126 4573/1739/60 4533/1738/60
f 4533/1738/60 4573/1739/60 4574/1739/60 4534/1738/60
f 4534/1758/60 4574/1759/60 4575/1759/60 4535/1758/60
f 4535/1758/60 4575/1759/60 4572/1759/4244 4532/1758/60
f 4562/1760/4243 4572/1759/60 4575/1759/60 4565/1760/60
f 4565/1760/60 4575/1759/60 4574/1759/60 4564/1760/60
f 4564/1742/60 4574/1739/60 4573/1739/60 4563/1742/60
f 4563/1742/60 4573/1739/60 4571/1739/4242 4561/1742/126
f 4552/1761/4264 4562/1760/60 4565/1760/60 4555/1762/60
f 4555/1762/60 4565/1760/60 4564/1760/60 4554/1762/60
f 4554/1763/60 4564/1742/60 4563/1742/60 4553/1763/60
f 4553/1763/60 4563/1742/60 4561/1742/4265 4551/1763/126
f 4551/1763/4262 4586/1764/126 4588/1764/60 4553/1763/60
f 4553/1763/60 4588/1764/60 4589/1764/60 4554/1763/60
f 4554/1762/60 4589/1765/60 4590/1765/60 4555/1762/60
f 4555/1762/60 4590/1765/60 4587/1766/4263 4552/1761/60
f 4586/1764/4261 4591/1767/126 4593/1767/60 4588/1764/60
f 4588/1764/60 4593/1767/60 4594/1767/60 4589/1764/60
f 4589/1765/60 4594/1768/60 4595/1768/60 4590/1765/60
f 4590/1765/60 4595/1768/60 4592/1769/4260 4587/1766/60
f 4591/1767/4258 4611/1770/126 4613/1770/60 4593/1767/60
f 4593/1767/60 4613/1770/60 4614/1770/60 4594/1767/60
f 4594/1768/60 4614/1771/60 4615/1771/60 4595/1768/60
f 4595/1768/60 4615/1771/60 4612/1771/4259 4592/1769/60
f 4602/1772/4256 4612/1771/60 4615/1771/60 4605/1772/60
f 4605/1772/60 4615/1771/60 4614/1771/60 4604/1772/60
f 4604/1773/60 4614/1770/60 4613/1770/60 4603/1773/60
f 4603/1773/60 4613/1770/60 4611/1770/4257 4601/1773/126
f 4601/1774/4254 4646/1775/60 4648/1775/60 4603/1774/60
f 4603/1774/60 4648/1775/60 4649/1775/60 4604/1774/60
f 4604/1772/60 4649/1776/60 4650/1776/60 4605/1772/60
f 4605/1772/60 4650/1776/60 4647/1776/4255 4602/1772/126
f 4632/1777/4252 4647/1776/126 4650/1776/60 4635/1777/60
f 4635/1777/60 4650/1776/60 4649/1776/60 4634/1777/60
f 4634/1778/60 4649/1775/60 4648/1775/60 4633/1778/60
f 4633/1778/60 4648/1775/60 4646/1775/4253 4631/1778/60
f 4622/1779/4250 4632/1777/126 4635/1777/60 4625/1779/60
f 4625/1779/60 4635/1777/60 4634/1777/60 4624/1779/60
f 4624/1780/60 4634/1778/60 4633/1778/60 4623/1780/60
f 4623/1780/60 4633/1778/60 4631/1778/4251 4621/1780/60
f 4621/1780/4248 4716/1781/60 4718/1781/60 4623/1780/60
f 4623/1780/60 4718/1781/60 4719/1781/60 4624/1780/60
f 4624/1779/60 4719/1782/60 4720/1782/60 4625/1779/60
f 4625/1779/60 4720/1782/60 4717/1782/4249 4622/1779/126
f 4657/1783/4246 4717/1782/126 4720/1782/60 4660/1784/60
f 4660/1784/60 4720/1782/60 4719/1782/60 4659/1784/60
f 4659/1586/60 4719/1781/60 4718/1781/60 4658/1586/60
f 4658/1586/60 4718/1781/60 4716/1781/4247 4656/1586/60
f 4656/1586/4240 4676/1587/60 4678/1587/60 4658/1586/60
f 4658/1586/60 4678/1587/60 4679/1587/60 4659/1586/60
f 4659/1784/60 4679/1785/60 4680/1785/60 4660/1784/60
f 4660/1784/60 4680/1785/60 4677/1786/4241 4657/1783/126
f 4667/1787/4238 4677/1786/126 4680/1785/60 4670/1787/60
f 4670/1787/60 4680/1785/60 4679/1785/60 4669/1787/60
f 4669/1591/60 4679/1587/60 4678/1587/60 4668/1591/60
f 4668/1591/60 4678/1587/60 4676/1587/4239 4666/1591/60
f 4666/1591/4236 4706/1592/60 4708/1592/60 4668/1591/60
f 4668/1591/60 4708/1592/60 4709/1592/60 4669/1591/60
f 4669/1787/60 4709/1788/60 4710/1788/60 4670/1787/60
f 4670/1787/60 4710/1788/60 4707/1789/4237 4667/1787/126
f 4687/1790/4235 4707/1789/126 4710/1788/60 4690/1791/60
f 4690/1791/60 4710/1788/60 4709/1788/60 4689/1791/60
f 4689/1596/60 4709/1592/60 4708/1592/60 4688/1596/60
f 4688/1596/60 4708/1592/60 4706/1592/4234 4686/1596/60
f 4686/1596/4232 4696/1597/60 4698/1597/60 4688/1596/60
f 4688/1596/60 4698/1597/60 4699/1597/60 4689/1596/60
f 4689/1791/60 4699/1792/60 4700/1792/60 4690/1791/60
f 4690/1791/60 4700/1792/60 4697/1793/4233 4687/1790/126
f 4427/1794/4230 4697/1793/126 4700/1792/60 4430/1795/60
f 4430/1795/60 4700/1792/60 4699/1792/60 4429/1795/60
f 4429/1601/60 4699/1597/60 4698/1597/60 4428/1601/60
f 4428/1601/60 4698/1597/60 4696/1597/4231 4426/1601/60
f 4412/1796/4229 4427/1794/126 4430/1795/60 4415/1796/60
f 4415/1796/60 4430/1795/60 4429/1795/60 4414/1796/60
f 4414/1602/60 4429/1601/60 4428/1601/60 4413/1602/60
f 4413/1602/60 4428/1601/60 4426/1601/4228 4411/1602/60
f 4411/1602/4226 4451/1606/60 4453/1606/60 4413/1602/60
f 4413/1602/60 4453/1606/60 4454/1606/60 4414/1602/60
f 4414/1796/60 4454/1797/60 4455/1797/60 4415/1796/60
f 4415/1796/60 4455/1797/60 4452/1798/4227 4412/1796/126
f 4432/1799/4290 4452/1798/126 4455/1797/60 4435/1800/60
f 4435/1800/60 4455/1797/60 4454/1797/60 4434/1800/60
f 4434/1607/60 4454/1606/60 4453/1606/60 4433/1607/60
f 4433/1607/60 4453/1606/60 4451/1606/4291 4431/1607/60
f 4431/1607/4222 4441/1583/60 4443/1583/60 4433/1607/60
f 4433/1607/60 4443/1583/60 4444/1583/60 4434/1607/60
f 4434/1800/60 4444/1801/60 4445/1801/60 4435/1800/60
f 4435/1800/60 4445/1801/60 4442/1802/4223 4432/1799/126
f 4092/1803/4221 4442/1802/126 4445/1801/60 4095/1803/60
f 4095/1803/60 4445/1801/60 4444/1801/60 4094/1803/60
f 4094/1582/60 4444/1583/60 4443/1583/60 4093/1582/60
f 4093/1582/60 4443/1583/60 4441/1583/4220 4091/1582/60
f 4064/107/130 4092/1803/130 4095/1803/130 4076/107/130
f 4076/107/4 4095/1803/4 4094/1803/4 4077/107/4
f 4077/94/4 4094/1584/4 4093/1584/4 4067/94/4
f 4067/94/7 4093/1584/7 4091/1584/7 4062/94/7
f 3726/1804/4319 4064/107/4319 4078/107/130 3729/1804/130
f 3729/1804/4246 4078/107/126 4072/107/60 3728/1804/60
f 3728/1586/60 4072/106/60 4071/106/4247 3727/1586/60
f 3727/1586/7 4071/106/7 4063/105/4320 3725/1586/7
f 3725/1586/4240 3770/1587/60 3772/1587/60 3727/1586/60
f 3727/1586/60 3772/1587/60 3773/1587/60 3728/1586/60
f 3728/1804/60 3773/1805/60 3774/1805/60 3729/1804/60
f 3729/1804/60 3774/1805/60 3771/1806/4241 3726/1804/126
f 3751/1807/4238 3771/1806/126 3774/1805/60 3754/1807/60
f 3754/1807/60 3774/1805/60 3773/1805/60 3753/1807/60
f 3753/1591/60 3773/1587/60 3772/1587/60 3752/1591/60
f 3752/1591/60 3772/1587/60 3770/1587/4239 3750/1591/60
f 879/41/7 1018/55/7 1028/55/7 882/41/7
f 882/41/130 1028/55/60 1021/55/60 883/41/60
f 883/42/60 1021/55/60 1020/55/7 890/42/60
f 890/42/130 1020/55/130 1017/55/130 880/42/130
f 1735/1808/4244 1749/1809/60 1751/1809/60 1738/1810/60
f 1738/1810/60 1751/1809/60 1752/1809/60 1737/1810/60
f 1737/1739/60 1752/1738/60 1753/1738/60 1736/1739/60
f 1736/1739/60 1753/1738/60 1750/1738/4245 1734/1739/126
f 1734/1739/4242 1799/1742/126 1801/1742/60 1736/1739/60
f 1736/1739/60 1801/1742/60 1802/1742/60 1737/1739/60
f 1737/1810/60 1802/1811/60 1803/1811/60 1738/1810/60
f 1738/1810/60 1803/1811/60 1800/1812/4243 1735/1808/60
f 1799/1742/4343 2172/91/4344 2177/91/7 1801/1742/7
f 1801/1742/4265 2177/91/126 2187/91/60 1802/1742/60
f 1802/1811/60 2187/93/60 2186/93/4264 1803/1811/60
f 1803/1811/130 2186/93/130 2174/93/4319 1800/1812/7
f 2173/92/7 2191/1743/7 2193/1743/7 2181/92/7
f 2181/92/4 2193/1743/4 2194/1743/4 2182/92/4
f 2182/93/4 2194/1813/4 2195/1813/4 2188/93/4
f 2188/93/130 2195/1813/130 2192/1813/130 2174/93/130
f 2191/1716/4218 2560/1717/126 2562/1717/60 2193/1716/60
f 2193/1716/60 2562/1717/60 2563/1717/60 2194/1716/60
f 2194/1813/60 2563/1814/60 2564/1814/60 2195/1813/60
f 2195/1813/60 2564/1814/60 2561/1815/4219 2192/1813/60
f 2551/1816/4217 2561/1815/60 2564/1814/60 2554/1816/60
f 2554/1816/60 2564/1814/60 2563/1814/60 2553/1816/60
f 2553/1720/60 2563/1717/60 2562/1717/60 2552/1720/60
f 2552/1720/60 2562/1717/60 2560/1717/4216 2550/1720/126
f 2550/1720/4296 2585/1724/126 2587/1724/60 2552/1720/60
f 2552/1720/60 2587/1724/60 2588/1724/60 2553/1720/60
f 2553/1816/60 2588/1817/60 2589/1817/60 2554/1816/60
f 2554/1816/60 2589/1817/60 2586/1817/4297 2551/1816/60
f 2581/1818/4213 2586/1817/60 2589/1817/60 2584/1819/60
f 2584/1819/60 2589/1817/60 2588/1817/60 2583/1819/60
f 2583/1725/60 2588/1724/60 2587/1724/60 2582/1725/60
f 2582/1725/60 2587/1724/60 2585/1724/4212 2580/1725/126
f 2571/1820/4210 2581/1818/60 2584/1819/60 2574/1821/60
f 2574/1821/60 2584/1819/60 2583/1819/60 2573/1821/60
f 2573/1728/60 2583/1725/60 2582/1725/60 2572/1728/60
f 2572/1728/60 2582/1725/60 2580/1725/4211 2570/1728/126
f 2570/1728/4208 2605/1729/126 2607/1729/60 2572/1728/60
f 2572/1728/60 2607/1729/60 2608/1729/60 2573/1728/60
f 2573/1821/60 2608/1822/60 2609/1822/60 2574/1821/60
f 2574/1821/60 2609/1822/60 2606/1822/4209 2571/1820/60
f 2601/1823/4206 2606/1822/60 2609/1822/60 2604/1824/60
f 2604/1824/60 2609/1822/60 2608/1822/60 2603/1824/60
f 2603/1732/60 2608/1729/60 2607/1729/60 2602/1732/60
f 2602/1732/60 2607/1729/60 2605/1729/4207 2600/1732/126
f 2600/1732/4204 2635/1733/126 2637/1733/60 2602/1732/60
f 2602/1732/60 2637/1733/60 2638/1733/60 2603/1732/60
f 2603/1824/60 2638/1825/60 2639/1825/60 2604/1824/60
f 2604/1824/60 2639/1825/60 2636/1826/4205 2601/1823/60
f 2626/1827/4202 2636/1826/60 2639/1825/60 2629/1828/60
f 2629/1828/60 2639/1825/60 2638/1825/60 2628/1828/60
f 2628/1738/60 2638/1733/60 2637/1733/60 2627/1738/60
f 2627/1738/60 2637/1733/60 2635/1733/4203 2625/1738/126
f 2616/1829/4244 2626/1827/60 2629/1828/60 2619/1830/60
f 2619/1830/60 2629/1828/60 2628/1828/60 2618/1830/60
f 2618/1739/60 2628/1738/60 2627/1738/60 2617/1739/60
f 2617/1739/60 2627/1738/60 2625/1738/4245 2615/1739/126
f 2615/1739/4242 2645/1742/126 2647/1742/60 2617/1739/60
f 2617/1739/60 2647/1742/60 2648/1742/60 2618/1739/60
f 2618/1830/60 2648/1831/60 2649/1831/60 2619/1830/60
f 2619/1830/60 2649/1831/60 2646/1831/4243 2616/1829/60
f 2645/1742/4265 2655/1763/126 2657/1763/60 2647/1742/60
f 2647/1742/60 2657/1763/60 2658/1763/60 2648/1742/60
f 2648/1831/60 2658/1832/60 2659/1832/60 2649/1831/60
f 2649/1831/60 2659/1832/60 2656/1832/4264 2646/1831/60
f 2655/1763/4262 2675/1764/126 2677/1764/60 2657/1763/60
f 2657/1763/60 2677/1764/60 2678/1764/60 2658/1763/60
f 2658/1832/60 2678/1833/60 2679/1833/60 2659/1832/60
f 2659/1832/60 2679/1833/60 2676/1834/4263 2656/1832/60
f 2666/1835/4260 2676/1834/60 2679/1833/60 2669/1835/60
f 2669/1835/60 2679/1833/60 2678/1833/60 2668/1835/60
f 2668/1767/60 2678/1764/60 2677/1764/60 2667/1767/60
f 2667/1767/60 2677/1764/60 2675/1764/4261 2665/1767/126
f 2665/1767/4258 2705/1770/126 2707/1770/60 2667/1767/60
f 2667/1767/60 2707/1770/60 2708/1770/60 2668/1767/60
f 2668/1835/60 2708/1836/60 2709/1836/60 2669/1835/60
f 2669/1835/60 2709/1836/60 2706/1837/4259 2666/1835/60
f 2696/1838/4256 2706/1837/60 2709/1836/60 2699/1838/60
f 2699/1838/60 2709/1836/60 2708/1836/60 2698/1838/60
f 2698/1773/60 2708/1770/60 2707/1770/60 2697/1773/60
f 2697/1773/60 2707/1770/60 2705/1770/4257 2695/1773/126
f 2686/1839/4255 2696/1838/126 2699/1838/60 2689/1840/60
f 2689/1840/60 2699/1838/60 2698/1838/60 2688/1840/60
f 2688/1775/60 2698/1774/60 2697/1774/60 2687/1775/60
f 2687/1775/60 2697/1774/60 2695/1774/4254 2685/1775/60
f 2685/1775/4253 2845/1778/60 2847/1778/60 2687/1775/60
f 2687/1775/60 2847/1778/60 2848/1778/60 2688/1775/60
f 2688/1840/60 2848/1841/60 2849/1841/60 2689/1840/60
f 2689/1840/60 2849/1841/60 2846/1841/4252 2686/1839/126
f 2721/1842/4250 2846/1841/126 2849/1841/60 2724/1842/60
f 2724/1842/60 2849/1841/60 2848/1841/60 2723/1842/60
f 2723/1780/60 2848/1778/60 2847/1778/60 2722/1780/60
f 2722/1780/60 2847/1778/60 2845/1778/4251 2720/1780/60
f 2720/1780/4248 2740/1781/60 2742/1781/60 2722/1780/60
f 2722/1780/60 2742/1781/60 2743/1781/60 2723/1780/60
f 2723/1842/60 2743/1843/60 2744/1843/60 2724/1842/60
f 2724/1842/60 2744/1843/60 2741/1843/4249 2721/1842/126
f 2726/1844/4246 2741/1843/126 2744/1843/60 2729/1845/60
f 2729/1845/60 2744/1843/60 2743/1843/60 2728/1845/60
f 2728/1586/60 2743/1781/60 2742/1781/60 2727/1586/60
f 2727/1586/60 2742/1781/60 2740/1781/4247 2725/1586/60
f 2725/1586/4240 2765/1587/60 2767/1587/60 2727/1586/60
f 2727/1586/60 2767/1587/60 2768/1587/60 2728/1586/60
f 2728/1845/60 2768/1846/60 2769/1846/60 2729/1845/60
f 2729/1845/60 2769/1846/60 2766/1846/4241 2726/1844/126
f 2756/1847/4238 2766/1846/126 2769/1846/60 2759/1847/60
f 2759/1847/60 2769/1846/60 2768/1846/60 2758/1847/60
f 2758/1591/60 2768/1587/60 2767/1587/60 2757/1591/60
f 2757/1591/60 2767/1587/60 2765/1587/4239 2755/1591/60
f 2751/1848/4237 2756/1847/126 2759/1847/60 2754/1849/60
f 2754/1849/60 2759/1847/60 2758/1847/60 2753/1849/60
f 2753/1592/60 2758/1591/60 2757/1591/60 2752/1592/60
f 2752/1592/60 2757/1591/60 2755/1591/4236 2750/1592/60
f 2750/1592/4234 2840/1596/60 2842/1596/60 2752/1592/60
f 2752/1592/60 2842/1596/60 2843/1596/60 2753/1592/60
f 2753/1849/60 2843/1850/60 2844/1850/60 2754/1849/60
f 2754/1849/60 2844/1850/60 2841/1850/4235 2751/1848/126
f 2781/1851/4233 2841/1850/126 2844/1850/60 2784/1851/60
f 2784/1851/60 2844/1850/60 2843/1850/60 2783/1851/60
f 2783/1597/60 2843/1596/60 2842/1596/60 2782/1597/60
f 2782/1597/60 2842/1596/60 2840/1596/4232 2780/1597/60
f 2780/1597/4231 2800/1601/60 2802/1601/60 2782/1597/60
f 2782/1597/60 2802/1601/60 2803/1601/60 2783/1597/60
f 2783/1851/60 2803/1852/60 2804/1852/60 2784/1851/60
f 2784/1851/60 2804/1852/60 2801/1852/4230 2781/1851/126
f 2791/1853/4229 2801/1852/126 2804/1852/60 2794/1854/60
f 2794/1854/60 2804/1852/60 2803/1852/60 2793/1854/60
f 2793/1602/60 2803/1601/60 2802/1601/60 2792/1602/60
f 2792/1602/60 2802/1601/60 2800/1601/4228 2790/1602/60
f 2790/1602/4226 2825/1606/60 2827/1606/60 2792/1602/60
f 2792/1602/60 2827/1606/60 2828/1606/60 2793/1602/60
f 2793/1854/60 2828/1855/60 2829/1855/60 2794/1854/60
f 2794/1854/60 2829/1855/60 2826/1855/4227 2791/1853/126
f 2806/1856/4290 2826/1855/126 2829/1855/60 2809/1856/60
f 2809/1856/60 2829/1855/60 2828/1855/60 2808/1856/60
f 2808/1607/60 2828/1606/60 2827/1606/60 2807/1607/60
f 2807/1607/60 2827/1606/60 2825/1606/4291 2805/1607/60
f 2805/1607/4222 2816/1583/60 2819/1583/60 2807/1607/60
f 2807/1607/60 2819/1583/60 2818/1583/60 2808/1607/60
f 2808/1856/60 2818/1581/60 2817/1581/60 2809/1856/60
f 2809/1856/60 2817/1581/60 2815/1581/4223 2806/1856/126
f 3736/1635/4244 3760/1636/60 3762/1636/60 3739/1635/60
f 3739/1635/60 3762/1636/60 3763/1636/60 3738/1635/60
f 3738/1857/60 3763/1858/60 3764/1858/60 3737/1857/60
f 3737/1857/60 3764/1858/60 3761/1859/4245 3735/1860/126
f 3716/1668/4242 3761/1859/126 3764/1858/60 3719/1668/60
f 3719/1668/60 3764/1858/60 3763/1858/60 3718/1668/60
f 3718/1670/60 3763/1636/60 3762/1636/60 3717/1670/60
f 3717/1670/60 3762/1636/60 3760/1636/4243 3715/1670/60
f 3750/1591/4236 3945/1592/60 3947/1592/60 3752/1591/60
f 3752/1591/60 3947/1592/60 3948/1592/60 3753/1591/60
f 3753/1807/60 3948/1861/60 3949/1861/60 3754/1807/60
f 3754/1807/60 3949/1861/60 3946/1862/4237 3751/1807/126
f 3796/1863/4235 3946/1862/126 3949/1861/60 3799/1864/60
f 3799/1864/60 3949/1861/60 3948/1861/60 3798/1864/60
f 3798/1596/60 3948/1592/60 3947/1592/60 3797/1596/60
f 3797/1596/60 3947/1592/60 3945/1592/4234 3795/1596/60
f 3795/1596/4232 3835/1597/60 3837/1597/60 3797/1596/60
f 3797/1596/60 3837/1597/60 3838/1597/60 3798/1596/60
f 3798/1864/60 3838/1865/60 3839/1865/60 3799/1864/60
f 3799/1864/60 3839/1865/60 3836/1866/4233 3796/1863/126
f 3821/1867/4230 3836/1866/126 3839/1865/60 3824/1868/60
f 3824/1868/60 3839/1865/60 3838/1865/60 3823/1868/60
f 3823/1601/60 3838/1597/60 3837/1597/60 3822/1601/60
f 3822/1601/60 3837/1597/60 3835/1597/4231 3820/1601/60
f 3820/1601/4228 3925/1602/60 3927/1602/60 3822/1601/60
f 3822/1601/60 3927/1602/60 3928/1602/60 3823/1601/60
f 3823/1868/60 3928/1869/60 3929/1869/60 3824/1868/60
f 3824/1868/60 3929/1869/60 3926/1870/4229 3821/1867/126
f 3856/1871/4227 3926/1870/126 3929/1869/60 3859/1871/60
f 3859/1871/60 3929/1869/60 3928/1869/60 3858/1871/60
f 3858/1606/60 3928/1602/60 3927/1602/60 3857/1606/60
f 3857/1606/60 3927/1602/60 3925/1602/4226 3855/1606/60
f 3855/1606/4224 3910/1607/60 3912/1607/60 3857/1606/60
f 3857/1606/60 3912/1607/60 3913/1607/60 3858/1606/60
f 3858/1871/60 3913/1872/60 3914/1872/60 3859/1871/60
f 3859/1871/60 3914/1872/60 3911/1873/4225 3856/1871/126
f 3891/1874/4223 3911/1873/126 3914/1872/60 3894/1874/60
f 3894/1874/60 3914/1872/60 3913/1872/60 3893/1874/60
f 3893/1583/60 3913/1607/60 3912/1607/60 3892/1583/60
f 3892/1583/60 3912/1607/60 3910/1607/4222 3890/1583/60
f 3866/1875/4221 3891/1874/126 3894/1874/60 3869/1876/60
f 3869/1876/60 3894/1874/60 3893/1874/60 3868/1876/60
f 3868/1582/60 3893/1583/60 3892/1583/60 3867/1582/60
f 3867/1582/60 3892/1583/60 3890/1583/4220 3865/1582/60
f 3865/1582/4219 3875/1611/60 3877/1611/60 3867/1582/60
f 3867/1582/60 3877/1611/60 3878/1611/60 3868/1582/60
f 3868/1876/60 3878/1877/60 3879/1877/60 3869/1876/60
f 3869/1876/60 3879/1877/60 3876/1877/4218 3866/1875/126
f 3875/1611/4217 3900/1613/60 3902/1613/60 3877/1611/60
f 3877/1611/60 3902/1613/60 3903/1613/60 3878/1611/60
f 3878/1877/60 3903/1878/60 3904/1878/60 3879/1877/60
f 3879/1877/60 3904/1878/60 3901/1878/4216 3876/1877/126
f 3846/1879/4215 3901/1878/126 3904/1878/60 3849/1880/60
f 3849/1880/60 3904/1878/60 3903/1878/60 3848/1880/60
f 3848/1617/60 3903/1613/60 3902/1613/60 3847/1617/60
f 3847/1617/60 3902/1613/60 3900/1613/4214 3845/1617/60
f 3845/1617/4213 3915/1618/60 3917/1618/60 3847/1617/60
f 3847/1617/60 3917/1618/60 3918/1618/60 3848/1617/60
f 3848/1880/60 3918/1881/60 3919/1881/60 3849/1880/60
f 3849/1880/60 3919/1881/60 3916/1881/4212 3846/1879/126
f 3806/1882/4211 3916/1881/126 3919/1881/60 3809/1883/60
f 3809/1883/60 3919/1881/60 3918/1881/60 3808/1883/60
f 3808/1621/60 3918/1618/60 3917/1618/60 3807/1621/60
f 3807/1621/60 3917/1618/60 3915/1618/4210 3805/1621/60
f 3805/1621/4209 3825/1622/60 3827/1622/60 3807/1621/60
f 3807/1621/60 3827/1622/60 3828/1622/60 3808/1621/60
f 3808/1883/60 3828/1884/60 3829/1884/60 3809/1883/60
f 3809/1883/60 3829/1884/60 3826/1884/4208 3806/1882/126
f 3786/1885/4207 3826/1884/126 3829/1884/60 3789/1885/60
f 3789/1885/60 3829/1884/60 3828/1884/60 3788/1885/60
f 3788/1627/60 3828/1622/60 3827/1622/60 3787/1627/60
f 3787/1627/60 3827/1622/60 3825/1622/4206 3785/1627/60
f 3785/1627/4205 3935/1628/60 3937/1628/60 3787/1627/60
f 3787/1627/60 3937/1628/60 3938/1628/60 3788/1627/60
f 3788/1885/60 3938/1886/60 3939/1886/60 3789/1885/60
f 3789/1885/60 3939/1886/60 3936/1887/4204 3786/1885/126
f 3735/1860/4203 3936/1887/126 3939/1886/60 3737/1857/60
f 3737/1857/60 3939/1886/60 3938/1886/60 3738/1857/60
f 3738/1635/60 3938/1628/60 3937/1628/60 3739/1635/60
f 3739/1635/60 3937/1628/60 3935/1628/4202 3736/1635/60
f 1695/1732/4204 1709/1733/126 1711/1733/60 1698/1732/60
f 1698/1732/60 1711/1733/60 1712/1733/60 1697/1732/60
f 1697/1888/60 1712/1889/60 1713/1889/60 1696/1888/60
f 1696/1888/60 1713/1889/60 1710/1890/4205 1694/1891/60
f 1709/1733/4203 1750/1738/126 1753/1738/60 1711/1733/60
f 1711/1733/60 1753/1738/60 1752/1738/60 1712/1733/60
f 1712/1889/60 1752/1809/60 1751/1809/60 1713/1889/60
f 1713/1889/60 1751/1809/60 1749/1809/4202 1710/1890/60
f 1724/1666/4241 1739/1686/126 1741/1686/60 1726/1666/60
f 1726/1666/60 1741/1686/60 1742/1686/60 1727/1666/60
f 1727/1665/60 1742/1892/60 1743/1892/60 1728/1665/60
f 1728/1665/60 1743/1892/60 1740/1892/4240 1725/1665/60
f 1700/1893/4239 1740/1892/60 1743/1892/60 1703/1894/60
f 1703/1894/60 1743/1892/60 1742/1892/60 1702/1894/60
f 1702/1692/60 1742/1686/60 1741/1686/60 1701/1692/60
f 1701/1692/60 1741/1686/60 1739/1686/4238 1699/1692/126
f 1699/1692/4237 1814/1693/126 1816/1693/60 1701/1692/60
f 1701/1692/60 1816/1693/60 1817/1693/60 1702/1692/60
f 1702/1894/60 1817/1895/60 1818/1895/60 1703/1894/60
f 1703/1894/60 1818/1895/60 1815/1896/4236 1700/1893/60
f 1640/1897/4234 1815/1896/60 1818/1895/60 1643/1897/60
f 1643/1897/60 1818/1895/60 1817/1895/60 1642/1897/60
f 1642/1696/60 1817/1693/60 1816/1693/60 1641/1696/60
f 1641/1696/60 1816/1693/60 1814/1693/4235 1639/1696/126
f 1639/1696/4233 1659/1697/126 1661/1697/60 1641/1696/60
f 1641/1696/60 1661/1697/60 1662/1697/60 1642/1696/60
f 1642/1897/60 1662/1898/60 1663/1898/60 1643/1897/60
f 1643/1897/60 1663/1898/60 1660/1898/4232 1640/1897/60
f 1620/1899/4231 1660/1898/60 1663/1898/60 1623/1899/60
f 1623/1899/60 1663/1898/60 1662/1898/60 1622/1899/60
f 1622/1702/60 1662/1697/60 1661/1697/60 1621/1702/60
f 1621/1702/60 1661/1697/60 1659/1697/4230 1619/1702/126
f 1619/1702/4229 1679/1703/126 1681/1703/60 1621/1702/60
f 1621/1702/60 1681/1703/60 1682/1703/60 1622/1702/60
f 1622/1899/60 1682/1900/60 1683/1900/60 1623/1899/60
f 1623/1899/60 1683/1900/60 1680/1900/4228 1620/1899/60
f 1585/1901/4226 1680/1900/60 1683/1900/60 1588/1902/60
f 1588/1902/60 1683/1900/60 1682/1900/60 1587/1902/60
f 1587/1708/60 1682/1703/60 1681/1703/60 1586/1708/60
f 1586/1708/60 1681/1703/60 1679/1703/4227 1584/1708/126
f 1584/1708/4225 1599/1709/126 1601/1709/60 1586/1708/60
f 1586/1708/60 1601/1709/60 1602/1709/60 1587/1708/60
f 1587/1902/60 1602/1903/60 1603/1903/60 1588/1902/60
f 1588/1902/60 1603/1903/60 1600/1904/4224 1585/1901/60
f 1560/1905/4222 1600/1904/60 1603/1903/60 1563/1906/60
f 1563/1906/60 1603/1903/60 1602/1903/60 1562/1906/60
f 1562/1713/60 1602/1709/60 1601/1709/60 1561/1713/60
f 1561/1713/60 1601/1709/60 1599/1709/4223 1559/1713/126
f 1555/1907/4220 1560/1905/60 1563/1906/60 1558/1907/60
f 1558/1907/60 1563/1906/60 1562/1906/60 1557/1907/60
f 1557/1716/60 1562/1713/60 1561/1713/60 1556/1716/60
f 1556/1716/60 1561/1713/60 1559/1713/4221 1554/1716/126
f 1554/1716/4218 1569/1717/126 1571/1717/60 1556/1716/60
f 1556/1716/60 1571/1717/60 1572/1717/60 1557/1716/60
f 1557/1907/60 1572/1908/60 1573/1908/60 1558/1907/60
f 1558/1907/60 1573/1908/60 1570/1908/4219 1555/1907/60
f 1569/1717/4216 1594/1720/126 1596/1720/60 1571/1717/60
f 1571/1717/60 1596/1720/60 1597/1720/60 1572/1717/60
f 1572/1908/60 1597/1909/60 1598/1909/60 1573/1908/60
f 1573/1908/60 1598/1909/60 1595/1909/4217 1570/1908/60
f 1594/1720/4215 1614/1724/126 1616/1724/60 1596/1720/60
f 1596/1720/60 1616/1724/60 1617/1724/60 1597/1720/60
f 1597/1909/60 1617/1910/60 1618/1910/60 1598/1909/60
f 1598/1909/60 1618/1910/60 1615/1911/4214 1595/1909/60
f 1614/1724/4212 1629/1725/126 1631/1725/60 1616/1724/60
f 1616/1724/60 1631/1725/60 1632/1725/60 1617/1724/60
f 1617/1910/60 1632/1912/60 1633/1912/60 1618/1910/60
f 1618/1910/60 1633/1912/60 1630/1913/4213 1615/1911/60
f 1629/1725/4211 1669/1728/126 1671/1728/60 1631/1725/60
f 1631/1725/60 1671/1728/60 1672/1728/60 1632/1725/60
f 1632/1912/60 1672/1914/60 1673/1914/60 1633/1912/60
f 1633/1912/60 1673/1914/60 1670/1914/4210 1630/1913/60
f 1655/1915/4209 1670/1914/60 1673/1914/60 1658/1915/60
f 1658/1915/60 1673/1914/60 1672/1914/60 1657/1915/60
f 1657/1729/60 1672/1728/60 1671/1728/60 1656/1729/60
f 1656/1729/60 1671/1728/60 1669/1728/4208 1654/1729/126
f 1654/1729/4207 1695/1732/126 1698/1732/60 1656/1729/60
f 1656/1729/60 1698/1732/60 1697/1732/60 1657/1729/60
f 1657/1915/60 1697/1888/60 1696/1888/60 1658/1915/60
f 1658/1915/60 1696/1888/60 1694/1891/4206 1655/1915/60
f 2148/88/60 2217/95/60 2227/96/60 2151/88/60
f 2151/88/2 2227/96/60 2220/95/60 2152/88/60
f 2152/89/60 2220/94/60 2219/94/1 2159/89/60
f 2159/89/126 2219/94/126 2216/94/126 2149/89/126
f 2124/85/126 2173/92/126 2183/92/126 2127/85/126
f 2127/85/2 2183/92/60 2176/92/60 2128/85/60
f 2128/86/60 2176/91/60 2175/91/1 2135/86/60
f 2135/86/60 2175/91/60 2172/91/60 2125/86/60
f 3965/98/60 4063/105/60 4073/106/60 3968/98/60
f 3968/98/2 4073/106/60 4066/105/60 3969/98/60
f 3969/89/60 4066/94/60 4065/94/1 3976/89/60
f 3976/89/126 4065/94/126 4062/94/126 3966/89/126
f 3994/85/126 4039/92/126 4049/92/126 3997/85/126
f 3997/85/2 4049/92/60 4042/92/60 3998/85/60
f 3998/101/60 4042/103/60 4041/103/1 4005/101/60
f 4005/101/60 4041/103/60 4038/103/60 3995/101/60
f 843/51/1 5400/124/1 5414/124/1 855/51/1
f 855/51/4 5414/124/4 5408/124/4 856/51/4
f 856/48/2 5408/115/60 5407/115/1 846/48/60
f 846/48/4 5407/115/60 5399/115/1 841/48/4
f 842/51/4 5560/133/4 5565/133/4 850/51/4
f 850/51/4 5565/133/4 5575/133/4 851/51/4
f 851/51/4 5575/133/4 5574/133/4 857/51/4
f 857/51/4 5574/133/4 5562/133/4 843/51/4
f 5541/131/7 5561/48/60 5571/48/60 5544/131/60
f 5544/131/60 5571/48/60 5564/48/130 5545/131/60
f 5545/132/130 5564/133/130 5563/133/130 5552/132/130
f 5552/132/7 5563/133/60 5560/133/130 5542/132/60
f 841/48/7 941/15/7 946/15/7 844/48/7
f 844/48/130 946/15/60 956/15/7 845/48/60
f 845/51/130 956/15/130 955/15/130 852/51/130
f 852/51/130 955/15/130 943/15/130 842/51/130
f 942/15/4 5543/132/4 5557/132/4 950/15/4
f 950/15/4 5557/132/4 5551/132/4 951/15/4
f 951/15/4 5551/132/4 5550/132/4 957/15/4
f 957/15/4 5550/132/4 5542/132/4 943/15/4
f 5503/126/2 5579/134/2 5584/134/2 5506/126/2
f 5506/126/130 5584/134/130 5594/134/130 5507/126/130
f 5507/127/2 5594/136/2 5593/136/2 5514/127/2
f 5514/127/1 5593/136/1 5581/136/1 5504/127/1
f 5543/132/2 5581/136/60 5595/136/1 5555/132/60
f 5555/132/2 5595/136/2 5589/136/2 5556/132/2
f 5556/131/2 5589/135/60 5588/135/60 5546/131/60
f 5546/131/60 5588/135/60 5580/135/1 5541/131/60
f 941/15/60 5423/116/60 5433/116/60 944/15/60
f 944/15/2 5433/116/60 5426/116/1 945/15/60
f 945/15/4 5426/116/4 5425/116/4 952/15/4
f 952/15/4345 5425/116/4345 5422/116/4345 942/15/4345
f 5600/139/1 5618/133/60 5628/133/2 5612/139/60
f 5612/139/1 5628/133/1 5621/133/1 5613/139/1
f 5613/137/1 5621/140/60 5620/140/60 5603/137/60
f 5603/137/60 5620/140/60 5617/140/2 5598/137/60
f 5522/31/2 5600/139/2 5614/139/2 5525/31/2
f 5525/31/1 5614/139/1 5608/139/1 5526/31/1
f 5526/129/130 5608/138/130 5607/138/130 5533/129/130
f 5533/129/1 5607/138/1 5599/138/1 5523/129/1
f 767/51/4346 5485/124/4346 5495/124/4346 779/51/4346
f 779/51/4 5495/124/4 5488/124/4 780/51/4
f 780/48/2 5488/115/60 5487/115/1 770/48/60
f 770/48/60 5487/115/60 5484/115/60 765/48/60
f 766/51/4 5619/133/4 5633/133/4 774/51/4
f 774/51/4 5633/133/4 5627/133/4 775/51/4
f 775/51/4 5627/133/4 5626/133/4 781/51/4
f 781/51/4 5626/133/4 5618/133/4 767/51/4
f 5619/133/130 5637/132/60 5647/132/7 5631/133/60
f 5631/133/130 5647/132/130 5640/132/130 5632/133/130
f 5632/140/130 5640/15/60 5639/15/60 5622/140/60
f 5622/140/60 5639/15/60 5636/15/7 5617/140/60
f 765/48/7 898/15/7 903/15/7 768/48/7
f 768/48/130 903/15/60 913/15/7 769/48/60
f 769/51/130 913/15/130 912/15/130 776/51/130
f 776/51/130 912/15/130 900/15/130 766/51/130
f 899/15/4 5638/132/4 5652/132/4 907/15/4
f 907/15/4 5652/132/4 5646/132/4 908/15/4
f 908/15/4 5646/132/4 5645/132/4 914/15/4
f 914/15/4 5645/132/4 5637/132/4 900/15/4
f 898/15/4 5461/122/60 5471/122/60 901/15/4
f 901/15/2 5471/122/60 5464/122/1 902/15/60
f 902/15/4 5464/122/4 5463/122/4 909/15/4
f 909/15/2 5463/122/2 5460/122/2 899/15/2
f 729/72/60 5562/72/60 5576/72/60 741/72/60
f 741/72/4 5576/72/4 5570/72/4 742/72/4
f 742/48/4347 5570/48/60 5569/48/4348 732/48/126
f 732/48/60 5569/48/60 5561/48/1 727/48/4349
f 648/46/1 729/72/1 743/72/1 660/46/1
f 660/46/4 743/72/4 737/70/4 661/46/4
f 661/46/4 737/70/4 736/51/4 651/46/4
f 651/46/2 736/51/2 728/51/2 646/46/2
f 647/69/1 805/69/1 819/69/1 655/69/1
f 655/69/1 819/69/1 813/69/1 656/69/1
f 656/46/1 813/46/1 812/46/1 662/46/1
f 662/46/1 812/46/1 804/46/1 648/46/1
f 646/46/130 785/58/130 795/58/130 649/46/130
f 649/46/130 795/58/130 788/74/130 650/46/130
f 650/69/130 788/74/130 787/73/130 657/69/130
f 657/69/130 787/73/130 784/73/130 647/69/130
f 727/48/4350 822/15/4350 827/15/4350 730/48/4350
f 730/48/130 827/15/60 837/15/7 731/48/60
f 731/51/130 837/15/130 836/15/130 738/51/130
f 738/51/4351 836/15/4351 824/15/4351 728/51/4351
f 785/58/1 824/15/1 838/15/1 793/58/1
f 793/58/4 838/15/4 832/15/4 794/74/4
f 794/74/4 832/15/4 831/15/4 800/76/4
f 800/76/2 831/15/2 823/15/2 786/76/2
f 786/76/2 861/76/2 871/73/2 798/73/2
f 798/73/2 871/73/2 864/73/2 799/73/2
f 799/73/2 864/73/2 863/73/2 789/73/2
f 789/73/2 863/73/2 860/73/2 784/73/2
f 822/15/4352 5636/15/60 5641/15/60 825/15/60
f 825/15/4347 5641/15/60 5651/15/4348 826/15/126
f 826/15/4 5651/15/4 5650/15/4 833/15/4
f 833/15/2 5650/15/2 5638/15/2 823/15/2
f 5579/134/130 5599/138/60 5609/138/7 5582/134/60
f 5582/134/7 5609/138/7 5602/138/7 5583/134/7
f 5583/135/130 5602/137/60 5601/137/60 5590/135/60
f 5590/135/60 5601/137/60 5598/137/7 5580/135/60
f 40/39/1 533/46/1 543/46/1 52/39/1
f 52/39/1 543/46/1 536/46/1 53/39/1
f 53/37/1 536/45/1 535/45/1 43/37/1
f 43/37/1 535/45/1 532/45/1 38/37/1
f 39/38/2 418/41/2 423/41/2 47/38/2
f 47/38/4 423/41/4 433/41/4 48/38/4
f 48/39/1 433/43/1 432/43/1 54/39/1
f 54/39/1 432/43/1 420/43/1 40/39/1
f 419/42/1 608/48/1 613/48/1 427/42/1
f 427/42/1 613/48/1 623/48/1 428/42/1
f 428/44/1 623/51/1 622/51/1 434/43/1
f 434/43/1 622/51/60 610/51/2 420/43/2
f 533/46/4 610/51/4 624/51/4 541/46/4
f 541/46/4 624/51/4 618/50/4 542/46/4
f 542/46/4 618/50/4 617/49/4 548/46/4
f 548/46/4 617/49/4 609/49/4 534/46/4
f 534/46/130 709/58/130 719/58/130 546/46/130
f 546/46/130 719/58/130 712/58/130 547/46/130
f 547/45/130 712/58/130 711/58/130 537/45/130
f 537/45/130 711/58/130 708/58/126 532/45/126
f 608/48/130 746/15/130 751/15/130 611/48/130
f 611/48/130 751/15/130 761/15/130 612/48/130
f 612/51/130 761/15/130 760/15/130 619/49/130
f 619/49/130 760/15/60 748/15/7 609/49/60
f 709/58/4 748/15/4 762/15/4 717/58/4
f 717/58/4 762/15/4 756/60/4 718/58/4
f 718/58/4 756/60/4 755/59/4 724/58/4
f 724/58/4 755/59/4 747/59/4 710/58/4
f 627/54/2 708/58/2 713/58/2 630/54/2
f 630/54/2 713/58/2 723/58/2 631/54/2
f 631/54/2 723/58/2 722/58/2 638/54/2
f 638/54/2 722/58/2 710/58/2 628/54/2
f 672/55/1 747/59/60 757/59/2 684/55/1
f 684/55/2 757/59/2 750/15/2 685/55/2
f 685/55/2 750/15/2 749/15/2 675/55/2
f 675/55/2 749/15/2 746/15/2 670/55/2
f 628/54/2 672/55/2 686/55/2 636/54/2
f 636/54/2 686/55/2 680/57/2 637/54/2
f 637/54/4 680/57/4 679/56/4 643/54/4
f 643/54/1 679/56/1 671/56/1 629/54/1
f 38/37/4353 627/54/4353 632/54/4353 41/37/4353
f 41/37/4354 632/54/4354 642/54/4354 42/37/4354
f 42/38/7 642/54/7 641/54/7 49/38/7
f 49/38/4355 641/54/4355 629/54/4355 39/38/4355
f 418/41/126 671/56/126 681/56/126 421/41/126
f 421/41/7 681/56/7 674/55/7 422/41/7
f 422/42/4356 674/55/4356 673/55/4356 429/42/4356
f 429/42/4356 673/55/4356 670/55/4356 419/42/4356
f 173/39/1 381/46/1 391/46/1 185/39/1
f 185/39/4357 391/46/4357 384/46/4357 186/39/4357
f 186/37/1 384/45/1 383/45/1 176/37/1
f 176/37/4358 383/45/4358 380/45/4358 171/37/4358
f 172/38/4359 304/47/4359 309/47/4359 180/38/4359
f 180/38/4 309/47/4 319/41/4 181/38/4
f 181/39/1 319/43/1 318/43/1 187/39/1
f 187/39/1 318/43/1 306/43/1 173/39/1
f 305/42/4360 475/61/4360 480/62/4360 313/42/4360
f 313/42/1 480/62/1 490/48/1 314/42/1
f 314/44/4360 490/51/4360 489/51/4360 320/43/4360
f 320/43/1 489/51/60 477/51/2 306/43/2
f 381/46/4 477/51/4 491/51/4 389/46/4
f 389/46/4 491/51/4 485/50/4 390/46/4
f 390/46/4 485/50/4 484/49/4 396/53/4
f 396/53/130 484/49/130 476/49/130 382/53/130
f 382/53/130 571/58/130 581/58/130 394/53/130
f 394/53/130 581/58/130 574/65/130 395/53/130
f 395/45/130 574/65/130 573/64/130 385/45/130
f 385/45/130 573/64/130 570/64/126 380/45/126
f 475/61/130 589/15/130 594/15/130 478/61/130
f 478/61/130 594/15/130 604/67/130 479/61/130
f 479/51/130 604/67/130 603/68/130 486/49/130
f 486/49/130 603/68/60 591/68/7 476/49/60
f 571/58/130 591/68/130 605/68/130 579/58/130
f 579/58/4 605/68/4 599/60/4 580/58/4
f 580/58/130 599/60/130 598/59/130 586/58/130
f 586/58/7 598/59/7 590/59/7 572/58/7
f 494/54/4361 570/64/4361 575/65/4361 497/54/4361
f 497/54/2 575/65/2 585/58/2 498/54/2
f 498/54/4362 585/58/4362 584/58/4362 505/54/4362
f 505/54/2 584/58/2 572/58/2 495/54/2
f 553/55/1 590/59/60 600/59/2 565/55/1
f 565/55/4363 600/59/4363 593/15/4363 566/55/4363
f 566/55/2 593/15/2 592/15/2 556/55/2
f 556/55/4363 592/15/4363 589/15/4363 551/55/4363
f 495/54/4364 553/55/4364 567/55/4364 503/54/4364
f 503/54/4359 567/55/4359 561/57/4359 504/54/4359
f 504/54/4 561/57/4 560/56/4 510/63/4
f 510/63/4365 560/56/4365 552/56/4365 496/63/4365
f 171/37/4353 494/54/4353 499/54/4353 174/37/4353
f 174/37/4354 499/54/4354 509/54/4354 175/37/4354
f 175/38/7 509/54/7 508/63/7 182/38/7
f 182/38/4355 508/63/4355 496/63/4355 172/38/4355
f 304/47/126 552/56/126 562/56/126 307/47/126
f 307/47/7 562/56/7 555/55/7 308/47/7
f 308/42/4356 555/55/4356 554/55/4356 315/42/4356
f 315/42/4356 554/55/4356 551/55/4356 305/42/4356
f 97/39/1 229/46/1 239/46/1 109/39/1
f 109/39/4357 239/46/4357 232/46/4357 110/39/4357
f 110/37/1 232/45/1 231/45/1 100/37/1
f 100/37/4358 231/45/4358 228/45/4358 95/37/4358
f 96/38/4359 190/47/4359 195/47/4359 104/38/4359
f 104/38/4 195/47/4 205/41/4 105/38/4
f 105/39/4365 205/43/4365 204/43/4365 111/39/4365
f 111/39/4366 204/43/4366 192/43/4366 97/39/4366
f 191/42/4360 342/61/4360 347/62/4360 199/42/4360
f 199/42/1 347/62/1 357/48/1 200/42/1
f 200/44/4360 357/51/4360 356/51/4360 206/43/4360
f 206/43/1 356/51/60 344/51/2 192/43/2
f 229/46/7 344/51/7 358/51/7 237/46/7
f 237/46/130 358/51/130 352/50/130 238/46/130
f 238/46/4 352/50/4 351/49/4 244/53/4
f 244/53/130 351/49/130 343/49/130 230/53/130
f 230/53/130 438/58/130 448/58/130 242/53/130
f 242/53/130 448/58/130 441/65/130 243/53/130
f 243/45/130 441/65/130 440/64/130 233/45/130
f 233/45/130 440/64/130 437/64/126 228/45/126
f 342/61/130 456/15/130 461/15/130 345/61/130
f 345/61/130 461/15/130 471/67/130 346/61/130
f 346/51/130 471/67/130 470/68/130 353/49/130
f 353/49/130 470/68/60 458/68/7 343/49/60
f 438/58/130 458/68/130 472/68/130 446/58/130
f 446/58/4 472/68/4 466/60/4 447/58/4
f 447/58/4 466/60/4 465/59/4 453/58/4
f 453/58/4 465/59/4 457/59/4 439/58/4
f 361/54/4361 437/64/4361 442/65/4361 364/54/4361
f 364/54/2 442/65/2 452/58/2 365/54/2
f 365/54/4362 452/58/4362 451/58/4362 372/54/4362
f 372/54/2 451/58/2 439/58/2 362/54/2
f 401/55/1 457/59/60 467/59/2 413/55/1
f 413/55/4363 467/59/4363 460/15/4363 414/55/4363
f 414/55/2 460/15/2 459/15/2 404/55/2
f 404/55/4363 459/15/4363 456/15/4363 399/55/4363
f 362/54/2 401/55/2 415/55/2 370/54/2
f 370/54/2 415/55/2 409/57/2 371/54/2
f 371/54/4 409/57/4 408/56/4 377/63/4
f 377/63/4365 408/56/4365 400/56/4365 363/63/4365
f 95/37/4353 361/54/4353 366/54/4353 98/37/4353
f 98/37/4354 366/54/4354 376/54/4354 99/37/4354
f 99/38/7 376/54/7 375/63/7 106/38/7
f 106/38/4355 375/63/4355 363/63/4355 96/38/4355
f 190/47/126 400/56/126 410/56/126 193/47/126
f 193/47/7 410/56/7 403/55/7 194/47/7
f 194/42/4356 403/55/4356 402/55/4356 201/42/4356
f 201/42/4356 402/55/4356 399/55/4356 191/42/4356
f 59/39/1 153/46/1 163/46/1 71/39/1
f 71/39/1 163/46/1 156/46/1 72/39/1
f 72/37/1 156/45/1 155/45/1 62/37/1
f 62/37/1 155/45/1 152/45/1 57/37/1
f 58/38/2 114/41/2 119/41/2 66/38/2
f 66/38/4 119/41/4 129/41/4 67/38/4
f 67/39/1 129/43/1 128/43/1 73/39/1
f 73/39/1 128/43/1 116/43/1 59/39/1
f 115/42/1 209/48/1 214/48/1 123/42/1
f 123/42/1 214/48/1 224/48/1 124/42/1
f 124/44/1 224/51/1 223/51/1 130/43/1
f 130/43/1 223/51/60 211/51/2 116/43/2
f 153/46/4 211/51/4 225/51/4 161/46/4
f 161/46/4 225/51/4 219/50/4 162/46/4
f 162/46/4 219/50/4 218/49/4 168/46/4
f 168/46/4 218/49/4 210/49/4 154/46/4
f 154/46/130 286/58/130 296/58/130 166/46/130
f 166/46/130 296/58/130 289/58/130 167/46/130
f 167/45/130 289/58/130 288/58/130 157/45/130
f 157/45/130 288/58/130 285/58/126 152/45/126
f 209/48/130 323/15/130 328/15/130 212/48/130
f 212/48/130 328/15/130 338/15/130 213/48/130
f 213/51/130 338/15/130 337/15/130 220/49/130
f 220/49/130 337/15/60 325/15/7 210/49/60
f 286/58/4 325/15/4 339/15/4 294/58/4
f 294/58/4 339/15/4 333/60/4 295/58/4
f 295/58/4 333/60/4 332/59/4 301/58/4
f 301/58/4 332/59/4 324/59/4 287/58/4
f 247/54/2 285/58/2 290/58/2 250/54/2
f 250/54/2 290/58/2 300/58/2 251/54/2
f 251/54/2 300/58/2 299/58/2 258/54/2
f 258/54/2 299/58/2 287/58/2 248/54/2
f 268/55/1 324/59/60 334/59/2 280/55/1
f 280/55/2 334/59/2 327/15/2 281/55/2
f 281/55/2 327/15/2 326/15/2 271/55/2
f 271/55/2 326/15/2 323/15/2 266/55/2
f 248/54/2 268/55/2 282/55/2 256/54/2
f 256/54/2 282/55/2 276/57/2 257/54/2
f 257/54/4 276/57/4 275/56/4 263/54/4
f 263/54/1 275/56/1 267/56/1 249/54/1
f 57/37/4353 247/54/4353 252/54/4353 60/37/4353
f 60/37/4354 252/54/4354 262/54/4354 61/37/4354
f 61/38/7 262/54/7 261/54/7 68/38/7
f 68/38/4355 261/54/4355 249/54/4355 58/38/4355
f 114/41/126 267/56/126 277/56/126 117/41/126
f 117/41/7 277/56/7 270/55/7 118/41/7
f 118/42/4356 270/55/4356 269/55/4356 125/42/4356
f 125/42/4356 269/55/4356 266/55/4356 115/42/4356
f 78/40/4367 5888/40/4367 5893/40/4367 90/40/4367
f 90/40/4 5893/40/126 5903/40/4368 91/40/4
f 91/40/1 5903/40/1 5902/40/1 81/40/1
f 81/40/4369 5902/40/4369 5890/40/4369 76/40/4369
f 77/40/4370 5859/40/4370 5864/40/4370 85/40/4370
f 85/40/1 5864/40/1 5874/40/1 86/40/1
f 86/40/1 5874/40/1 5873/40/1 92/40/1
f 92/40/4371 5873/40/4371 5861/40/4371 78/40/4371
f 5717/40/2 5908/40/2 5918/40/2 5720/40/2
f 5720/40/4372 5918/40/126 5911/40/60 5721/40/60
f 5721/40/60 5911/40/60 5910/40/60 5728/40/60
f 5728/40/60 5910/40/60 5907/40/4368 5718/40/60
f 76/40/4373 5761/40/4373 5771/40/4373 79/40/4373
f 79/40/130 5771/40/130 5764/40/130 80/40/130
f 80/40/130 5764/40/130 5763/40/130 87/40/130
f 87/40/130 5763/40/130 5760/40/126 77/40/4374
f 5990/40/4372 6179/40/126 6189/40/60 6002/40/60
f 6002/40/60 6189/40/60 6182/40/60 6003/40/60
f 6003/40/60 6182/40/60 6181/40/4368 5993/40/60
f 5993/40/1 6181/40/1 6178/40/1 5988/40/1
f 135/40/4375 6056/40/4375 6066/40/4375 147/40/4375
f 147/40/2 6066/40/2 6059/40/2 148/40/2
f 148/40/2 6059/40/2 6058/40/2 138/40/2
f 138/40/4376 6058/40/4376 6055/40/4376 133/40/4376
f 134/40/4377 6160/40/4377 6170/40/4377 142/40/4377
f 142/40/2 6170/40/2 6163/40/2 143/40/2
f 143/40/4 6163/40/126 6162/40/4368 149/40/4
f 149/40/4367 6162/40/4367 6159/40/4367 135/40/4367
f 133/40/126 6031/40/126 6036/40/130 136/40/130
f 136/40/130 6036/40/130 6046/40/130 137/40/130
f 137/40/130 6046/40/130 6045/40/130 144/40/130
f 144/40/4373 6045/40/4373 6033/40/4373 134/40/4373
f 532/45/126 708/58/126 627/54/126 38/37/126
f 40/39/1 420/43/1 610/51/1 533/46/1
f 629/54/7 671/56/7 418/41/7 39/38/7
f 152/45/126 285/58/126 247/54/126 57/37/126
f 59/39/1 116/43/1 211/51/1 153/46/1
f 249/54/7 267/56/7 114/41/7 58/38/7
f 5890/40/315 5908/40/315 5717/40/315 5736/40/315 5761/40/315 76/40/315
f 5878/40/1 5888/40/1 78/40/1 5861/40/1 5693/40/1 5675/40/1
f 5859/40/126 77/40/126 5760/40/126 5755/40/126 5779/40/126 5784/40/126 5789/40/126 5794/40/126 5799/40/126 5804/40/126 5809/40/126 5814/40/126 5819/40/126 5824/40/126 5829/40/126 5834/40/126 5839/40/126 5844/40/126 5849/40/126 5854/40/126
f 228/45/126 437/64/126 361/54/126 95/37/126
f 97/39/1 192/43/1 344/51/1 229/46/1
f 363/63/7 400/56/7 190/47/7 96/38/7
f 323/15/60 209/48/60 115/42/60 266/55/60
f 6026/40/126 6031/40/126 133/40/126 6055/40/126 6050/40/126 6074/40/126 6079/40/126 6084/40/126 6089/40/126 6094/40/126 6099/40/126 6104/40/126 6109/40/126 6114/40/126 6119/40/126 6124/40/126 6129/40/126 6134/40/126 6139/40/126 6144/40/126
f 5970/40/2 6056/40/2 135/40/2 6159/40/2 6154/40/2 5928/40/2
f 6160/40/315 134/40/315 6033/40/315 6007/40/315 5988/40/315 6178/40/315
f 154/46/130 210/49/130 325/15/130 286/58/130
f 380/45/126 570/64/126 494/54/126 171/37/126
f 173/39/1 306/43/1 477/51/1 381/46/1
f 496/63/7 552/56/7 304/47/7 172/38/7
f 456/15/60 342/61/60 191/42/60 399/55/60
f 230/53/130 343/49/130 458/68/130 438/58/130
f 287/58/2 324/59/2 268/55/2 248/54/2
f 589/15/60 475/61/60 305/42/60 551/55/60
f 439/58/2 457/59/2 401/55/2 362/54/2
f 382/53/130 476/49/130 591/68/130 571/58/130
f 746/15/60 608/48/60 419/42/60 670/55/60
f 572/58/2 590/59/2 553/55/2 495/54/2
f 980/54/126 513/37/126 5351/109/126 5333/108/126
f 9/1916/1 5352/1219/1 515/39/1 881/44/1 962/51/1 5400/114/1 5/1917/1 20/1918/1
f 1710/1890/7 1749/1809/7 879/41/7 514/38/7 1725/1665/7 1740/1892/7 1700/1893/7 1815/1896/7 1640/1897/7 1660/1898/7 1620/1899/7 1680/1900/7 1585/1901/7 1600/1904/7 1560/1905/7 1555/1907/7 1570/1908/7 1595/1909/7 1615/1911/7 1630/1913/7 1670/1914/7 1655/1915/7 1694/1891/7
f 2202/1580/7 2218/97/7 1865/1585/7 1900/1589/7 1880/1590/7 2070/1594/7 1930/1595/7 1975/1599/7 1950/1600/7 2050/1603/7 1995/1604/7 2030/1608/7 2010/1609/7 2000/1610/7 2025/1612/7 2040/1614/7 1980/1615/7 2065/1619/7 1940/1620/7 1960/1624/7 1920/1625/7 2080/1631/7 1870/1632/7 1890/1637/7 1855/1638/7 1910/1642/7 1835/1643/7 1840/1647/7 1825/1648/7 2095/1653/7 1775/1654/7 1785/1659/7 1765/1660/7 1795/1664/7 1725/1665/7 514/38/7 979/54/7 3716/1668/7 3706/1667/7 3776/1672/7 3686/1673/7 3696/1675/7 3681/1676/7 3956/1679/7 3631/1680/7 3641/1681/7 3621/1682/7 3651/1684/7 3576/1685/7 3596/1687/7 3556/1688/7 3661/1694/7 3501/1695/7 3516/1699/7 3481/1700/7 3536/1705/7 3436/1706/7 3461/1711/7 3421/1712/7 3411/1714/7 3431/1719/7 3466/1722/7 3446/1723/7 3546/1726/7 3486/1727/7 3531/1730/7 3511/1731/7 3666/1735/7 3571/1736/7 3606/1740/7 3586/1741/7 4040/104/7 4087/1744/7 4472/1745/7 4462/1746/7 4507/1749/7 4497/1750/7 4487/1752/7 4517/1754/7 4527/1755/7 4542/1757/7 4532/1758/7 4572/1759/7 4562/1760/7 4552/1761/7 4587/1766/7 4592/1769/7 4612/1771/7 4602/1772/7 4647/1776/7 4632/1777/7 4622/1779/7 4717/1782/7 4657/1783/7 4677/1786/7 4667/1787/7 4707/1789/7 4687/1790/7 4697/1793/7 4427/1794/7 4412/1796/7 4452/1798/7 4432/1799/7 4442/1802/7 4092/1803/7 4064/107/7 3726/1804/7 3771/1806/7 3751/1807/7 1018/55/7 879/41/7 1749/1809/7 1735/1808/7 1800/1812/7 2174/93/7 2192/1813/7 2561/1815/7 2551/1816/7 2586/1817/7 2581/1818/7 2571/1820/7 2606/1822/7 2601/1823/7 2636/1826/7 2626/1827/7 2616/1829/7 2646/1831/7 2656/1832/7 2676/1834/7 2666/1835/7 2706/1837/7 2696/1838/7 2686/1839/7 2846/1841/7 2721/1842/7 2741/1843/7 2726/1844/7 2766/1846/7 2756/1847/7 2751/1848/7 2841/1850/7 2781/1851/7 2801/1852/7 2791/1853/7 2826/1855/7 2806/1856/7 2815/1581/7
f 534/46/130 609/49/130 748/15/130 709/58/130
f 710/58/2 747/59/2 672/55/2 628/54/2
f 646/46/130 728/51/130 824/15/130 785/58/130
f 729/72/1 648/46/1 804/46/1 11/1919/1 5562/72/1
f 666/179/60 937/175/60 805/69/60 647/69/60 784/73/60 860/73/60
f 917/46/130 803/77/130 936/176/130 665/177/130 862/80/130 1037/58/130
f 1080/181/126 689/37/126 918/45/126 1089/182/126
f 2/2/1 804/174/1 919/83/1 691/39/1 5352/39/1 10/1920/1 21/3/1
f 5350/38/130 690/38/130 998/54/130 5331/54/130
f 1545/192/126 1089/182/126 918/45/126 1036/58/126 999/54/126 689/37/126 1080/181/126 1155/198/126 1165/202/126 1170/205/126 1180/209/126 1205/213/126 1190/214/126 1210/221/126 1225/224/126 1240/227/126 1230/228/126 1280/234/126 1255/235/126 1270/242/126 1260/243/126 1300/248/126 1290/249/126 1310/255/126 1320/258/126 1335/264/126 1355/267/126 1340/268/126 1365/274/126 1375/278/126 1105/279/126 1989/285/126 2085/284/126 2110/287/126 2100/288/126 2090/290/126 2212/296/126 2120/297/126 2197/299/126 2144/300/126 2168/301/126 2207/302/126 2251/304/126 2241/305/126 2281/308/126 2271/309/126 2256/310/126 2321/312/126 2291/313/126 3055/315/126 3136/317/126 3161/319/126 3146/320/126 3171/322/126 3181/324/126 3186/325/126 3196/326/126 3206/328/126 3236/330/126 3216/331/126 3231/333/126 3361/335/126 3251/336/126 3256/337/126 3286/338/126 3266/339/126 3276/341/126 3351/342/126 4111/343/126 4197/345/126 4212/346/126 4207/347/126 4227/350/126 4237/353/126 4247/355/126 4257/357/126 4267/358/126 4297/360/126 4277/361/126 4282/363/126 4417/364/126 4307/365/126 4317/366/126 4342/367/126 4322/368/126 4332/372/126 4402/374/126 4352/375/126 4362/379/126 4916/380/126 4952/382/126 4962/383/126 4957/384/126 4967/385/126 4972/387/126 4977/388/126 4982/390/126 4987/392/126 5002/393/126 4992/394/126 4997/397/126 5062/399/126 5007/400/126 5012/404/126 5027/406/126 5017/407/126 5022/408/126 5057/410/126 5032/411/126 5037/417/126 5052/419/126 5042/420/126 5047/423/126 4922/424/126 4932/430/126 5197/434/126 5192/435/126 5202/441/126 5187/442/126 5182/446/126 5207/453/126 5172/454/126 5167/458/126 5177/464/126 5162/465/126 5157/468/126 5212/475/126 5137/476/126 5142/484/126 5147/488/126 5127/489/126 5132/496/126 5152/500/126 5112/501/126 5117/510/126 5122/514/126 5107/515/126 5102/516/126 4927/517/126 4131/518/126 4782/519/126 4777/520/126 4787/521/126 4772/522/126 4767/523/126 4792/526/126 4757/527/126 4752/530/126 4762/533/126 4747/534/126 4742/535/126 4797/537/126 4722/538/126 4727/540/126 4732/542/126 4702/543/126 4712/546/126 4737/548/126 4672/549/126 4682/553/126 4692/554/126 4662/555/126 4652/557/126 4142/558/126 3075/559/126 3791/561/126 3781/562/126 3801/563/126 3766/564/126 3756/567/126 3811/568/126 3741/569/126 3731/570/126 3746/571/126 3721/572/126 3711/573/126 3816/576/126 3671/577/126 3676/582/126 3691/584/126 3646/585/126 3656/587/126 3701/589/126 3616/590/126 3626/596/126 3636/598/126 3611/599/126 3601/601/126 3086/602/126 2014/604/126 2786/605/126 2776/606/126 2796/607/126 2771/608/126 2761/609/126 2811/612/126 2736/613/126 2731/615/126 2746/618/126 2716/619/126 2711/621/126 2821/623/126 2671/624/126 2681/627/126 2691/629/126 2651/630/126 2661/634/126 2701/635/126 2621/636/126 2631/639/126 2641/640/126 2611/641/126 2596/642/126 2020/644/126 1094/646/126 1745/647/126 1730/648/126 1755/650/126 1720/651/126 1715/653/126 1705/655/126 1675/657/126 1685/659/126 1690/661/126 1665/662/126 1650/663/126 1635/664/126 1625/665/126 1645/668/126 1605/669/126 1610/672/126 1590/673/126 1580/674/126 1550/676/126 1565/680/126 1575/681/126 1534/193/126
f 5636/15/60 822/15/60 727/48/60 5561/48/60 5541/131/60 5580/135/60 5598/137/60 5617/140/60
f 5461/122/60 898/15/60 765/48/60 5484/115/60
f 5600/139/1 5522/31/1 5442/120/1 5479/1333/1 5485/124/1 767/51/1 5618/133/1
f 5619/133/130 766/51/130 900/15/130 5637/132/130
f 14/1921/2 861/76/2 786/76/2 823/15/2 5638/15/2
f 36/6/1 35/7/1 11/51/1 804/174/1 2/2/1 31/1/1
f 5423/116/60 941/15/60 841/48/60 5399/115/60
f 5400/124/1 843/51/1 5562/133/1 3/1922/1 33/32/1 32/31/1 15/120/1
f 5560/133/130 842/51/130 943/15/130 5542/132/130
f 5332/180/2 1000/54/2 1038/58/2 861/80/2 4/12/2 25/11/2 13/1923/2
f 22/16/2 29/13/2 4/12/2 861/80/2 14/15/2 27/17/2
f 1057/15/60 960/48/60 880/42/60 1017/55/60
f 23/1924/2 17/113/2 29/34/2 30/33/2 6/1925/2 5638/132/2 899/15/2 5460/122/2
f 5417/1222/2 5381/112/2 5369/714/2 5374/713/2 5504/127/2 5581/136/2 5543/132/2 942/15/2 5422/116/2
f 5879/1221/130 5418/1223/130 5424/117/130 5398/114/130 961/51/130 1234/1226/130 1345/1227/130 1175/1228/130 1195/1233/130 1150/1234/130 1215/1237/130 1115/1238/130 1135/1242/130 1100/1243/130 1075/1245/130 1085/1248/130 1110/1251/130 1125/1254/130 1145/1256/130 1185/1258/130 1160/1259/130 1200/1263/130 1220/1266/130 1275/1268/130 1245/1269/130 1250/1274/130 5884/1275/130 5909/159/130 5889/158/130
f 1330/1338/130 1295/1339/130 1325/1342/130 1315/1343/130 1305/1346/130 1540/1350/130 1350/1351/130 1370/1355/130 1360/1356/130 1445/1359/130 1380/1360/130 1425/1363/130 1400/1364/130 1530/1368/130 1450/1369/130 1470/1371/130 1460/1372/130 1520/1373/130 1480/1374/130 1510/1377/130 1500/1378/130 1490/1379/130 1495/1381/130 1505/1383/130 1485/1384/130 1515/1387/130 1465/1388/130 1475/1389/130 1455/1390/130 1525/1393/130 1410/1394/130 1435/1397/130 1390/1398/130 2150/90/130 2115/1401/130 2511/1403/130 2496/1404/130 2521/1406/130 2481/1407/130 2491/1410/130 2471/1411/130 2526/1412/130 2441/1413/130 2451/1416/130 2456/1417/130 2421/1418/130 2431/1420/130 2411/1421/130 2536/1426/130 2376/1427/130 2386/1432/130 2396/1435/130 2356/1436/130 2366/1440/130 2351/1441/130 2341/1444/130 2311/1447/130 2316/1450/130 2331/1452/130 2286/1453/130 2296/1455/130 2261/1456/130 2266/1458/130 2276/1459/130 2236/1460/130 2246/1461/130 2105/1462/130 2126/87/130 1265/1464/130 1285/1465/130 1234/1226/130 961/51/130 1056/15/130 3191/1329/130 3211/1467/130 3166/1468/130 3967/99/130 4014/1470/130 4367/1472/130 4357/1473/130 4377/1476/130 4337/1477/130 4347/1480/130 4327/1481/130 4387/1482/130 4292/1483/130 4302/1484/130 4287/1485/130 4312/1487/130 4262/1488/130 4272/1491/130 4252/1492/130 4397/1493/130 4217/1494/130 4222/1496/130 4202/1497/130 4232/1499/130 4182/1500/130 4192/1503/130 4172/1504/130 4242/1506/130 4147/1507/130 4157/1510/130 4137/1511/130 4162/1514/130 4117/1515/130 4122/1516/130 4107/1517/130 4407/1519/130 4029/1520/130 3996/102/130 3041/1522/130 3061/1525/130 3021/1526/130 3116/1530/130 2961/1531/130 2981/1533/130 2941/1534/130 3001/1538/130 2901/1539/130 2916/1542/130 2876/1543/130 2856/1545/130 2871/1548/130 2906/1550/130 2891/1551/130 2986/1553/130 2926/1554/130 2966/1556/130 2951/1557/130 3106/1561/130 3006/1562/130 3046/1565/130 3026/1566/130 3096/1568/130 3071/1569/130 3091/1571/130 3081/1572/130 3401/1574/130 3126/1575/130 3151/1576/130 3141/1577/130 3221/1579/130 3155/1278/130 6150/1336/130 5947/163/130 5656/141/130 5884/1275/130 1250/1274/130
f 3761/1859/7 3716/1668/7 979/54/7 1018/55/7 3751/1807/7 3946/1862/7 3796/1863/7 3836/1866/7 3821/1867/7 3926/1870/7 3856/1871/7 3911/1873/7 3891/1874/7 3866/1875/7 3876/1877/7 3901/1878/7 3846/1879/7 3916/1881/7 3806/1882/7 3826/1884/7 3786/1885/7 3936/1887/7 3735/1860/7
f 12/1926/2 24/25/2 8/24/2 26/23/2 5460/123/2 1055/15/2 1019/55/2 981/54/2 5332/108/2
f 3155/1278/130 3201/1280/130 3176/1281/130 3381/1284/130 3226/1285/130 3271/1289/130 3246/1290/130 3356/1295/130 3291/1296/130 3336/1300/130 3316/1301/130 3306/1303/130 3326/1308/130 3346/1311/130 3296/1312/130 3371/1317/130 3261/1318/130 3281/1323/130 3241/1324/130 3386/1328/130 3191/1329/130 1056/15/130 5462/123/130 5486/125/130 5480/1331/130 6155/1334/130 6161/172/130 6180/173/130 6150/1336/130
f 1074/1246/4378 1099/1244/4378 1569/1717/4378 1554/1716/4378
f 1084/1247/4379 1074/1246/4379 1554/1716/4379 1559/1713/4379
f 1120/715/2 1079/185/2 1090/184/2 1129/716/2
f 1384/1050/4380 1154/195/4380 1079/194/4380 1120/719/4380
f 1109/1249/4381 1084/1247/4381 1559/1713/4381 1599/1709/4381
f 1544/187/4382 1759/720/4382 1129/719/4382 1090/194/4382
f 1105/279/126 1094/646/126 2020/644/126 1989/285/126
f 5762/156/1 5738/153/1 1139/952/1 1095/428/1 1104/427/1 5756/1176/1
f 1744/431/4383 1095/280/4383 1139/794/4383 1969/790/4383
f 1099/1244/4384 1134/1240/4384 1594/1720/4384 1569/1717/4384
f 1104/281/4385 1374/275/4385 5780/1178/4385 5756/1177/4385
f 1124/1252/4386 1109/1249/4386 1599/1709/4386 1584/1708/4386
f 1114/1239/4340 1214/1236/4340 1629/1725/4340 1614/1724/4340
f 1134/1240/4387 1114/1239/4387 1614/1724/4387 1594/1720/4387
f 5676/145/60 5695/150/60 1440/1136/60 1420/1138/60 1430/1144/60 1415/1145/60 1405/1146/60 1395/1148/60 1385/1150/60 1119/717/60 5370/710/60 5380/111/60
f 5370/710/60 1119/717/60 1130/718/60 5375/711/60
f 1144/1255/4313 1124/1252/4313 1584/1708/4313 1679/1703/4313
f 5443/121/60 5524/130/60 5505/128/60 5375/711/60 1130/718/60 1760/723/60 1790/725/60 1780/726/60 1770/728/60 1850/734/60 1810/735/60 1805/738/60 1845/742/60 1830/743/60 1820/746/60 1965/750/60 1860/751/60 1895/756/60 1875/757/60 1885/761/60 1955/765/60 1905/766/60 1915/771/60 1945/775/60 1925/777/60 1935/783/60 1985/786/60 1970/787/60 1140/791/60 2074/796/60 2831/797/60 2861/798/60 2851/799/60 2836/800/60 2921/804/60 2881/805/60 2866/806/60 2911/807/60 2896/808/60 2886/810/60 3031/812/60 2931/813/60 2956/817/60 2936/818/60 2946/819/60 3016/822/60 2971/823/60 2976/827/60 3011/829/60 2991/830/60 2996/833/60 3051/836/60 3036/837/60 2060/840/60 3130/841/60 3831/842/60 3841/843/60 3851/844/60 3861/845/60 3871/847/60 3881/848/60 3886/849/60 3896/851/60 3931/853/60 3906/854/60 3921/858/60 4102/859/60 3941/860/60 3951/864/60 3990/865/60 3961/866/60 3985/868/60 4097/870/60 4019/871/60 4024/873/60 4151/875/60 4802/877/60 4807/878/60 4812/880/60 4817/882/60 4822/885/60 4827/887/60 4832/889/60 4837/891/60 4852/894/60 4842/895/60 4847/897/60 4912/899/60 4857/900/60 4862/902/60 4877/904/60 4867/905/60 4872/906/60 4907/908/60 4882/909/60 4887/913/60 4902/914/60 4936/915/60 5217/917/60 5222/918/60 5227/919/60 5232/920/60 5237/922/60 5242/924/60 5247/925/60 5252/926/60 5267/928/60 5257/929/60 5262/931/60 5327/932/60 5272/933/60 5277/934/60 5292/935/60 5282/936/60 5287/937/60 5322/938/60 5297/939/60 5302/943/60 5317/945/60 5307/946/60 5312/948/60 4947/949/60 4942/950/60 5092/955/60 5087/956/60 5077/959/60 5082/964/60 5097/968/60 5067/969/60 5072/974/60 5971/165/60 5927/161/60
f 5719/151/60 5713/1135/60 2045/1134/60 2074/796/60 1140/791/60 5737/152/60
f 1184/1257/4315 1144/1255/4315 1679/1703/4315 1619/1702/4315
f 1149/1235/4388 1194/1231/4388 1654/1729/4388 1669/1728/4388
f 1214/1236/4307 1149/1235/4307 1669/1728/4307 1629/1725/4307
f 1394/1047/4389 1164/199/4389 1154/195/4389 1384/1050/4389
f 1159/1260/4390 1184/1257/4390 1619/1702/4390 1659/1697/4390
f 1199/1261/4391 1159/1260/4391 1659/1697/4391 1639/1696/4391
f 1404/1043/4392 1169/203/4392 1164/199/4392 1394/1047/4392
f 1414/1038/4393 1179/206/4393 1169/203/4393 1404/1043/4393
f 1174/1230/4394 1344/1225/4394 1709/1733/4394 1695/1732/4394
f 1194/1231/4395 1174/1230/4395 1695/1732/4395 1654/1729/4395
f 1429/1035/4396 1204/210/4396 1179/206/4396 1414/1038/4396
f 1419/1121/4397 1189/217/4397 1204/210/4397 1429/1035/4397
f 1209/218/4398 1189/217/4398 1419/1121/4398 1439/1084/4398
f 1219/1264/4399 1199/1261/4399 1639/1696/4399 1814/1693/4399
f 5855/1203/4400 1224/222/4400 1209/218/4400 1439/1084/4400 5694/146/4400 5860/157/4400
f 1699/1692/4401 1274/1267/4401 1219/1264/4401 1814/1693/4401
f 1239/225/4402 1224/222/4402 5855/1203/4402 5850/1202/4402
f 1229/230/4403 1239/225/4403 5850/1202/4403 5845/1200/4403
f 1279/231/4404 1229/230/4404 5845/1200/4404 5840/1198/4404
f 1235/1224/4405 1284/1448/4405 1734/1739/4405 1750/1738/4405
f 1344/1225/4406 1235/1224/4406 1750/1738/4406 1709/1733/4406
f 1739/1686/4407 1244/1271/4407 1274/1267/4407 1699/1692/4407
f 1739/1686/4408 1724/1666/4408 1329/1337/4408 1249/1272/4408 1244/1271/4408
f 1254/238/4409 1279/231/4409 5840/1198/4409 5835/1196/4409
f 1269/239/4410 1254/238/4410 5835/1196/4410 5830/1195/4410
f 1259/245/4411 1269/239/4411 5830/1195/4411 5825/1194/4411
f 1299/246/4412 1259/245/4412 5825/1194/4412 5820/1192/4412
f 2172/91/4343 1799/1742/4343 1264/1446/4343 2125/86/4343
f 1284/1448/4413 1264/1446/4413 1799/1742/4413 1734/1739/4413
f 1289/252/4414 1299/246/4414 5820/1192/4414 5815/1191/4414
f 1309/253/4415 1289/252/4415 5815/1191/4415 5810/1190/4415
f 1794/1663/4416 1294/1340/4416 1329/1337/4416 1724/1666/4416
f 1764/1662/4417 1324/1341/4417 1294/1340/4417 1794/1663/4417
f 1774/1656/4418 1304/1348/4418 1314/1345/4418 1784/1657/4418
f 2094/1651/4419 1539/1349/4419 1304/1348/4419 1774/1656/4419
f 1319/256/4420 1309/253/4420 5810/1190/4420 5805/1189/4420
f 1784/1657/4421 1314/1345/4421 1324/1341/4421 1764/1662/4421
f 1334/259/4422 1319/256/4422 5805/1189/4422 5800/1186/4422
f 1354/265/4423 1334/259/4423 5800/1186/4423 5795/1184/4423
f 1339/270/4424 1354/265/4424 5795/1184/4424 5790/1182/4424
f 1364/271/4425 1339/270/4425 5790/1182/4425 5785/1180/4425
f 1824/1650/4426 1349/1352/4426 1539/1349/4426 2094/1651/4426
f 1839/1645/4427 1369/1353/4427 1349/1352/4427 1824/1650/4427
f 1834/1644/4428 1359/1357/4428 1369/1353/4428 1839/1645/4428
f 1909/1641/4429 1444/1358/4429 1359/1357/4429 1834/1644/4429
f 1374/275/4430 1364/271/4430 5785/1180/4430 5780/1178/4430
f 1854/1640/4431 1379/1276/4431 1444/1358/4431 1909/1641/4431
f 1889/1636/4432 1424/1277/4432 1379/1276/4432 1854/1640/4432
f 1389/1400/4433 1434/1396/4433 1899/1587/4433 1864/1586/4433
f 1389/1400/4434 1864/1586/4434 2217/95/4434 2148/88/4434
f 1869/1635/4435 1399/1282/4435 1424/1277/4435 1889/1636/4435
f 2079/1628/4436 1529/1283/4436 1399/1282/4436 1869/1635/4436
f 1409/1330/4437 1524/1327/4437 2069/1592/4437 1879/1591/4437
f 1434/1396/4438 1409/1330/4438 1879/1591/4438 1899/1587/4438
f 1919/1627/4439 1449/1286/4439 1529/1283/4439 2079/1628/4439
f 1959/1622/4440 1469/1287/4440 1449/1286/4440 1919/1627/4440
f 1929/1596/4441 1454/1326/4441 1474/1321/4441 1974/1597/4441
f 2069/1592/4442 1524/1327/4442 1454/1326/4442 1929/1596/4442
f 1939/1621/4443 1459/1292/4443 1469/1287/4443 1959/1622/4443
f 2064/1618/4272 1519/1293/4272 1459/1292/4272 1939/1621/4272
f 1949/1601/4282 1464/1320/4282 1514/1386/4282 2049/1602/4282
f 1974/1597/4444 1474/1321/4444 1464/1320/4444 1949/1601/4444
f 1979/1617/4331 1479/1298/4331 1519/1293/4331 2064/1618/4331
f 2039/1613/4445 1509/1299/4445 1479/1298/4445 1979/1617/4445
f 1994/1606/4446 1484/1314/4446 1504/1309/4446 2029/1607/4446
f 2049/1602/4280 1514/1386/4280 1484/1314/4280 1994/1606/4280
f 1999/1582/4447 1489/1305/4447 1499/1302/4447 2024/1611/4447
f 2009/1583/4448 1494/1306/4448 1489/1305/4448 1999/1582/4448
f 2029/1607/4449 1504/1309/4449 1494/1306/4449 2009/1583/4449
f 2024/1611/4450 1499/1302/4450 1509/1299/4450 2039/1613/4450
f 1759/720/4451 1544/187/4451 1535/186/4451 1789/724/4451
f 1789/724/4452 1535/186/4452 1574/511/4452 1779/727/4452
f 1849/731/4453 1549/506/4453 1579/497/4453 1809/736/4453
f 1769/730/4454 1564/507/4454 1549/506/4454 1849/731/4454
f 1779/727/4455 1574/511/4455 1564/507/4455 1769/730/4455
f 1809/736/4456 1579/497/4456 1589/494/4456 1804/739/4456
f 1804/739/4457 1589/494/4457 1609/493/4457 1844/740/4457
f 1829/745/4458 1604/485/4458 1644/481/4458 1819/748/4458
f 1844/740/4459 1609/493/4459 1604/485/4459 1829/745/4459
f 1964/749/4460 1624/480/4460 1634/479/4460 1859/753/4460
f 1819/748/4461 1644/481/4461 1624/480/4461 1964/749/4461
f 1859/754/4462 1634/472/4462 1649/471/4462 1894/755/4462
f 1894/755/4463 1649/471/4463 1664/467/4463 1874/758/4463
f 1874/758/4464 1664/467/4464 1689/462/4464 1884/759/4464
f 1904/768/4465 1674/457/4465 1704/450/4465 1914/769/4465
f 1954/762/4466 1684/461/4466 1674/457/4466 1904/768/4466
f 1884/759/4467 1689/462/4467 1684/461/4467 1954/762/4467
f 1704/450/4468 1714/449/4468 1944/772/4468 1914/769/4468
f 1714/449/4469 1719/445/4469 1924/780/4469 1944/772/4469
f 1719/445/4470 1754/438/4470 1934/781/4470 1924/780/4470
f 1729/437/4471 1744/431/4471 1969/790/4471 1984/784/4471
f 1754/438/4472 1729/437/4472 1984/784/4472 1934/781/4472
f 2044/1133/2 2034/715/2 1990/185/2 2019/184/2 2075/716/2
f 2370/1050/4380 2084/195/4380 1990/194/4380 2034/719/4380
f 2054/792/4385 2004/281/4385 2360/275/4385 2565/954/4385
f 3055/315/126 2291/313/126 2326/701/126 2301/702/126 2306/704/126 2336/705/126 2346/706/126 2361/707/126 2005/708/126 2014/604/126 3086/602/126
f 2015/428/1 2004/427/1 2054/953/1 2059/952/1
f 2785/431/4383 2015/280/4383 2059/794/4383 3035/839/4383
f 2595/187/4382 2830/795/4382 2075/719/4382 2019/194/4382
f 5965/975/60 4176/976/60 4627/978/60 4617/979/60 4597/982/60 4607/985/60 4637/988/60 4567/989/60 4577/994/60 4582/997/60 4547/998/60 4557/1004/60 4642/1007/60 4502/1008/60 4512/1015/60 4522/1018/60 4482/1019/60 4492/1026/60 4537/1030/60 4457/1031/60 4467/1037/60 4477/1040/60 4447/1041/60 4437/1045/60 4422/1048/60 4187/1051/60 3110/1052/60 3566/1053/60 3561/1054/60 3541/1055/60 3551/1058/60 3581/1059/60 3506/1060/60 3521/1062/60 3526/1065/60 3491/1066/60 3496/1069/60 3591/1072/60 3451/1073/60 3456/1077/60 3471/1079/60 3426/1080/60 3441/1083/60 3476/1086/60 3396/1087/60 3406/1090/60 3416/1092/60 3391/1093/60 3376/1095/60 3366/1097/60 3101/1098/60 2515/1099/60 2531/1101/60 2486/1102/60 2501/1105/60 2591/1106/60 2446/1107/60 2461/1110/60 2466/1113/60 2426/1114/60 2436/1117/60 2476/1119/60 2401/1120/60 2406/1123/60 2416/1124/60 2391/1125/60 2381/1128/60 2371/1129/60 2035/1131/60 2045/1134/60 5713/1135/60 5657/143/60 5946/162/60
f 3101/1098/60 3130/841/60 2060/840/60 2055/1164/60 2566/1166/60 2556/1167/60 2541/1168/60 2546/1171/60 2576/1173/60 2506/1174/60 2515/1099/60
f 2380/1047/4389 2109/199/4389 2084/195/4389 2370/1050/4389
f 2415/1038/4393 2089/206/4393 2099/203/4393 2390/1043/4393
f 2405/1035/4396 2211/210/4396 2089/206/4396 2415/1038/4396
f 2390/1043/4392 2099/203/4392 2109/199/4392 2380/1047/4392
f 2245/1244/4378 2560/1717/4378 2191/1716/4378 2104/1246/4378
f 2124/85/2 2104/1463/2 2191/1743/2 2173/92/2
f 2201/1584/1 2114/1402/1 2149/89/1 2216/94/1
f 2816/1583/4448 2510/1306/4448 2114/1305/4448 2201/1582/4448
f 2400/1121/4397 2119/217/4397 2211/210/4397 2405/1035/4397
f 2196/218/4398 2119/217/4398 2400/1121/4398 2475/1084/4398
f 2143/222/4400 2196/218/4400 2475/1084/4400 2435/1082/4400
f 2167/225/4402 2143/222/4402 2435/1082/4402 2425/1022/4402
f 2206/230/4403 2167/225/4403 2425/1022/4403 2465/1111/4403
f 2250/231/4404 2206/230/4404 2465/1111/4404 2460/1012/4404
f 2235/1240/4387 2275/1239/4387 2585/1724/4387 2550/1720/4387
f 2245/1244/4384 2235/1240/4384 2550/1720/4384 2560/1717/4384
f 2240/238/4409 2250/231/4409 2460/1012/4409 2445/1011/4409
f 2280/239/4410 2240/238/4410 2445/1011/4410 2590/1070/4410
f 2255/246/4412 2270/245/4412 2500/1002/4412 2485/1001/4412
f 2320/252/4414 2255/246/4414 2485/1001/4414 2530/995/4414
f 2570/1728/4388 2260/1235/4388 2295/1231/4388 2605/1729/4388
f 2265/1236/4306 2260/1235/4306 2570/1728/4306 2580/1725/4306
f 2275/1239/4340 2265/1236/4340 2580/1725/4340 2585/1724/4340
f 2270/245/4411 2280/239/4411 2590/1070/4411 2500/1002/4411
f 2285/1230/4394 2330/1225/4394 2635/1733/4394 2600/1732/4394
f 2295/1231/4395 2285/1230/4395 2600/1732/4395 2605/1729/4395
f 2290/253/4415 2320/252/4415 2530/995/4415 2516/992/4415
f 2325/256/4420 2290/253/4420 2516/992/4420 2505/991/4420
f 2300/259/4422 2325/256/4422 2505/991/4422 2575/986/4422
f 2305/265/4423 2300/259/4423 2575/986/4423 2545/1170/4423
f 2335/270/4424 2305/265/4424 2545/1170/4424 2540/961/4424
f 2310/1448/4413 2340/1446/4413 2645/1742/4413 2615/1739/4413
f 2315/1224/4405 2310/1448/4405 2615/1739/4405 2625/1738/4405
f 2330/1225/4406 2315/1224/4406 2625/1738/4406 2635/1733/4406
f 2345/271/4425 2335/270/4425 2540/961/4425 2555/958/4425
f 2340/1446/4343 2350/1443/4343 2655/1763/4343 2645/1742/4343
f 2360/275/4430 2345/271/4430 2555/958/4430 2565/954/4430
f 2350/1443/4473 2365/1439/4473 2675/1764/4473 2655/1763/4473
f 2355/1438/4474 2395/1434/4474 2705/1770/4474 2665/1767/4474
f 2365/1439/4475 2355/1438/4475 2665/1767/4475 2675/1764/4475
f 2375/1429/4476 2535/1424/4476 2845/1778/4476 2685/1775/4476
f 2385/1430/4477 2375/1429/4477 2685/1775/4477 2695/1774/4477
f 2395/1434/2221 2385/1433/2221 2695/1773/2221 2705/1770/2221
f 2410/1423/4478 2430/1419/4478 2740/1781/4478 2720/1780/4478
f 2535/1424/4479 2410/1423/4479 2720/1780/4479 2845/1778/4479
f 2420/1400/4433 2455/1396/4433 2765/1587/4433 2725/1586/4433
f 2430/1419/4434 2420/1400/4434 2725/1586/4434 2740/1781/4434
f 2750/1592/4442 2440/1327/4442 2525/1326/4442 2840/1596/4442
f 2450/1330/4437 2440/1327/4437 2750/1592/4437 2755/1591/4437
f 2455/1396/4438 2450/1330/4438 2755/1591/4438 2765/1587/4438
f 2780/1597/4444 2470/1321/4444 2490/1320/4444 2800/1601/4444
f 2840/1596/4441 2525/1326/4441 2470/1321/4441 2780/1597/4441
f 2790/1602/4280 2480/1315/4280 2520/1314/4280 2825/1606/4280
f 2800/1601/4480 2490/1320/4480 2480/1315/4480 2790/1602/4480
f 2805/1607/4449 2495/1309/4449 2510/1306/4449 2816/1583/4449
f 2825/1606/4446 2520/1314/4446 2495/1309/4446 2805/1607/4446
f 2830/795/4451 2595/187/4451 2610/186/4451 2860/724/4451
f 2860/724/4452 2610/186/4452 2640/511/4452 2850/727/4452
f 2920/731/4453 2620/506/4453 2700/497/4453 2880/736/4453
f 2835/730/4454 2630/507/4454 2620/506/4454 2920/731/4454
f 2850/727/4455 2640/511/4455 2630/507/4455 2835/730/4455
f 2910/740/4459 2650/493/4459 2690/485/4459 2895/745/4459
f 2865/739/4457 2660/494/4457 2650/493/4457 2910/740/4457
f 2880/736/4456 2700/497/4456 2660/494/4456 2865/739/4456
f 3030/749/4460 2670/480/4460 2820/479/4460 2930/753/4460
f 2885/748/4461 2680/481/4461 2670/480/4461 3030/749/4461
f 2895/745/4458 2690/485/4458 2680/481/4458 2885/748/4458
f 2955/815/4463 2710/471/4463 2715/467/4463 2935/758/4463
f 2930/754/4462 2820/472/4462 2710/471/4462 2955/815/4462
f 2935/758/4464 2715/467/4464 2745/462/4464 2945/759/4464
f 3015/762/4466 2730/461/4466 2735/457/4466 2970/768/4466
f 2945/759/4467 2745/462/4467 2730/461/4467 3015/762/4467
f 2970/768/4465 2735/457/4465 2810/450/4465 2975/769/4465
f 2760/449/4469 2770/445/4469 2990/831/4469 3010/772/4469
f 2810/450/4468 2760/449/4468 3010/772/4468 2975/769/4468
f 2770/445/4470 2795/438/4470 2995/832/4470 2990/831/4470
f 2775/437/4471 2785/431/4471 3035/839/4471 3050/834/4471
f 2795/438/4472 2775/437/4472 3050/834/4472 2995/832/4472
f 2855/1246/4378 2875/1244/4378 3430/1717/4378 3410/1716/4378
f 2870/1247/4379 2855/1246/4379 3410/1716/4379 3420/1713/4379
f 2905/1249/4381 2870/1247/4381 3420/1713/4381 3460/1709/4381
f 2875/1244/4384 2915/1240/4384 3465/1720/4384 3430/1717/4384
f 2890/1252/4386 2905/1249/4386 3460/1709/4386 3435/1708/4386
f 2985/1255/4313 2890/1252/4313 3435/1708/4313 3535/1703/4313
f 2900/1540/4340 3000/1236/4340 3545/1725/4340 3445/1724/4340
f 2915/1240/4387 2900/1540/4387 3445/1724/4387 3465/1720/4387
f 2925/1257/4315 2985/1255/4315 3535/1703/4315 3480/1702/4315
f 2965/1260/4390 2925/1257/4390 3480/1702/4390 3515/1697/4390
f 2940/1235/4388 2980/1231/4388 3530/1729/4388 3485/1728/4388
f 3000/1236/4307 2940/1235/4307 3485/1728/4307 3545/1725/4307
f 2950/1261/4391 2965/1260/4391 3515/1697/4391 3500/1696/4391
f 3105/1264/4399 2950/1261/4399 3500/1696/4399 3660/1693/4399
f 2960/1230/4394 3115/1225/4394 3665/1733/4394 3510/1732/4394
f 2980/1231/4395 2960/1230/4395 3510/1732/4395 3530/1729/4395
f 3555/1692/4401 3005/1267/4401 3105/1264/4401 3660/1693/4401
f 3595/1686/4407 3045/1271/4407 3005/1267/4407 3555/1692/4407
f 3020/1224/4405 3060/1448/4405 3605/1739/4405 3570/1738/4405
f 3115/1225/4406 3020/1224/4406 3570/1738/4406 3665/1733/4406
f 3575/1666/4408 3025/1337/4408 3045/1271/4408 3595/1686/4408
f 3650/1663/4416 3095/1340/4416 3025/1337/4416 3575/1666/4416
f 4038/103/4343 3585/1742/4343 3040/1446/4343 3995/101/4343
f 3060/1448/4413 3040/1446/4413 3585/1742/4413 3605/1739/4413
f 3100/715/2 3056/185/2 3085/184/2 3131/716/2
f 3365/1050/4380 3135/195/4380 3056/194/4380 3100/719/4380
f 3111/792/4385 3065/281/4385 3330/275/4385 3565/954/4385
f 4111/343/126 3351/342/126 3301/689/126 3311/693/126 3341/695/126 3321/696/126 3331/698/126 3066/699/126 3075/559/126 4142/558/126
f 3076/428/1 3065/427/1 3111/953/1 3120/952/1
f 3620/1662/4417 3070/1341/4417 3095/1340/4417 3650/1663/4417
f 3640/1657/4421 3090/1345/4421 3070/1341/4421 3620/1662/4421
f 3790/431/4383 3076/280/4383 3120/794/4383 4057/790/4383
f 3630/1656/4418 3080/1348/4418 3090/1345/4418 3640/1657/4418
f 3955/1651/4419 3400/1349/4419 3080/1348/4419 3630/1656/4419
f 3600/187/4382 3830/720/4382 3131/719/4382 3085/194/4382
f 4151/875/60 4024/873/60 4082/1158/60 4034/1159/60 4058/1161/60 3121/1162/60 3110/1052/60 4187/1051/60
f 3680/1650/4426 3125/1352/4426 3400/1349/4426 3955/1651/4426
f 3695/1645/4427 3150/1353/4427 3125/1352/4427 3680/1650/4427
f 3375/1047/4389 3160/199/4389 3135/195/4389 3365/1050/4389
f 3685/1644/4428 3140/1357/4428 3150/1353/4428 3695/1645/4428
f 3775/1641/4429 3220/1358/4429 3140/1357/4429 3685/1644/4429
f 3390/1043/4392 3145/203/4392 3160/199/4392 3375/1047/4392
f 3415/1038/4393 3170/206/4393 3145/203/4393 3390/1043/4393
f 3705/1640/4431 3156/1276/4431 3220/1358/4431 3775/1641/4431
f 3715/1670/4432 3760/1636/4432 3200/1277/4432 3156/1276/4432 3705/1640/4432
f 3165/1400/4433 3210/1396/4433 3770/1587/4433 3725/1586/4433
f 3165/1400/4434 3725/1586/4434 4063/105/4434 3965/98/4434
f 3405/1035/4396 3180/210/4396 3170/206/4396 3415/1038/4396
f 3736/1635/4435 3175/1282/4435 3200/1277/4435 3760/1636/4435
f 3935/1628/4436 3380/1283/4436 3175/1282/4436 3736/1635/4436
f 3395/1034/4397 3185/217/4397 3180/210/4397 3405/1035/4397
f 3195/218/4398 3185/217/4398 3395/1034/4398 3475/1084/4398
f 3190/1330/4437 3385/1327/4437 3945/1592/4437 3750/1591/4437
f 3210/1396/4438 3190/1330/4438 3750/1591/4438 3770/1587/4438
f 3205/222/4400 3195/218/4400 3475/1084/4400 3440/1082/4400
f 3235/225/4402 3205/222/4402 3440/1082/4402 3425/1022/4402
f 3215/230/4403 3235/225/4403 3425/1022/4403 3470/1016/4403
f 3230/231/4404 3215/230/4404 3470/1016/4404 3455/1012/4404
f 3785/1627/4439 3225/1286/4439 3380/1283/4439 3935/1628/4439
f 3825/1622/4440 3270/1287/4440 3225/1286/4440 3785/1627/4440
f 3360/238/4409 3230/231/4409 3455/1012/4409 3450/1074/4409
f 3795/1596/4441 3240/1326/4441 3280/1321/4441 3835/1597/4441
f 3945/1592/4442 3385/1327/4442 3240/1326/4442 3795/1596/4442
f 3805/1621/4443 3245/1292/4443 3270/1287/4443 3825/1622/4443
f 3915/1618/4272 3355/1293/4272 3245/1292/4272 3805/1621/4272
f 3250/239/4410 3360/238/4410 3450/1074/4410 3590/1070/4410
f 3255/245/4411 3250/239/4411 3590/1070/4411 3495/1067/4411
f 3285/246/4412 3255/245/4412 3495/1067/4412 3490/1001/4412
f 3820/1601/4282 3260/1320/4282 3370/1315/4282 3925/1602/4282
f 3835/1597/4444 3280/1321/4444 3260/1320/4444 3820/1601/4444
f 3265/252/4414 3285/246/4414 3490/1001/4414 3525/1063/4414
f 3275/253/4415 3265/252/4415 3525/1063/4415 3520/972/4415
f 3350/256/4420 3275/253/4420 3520/972/4420 3505/991/4420
f 3845/1617/4331 3290/1298/4331 3355/1293/4331 3915/1618/4331
f 3900/1613/4445 3335/1299/4445 3290/1298/4445 3845/1617/4445
f 3855/1606/4446 3295/1314/4446 3345/1309/4446 3910/1607/4446
f 3925/1602/4280 3370/1315/4280 3295/1314/4280 3855/1606/4280
f 3300/259/4422 3350/256/4422 3505/991/4422 3580/986/4422
f 3310/265/4423 3300/259/4423 3580/986/4423 3550/962/4423
f 3865/1582/4447 3305/1305/4447 3315/1302/4447 3875/1611/4447
f 3890/1583/4448 3325/1306/4448 3305/1305/4448 3865/1582/4448
f 3340/270/4424 3310/265/4424 3550/962/4424 3540/961/4424
f 3875/1611/4450 3315/1302/4450 3335/1299/4450 3900/1613/4450
f 3320/271/4425 3340/270/4425 3540/961/4425 3560/981/4425
f 3330/275/4430 3320/271/4430 3560/981/4430 3565/954/4430
f 3910/1607/4449 3345/1309/4449 3325/1306/4449 3890/1583/4449
f 3830/720/4451 3600/187/4451 3610/186/4451 3840/724/4451
f 3840/724/4452 3610/186/4452 3635/511/4452 3850/727/4452
f 3870/731/4453 3615/506/4453 3700/497/4453 3880/736/4453
f 3860/730/4454 3625/507/4454 3615/506/4454 3870/731/4454
f 3850/727/4455 3635/511/4455 3625/507/4455 3860/730/4455
f 3895/740/4459 3645/493/4459 3690/485/4459 3930/745/4459
f 3885/739/4457 3655/494/4457 3645/493/4457 3895/740/4457
f 3880/736/4456 3700/497/4456 3655/494/4456 3885/739/4456
f 3920/749/4460 3670/480/4460 3815/479/4460 4101/753/4460
f 3905/748/4461 3675/481/4461 3670/480/4461 3920/749/4461
f 3930/745/4458 3690/485/4458 3675/481/4458 3905/748/4458
f 3940/815/4463 3710/471/4463 3720/467/4463 3950/758/4463
f 4101/754/4462 3815/472/4462 3710/471/4462 3940/815/4462
f 3950/758/4464 3720/467/4464 3745/462/4464 3989/759/4464
f 3960/762/4466 3730/461/4466 3740/457/4466 3984/768/4466
f 3989/759/4467 3745/462/4467 3730/461/4467 3960/762/4467
f 3984/768/4465 3740/457/4465 3810/450/4465 4096/769/4465
f 3755/449/4469 3765/445/4469 4023/831/4469 4018/772/4469
f 3810/450/4468 3755/449/4468 4018/772/4468 4096/769/4468
f 3765/445/4470 3800/438/4470 4081/781/4470 4023/831/4470
f 3780/437/4471 3790/431/4471 4057/790/4471 4033/834/4471
f 3800/438/4472 3780/437/4472 4033/834/4472 4081/781/4472
f 4091/1584/1 4013/1402/1 3966/89/1 4062/94/1
f 3994/85/2 4028/1463/2 4086/1743/2 4039/92/2
f 4441/1583/4448 4366/1306/4448 4013/1305/4448 4091/1582/4448
f 4086/1716/4378 4028/1246/4378 4406/1244/4378 4471/1717/4378
f 4106/1240/4387 4121/1239/4387 4506/1724/4387 4461/1720/4387
f 4406/1244/4384 4106/1240/4384 4461/1720/4384 4471/1717/4384
f 4186/715/2 4112/185/2 4141/184/2 4152/716/2
f 4421/1050/4380 4196/195/4380 4112/194/4380 4186/719/4380
f 4116/1236/4306 4161/1235/4306 4486/1728/4306 4496/1725/4306
f 4121/1239/4340 4116/1236/4340 4496/1725/4340 4506/1724/4340
f 4177/792/4385 4126/281/4385 4381/275/4385 4626/954/4385
f 4916/380/126 4362/379/126 4392/684/126 4372/685/126 4382/686/126 4127/687/126 4131/518/126 4927/517/126
f 4132/428/1 4126/427/1 4177/953/1 4166/952/1
f 4781/431/4383 4132/280/4383 4166/794/4383 4896/790/4383
f 4136/1231/4395 4156/1230/4395 4526/1732/4395 4516/1729/4395
f 4161/1235/4388 4136/1231/4388 4516/1729/4388 4486/1728/4388
f 4651/187/4382 4801/795/4382 4152/719/4382 4141/194/4382
f 4146/1225/4406 4241/1224/4406 4531/1738/4406 4541/1733/4406
f 4156/1230/4394 4146/1225/4394 4541/1733/4394 4526/1732/4394
f 6009/169/60 4936/915/60 4902/914/60 4892/1153/60 4897/1155/60 4167/1156/60 4176/976/60 5965/975/60 5989/167/60
f 4171/1448/4413 4191/1446/4413 4561/1742/4413 4571/1739/4413
f 4241/1224/4405 4171/1448/4405 4571/1739/4405 4531/1738/4405
f 4181/1443/4473 4231/1439/4473 4586/1764/4473 4551/1763/4473
f 4191/1446/4343 4181/1443/4343 4551/1763/4343 4561/1742/4343
f 4436/1047/4389 4211/199/4389 4196/195/4389 4421/1050/4389
f 4201/1438/4474 4221/1434/4474 4611/1770/4474 4591/1767/4474
f 4231/1439/4475 4201/1438/4475 4591/1767/4475 4586/1764/4475
f 4446/1043/4392 4206/203/4392 4211/199/4392 4436/1047/4392
f 4476/1038/4393 4226/206/4393 4206/203/4393 4446/1043/4393
f 4216/1430/4477 4396/1429/4477 4646/1775/4477 4601/1774/4477
f 4221/1434/2221 4216/1433/2221 4601/1773/2221 4611/1770/2221
f 4466/1035/4396 4236/210/4396 4226/206/4396 4476/1038/4396
f 4456/1034/4397 4246/217/4397 4236/210/4397 4466/1035/4397
f 4256/218/4398 4246/217/4398 4456/1034/4398 4536/1027/4398
f 4251/1424/4479 4271/1423/4479 4621/1780/4479 4631/1778/4479
f 4396/1429/4476 4251/1424/4476 4631/1778/4476 4646/1775/4476
f 4266/222/4400 4256/218/4400 4536/1027/4400 4491/1023/4400
f 4261/1419/4434 4311/1400/4434 4656/1586/4434 4716/1781/4434
f 4271/1423/4478 4261/1419/4478 4716/1781/4478 4621/1780/4478
f 4296/225/4402 4266/222/4402 4491/1023/4402 4481/1022/4402
f 4276/230/4403 4296/225/4403 4481/1022/4403 4521/1016/4403
f 4281/231/4404 4276/230/4404 4521/1016/4404 4511/1012/4404
f 4416/238/4409 4281/231/4409 4511/1012/4409 4501/1011/4409
f 4286/1396/4438 4301/1330/4438 4666/1591/4438 4676/1587/4438
f 4311/1400/4433 4286/1396/4433 4676/1587/4433 4656/1586/4433
f 4706/1592/4442 4291/1327/4442 4386/1326/4442 4686/1596/4442
f 4301/1330/4437 4291/1327/4437 4706/1592/4437 4666/1591/4437
f 4306/239/4410 4416/238/4410 4501/1011/4410 4641/1005/4410
f 4316/245/4411 4306/239/4411 4641/1005/4411 4556/1002/4411
f 4341/246/4412 4316/245/4412 4556/1002/4412 4546/1001/4412
f 4321/252/4414 4341/246/4414 4546/1001/4414 4581/995/4414
f 4331/253/4415 4321/252/4415 4581/995/4415 4576/992/4415
f 4696/1597/4444 4326/1321/4444 4346/1320/4444 4426/1601/4444
f 4686/1596/4441 4386/1326/4441 4326/1321/4441 4696/1597/4441
f 4401/256/4420 4331/253/4420 4576/992/4420 4566/991/4420
f 4411/1602/4280 4336/1315/4280 4376/1314/4280 4451/1606/4280
f 4426/1601/4480 4346/1320/4480 4336/1315/4480 4411/1602/4480
f 4351/259/4422 4401/256/4422 4566/991/4422 4636/986/4422
f 4361/265/4423 4351/259/4423 4636/986/4423 4606/962/4423
f 4431/1607/4449 4356/1309/4449 4366/1306/4449 4441/1583/4449
f 4451/1606/4446 4376/1314/4446 4356/1309/4446 4431/1607/4446
f 4391/270/4424 4361/265/4424 4606/962/4424 4596/961/4424
f 4371/271/4425 4391/270/4425 4596/961/4425 4616/981/4425
f 4381/275/4430 4371/271/4430 4616/981/4430 4626/954/4430
f 4801/795/4451 4651/187/4451 4661/186/4451 4806/724/4451
f 4806/724/4452 4661/186/4452 4691/511/4452 4811/727/4452
f 4821/731/4453 4671/506/4453 4736/497/4453 4826/736/4453
f 4816/730/4454 4681/507/4454 4671/506/4454 4821/731/4454
f 4811/727/4455 4691/511/4455 4681/507/4455 4816/730/4455
f 4836/740/4459 4701/493/4459 4731/485/4459 4851/745/4459
f 4831/739/4457 4711/494/4457 4701/493/4457 4836/740/4457
f 4826/736/4456 4736/497/4456 4711/494/4456 4831/739/4456
f 4846/749/4460 4721/480/4460 4796/479/4460 4911/753/4460
f 4841/748/4461 4726/481/4461 4721/480/4461 4846/749/4461
f 4851/745/4458 4731/485/4458 4726/481/4458 4841/748/4458
f 4856/815/4463 4741/471/4463 4746/467/4463 4861/758/4463
f 4911/754/4462 4796/472/4462 4741/471/4462 4856/815/4462
f 4861/758/4464 4746/467/4464 4761/462/4464 4876/759/4464
f 4866/762/4466 4751/461/4466 4756/457/4466 4871/768/4466
f 4876/759/4467 4761/462/4467 4751/461/4467 4866/762/4467
f 4871/768/4465 4756/457/4465 4791/450/4465 4906/769/4465
f 4766/449/4469 4771/445/4469 4886/780/4469 4881/911/4469
f 4791/450/4468 4766/449/4468 4881/911/4468 4906/769/4468
f 4771/445/4470 4786/438/4470 4901/832/4470 4886/780/4470
f 4776/437/4471 4781/431/4471 4896/790/4471 4891/784/4471
f 4786/438/4472 4776/437/4472 4891/784/4472 4901/832/4472
f 6027/1205/2 4917/185/2 4926/184/2 4937/1152/2 6008/168/2 6032/170/2
f 6145/1217/4380 4951/195/4380 4917/194/4380 6027/1218/4380
f 4941/792/4385 4921/281/4385 5046/275/4385 5091/954/4385
f 4931/428/1 4921/427/1 4941/953/1 4946/952/1
f 5101/187/4382 5216/720/4382 4937/719/4382 4926/194/4382
f 5196/431/4383 4931/280/4383 4946/794/4383 5311/839/4383
f 6140/1216/4389 4961/199/4389 4951/195/4389 6145/1217/4389
f 6135/1215/4392 4956/203/4392 4961/199/4392 6140/1216/4392
f 6130/1214/4393 4966/206/4393 4956/203/4393 6135/1215/4393
f 6125/1211/4396 4971/210/4396 4966/206/4396 6130/1214/4396
f 6120/1209/4397 4976/217/4397 4971/210/4397 6125/1211/4397
f 4981/218/4398 4976/217/4398 6120/1209/4398 6115/1208/4398
f 4986/222/4400 4981/218/4400 6115/1208/4400 6110/1203/4400
f 5001/225/4402 4986/222/4402 6110/1203/4402 6105/1207/4402
f 4991/230/4403 5001/225/4403 6105/1207/4403 6100/1200/4403
f 4996/231/4404 4991/230/4404 6100/1200/4404 6095/1198/4404
f 5061/238/4409 4996/231/4409 6095/1198/4409 6090/1196/4409
f 5006/239/4410 5061/238/4410 6090/1196/4410 6085/1195/4410
f 5011/245/4411 5006/239/4411 6085/1195/4411 6080/1206/4411
f 5026/246/4412 5011/245/4412 6080/1206/4412 6075/1192/4412
f 5016/252/4414 5026/246/4414 6075/1192/4414 6051/1191/4414
f 5071/972/4415 5021/253/4415 5016/252/4415 6051/1191/4415 6057/171/4415 5969/164/4415
f 5056/256/4420 5021/253/4420 5071/972/4420 5066/971/4420
f 5031/259/4422 5056/256/4422 5066/971/4422 5096/965/4422
f 5036/265/4423 5031/259/4423 5096/965/4423 5081/962/4423
f 5051/270/4424 5036/265/4424 5081/962/4424 5076/961/4424
f 5041/271/4425 5051/270/4425 5076/961/4425 5086/958/4425
f 5046/275/4430 5041/271/4430 5086/958/4430 5091/954/4430
f 5216/720/4451 5101/187/4451 5106/186/4451 5221/724/4451
f 5221/724/4452 5106/186/4452 5121/511/4452 5226/727/4452
f 5236/731/4453 5111/506/4453 5151/497/4453 5241/736/4453
f 5231/730/4454 5116/507/4454 5111/506/4454 5236/731/4454
f 5226/727/4455 5121/511/4455 5116/507/4455 5231/730/4455
f 5251/740/4459 5126/493/4459 5146/485/4459 5266/745/4459
f 5246/739/4457 5131/494/4457 5126/493/4457 5251/740/4457
f 5241/736/4456 5151/497/4456 5131/494/4456 5246/739/4456
f 5261/749/4460 5136/480/4460 5211/479/4460 5326/753/4460
f 5256/748/4461 5141/481/4461 5136/480/4461 5261/749/4461
f 5266/745/4458 5146/485/4458 5141/481/4458 5256/748/4458
f 5271/755/4463 5156/471/4463 5161/467/4463 5276/758/4463
f 5326/754/4462 5211/472/4462 5156/471/4462 5271/755/4462
f 5276/758/4464 5161/467/4464 5176/462/4464 5291/759/4464
f 5281/762/4466 5166/461/4466 5171/457/4466 5286/768/4466
f 5291/759/4467 5176/462/4467 5166/461/4467 5281/762/4467
f 5286/768/4465 5171/457/4465 5206/450/4465 5321/769/4465
f 5181/449/4469 5186/445/4469 5301/780/4469 5296/772/4469
f 5206/450/4468 5181/449/4468 5296/772/4468 5321/769/4468
f 5186/445/4470 5201/438/4470 5316/832/4470 5301/780/4470
f 5191/437/4471 5196/431/4471 5311/839/4471 5306/784/4471
f 5201/438/4472 5191/437/4472 5306/784/4472 5316/832/4472
f 5332/180/2 13/1923/2 25/11/2 7/21/2 24/20/2 12/55/2
f 9/44/1 20/9/1 1/8/1 21/3/1 10/1920/1 5352/39/1
f 5379/110/130 5418/1223/130 5879/1221/130 5674/144/130
f 15/1927/1 20/1918/1 5/1917/1 5400/114/1
f 5480/1331/130 5441/118/130 5926/160/130 6155/1334/130
f 23/28/2 5460/123/2 26/23/2 28/22/2
f 5503/126/7 5523/129/7 5599/138/7 5579/134/7
f 34/29/1 33/32/1 3/1922/1 5562/133/1 11/1928/1 35/30/1
f 37/36/2 22/35/2 14/1929/2 5638/132/2 6/1925/2 30/33/2
f 5883/40/2 5655/40/2 5712/40/2 5718/40/2 5907/40/2
f 6179/40/1 5990/40/1 5964/40/1 5945/40/1 6149/40/1
