# Blender 5.2.1 LTS
# www.blender.org
mtllib wall_mounted_draining_soap_dish.mtl
o wall_mounted_draining_soap_dish
v 34.700001 5.200000 31.000000
v 33.500000 5.200000 29.799999
v 16.700001 5.200000 31.000000
v 34.700001 4.058754 30.170889
v 15.500000 5.200000 29.799999
v 34.700001 4.229094 30.505224
v -1.300000 5.200000 31.000000
v 34.329109 4.058755 29.799999
v 34.319279 4.128336 30.182865
v 16.700001 4.058754 30.170889
v 34.331688 4.289143 30.488974
v -2.500000 5.200000 29.799999
v 33.994774 4.229094 29.799999
v 34.010414 4.289992 30.169264
v 16.700001 4.229094 30.505224
v 34.065056 4.403950 30.434942
v 16.329111 4.058755 29.799999
v 34.329109 5.200000 30.941246
v 16.319279 4.128336 30.182865
v 33.994774 5.200000 30.770906
v -1.300000 4.058754 30.170889
v 34.700001 4.829110 30.941246
v 16.331688 4.289143 30.488974
v 34.317135 4.819279 30.871664
v -19.299999 5.200000 31.000000
v 34.011028 4.831687 30.710857
v -1.300000 4.229094 30.505224
v 34.700001 4.494776 30.770906
v 15.994776 4.229094 29.799999
v 34.330734 4.510414 30.710009
v 34.065056 4.565058 30.596050
v 16.010414 4.289992 30.169264
v 33.558754 4.829110 29.799999
v -37.299999 5.200000 31.000000
v -1.670890 4.058755 29.799999
v 33.729095 4.494776 29.799999
v 33.558754 5.200000 30.170889
v 16.065058 4.403950 30.434942
v 33.628334 4.817133 30.180721
v 16.329111 5.200000 30.941246
v -20.500000 5.200000 29.799999
v 33.789143 4.511026 30.168312
v 15.994776 5.200000 30.770906
v 33.729095 5.200000 30.505224
v 33.789993 4.830736 30.489586
v -1.680722 4.128336 30.182865
v 33.903950 4.565058 30.434942
v -19.299999 4.058754 30.170889
v 34.700001 5.800000 31.000000
v 16.700001 4.829110 30.941246
v 34.700001 7.000000 29.799999
v -1.668313 4.289143 30.488974
v 33.500000 5.800000 29.799999
v 16.317133 4.819279 30.871664
v 34.700001 6.170890 30.941246
v 16.011026 4.831687 30.710857
v 34.700001 6.505224 30.770906
v 34.329109 5.800000 30.941246
v -2.005224 4.229094 29.799999
v 16.700001 4.494776 30.770906
v 34.319279 6.182867 30.871664
v -19.299999 4.229094 30.505224
v 34.331688 6.488974 30.710857
v 16.330736 4.510414 30.710009
v 33.994774 5.800000 30.770906
v 34.010414 6.169264 30.710009
v -1.989586 4.289992 30.169264
v 16.065058 4.565058 30.596050
v 34.065056 6.434942 30.596050
v 34.329109 6.941246 29.799999
v -38.500000 5.200000 29.799999
v 33.994774 6.770906 29.799999
v 15.558754 4.829110 29.799999
v -19.670889 4.058755 29.799999
v 34.700001 6.941245 30.170889
v 34.317135 6.871664 30.180721
v 15.729094 4.494776 29.799999
v 34.011028 6.710857 30.168312
v -1.934942 4.403950 30.434942
v 34.700001 6.770906 30.505224
v 15.558755 5.200000 30.170889
v 34.330734 6.710008 30.489586
v 15.628336 4.817133 30.180721
v 34.065056 6.596050 30.434942
v -1.670890 5.200000 30.941246
v 33.558754 5.800000 30.170889
v 15.789143 4.511026 30.168312
v 33.729095 5.800000 30.505224
v 33.558754 6.170890 29.799999
v -2.005224 5.200000 30.770906
v 15.729094 5.200000 30.505224
v 33.628334 6.180722 30.182865
v 33.789143 6.168313 30.488974
v -19.680721 4.128336 30.182865
v 15.789991 4.830736 30.489586
v 33.729095 6.505224 29.799999
v 33.789993 6.489586 30.169264
v -1.300000 4.829110 30.941246
v 15.903950 4.565058 30.434942
v 33.903950 6.434942 30.434942
v 16.700001 5.800000 31.000000
v 33.500000 5.200000 -21.799999
v -37.299999 4.058754 30.170889
v 16.700001 7.000000 29.799999
v 34.700001 5.200000 -23.000000
v 34.329109 4.058754 -21.799999
v -1.682866 4.819279 30.871664
v -19.668312 4.289143 30.488974
v 33.994774 4.229094 -21.799999
v 34.700001 4.058755 -22.170889
v 15.500000 5.800000 29.799999
v 34.317135 4.128336 -22.180721
v -1.988973 4.831687 30.710857
v 16.700001 6.170890 30.941246
v 34.011024 4.289143 -22.168312
v 34.700001 4.229094 -22.505224
v 34.330734 4.289992 -22.489586
v 16.700001 6.505224 30.770906
v 34.065056 4.403950 -22.434942
v 16.329111 5.800000 30.941246
v 33.558754 5.200000 -22.170889
v 33.729095 5.200000 -22.505224
v -1.300000 4.494776 30.770906
v 16.319279 6.182867 30.871664
v 33.558754 4.829110 -21.799999
v -20.005224 4.229094 29.799999
v 33.628334 4.819279 -22.182865
v 33.789143 4.831687 -22.488974
v 16.331688 6.488974 30.710857
v 15.994776 5.800000 30.770906
v 33.729095 4.494776 -21.799999
v -1.669264 4.510414 30.710009
v 33.789993 4.510414 -22.169264
v -1.934942 4.565058 30.596050
v 33.903950 4.565058 -22.434942
v 34.700001 4.829110 -22.941246
v 16.010414 6.169264 30.710009
v -19.989586 4.289992 30.169264
v 34.700001 4.494776 -22.770906
v 34.329109 5.200000 -22.941246
v 16.065058 6.434942 30.596050
v 34.319279 4.817133 -22.871664
v -2.441246 4.829110 29.799999
v 34.331688 4.511026 -22.710857
v 16.329111 6.941246 29.799999
v 33.994774 5.200000 -22.770906
v 15.994776 6.770906 29.799999
v 34.010414 4.830736 -22.710009
v -37.299999 4.229094 30.505224
v 16.700001 6.941245 30.170889
v 34.065056 4.565058 -22.596050
v 34.700001 7.000000 -21.799999
v -2.270906 4.494776 29.799999
v 34.700001 5.800000 -23.000000
v 16.317133 6.871664 30.180721
v -37.670891 4.058755 29.799999
v 33.500000 5.800000 -21.799999
v 34.700001 6.941246 -22.170889
v 16.011026 6.710857 30.168312
v -19.934942 4.403950 30.434942
v 34.700001 6.770906 -22.505224
v -2.441245 5.200000 30.170889
v 34.329109 6.941245 -21.799999
v 16.700001 6.770906 30.505224
v 34.319279 6.871664 -22.182865
v 16.330736 6.710008 30.489586
v 34.331688 6.710857 -22.488974
v 33.994774 6.770906 -21.799999
v -19.670889 5.200000 30.941246
v 16.065058 6.596050 30.434942
v 34.010414 6.710008 -22.169264
v 34.065056 6.596050 -22.434942
v -2.371664 4.817133 30.180721
v 34.329109 5.800000 -22.941246
v 33.994774 5.800000 -22.770906
v 15.558754 5.800000 30.170889
v -2.210857 4.511026 30.168312
v 34.700001 6.170890 -22.941246
v 34.317135 6.180722 -22.871664
v 15.729094 5.800000 30.505224
v -20.005224 5.200000 30.770906
v 34.011028 6.168313 -22.710857
v 34.700001 6.505224 -22.770906
v 15.558755 6.170890 29.799999
v 34.330734 6.489586 -22.710009
v -2.270906 5.200000 30.505224
v 34.065056 6.434942 -22.596050
v 15.628336 6.180722 30.182865
v 33.558754 6.170890 -21.799999
v 15.789143 6.168313 30.488974
v 33.729095 6.505224 -21.799999
v -37.680721 4.128336 30.182865
v -2.210008 4.830736 30.489586
v 33.558754 5.800000 -22.170889
v 33.628334 6.182867 -22.180721
v 15.729094 6.505224 29.799999
v -2.096051 4.565058 30.434942
v 33.789143 6.488974 -22.168312
v 15.789991 6.489586 30.169264
v 33.729095 5.800000 -22.505224
v 33.789993 6.169264 -22.489586
v -19.299999 4.829110 30.941246
v 33.903950 6.434942 -22.434942
v 15.903950 6.434942 30.434942
v -1.300000 5.800000 31.000000
v 38.500000 5.200000 29.799999
v 37.299999 5.200000 31.000000
v 15.500000 5.200000 -21.799999
v 37.670891 4.058754 29.799999
v -1.300000 7.000000 29.799999
v 38.005226 4.229094 29.799999
v 37.299999 4.058755 30.170889
v 16.700001 5.200000 -23.000000
v 37.682865 4.128336 30.180721
v 16.329109 4.058754 -21.799999
v 37.988976 4.289143 30.168312
v -19.682867 4.819279 30.871664
v 15.994776 4.229094 -21.799999
v 37.299999 4.229094 30.505224
v 37.669266 4.289992 30.489586
v -37.668312 4.289143 30.488974
v -2.500000 5.800000 29.799999
v 37.934944 4.403950 30.434942
v 16.700001 4.058755 -22.170889
v 38.441246 5.200000 30.170889
v 16.317133 4.128336 -22.180721
v 38.270905 5.200000 30.505224
v -1.300000 6.170890 30.941246
v 38.441246 4.829110 29.799999
v 16.011026 4.289143 -22.168312
v 38.371666 4.819279 30.182865
v 38.210857 4.831687 30.488974
v -19.988974 4.831687 30.710857
v 38.270905 4.494776 29.799999
v 16.700001 4.229094 -22.505224
v 38.210007 4.510414 30.169264
v 16.330736 4.289992 -22.489586
v 38.096050 4.565058 30.434942
v 37.299999 4.829110 30.941246
v -1.300000 6.505224 30.770906
v 37.299999 4.494776 30.770906
v -1.670890 5.800000 30.941246
v 37.670891 5.200000 30.941246
v 16.065058 4.403950 -22.434942
v -19.299999 4.494776 30.770906
v 37.680721 4.817133 30.871664
v 15.558754 5.200000 -22.170889
v 37.668312 4.511026 30.710857
v -38.005226 4.229094 29.799999
v 38.005226 5.200000 30.770906
v 15.729094 5.200000 -22.505224
v 37.989586 4.830736 30.710009
v 37.934944 4.565058 30.596050
v -1.680722 6.182867 30.871664
v 15.558754 4.829110 -21.799999
v 37.299999 7.000000 29.799999
v -1.668313 6.488974 30.710857
v 37.299999 5.800000 31.000000
v 15.628336 4.819279 -22.182865
v 38.500000 5.800000 29.799999
v 37.299999 6.941246 30.170889
v -19.669264 4.510414 30.710009
v 37.299999 6.770906 30.505224
v 15.789143 4.831687 -22.488974
v 37.670891 6.941245 29.799999
v 15.729094 4.494776 -21.799999
v 37.680721 6.871664 30.182865
v -2.005224 5.800000 30.770906
v 8.300562 77.041649 -38.000000
v 37.668312 6.710857 30.488974
v 8.558483 76.999855 -38.000000
v 15.789991 4.510414 -22.169264
v 38.005226 6.770906 29.799999
v 8.790127 76.932503 -38.000000
v 37.989586 6.710008 30.169264
v 8.995853 76.841484 -38.000000
v 15.903950 4.565058 -22.434942
v 9.176024 76.728683 -38.000000
v 37.934944 6.596050 30.434942
v 9.331001 76.596001 -38.000000
v 9.461144 76.445312 -38.000000
v -1.989586 6.169264 30.710009
v 9.566815 76.278519 -38.000000
v 16.700001 4.829110 -22.941246
v 37.670891 5.800000 30.941246
v 9.648376 76.097504 -38.000000
v 38.005226 5.800000 30.770906
v 9.706185 75.904152 -38.000000
v 9.740606 75.700356 -38.000000
v 37.299999 6.170890 30.941246
v 9.752000 75.487999 -38.000000
v 9.739935 75.278114 -38.000000
v 16.700001 4.494776 -22.770906
v 37.682865 6.180722 30.871664
v 9.703482 75.077591 -38.000000
v -1.934942 6.434942 30.596050
v 9.642250 74.888123 -38.000000
v 37.988972 6.168313 30.710857
v 9.555852 74.711411 -38.000000
v 9.443898 74.549133 -38.000000
v -19.934942 4.565058 30.596050
v 16.329109 5.200000 -22.941246
v 9.306000 74.403000 -38.000000
v 9.141768 74.274696 -38.000000
v 37.299999 6.505224 30.770906
v 8.950815 74.165924 -38.000000
v 37.669266 6.489586 30.710009
v 8.732750 74.078377 -38.000000
v 16.319279 4.817133 -22.871664
v 8.487185 74.013741 -38.000000
v -1.670890 6.941246 29.799999
v 8.213732 73.973717 -38.000000
v 37.934944 6.434942 30.596050
v 7.912000 73.959999 -38.000000
v 16.331688 4.511026 -22.710857
v 7.096000 73.959999 -38.000000
v 38.441246 6.170890 29.799999
v 7.096000 71.599998 -38.000000
v 38.270905 6.505224 29.799999
v 6.312000 71.599998 -38.000000
v -20.441246 4.829110 29.799999
v 6.312000 77.056000 -38.000000
v 38.441246 5.800000 30.170889
v 8.016000 77.056000 -38.000000
v -37.989586 4.289992 30.169264
v 38.371666 6.182867 30.180721
v 7.984000 74.664001 -38.000000
v 8.125570 74.670456 -38.000000
v 15.994776 5.200000 -22.770906
v 8.257890 74.689629 -38.000000
v -2.005224 6.770906 29.799999
v 38.210857 6.488974 30.168312
v 8.380376 74.721252 -38.000000
v 8.492445 74.765038 -38.000000
v 38.270905 5.800000 30.505224
v 8.593514 74.820709 -38.000000
v 16.010414 4.830736 -22.710009
v 8.683001 74.888000 -38.000000
v 16.065058 4.565058 -22.596050
v 38.210007 6.169264 30.489586
v 8.760320 74.966621 -38.000000
v 8.824889 75.056297 -38.000000
v 38.096050 6.434942 30.434942
v -1.300000 6.941245 30.170889
v 8.876125 75.156754 -38.000000
v 8.913445 75.267700 -38.000000
v 16.700001 7.000000 -21.799999
v 8.936264 75.388878 -38.000000
v 8.944000 75.519997 -38.000000
v 37.299999 5.200000 -23.000000
v 8.939337 75.620399 -38.000000
v 8.924703 75.720520 -38.000000
v 38.500000 5.200000 -21.799999
v 8.899124 75.818748 -38.000000
v -20.270906 4.494776 29.799999
v 8.861629 75.913483 -38.000000
v 16.700001 5.800000 -23.000000
v 8.811244 76.003105 -38.000000
v 37.299999 4.058754 -22.170889
v 8.746999 76.085999 -38.000000
v 37.299999 4.229094 -22.505224
v -1.682866 6.871664 30.180721
v 8.667920 76.160568 -38.000000
v 8.573036 76.225189 -38.000000
v 37.670891 4.058755 -21.799999
v 8.461374 76.278252 -38.000000
v 15.500000 5.800000 -21.799999
v 37.680721 4.128336 -22.182865
v 8.331963 76.318146 -38.000000
v 16.700001 6.941246 -22.170889
v 8.183828 76.343269 -38.000000
v 37.668312 4.289143 -22.488974
v 8.016000 76.351997 -38.000000
v 7.096000 76.351997 -38.000000
v -37.934944 4.403950 30.434942
v 16.700001 6.770906 -22.505224
v 7.096000 74.664001 -38.000000
v 38.005226 4.229094 -21.799999
v 4.952000 71.599998 -38.000000
v -1.988973 6.710857 30.168312
v 4.224000 73.208000 -38.000000
v 1.903999 73.208000 -38.000000
v 37.989586 4.289992 -22.169264
v 37.934944 4.403950 -22.434942
v 1.215999 71.599998 -38.000000
v 16.329111 6.941245 -21.799999
v 0.415999 71.599998 -38.000000
v 2.760000 77.087997 -38.000000
v 37.670891 5.200000 -22.941246
v -1.300000 6.770906 30.505224
v 3.312000 77.087997 -38.000000
v 5.752000 71.599998 -38.000000
v 38.005226 5.200000 -22.770906
v 3.904000 73.912003 -38.000000
v 16.319279 6.871664 -22.182865
v 37.299999 4.829110 -22.941246
v 3.023999 75.888000 -38.000000
v 2.207999 73.912003 -38.000000
v -20.441246 5.200000 30.170889
v -37.670891 5.200000 30.941246
v -2.444107 77.101936 -38.000000
v 37.682865 4.819279 -22.871664
v -2.037519 77.026146 -38.000000
v -1.661875 76.904251 -38.000000
v 37.988972 4.831687 -22.710857
v 16.331688 6.710857 -22.488974
v -1.318815 76.739853 -38.000000
v -1.009977 76.536568 -38.000000
v -1.669264 6.710008 30.489586
v -0.737000 76.297997 -38.000000
v 37.299999 4.494776 -22.770906
v -0.501523 76.027771 -38.000000
v 15.994776 6.770906 -21.799999
v 37.669266 4.510414 -22.710009
v -0.305185 75.729485 -38.000000
v 37.934944 4.565058 -22.596050
v -0.149625 75.406754 -38.000000
v 16.010414 6.710008 -22.169264
v -0.036481 75.063187 -38.000000
v 0.032607 74.702400 -38.000000
v -20.371664 4.817133 30.180721
v 0.056000 74.328003 -38.000000
v 38.441246 4.829110 -21.799999
v 38.270905 4.494776 -21.799999
v 0.033208 73.963684 -38.000000
v -1.934942 6.596050 30.434942
v -0.034334 73.609482 -38.000000
v 38.441246 5.200000 -22.170889
v -0.145375 73.269501 -38.000000
v 16.065058 6.596050 -22.434942
v -0.298667 72.947853 -38.000000
v -20.210857 4.511026 30.168312
v -0.492959 72.648651 -38.000000
v -0.727000 72.375999 -38.000000
v 38.371666 4.817133 -22.180721
v -0.999542 72.134018 -38.000000
v 16.329111 5.800000 -22.941246
v -1.309333 71.926811 -38.000000
v 38.210857 4.511026 -22.168312
v 38.270905 5.200000 -22.505224
v -1.655125 71.758499 -38.000000
v -2.441246 5.800000 30.170889
v -2.035667 71.633186 -38.000000
v -2.449708 71.554985 -38.000000
v 38.210007 4.830736 -22.489586
v 15.994776 5.800000 -22.770906
v -2.896000 71.528000 -38.000000
v -3.328060 71.554825 -38.000000
v 38.096050 4.565058 -22.434942
v -3.731148 71.632629 -38.000000
v -2.270906 5.800000 30.505224
v -4.103625 71.757378 -38.000000
v 37.299999 7.000000 -21.799999
v 16.700001 6.170890 -22.941246
v -4.443852 71.925034 -38.000000
v 38.500000 5.800000 -21.799999
v -4.750190 72.131584 -38.000000
v -5.021000 72.373001 -38.000000
v 37.299999 5.800000 -23.000000
v -5.254643 72.645248 -38.000000
v 16.317133 6.180722 -22.871664
v -5.449481 72.944298 -38.000000
v -5.603875 73.266129 -38.000000
v 37.670891 6.941246 -21.799999
v -5.716186 73.606705 -38.000000
v 16.011026 6.168313 -22.710857
v -5.784773 73.962006 -38.000000
v 38.005226 6.770906 -21.799999
v -5.808000 74.328003 -38.000000
v -2.441245 6.170890 29.799999
v -5.784152 74.700714 -38.000000
v 37.299999 6.941245 -22.170889
v -5.713888 75.060410 -38.000000
v 16.700001 6.505224 -22.770906
v -5.599124 75.403374 -38.000000
v -5.441777 75.725929 -38.000000
v 37.682865 6.871664 -22.180721
v -5.243763 76.024368 -38.000000
v 37.988976 6.710857 -22.168312
v -5.006999 76.294998 -38.000000
v 16.330736 6.489586 -22.710009
v -4.733402 76.534134 -38.000000
v -20.270906 5.200000 30.505224
v 37.299999 6.770906 -22.505224
v -4.424889 76.738075 -38.000000
v 16.065058 6.434942 -22.596050
v -4.083375 76.903122 -38.000000
v -3.710778 77.025589 -38.000000
v 37.669266 6.710008 -22.489586
v -3.309014 77.101784 -38.000000
v 37.934944 6.596050 -22.434942
v -2.880000 77.127998 -38.000000
v -2.371664 6.180722 30.182865
v -2.581005 72.266159 -38.000000
v 38.441246 5.800000 -22.170889
v -2.297370 72.319298 -38.000000
v 15.558754 6.170890 -21.799999
v -2.031125 72.405373 -38.000000
v 38.270905 5.800000 -22.505224
v -1.784296 72.522369 -38.000000
v -38.005226 5.200000 30.770906
v -1.558912 72.668251 -38.000000
v 15.729094 6.505224 -21.799999
v 38.441246 6.170890 -21.799999
v -1.357000 72.841003 -38.000000
v -1.180588 73.038582 -38.000000
v -2.210857 6.168313 30.488974
v -1.031704 73.258965 -38.000000
v 38.371666 6.180722 -22.182865
v 15.558755 5.800000 -22.170889
v -0.912375 73.500122 -38.000000
v -0.824629 73.760040 -38.000000
v 38.210857 6.168313 -22.488974
v -2.270906 6.505224 29.799999
v -0.770495 74.036674 -38.000000
v -0.752000 74.328003 -38.000000
v 38.270905 6.505224 -21.799999
v -20.210009 4.830736 30.489586
v -0.770495 74.621010 -38.000000
v -0.824629 74.898743 -38.000000
v 38.210007 6.489586 -22.169264
v 15.628336 6.182867 -22.180721
v -0.912375 75.159248 -38.000000
v -1.031704 75.400589 -38.000000
v 38.096050 6.434942 -22.434942
v -1.180588 75.620827 -38.000000
v -2.210008 6.489586 30.169264
v 37.299999 6.170890 -22.941246
v -1.357000 75.818001 -38.000000
v -1.558912 75.990173 -38.000000
v 37.299999 6.505224 -22.770906
v 15.789143 6.488974 -22.168312
v -1.784296 76.135406 -38.000000
v -2.031125 76.251747 -38.000000
v 15.729094 5.800000 -22.505224
v 37.670891 5.800000 -22.941246
v -2.297370 76.337257 -38.000000
v -2.581005 76.389992 -38.000000
v 37.680721 6.182867 -22.871664
v -2.880000 76.407997 -38.000000
v 15.789991 6.169264 -22.489586
v -3.177157 76.389992 -38.000000
v -3.459259 76.337257 -38.000000
v 37.668312 6.488974 -22.710857
v 38.005226 5.800000 -22.770906
v -3.724250 76.251747 -38.000000
v -3.970074 76.135406 -38.000000
v -2.096051 6.434942 30.434942
v 15.903950 6.434942 -22.434942
v -4.194676 75.990173 -38.000000
v -4.396000 75.818001 -38.000000
v 37.989586 6.169264 -22.710009
v -4.571990 75.620827 -38.000000
v 37.934944 6.434942 -22.596050
v -4.720592 75.400589 -38.000000
v -20.096050 4.565058 30.434942
v -4.839750 75.159248 -38.000000
v -4.927407 74.898743 -38.000000
v -4.981509 74.621010 -38.000000
v -37.299999 4.829110 30.941246
v 20.500000 5.200000 29.799999
v -5.000000 74.328003 -38.000000
v -2.500000 5.200000 -21.799999
v -4.981510 74.036674 -38.000000
v -4.927408 73.760040 -38.000000
v 19.299999 5.200000 31.000000
v -19.299999 5.800000 31.000000
v -4.839750 73.500122 -38.000000
v 19.670891 4.058754 29.799999
v -4.720593 73.258965 -38.000000
v 20.005224 4.229094 29.799999
v -4.571991 73.038582 -38.000000
v -4.396000 72.841003 -38.000000
v -1.300000 5.200000 -23.000000
v 19.299999 4.058755 30.170889
v -4.194676 72.668251 -38.000000
v -3.970074 72.522369 -38.000000
v -19.299999 7.000000 29.799999
v -3.724250 72.405373 -38.000000
v 19.682867 4.128336 30.180721
v -3.459260 72.319298 -38.000000
v -1.670890 4.058754 -21.799999
v -3.177158 72.266159 -38.000000
v 19.988974 4.289143 30.168312
v -2.880000 72.248001 -38.000000
v -6.755630 75.959610 -38.000000
v 19.299999 4.229094 30.505224
v -6.870371 76.050850 -38.000000
v -2.005225 4.229094 -21.799999
v -6.984001 76.130371 -38.000000
v 19.669264 4.289992 30.489586
v -7.096297 76.198814 -38.000000
v -20.500000 5.800000 29.799999
v -7.207037 76.256813 -38.000000
v -1.300000 4.058755 -22.170889
v -7.316000 76.305000 -38.000000
v 19.934942 4.403950 30.434942
v -37.682865 4.819279 30.871664
v -7.422964 76.344025 -38.000000
v -7.527704 76.374519 -38.000000
v 20.441246 5.200000 30.170889
v -7.630001 76.397125 -38.000000
v 20.270906 5.200000 30.505224
v -7.729630 76.412483 -38.000000
v -1.682867 4.128336 -22.180721
v 20.441246 4.829110 29.799999
v -7.826371 76.421227 -38.000000
v -37.988972 4.831687 30.710857
v -7.920001 76.424004 -38.000000
v 20.371664 4.819279 30.182865
v -8.042875 76.418587 -38.000000
v -19.299999 6.170890 30.941246
v -8.159000 76.402664 -38.000000
v 20.210857 4.831687 30.488974
v -8.267626 76.376747 -38.000000
v -1.988974 4.289143 -22.168312
v -8.368001 76.341331 -38.000000
v -8.459376 76.296921 -38.000000
v -8.541001 76.244003 -38.000000
v 20.270906 4.494776 29.799999
v -8.612126 76.183083 -38.000000
v 20.210009 4.510414 30.169264
v -1.300000 4.229094 -22.505224
v -8.672001 76.114670 -38.000000
v -8.719876 76.039253 -38.000000
v 20.096050 4.565058 30.434942
v -8.755001 75.957336 -38.000000
v -19.299999 6.505224 30.770906
v 19.299999 4.829110 30.941246
v -8.776626 75.869415 -38.000000
v -1.669264 4.289992 -22.489586
v -8.784000 75.776001 -38.000000
v -8.737566 75.534538 -38.000000
v 19.299999 4.494776 30.770906
v -19.670889 5.800000 30.941246
v -8.609186 75.327629 -38.000000
v -8.415251 75.145500 -38.000000
v -1.934943 4.403950 -22.434942
v 19.670891 5.200000 30.941246
v -8.172149 74.978371 -38.000000
v -7.896269 74.816460 -38.000000
v -7.604001 74.650002 -38.000000
v 19.680721 4.817133 30.871664
v -7.311732 74.469200 -38.000000
v -2.441246 5.200000 -22.170889
v -7.035853 74.264297 -38.000000
v 19.668312 4.511026 30.710857
v -6.792751 74.025497 -38.000000
v -2.270906 5.200000 -22.505224
v 20.005224 5.200000 30.770906
v -6.598816 73.743034 -38.000000
v 19.989586 4.830736 30.710009
v -6.470436 73.407127 -38.000000
v -19.680721 6.182867 30.871664
v -6.424001 73.008003 -38.000000
v -37.299999 4.494776 30.770906
v -6.437259 72.799057 -38.000000
v -6.476074 72.601151 -38.000000
v 19.934942 4.565058 30.596050
v -6.539000 72.415627 -38.000000
v 19.299999 7.000000 29.799999
v -6.624593 72.243851 -38.000000
v -2.441246 4.829110 -21.799999
v -6.731408 72.087189 -38.000000
v 19.299999 5.800000 31.000000
v -6.858000 71.946999 -38.000000
v 20.500000 5.800000 29.799999
v -7.002926 71.824646 -38.000000
v -7.164741 71.721481 -38.000000
v -2.371665 4.819279 -22.182865
v -2.210858 4.831687 -22.488974
v -7.342000 71.638878 -38.000000
v 19.299999 6.941246 30.170889
v -7.533260 71.578186 -38.000000
v -7.737075 71.540771 -38.000000
v -19.668312 6.488974 30.710857
v 19.299999 6.770906 30.505224
v -7.952001 71.528000 -38.000000
v -20.005224 5.800000 30.770906
v -8.097718 71.531349 -38.000000
v 19.670889 6.941245 29.799999
v -8.239075 71.541443 -38.000000
v 19.680721 6.871664 30.182865
v -8.376376 71.558372 -38.000000
v -2.270906 4.494776 -21.799999
v -8.509927 71.582222 -38.000000
v -8.640034 71.613068 -38.000000
v -37.669266 4.510414 30.710009
v -8.767001 71.651001 -38.000000
v 19.668312 6.710857 30.488974
v -8.891135 71.696098 -38.000000
v 20.005224 6.770906 29.799999
v -2.210008 4.510414 -22.169264
v -9.012742 71.748444 -38.000000
v -9.132126 71.808128 -38.000000
v -9.249594 71.875221 -38.000000
v 19.989586 6.710008 30.169264
v 19.934942 6.596050 30.434942
v -9.365450 71.949821 -38.000000
v -2.096051 4.565058 -22.434942
v -9.480000 72.031998 -38.000000
v -9.480000 73.024002 -38.000000
v -19.989586 6.169264 30.710009
v 19.670889 5.800000 30.941246
v -9.377875 72.900864 -38.000000
v -9.271667 72.787552 -38.000000
v 20.005224 5.800000 30.770906
v -9.161626 72.684250 -38.000000
v -1.300000 4.829110 -22.941246
v -9.048001 72.591110 -38.000000
v -19.934942 6.434942 30.596050
v -8.931043 72.508308 -38.000000
v 19.299999 6.170890 30.941246
v -8.811001 72.435997 -38.000000
v 19.682867 6.180722 30.871664
v -1.300000 4.494776 -22.770906
v -8.688126 72.374359 -38.000000
v 19.988974 6.168313 30.710857
v -8.562667 72.323555 -38.000000
v -37.934944 4.565058 30.596050
v -8.434875 72.283752 -38.000000
v -8.305000 72.255112 -38.000000
v 19.299999 6.505224 30.770906
v -8.173292 72.237808 -38.000000
v -1.670890 5.200000 -22.941246
v -8.040001 72.232002 -38.000000
v -1.680722 4.817133 -22.871664
v 19.669264 6.489586 30.710009
v -7.894806 72.239731 -38.000000
v -7.763112 72.261848 -38.000000
v 19.934942 6.434942 30.596050
v -7.644751 72.296753 -38.000000
v -19.670889 6.941246 29.799999
v -7.539556 72.342812 -38.000000
v -7.447361 72.398438 -38.000000
v 20.441246 6.170890 29.799999
v 20.270906 6.505224 29.799999
v -7.368001 72.461998 -38.000000
v -1.668313 4.511026 -22.710857
v -7.301306 72.531898 -38.000000
v 20.441246 5.800000 30.170889
v -7.247112 72.606522 -38.000000
v -2.005225 5.200000 -22.770906
v -7.205251 72.684250 -38.000000
v -20.005224 6.770906 29.799999
v -7.175556 72.763481 -38.000000
v -7.157862 72.842606 -38.000000
v 20.371664 6.182867 30.180721
v -7.152000 72.919998 -38.000000
v -38.441246 4.829110 29.799999
v -7.198434 73.182533 -38.000000
v 20.210857 6.488974 30.168312
v -7.326814 73.411629 -38.000000
v 20.270906 5.800000 30.505224
v -7.520749 73.615501 -38.000000
v -1.989586 4.830736 -22.710009
v -7.763851 73.802368 -38.000000
v -38.270905 4.494776 29.799999
v -8.039731 73.980461 -38.000000
v 20.210009 6.169264 30.489586
v -8.332000 74.157997 -38.000000
v -1.934942 4.565058 -22.596050
v -8.624269 74.343201 -38.000000
v 20.096050 6.434942 30.434942
v -8.900148 74.544296 -38.000000
v -1.300000 7.000000 -21.799999
v -9.143250 74.769501 -38.000000
v -9.337186 75.027039 -38.000000
v 19.299999 5.200000 -23.000000
v -19.299999 6.941245 30.170889
v -9.465566 75.325127 -38.000000
v -9.512001 75.671997 -38.000000
v -19.682867 6.871664 30.180721
v 20.500000 5.200000 -21.799999
v -9.498514 75.887192 -38.000000
v 19.299999 4.058754 -22.170889
v -9.458778 76.088188 -38.000000
v -9.393876 76.274124 -38.000000
v -1.300000 5.800000 -23.000000
v 19.299999 4.229094 -22.505224
v -9.304890 76.444145 -38.000000
v -9.192904 76.597397 -38.000000
v 19.670889 4.058755 -21.799999
v -9.059001 76.733002 -38.000000
v -2.500000 5.800000 -21.799999
v -8.904264 76.850105 -38.000000
v 19.680721 4.128336 -22.182865
v -8.729778 76.947853 -38.000000
v -1.300000 6.941246 -22.170889
v -8.536626 77.025375 -38.000000
v -8.325890 77.081818 -38.000000
v -38.441246 5.200000 30.170889
v -8.098654 77.116310 -38.000000
v 19.668312 4.289143 -22.488974
v -1.300000 6.770906 -22.505224
v -7.856001 77.127998 -38.000000
v 20.005224 4.229094 -21.799999
v -7.752019 77.125336 -38.000000
v -7.648149 77.117332 -38.000000
v 19.989586 4.289992 -22.169264
v -7.544501 77.104004 -38.000000
v -19.988974 6.710857 30.168312
v 19.934942 4.403950 -22.434942
v -7.441186 77.085335 -38.000000
v -7.338315 77.061333 -38.000000
v -1.670890 6.941245 -21.799999
v -7.236001 77.031998 -38.000000
v 19.670889 5.200000 -22.941246
v -7.134352 76.997330 -38.000000
v 20.005224 5.200000 -22.770906
v -7.033482 76.957336 -38.000000
v -6.933500 76.912003 -38.000000
v -1.680722 6.871664 -22.182865
v -19.299999 6.770906 30.505224
v -6.834519 76.861336 -38.000000
v 19.299999 4.829110 -22.941246
v -6.736649 76.805336 -38.000000
v -19.669264 6.710008 30.489586
v -6.640000 76.744003 -38.000000
v -6.640000 75.856003 -38.000000
v 19.682867 4.819279 -22.871664
v 19.988974 4.831687 -22.710857
v -1.668313 6.710857 -22.488974
v 19.299999 4.494776 -22.770906
v -38.371666 4.817133 30.180721
v 19.669264 4.510414 -22.710009
v -2.005224 6.770906 -21.799999
v 19.934942 4.565058 -22.596050
v 20.441246 4.829110 -21.799999
v -1.989586 6.710008 -22.169264
v -19.934942 6.596050 30.434942
v 20.270906 4.494776 -21.799999
v 20.441246 5.200000 -22.170889
v -1.934942 6.596050 -22.434942
v 20.371664 4.817133 -22.180721
v 20.210857 4.511026 -22.168312
v -1.670890 5.800000 -22.941246
v 20.270906 5.200000 -22.505224
v -20.441246 5.800000 30.170889
v 20.210009 4.830736 -22.489586
v -2.005224 5.800000 -22.770906
v -38.210857 4.511026 30.168312
v 20.096050 4.565058 -22.434942
v -1.300000 6.170890 -22.941246
v 19.299999 7.000000 -21.799999
v -20.270906 5.800000 30.505224
v 20.500000 5.800000 -21.799999
v -1.682866 6.180722 -22.871664
v 19.299999 5.800000 -23.000000
v -1.988973 6.168313 -22.710857
v 19.670891 6.941246 -21.799999
v 20.005224 6.770906 -21.799999
v -20.441246 6.170890 29.799999
v -1.300000 6.505224 -22.770906
v 19.299999 6.941245 -22.170889
v -38.270905 5.200000 30.505224
v 19.682867 6.871664 -22.180721
v 19.988974 6.710857 -22.168312
v -1.669264 6.489586 -22.710009
v 19.299999 6.770906 -22.505224
v -20.371664 6.180722 30.182865
v 19.669264 6.710008 -22.489586
v 19.934942 6.596050 -22.434942
v -1.934942 6.434942 -22.596050
v 20.441246 5.800000 -22.170889
v -2.441246 6.170890 -21.799999
v 20.270906 5.800000 -22.505224
v -20.210857 6.168313 30.488974
v 20.441246 6.170890 -21.799999
v -2.270906 6.505224 -21.799999
v 20.371664 6.180722 -22.182865
v 20.210857 6.168313 -22.488974
v -38.210007 4.830736 30.489586
v -2.441245 5.800000 -22.170889
v 20.270906 6.505224 -21.799999
v -20.270906 6.505224 29.799999
v 20.210009 6.489586 -22.169264
v -2.371664 6.182867 -22.180721
v 20.096050 6.434942 -22.434942
v 19.299999 6.170890 -22.941246
v -2.210857 6.488974 -22.168312
v 19.299999 6.505224 -22.770906
v -20.210009 6.489586 30.169264
v -2.270906 5.800000 -22.505224
v 19.670891 5.800000 -22.941246
v 19.680721 6.182867 -22.871664
v -2.210008 6.169264 -22.489586
v 19.668312 6.488974 -22.710857
v -38.096050 4.565058 30.434942
v 20.005224 5.800000 -22.770906
v -2.096051 6.434942 -22.434942
v 19.989586 6.169264 -22.710009
v 19.934942 6.434942 -22.596050
v -20.096050 6.434942 30.434942
v 2.500000 5.200000 29.799999
v -37.299999 5.800000 31.000000
v 1.300000 5.200000 31.000000
v -20.500000 5.200000 -21.799999
v 1.670890 4.058754 29.799999
v 2.005225 4.229094 29.799999
v -19.299999 5.200000 -23.000000
v 1.300000 4.058755 30.170889
v -19.670891 4.058754 -21.799999
v 1.682867 4.128336 30.180721
v -37.299999 7.000000 29.799999
v 1.988974 4.289143 30.168312
v -38.500000 5.800000 29.799999
v 1.300000 4.229094 30.505224
v -20.005224 4.229094 -21.799999
v 1.669264 4.289992 30.489586
v 1.934943 4.403950 30.434942
v -19.299999 4.058755 -22.170889
v 2.441246 5.200000 30.170889
v -19.682867 4.128336 -22.180721
v 2.270906 5.200000 30.505224
v 2.441246 4.829110 29.799999
v -37.299999 6.170890 30.941246
v 2.371665 4.819279 30.182865
v 2.210858 4.831687 30.488974
v -19.988974 4.289143 -22.168312
v 2.270906 4.494776 29.799999
v -19.299999 4.229094 -22.505224
v 2.210008 4.510414 30.169264
v 2.096051 4.565058 30.434942
v -19.669264 4.289992 -22.489586
v 1.300000 4.829110 30.941246
v -37.299999 6.505224 30.770906
v -19.934942 4.403950 -22.434942
v 1.300000 4.494776 30.770906
v 1.670890 5.200000 30.941246
v 1.680722 4.817133 30.871664
v -20.441246 5.200000 -22.170889
v 1.668313 4.511026 30.710857
v -37.670891 5.800000 30.941246
v 2.005225 5.200000 30.770906
v -20.270906 5.200000 -22.505224
v 1.989586 4.830736 30.710009
v 1.934942 4.565058 30.596050
v -20.441246 4.829110 -21.799999
v -37.680721 6.182867 30.871664
v 1.300000 7.000000 29.799999
v 1.300000 5.800000 31.000000
v -20.371664 4.819279 -22.182865
v 2.500000 5.800000 29.799999
v 1.300000 6.941246 30.170889
v -20.210857 4.831687 -22.488974
v -37.668312 6.488974 30.710857
v 1.300000 6.770906 30.505224
v 1.670890 6.941245 29.799999
v -20.270906 4.494776 -21.799999
v 1.680722 6.871664 30.182865
v 1.668313 6.710857 30.488974
v -38.005226 5.800000 30.770906
v 2.005224 6.770906 29.799999
v -20.210009 4.510414 -22.169264
v -20.096050 4.565058 -22.434942
v 1.989586 6.710008 30.169264
v 1.934942 6.596050 30.434942
v -37.989586 6.169264 30.710009
v 1.670890 5.800000 30.941246
v 2.005224 5.800000 30.770906
v -19.299999 4.829110 -22.941246
v -37.934944 6.434942 30.596050
v 1.300000 6.170890 30.941246
v 1.682866 6.180722 30.871664
v -19.299999 4.494776 -22.770906
v 1.988973 6.168313 30.710857
v -19.670891 5.200000 -22.941246
v 1.300000 6.505224 30.770906
v 1.669264 6.489586 30.710009
v -37.670891 6.941246 29.799999
v 1.934942 6.434942 30.596050
v -19.680721 4.817133 -22.871664
v -19.668312 4.511026 -22.710857
v 2.441246 6.170890 29.799999
v 2.270906 6.505224 29.799999
v -20.005224 5.200000 -22.770906
v 2.441245 5.800000 30.170889
v 2.371664 6.182867 30.180721
v -38.005226 6.770906 29.799999
v 2.210857 6.488974 30.168312
v 2.270906 5.800000 30.505224
v -19.989586 4.830736 -22.710009
v 2.210008 6.169264 30.489586
v -19.934942 4.565058 -22.596050
v 2.096051 6.434942 30.434942
v -19.299999 7.000000 -21.799999
v -37.299999 6.941245 30.170889
v 1.300000 5.200000 -23.000000
v -19.299999 5.800000 -23.000000
v 2.500000 5.200000 -21.799999
v 1.300000 4.058754 -22.170889
v -37.682865 6.871664 30.180721
v 1.300000 4.229094 -22.505224
v -20.500000 5.800000 -21.799999
v 1.670890 4.058755 -21.799999
v -19.299999 6.941246 -22.170889
v 1.680722 4.128336 -22.182865
v -37.988972 6.710857 30.168312
v 1.668313 4.289143 -22.488974
v -19.299999 6.770906 -22.505224
v 2.005224 4.229094 -21.799999
v 1.989586 4.289992 -22.169264
v 1.934942 4.403950 -22.434942
v -37.299999 6.770906 30.505224
v 1.670890 5.200000 -22.941246
v -19.670889 6.941245 -21.799999
v -19.680721 6.871664 -22.182865
v 2.005224 5.200000 -22.770906
v 1.300000 4.829110 -22.941246
v 1.682866 4.819279 -22.871664
v -19.668312 6.710857 -22.488974
v 1.988973 4.831687 -22.710857
v 1.300000 4.494776 -22.770906
v -20.005224 6.770906 -21.799999
v -37.669266 6.710008 30.489586
v 1.669264 4.510414 -22.710009
v -19.989586 6.710008 -22.169264
v 1.934942 4.565058 -22.596050
v -37.934944 6.596050 30.434942
v 2.441246 4.829110 -21.799999
v -19.934942 6.596050 -22.434942
v 2.270906 4.494776 -21.799999
v 2.441245 5.200000 -22.170889
v 2.371664 4.817133 -22.180721
v -19.670889 5.800000 -22.941246
v -38.441246 5.800000 30.170889
v 2.210857 4.511026 -22.168312
v 2.270906 5.200000 -22.505224
v -20.005224 5.800000 -22.770906
v 2.210008 4.830736 -22.489586
v 2.096051 4.565058 -22.434942
v -19.299999 6.170890 -22.941246
v 1.300000 7.000000 -21.799999
v 2.500000 5.800000 -21.799999
v -38.270905 5.800000 30.505224
v -19.682867 6.180722 -22.871664
v 1.300000 5.800000 -23.000000
v 1.670890 6.941246 -21.799999
v -19.988974 6.168313 -22.710857
v 2.005225 6.770906 -21.799999
v -38.441246 6.170890 29.799999
v 1.300000 6.941245 -22.170889
v -19.299999 6.505224 -22.770906
v 1.682867 6.871664 -22.180721
v -38.371666 6.180722 30.182865
v 1.988974 6.710857 -22.168312
v 1.300000 6.770906 -22.505224
v -19.669264 6.489586 -22.710009
v 1.669264 6.710008 -22.489586
v -19.934942 6.434942 -22.596050
v 1.934943 6.596050 -22.434942
v 2.441246 5.800000 -22.170889
v -20.441246 6.170890 -21.799999
v 2.270906 5.800000 -22.505224
v -20.270906 6.505224 -21.799999
v 2.441246 6.170890 -21.799999
v -38.210857 6.168313 30.488974
v 2.371665 6.180722 -22.182865
v -20.441246 5.800000 -22.170889
v 2.210858 6.168313 -22.488974
v 2.270906 6.505224 -21.799999
v -38.270905 6.505224 29.799999
v 2.210008 6.489586 -22.169264
v -20.371664 6.182867 -22.180721
v 2.096051 6.434942 -22.434942
v -38.210007 6.489586 30.169264
v 1.300000 6.170890 -22.941246
v 1.300000 6.505224 -22.770906
v -20.210857 6.488974 -22.168312
v 1.670890 5.800000 -22.941246
v 1.680722 6.182867 -22.871664
v -20.270906 5.800000 -22.505224
v 1.668313 6.488974 -22.710857
v -20.210009 6.169264 -22.489586
v 2.005225 5.800000 -22.770906
v -38.096050 6.434942 30.434942
v -20.096050 6.434942 -22.434942
v 1.989586 6.169264 -22.710009
v 1.934942 6.434942 -22.596050
v -15.500000 5.200000 29.799999
v -16.700001 5.200000 31.000000
v -38.500000 5.200000 -21.799999
v -16.329109 4.058754 29.799999
v -37.299999 5.200000 -23.000000
v -15.994776 4.229094 29.799999
v -16.700001 4.058755 30.170889
v -37.670891 4.058754 -21.799999
v -16.317133 4.128336 30.180721
v -16.011026 4.289143 30.168312
v -16.700001 4.229094 30.505224
v -38.005226 4.229094 -21.799999
v -16.330736 4.289992 30.489586
v -16.065058 4.403950 30.434942
v -15.558754 5.200000 30.170889
v -37.299999 4.058755 -22.170889
v -15.729094 5.200000 30.505224
v -37.682865 4.128336 -22.180721
v -15.558754 4.829110 29.799999
v -15.628336 4.819279 30.182865
v -37.988976 4.289143 -22.168312
v -15.789143 4.831687 30.488974
v -15.729094 4.494776 29.799999
v -15.789991 4.510414 30.169264
v -37.299999 4.229094 -22.505224
v -15.903950 4.565058 30.434942
v -16.700001 4.829110 30.941246
v -37.669266 4.289992 -22.489586
v -16.700001 4.494776 30.770906
v -37.934944 4.403950 -22.434942
v -16.329109 5.200000 30.941246
v -16.319279 4.817133 30.871664
v -38.441246 5.200000 -22.170889
v -16.331688 4.511026 30.710857
v -15.994776 5.200000 30.770906
v -38.270905 5.200000 -22.505224
v -16.010414 4.830736 30.710009
v -16.065058 4.565058 30.596050
v -16.700001 7.000000 29.799999
v -38.441246 4.829110 -21.799999
v -16.700001 5.800000 31.000000
v -15.500000 5.800000 29.799999
v -38.371666 4.819279 -22.182865
v -16.700001 6.941246 30.170889
v -16.700001 6.770906 30.505224
v -38.210857 4.831687 -22.488974
v -38.270905 4.494776 -21.799999
v -16.329111 6.941245 29.799999
v -16.319279 6.871664 30.182865
v -16.331688 6.710857 30.488974
v -38.210007 4.510414 -22.169264
v -15.994776 6.770906 29.799999
v -16.010414 6.710008 30.169264
v -38.096050 4.565058 -22.434942
v -16.065058 6.596050 30.434942
v -37.299999 4.829110 -22.941246
v -16.329111 5.800000 30.941246
v -15.994776 5.800000 30.770906
v -16.700001 6.170890 30.941246
v -16.317133 6.180722 30.871664
v -37.299999 4.494776 -22.770906
v -37.670891 5.200000 -22.941246
v -16.011026 6.168313 30.710857
v -16.700001 6.505224 30.770906
v -16.330736 6.489586 30.710009
v -37.680721 4.817133 -22.871664
v -16.065058 6.434942 30.596050
v -15.558754 6.170890 29.799999
v -37.668312 4.511026 -22.710857
v -15.729094 6.505224 29.799999
v -15.558755 5.800000 30.170889
v -15.628336 6.182867 30.180721
v -38.005226 5.200000 -22.770906
v -15.789143 6.488974 30.168312
v -37.989586 4.830736 -22.710009
v -15.729094 5.800000 30.505224
v -15.789991 6.169264 30.489586
v -37.934944 4.565058 -22.596050
v -15.903950 6.434942 30.434942
v -37.299999 7.000000 -21.799999
v -16.700001 5.200000 -23.000000
v -15.500000 5.200000 -21.799999
v -37.299999 5.800000 -23.000000
v -16.700001 4.058754 -22.170889
v -16.700001 4.229094 -22.505224
v -16.329111 4.058755 -21.799999
v -38.500000 5.800000 -21.799999
v -16.319279 4.128336 -22.182865
v -16.331688 4.289143 -22.488974
v -37.299999 6.941246 -22.170889
v -37.299999 6.770906 -22.505224
v -15.994776 4.229094 -21.799999
v -16.010414 4.289992 -22.169264
v -37.670891 6.941245 -21.799999
v -16.065058 4.403950 -22.434942
v -16.329111 5.200000 -22.941246
v -37.680721 6.871664 -22.182865
v -15.994776 5.200000 -22.770906
v -16.700001 4.829110 -22.941246
v -16.317133 4.819279 -22.871664
v -37.668312 6.710857 -22.488974
v -16.011026 4.831687 -22.710857
v -16.700001 4.494776 -22.770906
v -38.005226 6.770906 -21.799999
v -16.330736 4.510414 -22.710009
v -16.065058 4.565058 -22.596050
v -15.558754 4.829110 -21.799999
v -37.989586 6.710008 -22.169264
v -15.729094 4.494776 -21.799999
v -15.558755 5.200000 -22.170889
v -37.934944 6.596050 -22.434942
v -15.628336 4.817133 -22.180721
v -15.789143 4.511026 -22.168312
v -37.670891 5.800000 -22.941246
v -15.729094 5.200000 -22.505224
v -38.005226 5.800000 -22.770906
v -15.789991 4.830736 -22.489586
v -15.903950 4.565058 -22.434942
v -16.700001 7.000000 -21.799999
v -37.299999 6.170890 -22.941246
v -15.500000 5.800000 -21.799999
v -16.700001 5.800000 -23.000000
v -37.682865 6.180722 -22.871664
v -16.329109 6.941246 -21.799999
v -15.994776 6.770906 -21.799999
v -37.988972 6.168313 -22.710857
v -16.700001 6.941245 -22.170889
v -16.317133 6.871664 -22.180721
v -37.299999 6.505224 -22.770906
v -37.669266 6.489586 -22.710009
v -16.011026 6.710857 -22.168312
v -16.700001 6.770906 -22.505224
v -37.934944 6.434942 -22.596050
v -16.330736 6.710008 -22.489586
v -16.065058 6.596050 -22.434942
v -15.558754 5.800000 -22.170889
v -38.441246 6.170890 -21.799999
v -15.729094 5.800000 -22.505224
v -15.558754 6.170890 -21.799999
v -38.270905 6.505224 -21.799999
v -15.628336 6.180722 -22.182865
v -15.789143 6.168313 -22.488974
v -38.441246 5.800000 -22.170889
v -15.729094 6.505224 -21.799999
v -15.789991 6.489586 -22.169264
v -38.371666 6.182867 -22.180721
v -15.903950 6.434942 -22.434942
v -38.210857 6.488974 -22.168312
v -16.700001 6.170890 -22.941246
v -16.700001 6.505224 -22.770906
v -38.270905 5.800000 -22.505224
v -16.329109 5.800000 -22.941246
v -16.319279 6.182867 -22.871664
v -38.210007 6.169264 -22.489586
v -16.331688 6.488974 -22.710857
v -15.994776 5.800000 -22.770906
v -16.010414 6.169264 -22.710009
v -38.096050 6.434942 -22.434942
v -16.065058 6.434942 -22.596050
v -33.500000 5.200000 29.799999
v -34.700001 5.200000 31.000000
v -34.329109 4.058754 29.799999
v -33.994774 4.229094 29.799999
v -34.700001 4.058755 30.170889
v -34.317135 4.128336 30.180721
v -34.011024 4.289143 30.168312
v -34.700001 4.229094 30.505224
v -34.330734 4.289992 30.489586
v -34.065056 4.403950 30.434942
v -33.558754 5.200000 30.170889
v -33.729095 5.200000 30.505224
v -33.558754 4.829110 29.799999
v -33.628334 4.819279 30.182865
v -33.789143 4.831687 30.488974
v -33.729095 4.494776 29.799999
v -33.789993 4.510414 30.169264
v -33.903950 4.565058 30.434942
v -34.700001 4.829110 30.941246
v -34.700001 4.494776 30.770906
v -34.329109 5.200000 30.941246
v -34.319279 4.817133 30.871664
v -34.331688 4.511026 30.710857
v -33.994774 5.200000 30.770906
v -34.010414 4.830736 30.710009
v -34.065056 4.565058 30.596050
v -34.700001 7.000000 29.799999
v -34.700001 5.800000 31.000000
v -33.500000 5.800000 29.799999
v -34.700001 6.941246 30.170889
v -34.700001 6.770906 30.505224
v -34.329109 6.941245 29.799999
v -34.319279 6.871664 30.182865
v -34.331688 6.710857 30.488974
v -33.994774 6.770906 29.799999
v -34.010414 6.710008 30.169264
v -34.065056 6.596050 30.434942
v -34.329109 5.800000 30.941246
v -33.994774 5.800000 30.770906
v -34.700001 6.170890 30.941246
v -34.317135 6.180722 30.871664
v -34.011028 6.168313 30.710857
v -34.700001 6.505224 30.770906
v -34.330734 6.489586 30.710009
v -34.065056 6.434942 30.596050
v -33.558754 6.170890 29.799999
v -33.729095 6.505224 29.799999
v -33.558754 5.800000 30.170889
v -33.628334 6.182867 30.180721
v -33.789143 6.488974 30.168312
v -33.729095 5.800000 30.505224
v -33.789993 6.169264 30.489586
v -33.903950 6.434942 30.434942
v -34.700001 5.200000 -23.000000
v -60.000000 23.000000 38.000000
v -33.500000 5.200000 -21.799999
v -34.700001 4.058754 -22.170889
v -34.700001 4.229094 -22.505224
v -34.329109 4.058755 -21.799999
v -34.319279 4.128336 -22.182865
v -34.331688 4.289143 -22.488974
v -33.994774 4.229094 -21.799999
v -34.010414 4.289992 -22.169264
v -34.065056 4.403950 -22.434942
v -34.329109 5.200000 -22.941246
v -33.994774 5.200000 -22.770906
v -34.700001 4.829110 -22.941246
v -34.317135 4.819279 -22.871664
v -34.011028 4.831687 -22.710857
v -34.700001 4.494776 -22.770906
v -34.330734 4.510414 -22.710009
v -34.065056 4.565058 -22.596050
v -33.558754 4.829110 -21.799999
v -33.729095 4.494776 -21.799999
v -33.558754 5.200000 -22.170889
v -33.628334 4.817133 -22.180721
v -33.789143 4.511026 -22.168312
v -33.729095 5.200000 -22.505224
v -33.789993 4.830736 -22.489586
v -33.903950 4.565058 -22.434942
v -34.700001 7.000000 -21.799999
v -33.500000 5.800000 -21.799999
v -34.700001 5.800000 -23.000000
v -34.329109 6.941246 -21.799999
v -33.994774 6.770906 -21.799999
v -34.700001 6.941245 -22.170889
v -34.317135 6.871664 -22.180721
v -34.011024 6.710857 -22.168312
v -34.700001 6.770906 -22.505224
v -34.330734 6.710008 -22.489586
v -34.065056 6.596050 -22.434942
v -33.558754 5.800000 -22.170889
v -33.729095 5.800000 -22.505224
v -33.558754 6.170890 -21.799999
v -33.628334 6.180722 -22.182865
v -33.789143 6.168313 -22.488974
v -33.729095 6.505224 -21.799999
v -33.789993 6.489586 -22.169264
v -33.903950 6.434942 -22.434942
v -34.700001 6.170890 -22.941246
v -34.700001 6.505224 -22.770906
v -34.329109 5.800000 -22.941246
v -34.319279 6.182867 -22.871664
v -34.331688 6.488974 -22.710857
v -33.994774 5.800000 -22.770906
v -34.010414 6.169264 -22.710009
v -34.065056 6.434942 -22.596050
v 56.000000 34.000000 -42.000000
v 60.000000 23.000000 38.000000
v -56.000000 34.000000 -42.000000
v -56.000000 4.000000 -42.000000
v -56.000000 4.000000 42.000000
v -56.470589 4.000000 42.000000
v -56.000000 3.866667 42.000000
v -56.456692 3.881890 42.000000
v 56.000000 4.000000 -42.000000
v 59.529411 4.000000 42.000000
v 56.000000 4.000000 42.000000
v 56.000000 0.137931 -42.000000
v 56.016163 0.137374 -42.000000
v 59.531315 3.983839 42.000000
v 39.130436 4.000000 42.000000
v -56.000000 22.233334 42.000000
v -60.000000 4.000000 38.000000
v -50.666668 0.000000 38.000000
v 56.000000 0.000000 38.000000
v -56.000000 0.000000 38.000000
v -56.190475 0.000000 38.000000
v 60.000000 3.809524 38.000000
v 60.000000 4.000000 38.000000
v -57.466667 23.000000 42.000000
v 60.000000 3.841336 38.668060
v 60.000000 4.000000 38.695652
v -60.000000 4.000000 41.304348
v -60.000000 3.967146 41.310062
v -57.529793 22.526545 42.000000
v 39.234570 3.980041 42.000000
v -51.063831 0.000000 38.297871
v -56.184422 0.000000 38.127186
v -56.000000 0.000000 38.133335
v -60.000000 34.000000 -39.658535
v 60.000000 4.000000 -38.000000
v -60.000000 0.200000 -38.000000
v -60.000000 33.450001 -38.000000
v 50.400002 0.000000 -38.000000
v 50.666668 0.000000 -38.000000
v 56.000000 0.000000 -38.000000
v 56.200001 0.000000 -38.000000
v -56.000000 0.000000 -38.000000
v -60.000000 4.000000 -38.000000
v 60.000000 3.990268 -41.805351
v 60.000000 4.070922 -41.801418
v 60.000000 4.000000 -41.804878
v -60.000000 33.105591 -39.614906
v -60.000000 0.199513 -38.009731
v -56.000000 0.000000 -41.866665
v 50.828026 0.000000 -38.305733
v -56.006657 0.000000 -41.866890
v 51.063831 0.000000 -38.297871
v 56.000000 0.000000 -38.133335
v 56.193657 0.000000 -38.126877
v -5.680219 73.497635 -38.000000
v 0.793702 72.484314 -38.000000
v -19.324167 4.008125 29.824167
v -19.325182 4.000000 29.825182
v -19.314453 4.002380 29.814453
v 34.675831 4.008124 29.824167
v 34.674820 4.000000 29.825182
v 34.685547 4.002379 29.814455
v 16.675833 4.008124 29.824167
v 16.674818 4.000000 29.825182
v 16.685547 4.002379 29.814453
v -1.324169 4.008124 29.824167
v -1.325182 4.000000 29.825182
v -1.314454 4.002379 29.814453
v -37.324169 4.008123 29.824167
v -37.325180 4.000000 29.825182
v -37.314453 4.002379 29.814455
v -34.000000 67.774788 -40.400002
v -34.000000 67.800003 -40.374821
v -34.000000 67.792625 -40.392632
v 34.000000 44.774788 -40.400002
v 34.000000 44.799999 -40.374821
v 34.000000 44.792610 -40.392632
v 34.000000 67.774788 -40.400002
v 34.000000 67.800003 -40.374821
v 34.000000 67.792625 -40.392632
v 34.675831 4.008124 -21.824167
v 34.674820 4.000000 -21.825182
v 34.685547 4.002379 -21.814455
v 34.000000 44.799999 -38.025181
v 34.000000 44.825211 -38.000000
v 34.000000 44.807388 -38.007370
v 34.566010 44.746983 -40.400002
v 34.568501 44.772072 -40.374821
v 34.567772 44.764729 -40.392632
v -34.000000 44.774788 -40.400002
v -34.000000 44.799999 -40.374821
v -34.000000 44.792610 -40.392632
v 37.325180 4.000000 29.825182
v 37.324169 4.008124 29.824167
v 37.314453 4.002379 29.814455
v 16.675833 4.008124 -21.824167
v 16.674818 4.000000 -21.825182
v 16.685547 4.002379 -21.814453
v 34.000000 67.825218 -38.000000
v 34.000000 67.800003 -38.025181
v 34.000000 67.807381 -38.007370
v 34.570992 44.797161 -38.000000
v 34.568501 44.772072 -38.025181
v 34.569229 44.779415 -38.007370
v -59.974819 0.000000 41.974819
v -59.974819 0.025182 42.000000
v -60.000000 0.025182 41.974819
v -59.974823 0.007376 41.992630
v -59.989361 0.010643 41.989361
v -59.992630 0.025182 41.992630
v -59.992630 0.007376 41.974823
v 35.126591 44.663826 -40.400002
v 35.131523 44.688553 -40.374821
v 35.130077 44.681309 -40.392632
v 37.324169 4.008125 -21.824167
v 37.325180 4.000000 -21.825182
v 37.314453 4.002380 -21.814455
v 35.136456 44.713280 -38.000000
v 35.131523 44.688553 -38.025181
v 35.132969 44.695797 -38.007370
v 34.566048 67.746979 -40.400002
v 34.568501 67.772072 -40.374821
v 34.567780 67.764709 -40.392632
v 34.570953 67.797165 -38.000000
v 34.568501 67.772072 -38.025181
v 34.569221 67.779434 -38.007370
v 35.676365 44.526119 -40.400002
v 35.683651 44.550255 -40.374821
v 35.681515 44.543182 -40.392632
v -1.324169 4.008124 -21.824167
v -1.325182 4.000000 -21.825182
v -1.314455 4.002379 -21.814453
v 19.325182 4.000000 29.825182
v 19.324167 4.008124 29.824167
v 19.314453 4.002379 29.814453
v 35.690937 44.574390 -38.000000
v 35.683651 44.550255 -38.025181
v 35.685787 44.557327 -38.007370
v -34.000000 44.825211 -38.000000
v -34.000000 44.799999 -38.025181
v -34.000000 44.807388 -38.007370
v 36.209892 44.335217 -40.400002
v 36.219563 44.358501 -40.374821
v 36.216732 44.351685 -40.392632
v -60.000000 0.025182 -38.000000
v -59.974819 0.000000 -38.000000
v -59.992630 0.007376 -38.000000
v 35.126591 67.663826 -40.400002
v 35.131523 67.688553 -40.374821
v 35.130081 67.681320 -40.392632
v 36.219563 44.358501 -38.025181
v 36.229233 44.381786 -38.000000
v 36.222393 44.365318 -38.007370
v 19.325182 4.000000 -21.825182
v 19.324167 4.008124 -21.824167
v 19.314453 4.002379 -21.814453
v 36.722225 44.092903 -40.400002
v 36.734100 44.115143 -40.374821
v 36.730621 44.108631 -40.392632
v -33.433990 44.746983 -40.400002
v -33.431499 44.772072 -40.374821
v -33.432228 44.764729 -40.392632
v 35.136456 67.713280 -38.000000
v 35.131523 67.688553 -38.025181
v 35.132965 67.695786 -38.007370
v 36.745975 44.137383 -38.000000
v 36.734100 44.115143 -38.025181
v 36.737579 44.121655 -38.007370
v 37.208317 43.801552 -40.400002
v 37.222309 43.822525 -40.374821
v 37.218208 43.816383 -40.392632
v -33.429008 44.797161 -38.000000
v -33.431499 44.772072 -38.025181
v -33.430771 44.779415 -38.007370
v 35.676331 67.526123 -40.400002
v 35.683651 67.550255 -40.374821
v 35.681511 67.543198 -40.392632
v 1.324169 4.008124 29.824167
v 1.325182 4.000000 29.825182
v 1.314455 4.002379 29.814453
v -19.324167 4.008124 -21.824167
v -19.325182 4.000000 -21.825182
v -19.314453 4.002379 -21.814453
v 37.236301 43.843498 -38.000000
v 37.222309 43.822525 -38.025181
v 37.226410 43.828667 -38.007370
v 37.663483 43.463974 -40.400002
v 37.679482 43.483459 -40.374821
v 37.674797 43.477753 -40.392632
v -34.000000 67.800003 -38.025181
v -34.000000 67.825218 -38.000000
v -34.000000 67.807381 -38.007370
v 35.690971 67.574387 -38.000000
v 35.683651 67.550255 -38.025181
v 35.685791 67.557312 -38.007370
v 37.679482 43.483459 -38.025181
v 37.695480 43.502945 -38.000000
v 37.684166 43.489166 -38.007370
v -33.433952 67.746979 -40.400002
v -33.431499 67.772072 -40.374821
v -33.432220 67.764709 -40.392632
v 38.083393 43.083393 -40.400002
v 38.101219 43.101219 -40.374821
v 38.096001 43.096001 -40.392632
v 36.209927 67.335205 -40.400002
v 36.219563 67.358505 -40.374821
v 36.216740 67.351685 -40.392632
v 38.119045 43.119045 -38.000000
v 38.101219 43.101219 -38.025181
v 38.106438 43.106438 -38.007370
v 38.463974 42.663483 -40.400002
v 38.483459 42.679482 -40.374821
v 38.477753 42.674797 -40.392632
v -32.873409 44.663826 -40.400002
v -32.868477 44.688553 -40.374821
v -32.869923 44.681309 -40.392632
v 38.502945 42.695480 -38.000000
v 38.483459 42.679482 -38.025181
v 38.489166 42.684166 -38.007370
v 36.219563 67.358505 -38.025181
v 36.229198 67.381805 -38.000000
v 36.222385 67.365326 -38.007370
v 38.801552 42.208317 -40.400002
v 38.822525 42.222309 -40.374821
v 38.816383 42.218208 -40.392632
v 1.325182 4.000000 -21.825182
v 1.324169 4.008124 -21.824167
v 1.314454 4.002379 -21.814453
v 36.722225 67.092903 -40.400002
v 36.734100 67.115143 -40.374821
v 36.730621 67.108627 -40.392632
v 38.822525 42.222309 -38.025181
v 38.843498 42.236301 -38.000000
v 38.828667 42.226410 -38.007370
v -32.863544 44.713280 -38.000000
v -32.868477 44.688553 -38.025181
v -32.867031 44.695797 -38.007370
v -59.987419 81.990318 -38.000000
v -59.974819 82.000000 -38.025181
v -60.000000 81.974815 -38.025181
v -59.983154 81.997070 -38.007191
v -59.992420 81.993050 -38.010643
v -59.992630 81.992630 -38.025181
v -59.996201 81.984604 -38.007217
v 39.092903 41.722225 -40.400002
v 39.115143 41.734100 -40.374821
v 39.108631 41.730621 -40.392632
v 39.115143 41.734100 -38.025181
v 39.137383 41.745975 -38.000000
v 39.121655 41.737579 -38.007370
v 36.745975 67.137383 -38.000000
v 36.734100 67.115143 -38.025181
v 36.737579 67.121658 -38.007370
v 56.000000 0.000000 41.974819
v 56.000000 0.025182 42.000000
v 56.000000 0.007376 41.992630
v 39.335217 41.209892 -40.400002
v 39.358501 41.219563 -40.374821
v 39.351685 41.216732 -40.392632
v 39.381786 41.229233 -38.000000
v 39.358501 41.219563 -38.025181
v 39.365318 41.222393 -38.007370
v 37.208317 66.801552 -40.400002
v 37.222309 66.822525 -40.374821
v 37.218216 66.816391 -40.392632
v 39.526119 40.676365 -40.400002
v 39.550255 40.683651 -40.374821
v 39.543182 40.681515 -40.392632
v -32.323669 44.526127 -40.400002
v -32.316349 44.550255 -40.374821
v -32.318493 44.543194 -40.392632
v -37.324169 4.008125 -21.824167
v -37.325180 4.000000 -21.825182
v -37.314453 4.002380 -21.814455
v -16.674818 4.000000 29.825182
v -16.675833 4.008124 29.824167
v -16.685547 4.002379 29.814453
v 37.236301 66.843498 -38.000000
v 37.222309 66.822525 -38.025181
v 37.226402 66.828659 -38.007370
v 39.574390 40.690937 -38.000000
v 39.550255 40.683651 -38.025181
v 39.557327 40.685787 -38.007370
v -33.431499 67.772072 -38.025181
v -33.429047 67.797165 -38.000000
v -33.430779 67.779434 -38.007370
v 39.663895 40.126324 -40.400002
v 39.688553 40.131523 -40.374821
v 39.681328 40.130001 -40.392632
v 39.713280 40.136456 -38.000000
v 39.688553 40.131523 -38.025181
v 39.695797 40.132969 -38.007370
v 37.663460 66.463989 -40.400002
v 37.679482 66.483459 -40.374821
v 37.674789 66.477760 -40.392632
v -32.309029 44.574383 -38.000000
v -32.316349 44.550255 -38.025181
v -32.314205 44.557316 -38.007370
v 39.746925 39.566608 -40.400002
v 39.772072 39.568501 -40.374821
v 39.764706 39.567947 -40.392632
v 37.695503 66.502930 -38.000000
v 37.679482 66.483459 -38.025181
v 37.684174 66.489159 -38.007370
v 39.772072 39.568501 -38.025181
v 39.797161 39.570992 -38.000000
v 39.779415 39.569229 -38.007370
v 39.774773 38.999691 -40.400002
v 39.799999 39.000000 -40.374821
v 39.792610 38.999908 -40.392632
v 38.083393 66.083389 -40.400002
v 38.101219 66.101219 -40.374821
v 38.096001 66.095993 -40.392632
v -32.873409 67.663826 -40.400002
v -32.868477 67.688553 -40.374821
v -32.869919 67.681320 -40.392632
v 39.799999 39.000000 -38.025181
v 39.825211 39.000000 -38.000000
v 39.807388 39.000000 -38.007370
v 39.746983 38.433990 -40.400002
v 39.772072 38.431499 -40.374821
v 39.764729 38.432228 -40.392632
v 38.119045 66.119049 -38.000000
v 38.101219 66.101219 -38.025181
v 38.106438 66.106445 -38.007370
v -31.790113 44.335220 -40.400002
v -31.780436 44.358501 -40.374821
v -31.783268 44.351688 -40.392632
v 39.772072 38.431499 -38.025181
v 39.797161 38.429008 -38.000000
v 39.779415 38.430771 -38.007370
v 39.663826 37.873409 -40.400002
v 39.688553 37.868477 -40.374821
v 39.681309 37.869923 -40.392632
v -31.770758 44.381783 -38.000000
v -31.780436 44.358501 -38.025181
v -31.777603 44.365314 -38.007370
v 38.463974 65.663483 -40.400002
v 38.483459 65.679482 -40.374821
v 38.477753 65.674797 -40.392632
v 39.713280 37.863544 -38.000000
v 39.688553 37.868477 -38.025181
v 39.695797 37.867031 -38.007370
v 38.502945 65.695480 -38.000000
v 38.483459 65.679482 -38.025181
v 38.489166 65.684166 -38.007370
v 39.526119 37.323635 -40.400002
v 39.550255 37.316349 -40.374821
v 39.543182 37.318485 -40.392632
v -60.000000 23.000000 41.974819
v -59.974819 23.000000 42.000000
v -59.992630 23.000000 41.992630
v 39.574390 37.309063 -38.000000
v 39.550255 37.316349 -38.025181
v 39.557327 37.314213 -38.007370
v 38.801552 65.208313 -40.400002
v 38.822525 65.222305 -40.374821
v 38.816383 65.218208 -40.392632
v -16.674818 4.000000 -21.825182
v -16.675833 4.008124 -21.824167
v -16.685547 4.002379 -21.814453
v 39.335217 36.790108 -40.400002
v 39.358501 36.780437 -40.374821
v 39.351685 36.783268 -40.392632
v 39.381786 36.770767 -38.000000
v 39.358501 36.780437 -38.025181
v 39.365318 36.777607 -38.007370
v -59.974819 0.000000 38.000000
v -60.000000 0.025182 38.000000
v -59.992630 0.007376 38.000000
v 38.822525 65.222305 -38.025181
v 38.843498 65.236298 -38.000000
v 38.828667 65.226410 -38.007370
v 39.092903 36.277775 -40.400002
v 39.115143 36.265900 -40.374821
v 39.108631 36.269379 -40.392632
v 39.137383 36.254025 -38.000000
v 39.115143 36.265900 -38.025181
v 39.121655 36.262421 -38.007370
v -31.277769 44.092899 -40.400002
v -31.265900 44.115143 -40.374821
v -31.269379 44.108624 -40.392632
v -32.888077 67.716919 -38.000000
v -32.868477 67.688553 -38.025181
v -32.874218 67.696861 -38.007370
v 38.801552 35.791683 -40.400002
v 38.822525 35.777691 -40.374821
v 38.816383 35.781792 -40.392632
v 38.843498 35.763699 -38.000000
v 38.822525 35.777691 -38.025181
v 38.828667 35.773590 -38.007370
v 39.092903 64.722229 -40.400002
v 39.115143 64.734100 -40.374821
v 39.108631 64.730621 -40.392632
v -31.254030 44.137386 -38.000000
v -31.265900 44.115143 -38.025181
v -31.262421 44.121662 -38.007370
v 38.463974 35.336517 -40.400002
v 38.483459 35.320518 -40.374821
v 38.477753 35.325203 -40.392632
v 39.137383 64.745972 -38.000000
v 39.115143 64.734100 -38.025181
v 39.121655 64.737579 -38.007370
v 38.502945 35.304520 -38.000000
v 38.483459 35.320518 -38.025181
v 38.489166 35.315834 -38.007370
v 38.083393 34.916607 -40.400002
v 38.101219 34.898781 -40.374821
v 38.096001 34.903999 -40.392632
v -30.791697 43.801559 -40.400002
v -30.777693 43.822525 -40.374821
v -30.781794 43.816383 -40.392632
v 38.119045 34.880955 -38.000000
v 38.101219 34.898781 -38.025181
v 38.106438 34.893562 -38.007370
v 39.335217 64.209892 -40.400002
v 39.358501 64.219559 -40.374821
v 39.351685 64.216736 -40.392632
v 37.663483 34.536026 -40.400002
v 37.679482 34.516541 -40.374821
v 37.674797 34.522247 -40.392632
v -32.323669 67.526123 -40.400002
v -32.316349 67.550255 -40.374821
v -32.318489 67.543198 -40.392632
v 37.695480 34.497055 -38.000000
v 37.679482 34.516541 -38.025181
v 37.684166 34.510834 -38.007370
v 39.381786 64.229233 -38.000000
v 39.358501 64.219559 -38.025181
v 39.365318 64.222397 -38.007370
v 37.208317 34.198448 -40.400002
v 37.222309 34.177475 -40.374821
v 37.218208 34.183617 -40.392632
v -30.763689 43.843491 -38.000000
v -30.777693 43.822525 -38.025181
v -30.773592 43.828667 -38.007370
v 39.526119 63.676365 -40.400002
v 39.550255 63.683651 -40.374821
v 39.543182 63.681515 -40.392632
v 37.236301 34.156502 -38.000000
v 37.222309 34.177475 -38.025181
v 37.226410 34.171333 -38.007370
v 36.722210 33.907089 -40.400002
v 36.734100 33.884857 -40.374821
v 36.730618 33.891369 -40.392632
v -34.674820 4.000000 29.825182
v -34.675831 4.008124 29.824167
v -34.685547 4.002379 29.814455
v -59.974819 82.000000 -41.974819
v -59.974007 81.980003 -42.000000
v -60.000000 81.974815 -41.974819
v -59.974369 81.994064 -41.992699
v -59.989174 81.990456 -41.989361
v -59.992393 81.977371 -41.992619
v -59.992630 81.992630 -41.974819
v 39.574390 63.690937 -38.000000
v 39.550255 63.683651 -38.025181
v 39.557327 63.685787 -38.007370
v 36.734100 33.884857 -38.025181
v 36.745991 33.862625 -38.000000
v 36.737583 33.878345 -38.007370
v 36.209927 33.664795 -40.400002
v 36.219563 33.641499 -40.374821
v 36.216740 33.648323 -40.392632
v 39.663895 63.126324 -40.400002
v 39.688553 63.131523 -40.374821
v 39.681328 63.130001 -40.392632
v -30.336508 43.463966 -40.400002
v -30.320518 43.483459 -40.374821
v -30.325203 43.477749 -40.392632
v 36.229198 33.618202 -38.000000
v 36.219563 33.641499 -38.025181
v 36.222385 33.634674 -38.007370
v 59.974819 0.000000 -38.000000
v 60.000000 0.025182 -38.000000
v 59.992630 0.007376 -38.000000
v 35.676331 33.473869 -40.400002
v 35.683651 33.449745 -40.374821
v 35.681507 33.456810 -40.392632
v 35.690971 33.425621 -38.000000
v 35.683651 33.449745 -38.025181
v 35.685795 33.442680 -38.007370
v 39.688553 63.131523 -38.025181
v 39.713280 63.136456 -38.000000
v 39.695797 63.132969 -38.007370
v 35.126610 33.336174 -40.400002
v 35.131523 33.311447 -40.374821
v 35.130085 33.318691 -40.392632
v 39.746925 62.566608 -40.400002
v 39.772072 62.568501 -40.374821
v 39.764706 62.567947 -40.392632
v 35.131523 33.311447 -38.025181
v 35.136436 33.286716 -38.000000
v 35.132961 33.304199 -38.007370
v -30.304529 43.502953 -38.000000
v -30.320518 43.483459 -38.025181
v -30.315834 43.489170 -38.007370
v 34.566029 33.253021 -40.400002
v 34.568501 33.227928 -40.374821
v 34.567776 33.235279 -40.392632
v -32.264061 67.560516 -38.000000
v -32.316349 67.550255 -38.025181
v -32.301022 67.553261 -38.007370
v 34.568501 33.227928 -38.025181
v 34.570972 33.202835 -38.000000
v 34.569225 33.220577 -38.007370
v 39.772072 62.568501 -38.025181
v 39.797161 62.570992 -38.000000
v 39.779415 62.569229 -38.007370
v 34.000000 33.225212 -40.400002
v 34.000000 33.200001 -40.374821
v 34.000000 33.207386 -40.392632
v 39.774773 61.999691 -40.400002
v 39.799999 62.000000 -40.374821
v 39.792610 61.999908 -40.392632
v 34.000000 33.200001 -38.025181
v 34.000000 33.174789 -38.000000
v 34.000000 33.192616 -38.007370
v -31.790081 67.335205 -40.400002
v -31.780436 67.358505 -40.374821
v -31.783260 67.351685 -40.392632
v 39.825211 62.000000 -38.000000
v 39.799999 62.000000 -38.025181
v 39.807388 62.000000 -38.007370
v 33.433971 33.253021 -40.400002
v 33.431499 33.227928 -40.374821
v 33.432224 33.235279 -40.392632
v -29.916618 43.083401 -40.400002
v -29.898781 43.101219 -40.374821
v -29.904007 43.096001 -40.392632
v 33.429028 33.202835 -38.000000
v 33.431499 33.227928 -38.025181
v 33.430775 33.220577 -38.007370
v 32.873390 33.336174 -40.400002
v 32.868477 33.311447 -40.374821
v 32.869915 33.318691 -40.392632
v -59.974819 4.000000 42.000000
v -60.000000 4.000000 41.974819
v -59.992630 4.000000 41.992630
v 39.746983 61.433990 -40.400002
v 39.772072 61.431499 -40.374821
v 39.764729 61.432228 -40.392632
v 32.868477 33.311447 -38.025181
v 32.863564 33.286716 -38.000000
v 32.867039 33.304199 -38.007370
v 32.323669 33.473869 -40.400002
v 32.316349 33.449745 -40.374821
v 32.318493 33.456810 -40.392632
v 39.797161 61.429008 -38.000000
v 39.772072 61.431499 -38.025181
v 39.779415 61.430771 -38.007370
v -29.880943 43.119038 -38.000000
v -29.898781 43.101219 -38.025181
v -29.893555 43.106438 -38.007370
v 32.316349 33.449745 -38.025181
v 32.309029 33.425621 -38.000000
v 32.314205 33.442680 -38.007370
v 31.790081 33.664795 -40.400002
v 31.780436 33.641499 -40.374821
v 31.783260 33.648319 -40.392632
v -29.536028 42.663483 -40.400002
v -29.516541 42.679482 -40.374821
v -29.522247 42.674797 -40.392632
v 31.770790 33.618202 -38.000000
v 31.780436 33.641499 -38.025181
v 31.777611 33.634678 -38.007370
v 39.663826 60.873409 -40.400002
v 39.688553 60.868477 -40.374821
v 39.681309 60.869923 -40.392632
v 39.713280 60.863544 -38.000000
v 39.688553 60.868477 -38.025181
v 39.695797 60.867031 -38.007370
v 31.277784 33.907093 -40.400002
v 31.265900 33.884857 -40.374821
v 31.269381 33.891373 -40.392632
v 31.254015 33.862621 -38.000000
v 31.265900 33.884857 -38.025181
v 31.262419 33.878342 -38.007370
v 59.985306 81.988693 -38.000000
v 60.000000 81.974815 -38.025181
v 59.974819 82.000000 -38.025181
v 59.995579 81.983253 -38.007236
v 59.991875 81.992592 -38.010643
v 59.992630 81.992630 -38.025181
v 59.981590 81.996567 -38.007191
v -31.789328 67.390572 -38.000000
v -31.780436 67.358505 -38.025181
v -31.783043 67.367905 -38.007370
v 30.791697 34.198441 -40.400002
v 30.777693 34.177475 -40.374821
v 30.781794 34.183617 -40.392632
v 30.763689 34.156509 -38.000000
v 30.777693 34.177475 -38.025181
v 30.773592 34.171333 -38.007370
v 39.526119 60.323635 -40.400002
v 39.550255 60.316349 -40.374821
v 39.543182 60.318485 -40.392632
v 39.574390 60.309063 -38.000000
v 39.550255 60.316349 -38.025181
v 39.557327 60.314213 -38.007370
v 30.336508 34.536034 -40.400002
v 30.320518 34.516541 -40.374821
v 30.325203 34.522251 -40.392632
v 30.320518 34.516541 -38.025181
v 30.304529 34.497047 -38.000000
v 30.315834 34.510830 -38.007370
v -29.497053 42.695480 -38.000000
v -29.516541 42.679482 -38.025181
v -29.510834 42.684166 -38.007370
v 39.335217 59.790108 -40.400002
v 39.358501 59.780437 -40.374821
v 39.351685 59.783268 -40.392632
v 29.916618 34.916599 -40.400002
v 29.898781 34.898781 -40.374821
v 29.904007 34.903999 -40.392632
v 29.898781 34.898781 -38.025181
v 29.880943 34.880962 -38.000000
v 29.893555 34.893562 -38.007370
v -34.674820 4.000000 -21.825182
v -34.675831 4.008124 -21.824167
v -34.685547 4.002379 -21.814455
v 39.358501 59.780437 -38.025181
v 39.381786 59.770767 -38.000000
v 39.365318 59.777607 -38.007370
v 29.536028 35.336517 -40.400002
v 29.516541 35.320518 -40.374821
v 29.522247 35.325203 -40.392632
v 29.497053 35.304520 -38.000000
v 29.516541 35.320518 -38.025181
v 29.510834 35.315834 -38.007370
v -29.198441 42.208302 -40.400002
v -29.177477 42.222309 -40.374821
v -29.183617 42.218208 -40.392632
v 29.198441 35.791698 -40.400002
v 29.177477 35.777691 -40.374821
v 29.183617 35.781792 -40.392632
v -29.156513 42.236317 -38.000000
v -29.177477 42.222309 -38.025181
v -29.171337 42.226410 -38.007370
v 39.092903 59.277775 -40.400002
v 39.115143 59.265900 -40.374821
v 39.108631 59.269379 -40.392632
v 29.177477 35.777691 -38.025181
v 29.156513 35.763683 -38.000000
v 29.171337 35.773590 -38.007370
v 28.907089 36.277790 -40.400002
v 28.884857 36.265900 -40.374821
v 28.891369 36.269382 -40.392632
v -31.277769 67.092896 -40.400002
v -31.265900 67.115143 -40.374821
v -31.269375 67.108627 -40.392632
v 39.137383 59.254025 -38.000000
v 39.115143 59.265900 -38.025181
v 39.121655 59.262421 -38.007370
v 28.884857 36.265900 -38.025181
v 28.862625 36.254009 -38.000000
v 28.878345 36.262417 -38.007370
v 28.664797 36.790073 -40.400002
v 28.641499 36.780437 -40.374821
v 28.648323 36.783260 -40.392632
v 56.025181 33.974815 42.000000
v 56.025181 34.000000 41.974819
v 56.000000 33.974815 41.974819
v 56.025177 33.992622 41.992630
v 56.010639 33.989357 41.989361
v 56.007370 33.992622 41.974823
v 56.007370 33.974815 41.992630
v 38.801552 58.791683 -40.400002
v 38.822525 58.777691 -40.374821
v 38.816383 58.781792 -40.392632
v 28.641499 36.780437 -38.025181
v 28.618200 36.770802 -38.000000
v 28.634674 36.777615 -38.007370
v 38.843498 58.763699 -38.000000
v 38.822525 58.777691 -38.025181
v 38.828667 58.773590 -38.007370
v 28.473871 37.323669 -40.400002
v 28.449745 37.316349 -40.374821
v 28.456808 37.318493 -40.392632
v 28.425619 37.309029 -38.000000
v 28.449745 37.316349 -38.025181
v 28.442682 37.314205 -38.007370
v -28.907089 41.722210 -40.400002
v -28.884857 41.734100 -40.374821
v -28.891369 41.730618 -40.392632
v 38.463974 58.336517 -40.400002
v 38.483459 58.320518 -40.374821
v 38.477753 58.325203 -40.392632
v 28.336107 37.873657 -40.400002
v 28.311445 37.868477 -40.374821
v 28.318668 37.869995 -40.392632
v 28.286716 37.863564 -38.000000
v 28.311445 37.868477 -38.025181
v 28.304199 37.867039 -38.007370
v -31.254030 67.137390 -38.000000
v -31.265900 67.115143 -38.025181
v -31.262424 67.121658 -38.007370
v -28.862625 41.745991 -38.000000
v -28.884857 41.734100 -38.025181
v -28.878345 41.737583 -38.007370
v 28.227928 38.431499 -40.374821
v 28.253077 38.433392 -40.400002
v 28.235292 38.432053 -40.392632
v 28.202837 38.429028 -38.000000
v 28.227928 38.431499 -38.025181
v 28.220577 38.430775 -38.007370
v 38.502945 58.304520 -38.000000
v 38.483459 58.320518 -38.025181
v 38.489166 58.315834 -38.007370
v 28.225227 39.000271 -40.400002
v 28.200001 39.000000 -40.374821
v 28.207390 39.000080 -40.392632
v 56.000000 0.025182 -42.000000
v 56.000000 0.000000 -41.974819
v 56.000000 0.007376 -41.992630
v 28.200001 39.000000 -38.025181
v 28.174788 39.000000 -38.000000
v 28.192616 39.000000 -38.007370
v 38.083393 57.916607 -40.400002
v 38.101219 57.898781 -40.374821
v 38.096001 57.903999 -40.392632
v -28.664797 41.209927 -40.400002
v -28.641499 41.219563 -40.374821
v -28.648323 41.216740 -40.392632
v 28.253019 39.566029 -40.400002
v 28.227928 39.568501 -40.374821
v 28.235279 39.567776 -40.392632
v 28.202837 39.570972 -38.000000
v 28.227928 39.568501 -38.025181
v 28.220577 39.569225 -38.007370
v 38.101219 57.898781 -38.025181
v 38.119045 57.880955 -38.000000
v 38.106438 57.893562 -38.007370
v 28.336174 40.126610 -40.400002
v 28.311445 40.131523 -40.374821
v 28.318691 40.130085 -40.392632
v 37.663483 57.536026 -40.400002
v 37.679482 57.516541 -40.374821
v 37.674797 57.522247 -40.392632
v 28.286716 40.136436 -38.000000
v 28.311445 40.131523 -38.025181
v 28.304199 40.132961 -38.007370
v -30.791697 66.801559 -40.400002
v -30.777693 66.822525 -40.374821
v -30.781796 66.816383 -40.392632
v 28.473871 40.676331 -40.400002
v 28.449745 40.683651 -40.374821
v 28.456808 40.681507 -40.392632
v 37.695461 57.497040 -38.000000
v 37.679482 57.516541 -38.025181
v 37.684162 57.510830 -38.007370
v -28.618200 41.229198 -38.000000
v -28.641499 41.219563 -38.025181
v -28.634674 41.222385 -38.007370
v 28.449745 40.683651 -38.025181
v 28.425619 40.690971 -38.000000
v 28.442682 40.685795 -38.007370
v 59.974819 82.000000 -41.974819
v 60.000000 81.974815 -41.974819
v 59.974007 81.980003 -42.000000
v 59.992630 81.992630 -41.974819
v 59.989174 81.990456 -41.989361
v 59.992393 81.977379 -41.992615
v 59.974369 81.994064 -41.992699
v 28.664797 41.209927 -40.400002
v 28.641499 41.219563 -40.374821
v 28.648323 41.216740 -40.392632
v 37.208317 57.198448 -40.400002
v 37.222309 57.177475 -40.374821
v 37.218208 57.183617 -40.392632
v 28.641499 41.219563 -38.025181
v 28.618200 41.229198 -38.000000
v 28.634674 41.222385 -38.007370
v 28.907089 41.722210 -40.400002
v 28.884857 41.734100 -40.374821
v 28.891369 41.730618 -40.392632
v 37.236301 57.156502 -38.000000
v 37.222309 57.177475 -38.025181
v 37.226410 57.171333 -38.007370
v -28.473871 40.676331 -40.400002
v -28.449745 40.683651 -40.374821
v -28.456808 40.681507 -40.392632
v 28.884857 41.734100 -38.025181
v 28.862625 41.745991 -38.000000
v 28.878345 41.737583 -38.007370
v 36.722225 56.907097 -40.400002
v 36.734100 56.884857 -40.374821
v 36.730621 56.891369 -40.392632
v 29.198441 42.208302 -40.400002
v 29.177477 42.222309 -40.374821
v 29.183617 42.218208 -40.392632
v -28.425619 40.690971 -38.000000
v -28.449745 40.683651 -38.025181
v -28.442682 40.685795 -38.007370
v 29.156513 42.236317 -38.000000
v 29.177477 42.222309 -38.025181
v 29.171337 42.226410 -38.007370
v 29.536028 42.663483 -40.400002
v 29.516541 42.679482 -40.374821
v 29.522247 42.674797 -40.392632
v 36.745975 56.862617 -38.000000
v 36.734100 56.884857 -38.025181
v 36.737579 56.878345 -38.007370
v -30.777693 66.822525 -38.025181
v -30.763689 66.843491 -38.000000
v -30.773590 66.828667 -38.007370
v 29.497053 42.695480 -38.000000
v 29.516541 42.679482 -38.025181
v 29.510834 42.684166 -38.007370
v 29.916618 43.083401 -40.400002
v 29.898781 43.101219 -40.374821
v 29.904007 43.096001 -40.392632
v -28.336174 40.126610 -40.400002
v -28.311445 40.131523 -40.374821
v -28.318691 40.130085 -40.392632
v 36.209892 56.664783 -40.400002
v 36.219563 56.641499 -40.374821
v 36.216732 56.648315 -40.392632
v 29.880943 43.119038 -38.000000
v 29.898781 43.101219 -38.025181
v 29.893555 43.106438 -38.007370
v 30.336508 43.463966 -40.400002
v 30.320518 43.483459 -40.374821
v 30.325203 43.477749 -40.392632
v 36.219563 56.641499 -38.025181
v 36.229233 56.618214 -38.000000
v 36.222393 56.634682 -38.007370
v 59.974819 23.000000 42.000000
v 60.000000 23.000000 41.974819
v 59.992630 23.000000 41.992630
v 30.304529 43.502953 -38.000000
v 30.320518 43.483459 -38.025181
v 30.315834 43.489170 -38.007370
v 30.791697 43.801559 -40.400002
v 30.777693 43.822525 -40.374821
v 30.781794 43.816383 -40.392632
v 35.676365 56.473881 -40.400002
v 35.683651 56.449745 -40.374821
v 35.681515 56.456818 -40.392632
v 30.763689 43.843491 -38.000000
v 30.777693 43.822525 -38.025181
v 30.773592 43.828667 -38.007370
v -28.286716 40.136436 -38.000000
v -28.311445 40.131523 -38.025181
v -28.304199 40.132961 -38.007370
v -30.336531 66.463982 -40.400002
v -30.320518 66.483459 -40.374821
v -30.325205 66.477760 -40.392632
v 31.277769 44.092899 -40.400002
v 31.265900 44.115143 -40.374821
v 31.269379 44.108624 -40.392632
v 31.254030 44.137386 -38.000000
v 31.265900 44.115143 -38.025181
v 31.262421 44.121662 -38.007370
v 35.683651 56.449745 -38.025181
v 35.690937 56.425610 -38.000000
v 35.685787 56.442673 -38.007370
v 35.126591 56.336174 -40.400002
v 35.131523 56.311447 -40.374821
v 35.130077 56.318691 -40.392632
v 31.790113 44.335220 -40.400002
v 31.780436 44.358501 -40.374821
v 31.783268 44.351688 -40.392632
v -28.253019 39.566029 -40.400002
v -28.227928 39.568501 -40.374821
v -28.235279 39.567776 -40.392632
v 31.770758 44.381783 -38.000000
v 31.780436 44.358501 -38.025181
v 31.777603 44.365314 -38.007370
v 32.323669 44.526127 -40.400002
v 32.316349 44.550255 -40.374821
v 32.318493 44.543194 -40.392632
v 35.136456 56.286720 -38.000000
v 35.131523 56.311447 -38.025181
v 35.132969 56.304203 -38.007370
v -30.304506 66.502937 -38.000000
v -30.320518 66.483459 -38.025181
v -30.315832 66.489159 -38.007370
v 32.309029 44.574383 -38.000000
v 32.316349 44.550255 -38.025181
v 32.314205 44.557316 -38.007370
v -59.974819 33.974815 42.000000
v -59.974819 34.000000 41.974819
v -60.000000 33.974815 41.974819
v -59.974823 33.992622 41.992630
v -59.989361 33.989357 41.989361
v -59.992630 33.992622 41.974823
v -59.992630 33.974815 41.992630
v 32.873409 44.663826 -40.400002
v 32.868477 44.688553 -40.374821
v 32.869923 44.681309 -40.392632
v 34.566010 56.253017 -40.400002
v 34.568501 56.227928 -40.374821
v 34.567772 56.235271 -40.392632
v 32.863544 44.713280 -38.000000
v 32.868477 44.688553 -38.025181
v 32.867031 44.695797 -38.007370
v 34.570992 56.202839 -38.000000
v 34.568501 56.227928 -38.025181
v 34.569229 56.220585 -38.007370
v 33.433990 44.746983 -40.400002
v 33.431499 44.772072 -40.374821
v 33.432228 44.764729 -40.392632
v 33.429008 44.797161 -38.000000
v 33.431499 44.772072 -38.025181
v 33.430771 44.779415 -38.007370
v -28.227928 39.568501 -38.025181
v -28.202837 39.570972 -38.000000
v -28.220577 39.569225 -38.007370
v -28.225214 39.000000 -40.400002
v -28.200001 39.000000 -40.374821
v -28.207386 39.000000 -40.392632
v 34.000000 56.225212 -40.400002
v 34.000000 56.200001 -40.374821
v 34.000000 56.207390 -40.392632
v 34.000000 56.174789 -38.000000
v 34.000000 56.200001 -38.025181
v 34.000000 56.192612 -38.007370
v 59.974819 0.000000 38.000000
v 60.000000 0.025182 38.000000
v 59.992630 0.007376 38.000000
v 33.433990 56.253017 -40.400002
v 33.431499 56.227928 -40.374821
v 33.432228 56.235271 -40.392632
v -29.916618 66.083397 -40.400002
v -29.898781 66.101219 -40.374821
v -29.904005 66.096001 -40.392632
v 33.429008 56.202839 -38.000000
v 33.431499 56.227928 -38.025181
v 33.430771 56.220585 -38.007370
v -28.200001 39.000000 -38.025181
v -28.174788 39.000000 -38.000000
v -28.192616 39.000000 -38.007370
v -28.253019 38.433971 -40.400002
v -28.227928 38.431499 -40.374821
v -28.235279 38.432224 -40.392632
v 32.873409 56.336174 -40.400002
v 32.868477 56.311447 -40.374821
v 32.869923 56.318691 -40.392632
v 32.863544 56.286720 -38.000000
v 32.868477 56.311447 -38.025181
v 32.867031 56.304203 -38.007370
v -60.000000 0.025182 -41.974819
v -59.974232 0.025182 -42.000000
v -59.974819 0.000000 -41.974819
v -59.992332 0.025182 -41.992630
v -59.989235 0.010643 -41.989361
v -59.974525 0.007376 -41.992630
v -59.992748 0.007376 -41.974823
v 32.323669 56.473873 -40.400002
v 32.316349 56.449745 -40.374821
v 32.318493 56.456806 -40.392632
v -29.880943 66.119041 -38.000000
v -29.898781 66.101219 -38.025181
v -29.893557 66.106438 -38.007370
v -28.202837 38.429028 -38.000000
v -28.227928 38.431499 -38.025181
v -28.220577 38.430775 -38.007370
v 32.309029 56.425617 -38.000000
v 32.316349 56.449745 -38.025181
v 32.314205 56.442684 -38.007370
v -28.336174 37.873390 -40.400002
v -28.311445 37.868477 -40.374821
v -28.318691 37.869915 -40.392632
v 31.790113 56.664780 -40.400002
v 31.780436 56.641499 -40.374821
v 31.783268 56.648312 -40.392632
v 31.762487 56.621178 -38.000000
v 31.780436 56.641499 -38.025181
v 31.775181 56.635551 -38.007370
v -29.536028 65.663483 -40.400002
v -29.516541 65.679482 -40.374821
v -29.522247 65.674797 -40.392632
v 31.277769 56.907101 -40.400002
v 31.265900 56.884857 -40.374821
v 31.269379 56.891376 -40.392632
v -28.311445 37.868477 -38.025181
v -28.286716 37.863564 -38.000000
v -28.304199 37.867039 -38.007370
v 31.270763 56.853710 -38.000000
v 31.265900 56.884857 -38.025181
v 31.267323 56.875740 -38.007370
v 30.791697 57.198441 -40.400002
v 30.777693 57.177475 -40.374821
v 30.781794 57.183617 -40.392632
v -28.473871 37.323669 -40.400002
v -28.449745 37.316349 -40.374821
v -28.456808 37.318493 -40.392632
v 30.756096 57.162140 -38.000000
v 30.777693 57.177475 -38.025181
v 30.771368 57.172985 -38.007370
v -29.497053 65.695480 -38.000000
v -29.516541 65.679482 -38.025181
v -29.510834 65.684166 -38.007370
v -28.425619 37.309029 -38.000000
v -28.449745 37.316349 -38.025181
v -28.442682 37.314205 -38.007370
v 30.336508 57.536034 -40.400002
v 30.320518 57.516541 -40.374821
v 30.325203 57.522251 -40.392632
v 30.304529 57.497047 -38.000000
v 30.320518 57.516541 -38.025181
v 30.315834 57.510830 -38.007370
v -28.664797 36.790073 -40.400002
v -28.641499 36.780437 -40.374821
v -28.648323 36.783260 -40.392632
v 29.916618 57.916599 -40.400002
v 29.898781 57.898781 -40.374821
v 29.904007 57.903999 -40.392632
v 29.880943 57.880962 -38.000000
v 29.898781 57.898781 -38.025181
v 29.893555 57.893562 -38.007370
v -29.198441 65.208298 -40.400002
v -29.177477 65.222305 -40.374821
v -29.183617 65.218208 -40.392632
v -60.000000 4.000000 -41.974819
v -59.974205 4.000000 -42.000000
v -59.992443 4.000000 -41.992630
v 29.536028 58.336517 -40.400002
v 29.516541 58.320518 -40.374821
v 29.522247 58.325203 -40.392632
v 29.497053 58.304520 -38.000000
v 29.516541 58.320518 -38.025181
v 29.510834 58.315834 -38.007370
v -28.641499 36.780437 -38.025181
v -28.618200 36.770802 -38.000000
v -28.634674 36.777615 -38.007370
v -28.907089 36.277790 -40.400002
v -28.884857 36.265900 -40.374821
v -28.891369 36.269382 -40.392632
v 29.198441 58.791698 -40.400002
v 29.177477 58.777691 -40.374821
v 29.183617 58.781792 -40.392632
v 29.156513 58.763683 -38.000000
v 29.177477 58.777691 -38.025181
v 29.171337 58.773590 -38.007370
v -29.177477 65.222305 -38.025181
v -29.156513 65.236313 -38.000000
v -29.171337 65.226410 -38.007370
v -28.862625 36.254009 -38.000000
v -28.884857 36.265900 -38.025181
v -28.878345 36.262417 -38.007370
v 28.907089 59.277790 -40.400002
v 28.884857 59.265900 -40.374821
v 28.891369 59.269382 -40.392632
v 59.974819 33.974815 42.000000
v 60.000000 33.974815 41.974819
v 59.974819 34.000000 41.974819
v 59.992630 33.974815 41.992630
v 59.989361 33.989357 41.989361
v 59.992630 33.992622 41.974823
v 59.974823 33.992622 41.992630
v 28.862625 59.254009 -38.000000
v 28.884857 59.265900 -38.025181
v 28.878345 59.262417 -38.007370
v -60.000000 34.000000 -41.974819
v -59.974133 34.000000 -42.000000
v -59.992428 34.000000 -41.992630
v 28.664797 59.790073 -40.400002
v 28.641499 59.780437 -40.374821
v 28.648323 59.783260 -40.392632
v 28.618200 59.770802 -38.000000
v 28.641499 59.780437 -38.025181
v 28.634674 59.777615 -38.007370
v -29.198441 35.791698 -40.400002
v -29.177477 35.777691 -40.374821
v -29.183617 35.781792 -40.392632
v 28.473871 60.323669 -40.400002
v 28.449745 60.316349 -40.374821
v 28.456808 60.318493 -40.392632
v -29.156513 35.763683 -38.000000
v -29.177477 35.777691 -38.025181
v -29.171337 35.773590 -38.007370
v -28.907089 64.722214 -40.400002
v -28.884857 64.734100 -40.374821
v -28.891369 64.730621 -40.392632
v 28.425619 60.309029 -38.000000
v 28.449745 60.316349 -38.025181
v 28.442682 60.314205 -38.007370
v -28.862625 64.745987 -38.000000
v -28.884857 64.734100 -38.025181
v -28.878345 64.737579 -38.007370
v 28.336107 60.873657 -40.400002
v 28.311445 60.868477 -40.374821
v 28.318668 60.869995 -40.392632
v 28.286716 60.863564 -38.000000
v 28.311445 60.868477 -38.025181
v 28.304199 60.867039 -38.007370
v -29.536028 35.336517 -40.400002
v -29.516541 35.320518 -40.374821
v -29.522247 35.325203 -40.392632
v 59.974819 0.000000 41.974819
v 60.000000 0.025182 41.974819
v 59.974819 0.025182 42.000000
v 59.992630 0.007376 41.974819
v 59.989361 0.010643 41.989357
v 59.992630 0.025182 41.992626
v 59.974823 0.007376 41.992626
v 28.227928 61.431499 -40.374821
v 28.253077 61.433392 -40.400002
v 28.235292 61.432053 -40.392632
v 28.202837 61.429028 -38.000000
v 28.227928 61.431499 -38.025181
v 28.220577 61.430775 -38.007370
v -29.497053 35.304520 -38.000000
v -29.516541 35.320518 -38.025181
v -29.510834 35.315834 -38.007370
v -29.916618 34.916599 -40.400002
v -29.898781 34.898781 -40.374821
v -29.904007 34.903999 -40.392632
v 28.225227 62.000271 -40.400002
v 28.200001 62.000000 -40.374821
v 28.207390 62.000080 -40.392632
v 28.174788 62.000000 -38.000000
v 28.200001 62.000000 -38.025181
v 28.192616 62.000000 -38.007370
v -28.664797 64.209930 -40.400002
v -28.641499 64.219559 -40.374821
v -28.648323 64.216736 -40.392632
v 28.253019 62.566029 -40.400002
v 28.227928 62.568501 -40.374821
v 28.235279 62.567776 -40.392632
v -29.880943 34.880962 -38.000000
v -29.898781 34.898781 -38.025181
v -29.893555 34.893562 -38.007370
v 28.202837 62.570972 -38.000000
v 28.227928 62.568501 -38.025181
v 28.220577 62.569225 -38.007370
v -56.000000 0.025182 42.000000
v -56.000000 0.000000 41.974819
v -56.000000 0.007376 41.992630
v -30.336508 34.536034 -40.400002
v -30.320518 34.516541 -40.374821
v -30.325203 34.522251 -40.392632
v 28.336174 63.126610 -40.400002
v 28.311445 63.131523 -40.374821
v 28.318691 63.130085 -40.392632
v 28.286716 63.136436 -38.000000
v 28.311445 63.131523 -38.025181
v 28.304199 63.132961 -38.007370
v 59.974133 34.000000 -42.000000
v 60.000000 34.000000 -41.974819
v 59.992428 34.000000 -41.992630
v -30.304529 34.497047 -38.000000
v -30.320518 34.516541 -38.025181
v -30.315834 34.510830 -38.007370
v 28.473871 63.676331 -40.400002
v 28.449745 63.683651 -40.374821
v 28.456808 63.681507 -40.392632
v 28.425619 63.690971 -38.000000
v 28.449745 63.683651 -38.025181
v 28.442682 63.685795 -38.007370
v -28.618200 64.229202 -38.000000
v -28.641499 64.219559 -38.025181
v -28.634674 64.222382 -38.007370
v -28.473871 63.676331 -40.400002
v -28.449745 63.683651 -40.374821
v -28.456808 63.681507 -40.392632
v 28.664797 64.209930 -40.400002
v 28.641499 64.219559 -40.374821
v 28.648323 64.216736 -40.392632
v -30.791697 34.198441 -40.400002
v -30.777693 34.177475 -40.374821
v -30.781794 34.183617 -40.392632
v 28.618200 64.229202 -38.000000
v 28.641499 64.219559 -38.025181
v 28.634674 64.222382 -38.007370
v 28.907089 64.722214 -40.400002
v 28.884857 64.734100 -40.374821
v 28.891369 64.730621 -40.392632
v -30.777693 34.177475 -38.025181
v -30.763689 34.156509 -38.000000
v -30.773592 34.171333 -38.007370
v 28.862625 64.745987 -38.000000
v 28.884857 64.734100 -38.025181
v 28.878345 64.737579 -38.007370
v 60.000000 4.000000 41.974819
v 59.974819 4.000000 42.000000
v 59.992630 4.000000 41.992630
v -31.277784 33.907093 -40.400002
v -31.265900 33.884857 -40.374821
v -31.269381 33.891373 -40.392632
v 29.198441 65.208298 -40.400002
v 29.177477 65.222305 -40.374821
v 29.183617 65.218208 -40.392632
v 29.156513 65.236313 -38.000000
v 29.177477 65.222305 -38.025181
v 29.171337 65.226410 -38.007370
v -28.425619 63.690971 -38.000000
v -28.449745 63.683651 -38.025181
v -28.442682 63.685795 -38.007370
v -31.254015 33.862621 -38.000000
v -31.265900 33.884857 -38.025181
v -31.262419 33.878342 -38.007370
v 29.536028 65.663483 -40.400002
v 29.516541 65.679482 -40.374821
v 29.522247 65.674797 -40.392632
v -56.025181 34.000000 41.974819
v -56.025181 33.974815 42.000000
v -56.000000 33.974815 41.974819
v -56.025177 33.992622 41.992630
v -56.010639 33.989357 41.989361
v -56.007370 33.974815 41.992630
v -56.007370 33.992622 41.974823
v 29.497053 65.695480 -38.000000
v 29.516541 65.679482 -38.025181
v 29.510834 65.684166 -38.007370
v 29.916618 66.083397 -40.400002
v 29.898781 66.101219 -40.374821
v 29.904005 66.096001 -40.392632
v -31.790081 33.664795 -40.400002
v -31.780436 33.641499 -40.374821
v -31.783260 33.648319 -40.392632
v 29.880943 66.119041 -38.000000
v 29.898781 66.101219 -38.025181
v 29.893557 66.106438 -38.007370
v -28.336107 63.126343 -40.400002
v -28.311445 63.131523 -40.374821
v -28.318668 63.130005 -40.392632
v 30.336531 66.463982 -40.400002
v 30.320518 66.483459 -40.374821
v 30.325205 66.477760 -40.392632
v 59.974819 0.000000 -41.974819
v 59.974232 0.025182 -42.000000
v 60.000000 0.025182 -41.974819
v 59.974525 0.007376 -41.992630
v 59.989235 0.010643 -41.989361
v 59.992455 0.025182 -41.992622
v 59.992630 0.007376 -41.974819
v -31.780436 33.641499 -38.025181
v -31.770790 33.618202 -38.000000
v -31.777611 33.634678 -38.007370
v 30.304506 66.502937 -38.000000
v 30.320518 66.483459 -38.025181
v 30.315832 66.489159 -38.007370
v -56.000000 0.000000 -41.974819
v -56.000000 0.025182 -42.000000
v -56.000000 0.007376 -41.992630
v 30.791697 66.801559 -40.400002
v 30.777693 66.822525 -40.374821
v 30.781796 66.816383 -40.392632
v 30.763689 66.843491 -38.000000
v 30.777693 66.822525 -38.025181
v 30.773590 66.828667 -38.007370
v -32.323669 33.473869 -40.400002
v -32.316349 33.449745 -40.374821
v -32.318493 33.456810 -40.392632
v -32.309029 33.425621 -38.000000
v -32.316349 33.449745 -38.025181
v -32.314205 33.442680 -38.007370
v 31.277769 67.092896 -40.400002
v 31.265900 67.115143 -40.374821
v 31.269375 67.108627 -40.392632
v 31.254030 67.137390 -38.000000
v 31.265900 67.115143 -38.025181
v 31.262424 67.121658 -38.007370
v -28.286716 63.136436 -38.000000
v -28.311445 63.131523 -38.025181
v -28.304199 63.132961 -38.007370
v 31.790081 67.335205 -40.400002
v 31.780436 67.358505 -40.374821
v 31.783260 67.351685 -40.392632
v 60.000000 4.000000 -41.974819
v 59.974205 4.000000 -42.000000
v 59.992443 4.000000 -41.992630
v 31.785360 67.388695 -38.000000
v 31.780436 67.358505 -38.025181
v 31.781876 67.367340 -38.007370
v -32.873657 33.336105 -40.400002
v -32.868477 33.311447 -40.374821
v -32.869995 33.318668 -40.392632
v -28.253077 62.566608 -40.400002
v -28.227928 62.568501 -40.374821
v -28.235292 62.567947 -40.392632
v 32.323669 67.526123 -40.400002
v 32.316349 67.550255 -40.374821
v 32.318489 67.543198 -40.392632
v 32.274536 67.563789 -38.000000
v 32.316349 67.550255 -38.025181
v 32.304108 67.554214 -38.007370
v -32.863564 33.286716 -38.000000
v -32.868477 33.311447 -38.025181
v -32.867039 33.304199 -38.007370
v -33.433392 33.253075 -40.400002
v -33.431499 33.227928 -40.374821
v -33.432053 33.235291 -40.392632
v 32.873409 67.663826 -40.400002
v 32.868477 67.688553 -40.374821
v 32.869919 67.681320 -40.392632
v 32.881962 67.716011 -38.000000
v 32.868477 67.688553 -38.025181
v 32.872429 67.696602 -38.007370
v -28.202837 62.570972 -38.000000
v -28.227928 62.568501 -38.025181
v -28.220577 62.569225 -38.007370
v 33.433952 67.746979 -40.400002
v 33.431499 67.772072 -40.374821
v 33.432220 67.764709 -40.392632
v 33.429047 67.797165 -38.000000
v 33.431499 67.772072 -38.025181
v 33.430779 67.779434 -38.007370
v -33.431499 33.227928 -38.025181
v -33.429028 33.202835 -38.000000
v -33.430775 33.220577 -38.007370
v -34.000271 33.225227 -40.400002
v -34.000000 33.200001 -40.374821
v -34.000080 33.207390 -40.392632
v -28.225227 61.999729 -40.400002
v -28.200001 62.000000 -40.374821
v -28.207390 61.999920 -40.392632
v -34.000000 33.174789 -38.000000
v -34.000000 33.200001 -38.025181
v -34.000000 33.192616 -38.007370
v -34.566029 33.253021 -40.400002
v -34.568501 33.227928 -40.374821
v -34.567776 33.235279 -40.392632
v -28.200001 62.000000 -38.025181
v -28.174788 62.000000 -38.000000
v -28.192616 62.000000 -38.007370
v -34.570972 33.202835 -38.000000
v -34.568501 33.227928 -38.025181
v -34.569225 33.220577 -38.007370
v -35.126610 33.336174 -40.400002
v -35.131523 33.311447 -40.374821
v -35.130085 33.318691 -40.392632
v -28.253019 61.433971 -40.400002
v -28.227928 61.431499 -40.374821
v -28.235279 61.432224 -40.392632
v -35.136436 33.286716 -38.000000
v -35.131523 33.311447 -38.025181
v -35.132961 33.304199 -38.007370
v -35.676331 33.473869 -40.400002
v -35.683651 33.449745 -40.374821
v -35.681507 33.456810 -40.392632
v -28.202837 61.429028 -38.000000
v -28.227928 61.431499 -38.025181
v -28.220577 61.430775 -38.007370
v -35.690971 33.425621 -38.000000
v -35.683651 33.449745 -38.025181
v -35.685795 33.442680 -38.007370
v -36.209927 33.664795 -40.400002
v -36.219563 33.641499 -40.374821
v -36.216740 33.648323 -40.392632
v -36.229198 33.618202 -38.000000
v -36.219563 33.641499 -38.025181
v -36.222385 33.634674 -38.007370
v -28.336174 60.873390 -40.400002
v -28.311445 60.868477 -40.374821
v -28.318691 60.869915 -40.392632
v -36.722210 33.907089 -40.400002
v -36.734100 33.884857 -40.374821
v -36.730618 33.891369 -40.392632
v -28.286716 60.863564 -38.000000
v -28.311445 60.868477 -38.025181
v -28.304199 60.867039 -38.007370
v -36.745991 33.862625 -38.000000
v -36.734100 33.884857 -38.025181
v -36.737583 33.878345 -38.007370
v -37.208317 34.198448 -40.400002
v -37.222309 34.177475 -40.374821
v -37.218208 34.183617 -40.392632
v -37.236301 34.156502 -38.000000
v -37.222309 34.177475 -38.025181
v -37.226410 34.171333 -38.007370
v -28.473871 60.323669 -40.400002
v -28.449745 60.316349 -40.374821
v -28.456808 60.318493 -40.392632
v -37.663483 34.536026 -40.400002
v -37.679482 34.516541 -40.374821
v -37.674797 34.522247 -40.392632
v -28.425619 60.309029 -38.000000
v -28.449745 60.316349 -38.025181
v -28.442682 60.314205 -38.007370
v -37.695480 34.497055 -38.000000
v -37.679482 34.516541 -38.025181
v -37.684166 34.510834 -38.007370
v -38.083393 34.916607 -40.400002
v -38.101219 34.898781 -40.374821
v -38.096001 34.903999 -40.392632
v -28.664797 59.790073 -40.400002
v -28.641499 59.780437 -40.374821
v -28.648323 59.783260 -40.392632
v -38.119045 34.880955 -38.000000
v -38.101219 34.898781 -38.025181
v -38.106438 34.893562 -38.007370
v -28.618200 59.770802 -38.000000
v -28.641499 59.780437 -38.025181
v -28.634674 59.777615 -38.007370
v -38.463974 35.336517 -40.400002
v -38.483459 35.320518 -40.374821
v -38.477753 35.325203 -40.392632
v -38.502945 35.304520 -38.000000
v -38.483459 35.320518 -38.025181
v -38.489166 35.315834 -38.007370
v -38.801552 35.791683 -40.400002
v -38.822525 35.777691 -40.374821
v -38.816383 35.781792 -40.392632
v -38.843498 35.763699 -38.000000
v -38.822525 35.777691 -38.025181
v -38.828667 35.773590 -38.007370
v -28.907089 59.277790 -40.400002
v -28.884857 59.265900 -40.374821
v -28.891369 59.269382 -40.392632
v -39.092903 36.277775 -40.400002
v -39.115143 36.265900 -40.374821
v -39.108631 36.269379 -40.392632
v -39.137383 36.254025 -38.000000
v -39.115143 36.265900 -38.025181
v -39.121655 36.262421 -38.007370
v -28.862625 59.254009 -38.000000
v -28.884857 59.265900 -38.025181
v -28.878345 59.262417 -38.007370
v -29.198441 58.791698 -40.400002
v -29.177477 58.777691 -40.374821
v -29.183617 58.781792 -40.392632
v -39.335217 36.790108 -40.400002
v -39.358501 36.780437 -40.374821
v -39.351685 36.783268 -40.392632
v -55.974819 4.025182 38.000000
v -55.974003 4.000000 37.970509
v -56.000000 4.025182 37.974819
v -55.974442 4.007446 37.991413
v -55.989189 4.010643 37.988453
v -55.992393 4.007389 37.972694
v -55.992630 4.025182 37.992630
v -39.381786 36.770767 -38.000000
v -39.358501 36.780437 -38.025181
v -39.365318 36.777607 -38.007370
v -39.526119 37.323635 -40.400002
v -39.550255 37.316349 -40.374821
v -39.543182 37.318485 -40.392632
v 56.000000 4.025182 37.974819
v 55.985622 4.000000 37.970280
v 55.974819 4.025182 38.000000
v 55.995659 4.007222 37.972038
v 55.991573 4.010643 37.988300
v 55.979836 4.007446 37.991344
v 55.992630 4.025182 37.992630
v -39.574390 37.309063 -38.000000
v -39.550255 37.316349 -38.025181
v -39.557327 37.314213 -38.007370
v -29.177477 58.777691 -38.025181
v -29.156513 58.763683 -38.000000
v -29.171337 58.773590 -38.007370
v -56.000000 23.025183 37.974819
v -55.974819 23.000000 38.025181
v -55.974819 22.974817 38.000000
v -55.992630 23.007378 37.999996
v -55.989365 23.000000 38.000000
v -55.974819 22.992620 38.007370
v -55.992630 23.000000 37.992630
v -39.663895 37.873676 -40.400002
v -39.688553 37.868477 -40.374821
v -39.681328 37.869999 -40.392632
v -29.536028 58.336517 -40.400002
v -29.516541 58.320518 -40.374821
v -29.522247 58.325203 -40.392632
v -39.688553 37.868477 -38.025181
v -39.713280 37.863544 -38.000000
v -39.695797 37.867031 -38.007370
v -39.772072 38.431499 -40.374821
v -39.746925 38.433392 -40.400002
v -39.764706 38.432053 -40.392632
v -29.497053 58.304520 -38.000000
v -29.516541 58.320518 -38.025181
v -29.510834 58.315834 -38.007370
v -39.797161 38.429008 -38.000000
v -39.772072 38.431499 -38.025181
v -39.779415 38.430771 -38.007370
v -39.774773 39.000309 -40.400002
v -39.799999 39.000000 -40.374821
v -39.792610 39.000092 -40.392632
v -29.916618 57.916599 -40.400002
v -29.898781 57.898781 -40.374821
v -29.904007 57.903999 -40.392632
v -56.025181 22.974817 42.000000
v -55.974819 23.000000 41.974819
v -56.000000 23.025183 41.974819
v -56.000004 22.992622 41.992630
v -56.000000 23.000000 41.989361
v -55.992634 23.007380 41.974819
v -56.007370 23.000000 41.992630
v -39.825211 39.000000 -38.000000
v -39.799999 39.000000 -38.025181
v -39.807388 39.000000 -38.007370
v -39.746983 39.566010 -40.400002
v -39.772072 39.568501 -40.374821
v -39.764729 39.567772 -40.392632
v -29.898781 57.898781 -38.025181
v -29.880943 57.880962 -38.000000
v -29.893555 57.893562 -38.007370
v -39.797161 39.570992 -38.000000
v -39.772072 39.568501 -38.025181
v -39.779415 39.569229 -38.007370
v 56.000000 23.025183 41.974819
v 55.974819 23.000000 41.974819
v 56.025181 22.974817 42.000000
v 55.992630 23.007378 41.974819
v 56.000000 23.000000 41.989361
v 56.000008 22.992622 41.992630
v 56.007370 23.000000 41.992630
v -30.336508 57.536034 -40.400002
v -30.320518 57.516541 -40.374821
v -30.325203 57.522251 -40.392632
v -39.663826 40.126591 -40.400002
v -39.688553 40.131523 -40.374821
v -39.681309 40.130077 -40.392632
v 55.974819 22.974817 38.000000
v 55.974819 23.000000 38.025181
v 56.000000 23.025183 37.974819
v 55.974819 22.992622 38.007370
v 55.989365 23.000000 38.000000
v 55.992634 23.007378 38.000000
v 55.992630 23.000000 37.992630
v -39.713280 40.136456 -38.000000
v -39.688553 40.131523 -38.025181
v -39.695797 40.132969 -38.007370
v -39.526119 40.676365 -40.400002
v -39.550255 40.683651 -40.374821
v -39.543182 40.681515 -40.392632
v -39.574390 40.690937 -38.000000
v -39.550255 40.683651 -38.025181
v -39.557327 40.685787 -38.007370
v -30.320518 57.516541 -38.025181
v -30.304529 57.497047 -38.000000
v -30.315834 57.510830 -38.007370
v -30.791697 57.198441 -40.400002
v -30.777693 57.177475 -40.374821
v -30.781794 57.183617 -40.392632
v -39.335217 41.209892 -40.400002
v -39.358501 41.219563 -40.374821
v -39.351685 41.216732 -40.392632
v -39.381786 41.229233 -38.000000
v -39.358501 41.219563 -38.025181
v -39.365318 41.222393 -38.007370
v -30.763689 57.156509 -38.000000
v -30.777693 57.177475 -38.025181
v -30.773592 57.171333 -38.007370
v -39.092903 41.722225 -40.400002
v -39.115143 41.734100 -40.374821
v -39.108631 41.730621 -40.392632
v -39.137383 41.745975 -38.000000
v -39.115143 41.734100 -38.025181
v -39.121655 41.737579 -38.007370
v -31.277769 56.907101 -40.400002
v -31.265900 56.884857 -40.374821
v -31.269379 56.891376 -40.392632
v -38.801552 42.208317 -40.400002
v -38.822525 42.222309 -40.374821
v -38.816383 42.218208 -40.392632
v -38.843498 42.236301 -38.000000
v -38.822525 42.222309 -38.025181
v -38.828667 42.226410 -38.007370
v -38.463974 42.663483 -40.400002
v -38.483459 42.679482 -40.374821
v -38.477753 42.674797 -40.392632
v -38.502945 42.695480 -38.000000
v -38.483459 42.679482 -38.025181
v -38.489166 42.684166 -38.007370
v -31.265900 56.884857 -38.025181
v -31.254030 56.862614 -38.000000
v -31.262421 56.878338 -38.007370
v -38.083393 43.083393 -40.400002
v -38.101219 43.101219 -40.374821
v -38.096001 43.096001 -40.392632
v -31.790113 56.664780 -40.400002
v -31.780436 56.641499 -40.374821
v -31.783268 56.648312 -40.392632
v -38.119045 43.119045 -38.000000
v -38.101219 43.101219 -38.025181
v -38.106438 43.106438 -38.007370
v -31.770758 56.618217 -38.000000
v -31.780436 56.641499 -38.025181
v -31.777603 56.634686 -38.007370
v -37.663483 43.463974 -40.400002
v -37.679482 43.483459 -40.374821
v -37.674797 43.477753 -40.392632
v -37.695480 43.502945 -38.000000
v -37.679482 43.483459 -38.025181
v -37.684166 43.489166 -38.007370
v -32.323669 56.473873 -40.400002
v -32.316349 56.449745 -40.374821
v -32.318493 56.456806 -40.392632
v -37.208317 43.801552 -40.400002
v -37.222309 43.822525 -40.374821
v -37.218208 43.816383 -40.392632
v -37.236301 43.843498 -38.000000
v -37.222309 43.822525 -38.025181
v -37.226410 43.828667 -38.007370
v -36.722225 44.092903 -40.400002
v -36.734100 44.115143 -40.374821
v -36.730621 44.108631 -40.392632
v -32.316349 56.449745 -38.025181
v -32.309029 56.425617 -38.000000
v -32.314205 56.442684 -38.007370
v -36.745975 44.137383 -38.000000
v -36.734100 44.115143 -38.025181
v -36.737579 44.121655 -38.007370
v -36.209892 44.335217 -40.400002
v -36.219563 44.358501 -40.374821
v -36.216732 44.351685 -40.392632
v -32.873409 56.336174 -40.400002
v -32.868477 56.311447 -40.374821
v -32.869923 56.318691 -40.392632
v -36.229233 44.381786 -38.000000
v -36.219563 44.358501 -38.025181
v -36.222393 44.365318 -38.007370
v -32.863544 56.286720 -38.000000
v -32.868477 56.311447 -38.025181
v -32.867031 56.304203 -38.007370
v -35.676365 44.526119 -40.400002
v -35.683651 44.550255 -40.374821
v -35.681515 44.543182 -40.392632
v -35.690937 44.574390 -38.000000
v -35.683651 44.550255 -38.025181
v -35.685787 44.557327 -38.007370
v -35.126591 44.663826 -40.400002
v -35.131523 44.688553 -40.374821
v -35.130077 44.681309 -40.392632
v -35.136456 44.713280 -38.000000
v -35.131523 44.688553 -38.025181
v -35.132969 44.695797 -38.007370
v -33.433990 56.253017 -40.400002
v -33.431499 56.227928 -40.374821
v -33.432228 56.235271 -40.392632
v -33.429008 56.202839 -38.000000
v -33.431499 56.227928 -38.025181
v -33.430771 56.220585 -38.007370
v -34.566010 44.746983 -40.400002
v -34.568501 44.772072 -40.374821
v -34.567772 44.764729 -40.392632
v -34.570992 44.797161 -38.000000
v -34.568501 44.772072 -38.025181
v -34.569229 44.779415 -38.007370
v -34.000000 56.225212 -40.400002
v -34.000000 56.200001 -40.374821
v -34.000000 56.207390 -40.392632
v -34.000000 56.174789 -38.000000
v -34.000000 56.200001 -38.025181
v -34.000000 56.192612 -38.007370
v -34.566010 56.253017 -40.400002
v -34.568501 56.227928 -40.374821
v -34.567772 56.235271 -40.392632
v -34.574253 56.202999 -38.000000
v -34.568501 56.227928 -38.025181
v -34.570187 56.220623 -38.007370
v 56.000000 4.025182 -37.974819
v 55.981155 4.029826 -38.000000
v 55.985207 4.000000 -37.974819
v 55.994385 4.027795 -37.992714
v 55.992920 4.011681 -37.989361
v 55.983330 4.008677 -37.992554
v 55.995537 4.007226 -37.974823
v -35.126591 56.336174 -40.400002
v -35.131523 56.311447 -40.374821
v -35.130077 56.318691 -40.392632
v -55.964310 4.029648 -38.000000
v -56.000000 4.025182 -37.974819
v -55.974033 4.000000 -37.974819
v -55.989693 4.027084 -37.992477
v -55.987045 4.011522 -37.989361
v -55.992401 4.007389 -37.974819
v -55.969517 4.008629 -37.992558
v -35.129662 56.285374 -38.000000
v -35.131523 56.311447 -38.025181
v -35.130978 56.303802 -38.007370
v -35.676365 56.473881 -40.400002
v -35.683651 56.449745 -40.374821
v -35.681515 56.456818 -40.392632
v -56.025181 34.000000 -37.974819
v -56.000000 33.974815 -37.974819
v -55.963886 34.008034 -38.000000
v -56.007370 33.992622 -37.974823
v -55.995541 33.995884 -37.989361
v -55.989532 33.988930 -37.992516
v -55.984070 34.002373 -37.992672
v -60.000000 33.974815 -38.025181
v -59.974819 34.000000 -37.974819
v -59.989647 34.011204 -38.000000
v -59.992630 33.992622 -38.000004
v -59.992920 33.998161 -38.000000
v -59.984394 34.003387 -37.992794
v -59.996910 33.998512 -38.007278
v -35.694111 56.426743 -38.000000
v -35.683651 56.449745 -38.025181
v -35.686714 56.443008 -38.007370
v -36.209892 56.664783 -40.400002
v -36.219563 56.641499 -40.374821
v -36.216732 56.648315 -40.392632
v 56.025181 34.000000 -37.974819
v 55.980831 34.024353 -38.000000
v 56.000000 33.974815 -37.974819
v 56.002682 34.007141 -37.992634
v 56.001213 34.000393 -37.989361
v 55.994350 34.002396 -37.992664
v 56.007370 33.992622 -37.974823
v -36.229233 56.618214 -38.000000
v -36.219563 56.641499 -38.025181
v -36.222393 56.634682 -38.007370
v -36.722225 56.907097 -40.400002
v -36.734100 56.884857 -40.374821
v -36.730621 56.891369 -40.392632
v 59.974819 34.000000 -37.974819
v 60.000000 33.974815 -38.025181
v 59.984901 34.024384 -38.000000
v 59.992630 33.992622 -38.000011
v 59.991508 34.000835 -38.000004
v 59.995533 34.004559 -38.007317
v 59.979931 34.007153 -37.992641
v -36.745975 56.862617 -38.000000
v -36.734100 56.884857 -38.025181
v -36.737579 56.878345 -38.007370
v -37.208317 57.198448 -40.400002
v -37.222309 57.177475 -40.374821
v -37.218208 57.183617 -40.392632
v -37.236301 57.156502 -38.000000
v -37.222309 57.177475 -38.025181
v -37.226410 57.171333 -38.007370
v -37.663483 57.536026 -40.400002
v -37.679482 57.516541 -40.374821
v -37.674797 57.522247 -40.392632
v -37.695480 57.497055 -38.000000
v -37.679482 57.516541 -38.025181
v -37.684166 57.510834 -38.007370
v -38.083393 57.916607 -40.400002
v -38.101219 57.898781 -40.374821
v -38.096001 57.903999 -40.392632
v -38.119045 57.880955 -38.000000
v -38.101219 57.898781 -38.025181
v -38.106438 57.893562 -38.007370
v -38.463974 58.336517 -40.400002
v -38.483459 58.320518 -40.374821
v -38.477753 58.325203 -40.392632
v -38.502945 58.304520 -38.000000
v -38.483459 58.320518 -38.025181
v -38.489166 58.315834 -38.007370
v -38.801552 58.791683 -40.400002
v -38.822525 58.777691 -40.374821
v -38.816383 58.781792 -40.392632
v -38.843498 58.763699 -38.000000
v -38.822525 58.777691 -38.025181
v -38.828667 58.773590 -38.007370
v -39.092903 59.277775 -40.400002
v -39.115143 59.265900 -40.374821
v -39.108631 59.269379 -40.392632
v -39.137383 59.254025 -38.000000
v -39.115143 59.265900 -38.025181
v -39.121655 59.262421 -38.007370
v -39.335217 59.790108 -40.400002
v -39.358501 59.780437 -40.374821
v -39.351685 59.783268 -40.392632
v -39.381786 59.770767 -38.000000
v -39.358501 59.780437 -38.025181
v -39.365318 59.777607 -38.007370
v -39.526119 60.323635 -40.400002
v -39.550255 60.316349 -40.374821
v -39.543182 60.318485 -40.392632
v -39.574390 60.309063 -38.000000
v -39.550255 60.316349 -38.025181
v -39.557327 60.314213 -38.007370
v -39.663895 60.873676 -40.400002
v -39.688553 60.868477 -40.374821
v -39.681328 60.869999 -40.392632
v -39.713280 60.863544 -38.000000
v -39.688553 60.868477 -38.025181
v -39.695797 60.867031 -38.007370
v -39.772072 61.431499 -40.374821
v -39.746925 61.433392 -40.400002
v -39.764706 61.432053 -40.392632
v -45.200001 0.025182 22.000000
v -45.225277 0.000000 22.000000
v -45.207405 0.007376 22.000000
v -39.797161 61.429008 -38.000000
v -39.772072 61.431499 -38.025181
v -39.779415 61.430771 -38.007370
v -45.151386 0.025182 22.555674
v -45.176281 0.000000 22.560059
v -45.158676 0.007376 22.556957
v -39.774773 62.000309 -40.400002
v -39.799999 62.000000 -40.374821
v -39.792610 62.000092 -40.392632
v -39.825211 62.000000 -38.000000
v -39.799999 62.000000 -38.025181
v -39.807388 62.000000 -38.007370
v -45.176281 0.000000 21.439941
v -45.151386 0.025182 21.444326
v -45.158676 0.007376 21.443043
v -39.746983 62.566010 -40.400002
v -39.772072 62.568501 -40.374821
v -39.764729 62.567772 -40.392632
v -44.771282 0.025182 23.600000
v -44.793171 0.000000 23.612646
v -44.777695 0.007376 23.603704
v -39.797161 62.570992 -38.000000
v -39.772072 62.568501 -38.025181
v -39.779415 62.569229 -38.007370
v -44.771282 0.025182 20.400000
v -44.793171 0.000000 20.387354
v -44.777695 0.007376 20.396296
v -39.663826 63.126591 -40.400002
v -39.688553 63.131523 -40.374821
v -39.681309 63.130077 -40.392632
v -44.451344 0.025182 24.056921
v -44.470711 0.000000 24.073166
v -44.457020 0.007376 24.061682
v -39.713280 63.136456 -38.000000
v -39.688553 63.131523 -38.025181
v -39.695797 63.132969 -38.007370
v -45.030766 0.000000 23.103123
v -45.007015 0.025182 23.094465
v -45.013969 0.007376 23.097000
v -39.526119 63.676365 -40.400002
v -39.550255 63.683651 -40.374821
v -39.543182 63.681515 -40.392632
v -45.030766 0.000000 20.896877
v -45.007015 0.025182 20.905535
v -45.013969 0.007376 20.903000
v -44.073456 0.000000 24.470421
v -44.056919 0.025182 24.451342
v -44.061760 0.007376 24.456928
v -39.574390 63.690937 -38.000000
v -39.550255 63.683651 -38.025181
v -39.557327 63.685787 -38.007370
v -39.335217 64.209892 -40.400002
v -39.358501 64.219559 -40.374821
v -39.351685 64.216736 -40.392632
v -44.056919 0.025182 19.548658
v -44.073174 0.000000 19.529301
v -44.061684 0.007376 19.542984
v -39.381786 64.229233 -38.000000
v -39.358501 64.219559 -38.025181
v -39.365318 64.222397 -38.007370
v -43.094463 0.025182 18.992983
v -43.102287 0.000000 18.968845
v -43.096752 0.007376 18.985916
v -39.092903 64.722229 -40.400002
v -39.115143 64.734100 -40.374821
v -39.108631 64.730621 -40.392632
v -42.555676 0.025182 25.151384
v -42.560062 0.000000 25.176279
v -42.556961 0.007376 25.158676
v -39.137383 64.745972 -38.000000
v -39.115143 64.734100 -38.025181
v -39.121655 64.737579 -38.007370
v -43.103497 0.000000 25.030668
v -43.094463 0.025182 25.007017
v -43.097111 0.007376 25.013945
v -38.801552 65.208313 -40.400002
v -38.822525 65.222305 -40.374821
v -38.816383 65.218208 -40.392632
v -42.561512 0.000000 18.823938
v -42.555676 0.025182 18.848616
v -42.557384 0.007376 18.841389
v -38.843498 65.236298 -38.000000
v -38.822525 65.222305 -38.025181
v -38.828667 65.226410 -38.007370
v -43.599998 0.025182 24.771282
v -43.611916 0.000000 24.793591
v -43.603489 0.007376 24.777817
v -43.612629 0.000000 19.206821
v -43.599998 0.025182 19.228718
v -43.603699 0.007376 19.222301
v -38.463974 65.663483 -40.400002
v -38.483459 65.679482 -40.374821
v -38.477753 65.674797 -40.392632
v -44.470711 0.000000 19.926834
v -44.451344 0.025182 19.943079
v -44.457020 0.007376 19.938318
v -38.502945 65.695480 -38.000000
v -38.483459 65.679482 -38.025181
v -38.489166 65.684166 -38.007370
v -41.444324 0.025182 25.151384
v -41.439938 0.000000 25.176279
v -41.443039 0.007376 25.158676
v -38.083393 66.083389 -40.400002
v -38.101219 66.101219 -40.374821
v -38.096001 66.095993 -40.392632
v -41.444324 0.025182 18.848616
v -41.439499 0.000000 18.823837
v -41.442913 0.007376 18.841358
v -38.119045 66.119049 -38.000000
v -38.101219 66.101219 -38.025181
v -38.106438 66.106445 -38.007370
v -39.943081 0.025182 19.548658
v -39.926826 0.000000 19.529301
v -39.938316 0.007376 19.542984
v -37.663460 66.463989 -40.400002
v -37.679482 66.483459 -40.374821
v -37.674789 66.477760 -40.392632
v -40.400002 0.025182 24.771282
v -40.387371 0.000000 24.793179
v -40.396301 0.007376 24.777699
v -37.695503 66.502930 -38.000000
v -37.679482 66.483459 -38.025181
v -37.684174 66.489159 -38.007370
v -37.208317 66.801552 -40.400002
v -37.222309 66.822525 -40.374821
v -37.218216 66.816391 -40.392632
v -40.400002 0.025182 19.228718
v -40.387371 0.000000 19.206821
v -40.396301 0.007376 19.222301
v -40.896893 0.000000 25.030771
v -40.905537 0.025182 25.007017
v -40.903004 0.007376 25.013975
v -37.236301 66.843498 -38.000000
v -37.222309 66.822525 -38.025181
v -37.226402 66.828659 -38.007370
v -40.896893 0.000000 18.969229
v -40.905537 0.025182 18.992983
v -40.903004 0.007376 18.986025
v -36.722225 67.092903 -40.400002
v -36.734100 67.115143 -40.374821
v -36.730621 67.108627 -40.392632
v -39.228718 0.025182 23.600000
v -39.206829 0.000000 23.612646
v -39.222305 0.007376 23.603704
v -36.745975 67.137383 -38.000000
v -36.734100 67.115143 -38.025181
v -36.737579 67.121658 -38.007370
v -36.209927 67.335205 -40.400002
v -36.219563 67.358505 -40.374821
v -36.216740 67.351685 -40.392632
v -39.529289 0.000000 24.073166
v -39.548656 0.025182 24.056921
v -39.542980 0.007376 24.061682
v -39.228718 0.025182 20.400000
v -39.206829 0.000000 20.387354
v -39.222305 0.007376 20.396296
v -36.229198 67.381805 -38.000000
v -36.219563 67.358505 -38.025181
v -36.222385 67.365326 -38.007370
v -38.799999 0.025182 22.000000
v -38.774723 0.000000 22.000000
v -38.792595 0.007376 22.000000
v -35.676331 67.526123 -40.400002
v -35.683651 67.550255 -40.374821
v -35.681511 67.543198 -40.392632
v -35.690971 67.574387 -38.000000
v -35.683651 67.550255 -38.025181
v -35.685791 67.557312 -38.007370
v -38.848614 0.025182 21.444326
v -38.823719 0.000000 21.439941
v -38.841324 0.007376 21.443043
v -38.992985 0.025182 23.094465
v -38.969234 0.000000 23.103123
v -38.986031 0.007376 23.097000
v -35.126591 67.663826 -40.400002
v -35.131523 67.688553 -40.374821
v -35.130081 67.681320 -40.392632
v -35.136456 67.713280 -38.000000
v -35.131523 67.688553 -38.025181
v -35.132965 67.695786 -38.007370
v -38.823719 0.000000 22.560059
v -38.848614 0.025182 22.555674
v -38.841324 0.007376 22.556957
v -34.566048 67.746979 -40.400002
v -34.568501 67.772072 -40.374821
v -34.567780 67.764709 -40.392632
v -38.969234 0.000000 20.896877
v -38.992985 0.025182 20.905535
v -38.986031 0.007376 20.903000
v -34.570953 67.797165 -38.000000
v -34.568501 67.772072 -38.025181
v -34.569221 67.779434 -38.007370
v -39.529289 0.000000 19.926834
v -39.548656 0.025182 19.943079
v -39.542980 0.007376 19.938318
v -39.926826 0.000000 24.470699
v -39.943081 0.025182 24.451342
v -39.938316 0.007376 24.457016
v -42.000000 0.025182 25.200001
v -42.000000 0.000000 25.225281
v -42.000000 0.007376 25.207405
v -42.000000 0.000000 18.774801
v -42.000000 0.025182 18.799999
v -42.000000 0.007376 18.792618
v -45.200001 3.974818 22.000000
v -45.225277 4.000000 22.000000
v -45.207405 3.992624 22.000000
v -45.176281 4.000000 21.439941
v -45.151386 3.974818 21.444326
v -45.158676 3.992624 21.443043
v -45.176281 4.000000 22.560059
v -45.151386 3.974818 22.555674
v -45.158676 3.992624 22.556957
v -44.793171 4.000000 23.612646
v -44.771282 3.974818 23.600000
v -44.777695 3.992624 23.603704
v -44.771282 3.974818 20.400000
v -44.793171 4.000000 20.387354
v -44.777695 3.992624 20.396296
v -44.470547 4.000000 24.073400
v -44.451344 3.974818 24.056921
v -44.456966 3.992624 24.061749
v -45.030766 4.000000 23.103123
v -45.007015 3.974818 23.094465
v -45.013969 3.992624 23.097000
v -45.030766 4.000000 20.896877
v -45.007015 3.974818 20.905535
v -45.013969 3.992624 20.903000
v -44.056919 3.974818 24.451342
v -44.073639 4.000000 24.470310
v -44.061817 3.992624 24.456898
v -44.056919 3.974818 19.548658
v -44.073174 4.000000 19.529301
v -44.061684 3.992624 19.542984
v -43.094463 3.974818 25.007017
v -43.103107 4.000000 25.030771
v -43.096996 3.992624 25.013975
v -42.560062 4.000000 18.823721
v -42.555676 3.974818 18.848616
v -42.556961 3.992624 18.841324
v -42.560062 4.000000 25.176279
v -42.555676 3.974818 25.151384
v -42.556961 3.992624 25.158676
v -43.103107 4.000000 18.969229
v -43.094463 3.974818 18.992983
v -43.096996 3.992624 18.986025
v -43.612370 4.000000 24.793299
v -43.599998 3.974818 24.771282
v -43.603622 3.992624 24.777733
v -43.612629 4.000000 19.206821
v -43.599998 3.974818 19.228718
v -43.603699 3.992624 19.222301
v -44.470711 4.000000 19.926834
v -44.451344 3.974818 19.943079
v -44.457020 3.992624 19.938318
v -41.444324 3.974818 25.151384
v -41.439938 4.000000 25.176279
v -41.443039 3.992624 25.158676
v -41.444324 3.974818 18.848616
v -41.439938 4.000000 18.823721
v -41.443039 3.992624 18.841324
v -39.943081 3.974818 24.451342
v -39.926826 4.000000 24.470699
v -39.938316 3.992624 24.457016
v -40.387371 4.000000 24.793179
v -40.400002 3.974818 24.771282
v -40.396301 3.992624 24.777699
v -40.400002 3.974818 19.228718
v -40.387371 4.000000 19.206821
v -40.396301 3.992624 19.222301
v -40.896893 4.000000 25.030771
v -40.905537 3.974818 25.007017
v -40.903004 3.992624 25.013975
v -40.896893 4.000000 18.969229
v -40.905537 3.974818 18.992983
v -40.903004 3.992624 18.986025
v -39.228718 3.974818 20.400000
v -39.206829 4.000000 20.387354
v -39.222305 3.992624 20.396296
v -39.228718 3.974818 23.600000
v -39.206829 4.000000 23.612646
v -39.222305 3.992624 23.603704
v -39.529289 4.000000 19.926834
v -39.548656 3.974818 19.943079
v -39.542980 3.992624 19.938318
v -38.799999 3.974818 22.000000
v -38.774651 4.000000 22.000000
v -38.792568 3.992624 22.000000
v -38.823616 4.000000 21.440325
v -38.848614 3.974818 21.444326
v -38.841286 3.992624 21.443153
v -38.969582 4.000000 23.103865
v -38.992985 3.974818 23.094465
v -38.986134 3.992624 23.097216
v -38.848614 3.974818 22.555674
v -38.823528 4.000000 22.558769
v -38.841267 3.992624 22.556580
v -38.969234 4.000000 20.896877
v -38.992985 3.974818 20.905535
v -38.986031 3.992624 20.903000
v -39.548656 3.974818 24.056921
v -39.529289 4.000000 24.073166
v -39.542980 3.992624 24.061682
v -39.926826 4.000000 19.529301
v -39.943081 3.974818 19.548658
v -39.938316 3.992624 19.542984
v -42.000000 3.974818 25.200001
v -42.000000 4.000000 25.225281
v -42.000000 3.992624 25.207405
v -42.000000 4.000000 18.774719
v -42.000000 3.974818 18.799999
v -42.000000 3.992624 18.792595
v -45.200001 0.025182 5.000000
v -45.225277 0.000000 5.000000
v -45.207405 0.007376 5.000000
v -45.151386 0.025182 5.555674
v -45.176281 0.000000 5.560060
v -45.158676 0.007376 5.556958
v -45.176281 0.000000 4.439940
v -45.151386 0.025182 4.444326
v -45.158676 0.007376 4.443042
v -44.771282 0.025182 6.600000
v -44.793171 0.000000 6.612645
v -44.777695 0.007376 6.603703
v -44.771282 0.025182 3.400000
v -44.793171 0.000000 3.387356
v -44.777695 0.007376 3.396297
v -45.030766 0.000000 6.103121
v -45.007015 0.025182 6.094464
v -45.013969 0.007376 6.097000
v -45.030766 0.000000 3.896879
v -45.007015 0.025182 3.905535
v -45.013969 0.007376 3.903000
v -44.470715 0.000000 2.926835
v -44.451344 0.025182 2.943079
v -44.457016 0.007376 2.938322
v -43.599998 0.025182 2.228719
v -43.614601 0.000000 2.208203
v -43.604275 0.007376 2.222710
v -44.056919 0.025182 7.451343
v -44.073174 0.000000 7.470702
v -44.061684 0.007376 7.457015
v -44.073174 0.000000 2.529297
v -44.056919 0.025182 2.548658
v -44.061684 0.007376 2.542985
v -43.103107 0.000000 8.030771
v -43.094463 0.025182 8.007016
v -43.096996 0.007376 8.013975
v -42.560070 0.000000 8.176278
v -42.555676 0.025182 8.151384
v -42.556961 0.007376 8.158676
v -42.555676 0.025182 1.848615
v -42.554314 0.000000 1.822510
v -42.555275 0.007376 1.840970
v -43.612633 0.000000 7.793176
v -43.599998 0.025182 7.771281
v -43.603699 0.007376 7.777694
v -43.094463 0.025182 1.992984
v -43.102123 0.000000 1.969249
v -43.096706 0.007376 1.986031
v -44.470715 0.000000 7.073165
v -44.451344 0.025182 7.056921
v -44.457016 0.007376 7.061678
v -41.444324 0.025182 8.151384
v -41.439930 0.000000 8.176278
v -41.443039 0.007376 8.158676
v -41.444324 0.025182 1.848615
v -41.439934 0.000000 1.823721
v -41.443039 0.007376 1.841324
v -39.943081 0.025182 2.548658
v -39.926826 0.000000 2.529297
v -39.938316 0.007376 2.542985
v -40.400002 0.025182 7.771281
v -40.387367 0.000000 7.793176
v -40.396301 0.007376 7.777694
v -40.387367 0.000000 2.206825
v -40.400002 0.025182 2.228719
v -40.396301 0.007376 2.222306
v -40.896893 0.000000 8.030771
v -40.905537 0.025182 8.007016
v -40.903004 0.007376 8.013975
v -40.896893 0.000000 1.969229
v -40.905537 0.025182 1.992984
v -40.903004 0.007376 1.986026
v -39.228718 0.025182 6.600000
v -39.206829 0.000000 6.612645
v -39.222305 0.007376 6.603703
v -39.529285 0.000000 7.073165
v -39.548656 0.025182 7.056921
v -39.542984 0.007376 7.061678
v -39.228718 0.025182 3.400000
v -39.206829 0.000000 3.387356
v -39.222305 0.007376 3.396297
v -38.799999 0.025182 5.000000
v -38.774723 0.000000 5.000000
v -38.792595 0.007376 5.000000
v -38.823719 0.000000 4.439940
v -38.848614 0.025182 4.444326
v -38.841324 0.007376 4.443042
v -38.969234 0.000000 6.103121
v -38.992985 0.025182 6.094464
v -38.986031 0.007376 6.097000
v -38.823719 0.000000 5.560060
v -38.848614 0.025182 5.555674
v -38.841324 0.007376 5.556958
v -38.969234 0.000000 3.896879
v -38.992985 0.025182 3.905535
v -38.986031 0.007376 3.903000
v -39.529285 0.000000 2.926835
v -39.548656 0.025182 2.943079
v -39.542984 0.007376 2.938322
v -39.943081 0.025182 7.451343
v -39.926826 0.000000 7.470702
v -39.938316 0.007376 7.457015
v -42.000000 0.025182 8.200000
v -42.000000 0.000000 8.225278
v -42.000000 0.007376 8.207403
v -42.003891 0.000000 1.774381
v -42.000000 0.025182 1.800000
v -42.001141 0.007376 1.792496
v -45.200001 3.974818 5.000000
v -45.225277 4.000000 5.000000
v -45.207405 3.992624 5.000000
v -45.176281 4.000000 5.560060
v -45.151386 3.974818 5.555674
v -45.158676 3.992624 5.556958
v -45.151386 3.974818 4.444326
v -45.176281 4.000000 4.439940
v -45.158676 3.992624 4.443042
v -44.771282 3.974818 6.600000
v -44.793171 4.000000 6.612645
v -44.777695 3.992624 6.603703
v -44.793171 4.000000 3.387356
v -44.771282 3.974818 3.400000
v -44.777695 3.992624 3.396297
v -45.030766 4.000000 6.103121
v -45.007015 3.974818 6.094464
v -45.013969 3.992624 6.097000
v -45.030766 4.000000 3.896879
v -45.007015 3.974818 3.905535
v -45.013969 3.992624 3.903000
v -44.470715 4.000000 2.926835
v -44.451344 3.974818 2.943079
v -44.457016 3.992624 2.938322
v -43.599998 3.974818 7.771281
v -43.612633 4.000000 7.793176
v -43.603699 3.992624 7.777694
v -44.056919 3.974818 7.451343
v -44.073174 4.000000 7.470702
v -44.061684 3.992624 7.457015
v -44.073174 4.000000 2.529297
v -44.056919 3.974818 2.548658
v -44.061684 3.992624 2.542985
v -43.094463 3.974818 1.992984
v -43.102230 4.000000 1.968910
v -43.096737 3.992624 1.985933
v -42.559456 4.000000 8.176442
v -42.555676 3.974818 8.151384
v -42.556782 3.992624 8.158724
v -43.103107 4.000000 8.030771
v -43.094463 3.974818 8.007016
v -43.096996 3.992624 8.013975
v -42.560513 4.000000 1.823760
v -42.555676 3.974818 1.848615
v -42.557091 3.992624 1.841336
v -43.599998 3.974818 2.228719
v -43.613007 4.000000 2.207085
v -43.603809 3.992624 2.222383
v -44.451344 3.974818 7.056921
v -44.470715 4.000000 7.073165
v -44.457016 3.992624 7.061678
v -41.444324 3.974818 8.151384
v -41.439312 4.000000 8.176113
v -41.442856 3.992624 8.158627
v -41.444324 3.974818 1.848615
v -41.439934 4.000000 1.823721
v -41.443039 3.992624 1.841324
v -39.943081 3.974818 7.451343
v -39.926826 4.000000 7.470702
v -39.938316 3.992624 7.457015
v -40.387367 4.000000 7.793176
v -40.400002 3.974818 7.771281
v -40.396301 3.992624 7.777694
v -40.402901 4.000000 2.197968
v -40.400002 3.974818 2.228719
v -40.400852 3.992624 2.219712
v -40.896893 4.000000 8.030771
v -40.905537 3.974818 8.007016
v -40.903004 3.992624 8.013975
v -40.889069 4.000000 1.971325
v -40.905537 3.974818 1.992984
v -40.900711 3.992624 1.986639
v -39.228718 3.974818 3.400000
v -39.206829 4.000000 3.387356
v -39.222305 3.992624 3.396297
v -39.228718 3.974818 6.600000
v -39.206829 4.000000 6.612645
v -39.222305 3.992624 6.603703
v -39.529285 4.000000 2.926835
v -39.548656 3.974818 2.943079
v -39.542984 3.992624 2.938322
v -38.799999 3.974818 5.000000
v -38.774723 4.000000 5.000000
v -38.792595 3.992624 5.000000
v -38.823719 4.000000 4.439940
v -38.848614 3.974818 4.444326
v -38.841324 3.992624 4.443042
v -38.969234 4.000000 6.103121
v -38.992985 3.974818 6.094464
v -38.986031 3.992624 6.097000
v -38.823719 4.000000 5.560060
v -38.848614 3.974818 5.555674
v -38.841324 3.992624 5.556958
v -38.969234 4.000000 3.896879
v -38.992985 3.974818 3.905535
v -38.986031 3.992624 3.903000
v -39.548656 3.974818 7.056921
v -39.529285 4.000000 7.073165
v -39.542984 3.992624 7.061678
v -39.920349 4.000000 2.535777
v -39.943081 3.974818 2.548658
v -39.936424 3.992624 2.544886
v -42.000000 3.974818 8.200000
v -42.001320 4.000000 8.225278
v -42.000385 3.992624 8.207403
v -42.000000 4.000000 1.774722
v -42.000000 3.974818 1.800000
v -42.000000 3.992624 1.792596
v -45.200001 0.025182 -12.000000
v -45.225277 0.000000 -12.000000
v -45.207405 0.007376 -12.000000
v -45.151386 0.025182 -11.444325
v -45.176281 0.000000 -11.439939
v -45.158676 0.007376 -11.443041
v -45.176281 0.000000 -12.560061
v -45.151386 0.025182 -12.555675
v -45.158676 0.007376 -12.556959
v -44.771282 0.025182 -10.400000
v -44.793171 0.000000 -10.387353
v -44.777695 0.007376 -10.396296
v -44.771282 0.025182 -13.600000
v -44.793171 0.000000 -13.612647
v -44.777695 0.007376 -13.603704
v -45.030766 0.000000 -10.896880
v -45.007015 0.025182 -10.905536
v -45.013969 0.007376 -10.903001
v -45.030766 0.000000 -13.103120
v -45.007015 0.025182 -13.094464
v -45.013969 0.007376 -13.096999
v -44.470715 0.000000 -14.073166
v -44.451344 0.025182 -14.056921
v -44.457016 0.007376 -14.061679
v -43.599998 0.025182 -14.771281
v -43.611908 0.000000 -14.793593
v -43.603485 0.007376 -14.777817
v -44.056919 0.025182 -9.548657
v -44.073174 0.000000 -9.529299
v -44.061684 0.007376 -9.542985
v -44.073460 0.000000 -14.470418
v -44.056919 0.025182 -14.451343
v -44.061764 0.007376 -14.456929
v -43.103107 0.000000 -8.969229
v -43.094463 0.025182 -8.992984
v -43.096996 0.007376 -8.986025
v -42.559456 0.000000 -8.823558
v -42.555676 0.025182 -8.848616
v -42.556782 0.007376 -8.841276
v -42.555676 0.025182 -15.151384
v -42.560070 0.000000 -15.176278
v -42.556961 0.007376 -15.158676
v -43.612629 0.000000 -9.206822
v -43.599998 0.025182 -9.228719
v -43.603699 0.007376 -9.222303
v -43.103497 0.000000 -15.030666
v -43.094463 0.025182 -15.007016
v -43.097107 0.007376 -15.013943
v -44.470715 0.000000 -9.926834
v -44.451344 0.025182 -9.943079
v -44.457016 0.007376 -9.938321
v -41.444324 0.025182 -8.848616
v -41.446808 0.000000 -8.823232
v -41.445053 0.007376 -8.841181
v -41.444324 0.025182 -15.151384
v -41.439930 0.000000 -15.176278
v -41.443039 0.007376 -15.158676
v -39.943081 0.025182 -14.451343
v -39.926826 0.000000 -14.470701
v -39.938316 0.007376 -14.457015
v -40.400002 0.025182 -9.228719
v -40.392921 0.000000 -9.202935
v -40.397926 0.007376 -9.221167
v -40.387371 0.000000 -14.793178
v -40.400002 0.025182 -14.771281
v -40.396301 0.007376 -14.777697
v -40.882984 0.000000 -8.974361
v -40.905537 0.025182 -8.992984
v -40.898933 0.007376 -8.987530
v -40.896893 0.000000 -15.030771
v -40.905537 0.025182 -15.007016
v -40.903004 0.007376 -15.013975
v -39.228718 0.025182 -10.400000
v -39.206829 0.000000 -10.387353
v -39.222305 0.007376 -10.396296
v -39.529285 0.000000 -9.926834
v -39.548656 0.025182 -9.943079
v -39.542984 0.007376 -9.938321
v -39.228718 0.025182 -13.600000
v -39.206829 0.000000 -13.612647
v -39.222305 0.007376 -13.603704
v -38.799999 0.025182 -12.000000
v -38.774723 0.000000 -12.000000
v -38.792595 0.007376 -12.000000
v -38.823719 0.000000 -12.560061
v -38.848614 0.025182 -12.555675
v -38.841324 0.007376 -12.556959
v -38.969234 0.000000 -10.896880
v -38.992985 0.025182 -10.905536
v -38.986031 0.007376 -10.903001
v -38.823719 0.000000 -11.439939
v -38.848614 0.025182 -11.444325
v -38.841324 0.007376 -11.443041
v -38.969234 0.000000 -13.103120
v -38.992985 0.025182 -13.094464
v -38.986031 0.007376 -13.096999
v -39.529285 0.000000 -14.073166
v -39.548656 0.025182 -14.056921
v -39.542984 0.007376 -14.061679
v -39.943081 0.025182 -9.548657
v -39.926826 0.000000 -9.529299
v -39.938316 0.007376 -9.542985
v -42.000000 0.025182 -8.800000
v -42.001320 0.000000 -8.774722
v -42.000385 0.007376 -8.792597
v -42.000000 0.000000 -15.225278
v -42.000000 0.025182 -15.200000
v -42.000000 0.007376 -15.207403
v -45.200001 3.974818 -12.000000
v -45.225277 4.000000 -12.000000
v -45.207405 3.992624 -12.000000
v -45.007015 3.974818 -10.905536
v -45.030766 4.000000 -10.896880
v -45.013969 3.992624 -10.903001
v -45.176281 4.000000 -11.439939
v -45.151386 3.974818 -11.444325
v -45.158676 3.992624 -11.443041
v -45.151386 3.974818 -12.555675
v -45.176281 4.000000 -12.560061
v -45.158676 3.992624 -12.556959
v -44.793171 4.000000 -10.387353
v -44.771282 3.974818 -10.400000
v -44.777695 3.992624 -10.396296
v -44.793171 4.000000 -13.612647
v -44.771282 3.974818 -13.600000
v -44.777695 3.992624 -13.603704
v -45.030766 4.000000 -13.103120
v -45.007015 3.974818 -13.094464
v -45.013969 3.992624 -13.096999
v -44.470715 4.000000 -14.073166
v -44.451344 3.974818 -14.056921
v -44.457016 3.992624 -14.061679
v -43.599998 3.974818 -9.228719
v -43.612629 4.000000 -9.206822
v -43.603699 3.992624 -9.222303
v -44.056919 3.974818 -9.548657
v -44.073174 4.000000 -9.529299
v -44.061684 3.992624 -9.542985
v -44.073460 4.000000 -14.470418
v -44.056919 3.974818 -14.451343
v -44.061764 3.992624 -14.456929
v -43.094463 3.974818 -15.007016
v -43.103497 4.000000 -15.030666
v -43.097107 3.992624 -15.013943
v -42.560070 4.000000 -8.823722
v -42.555676 3.974818 -8.848616
v -42.556961 3.992624 -8.841324
v -42.560070 4.000000 -15.176278
v -42.555676 3.974818 -15.151384
v -42.556961 3.992624 -15.158676
v -43.103107 4.000000 -8.969229
v -43.094463 3.974818 -8.992984
v -43.096996 3.992624 -8.986025
v -43.599998 3.974818 -14.771281
v -43.611908 4.000000 -14.793593
v -43.603485 3.992624 -14.777817
v -44.451344 3.974818 -9.943079
v -44.470715 4.000000 -9.926834
v -44.457016 3.992624 -9.938321
v -41.444324 3.974818 -8.848616
v -41.441944 4.000000 -8.823368
v -41.443626 3.992624 -8.841221
v -41.444324 3.974818 -15.151384
v -41.439930 4.000000 -15.176278
v -41.443039 3.992624 -15.158676
v -40.387371 4.000000 -9.206822
v -40.400002 3.974818 -9.228719
v -40.396301 3.992624 -9.222303
v -39.926826 4.000000 -9.529299
v -39.943081 3.974818 -9.548657
v -39.938316 3.992624 -9.542985
v -40.407509 4.000000 -14.802568
v -40.400002 3.974818 -14.771281
v -40.402199 3.992624 -14.780445
v -40.895988 4.000000 -8.969650
v -40.905537 3.974818 -8.992984
v -40.902740 3.992624 -8.986152
v -40.896893 4.000000 -15.030771
v -40.905537 3.974818 -15.007016
v -40.903004 3.992624 -15.013975
v -39.206829 4.000000 -13.612647
v -39.228718 3.974818 -13.600000
v -39.222305 3.992624 -13.603704
v -39.228718 3.974818 -10.400000
v -39.206829 4.000000 -10.387353
v -39.222305 3.992624 -10.396296
v -39.538857 4.000000 -14.086832
v -39.548656 3.974818 -14.056921
v -39.545784 3.992624 -14.065686
v -38.799999 3.974818 -12.000000
v -38.774723 4.000000 -12.000000
v -38.792595 3.992624 -12.000000
v -38.823719 4.000000 -12.560061
v -38.848614 3.974818 -12.555675
v -38.841324 3.992624 -12.556959
v -38.823719 4.000000 -11.439939
v -38.848614 3.974818 -11.444325
v -38.841324 3.992624 -11.443041
v -38.969234 4.000000 -13.103120
v -38.992985 3.974818 -13.094464
v -38.986031 3.992624 -13.096999
v -38.969234 4.000000 -10.896880
v -38.992985 3.974818 -10.905536
v -38.986031 3.992624 -10.903001
v -39.548656 3.974818 -9.943079
v -39.529285 4.000000 -9.926834
v -39.542984 3.992624 -9.938321
v -39.896267 4.000000 -14.444406
v -39.943081 3.974818 -14.451343
v -39.929371 3.992624 -14.449311
v -42.000000 3.974818 -8.800000
v -41.999027 4.000000 -8.774637
v -41.999714 3.992624 -8.792572
v -42.000000 4.000000 -15.225278
v -42.000000 3.974818 -15.200000
v -42.000000 3.992624 -15.207403
v -27.200001 0.025182 22.000000
v -27.225281 0.000000 22.000000
v -27.207405 0.007376 22.000000
v -27.007017 0.025182 23.094465
v -27.030830 0.000000 23.102890
v -27.013992 0.007376 23.096933
v -27.151384 0.025182 22.555674
v -27.176281 0.000000 22.560059
v -27.158676 0.007376 22.556957
v -27.176281 0.000000 21.439941
v -27.151384 0.025182 21.444326
v -27.158676 0.007376 21.443043
v -26.792936 0.000000 23.613050
v -26.771282 0.025182 23.600000
v -26.777622 0.007376 23.603821
v -26.771282 0.025182 20.400000
v -26.793177 0.000000 20.387363
v -26.777699 0.007376 20.396297
v -26.451342 0.025182 24.056921
v -26.470865 0.000000 24.073011
v -26.457060 0.007376 24.061634
v -27.030771 0.000000 20.896887
v -27.007017 0.025182 20.905535
v -27.013975 0.007376 20.903002
v -26.479000 0.000000 19.938675
v -26.451342 0.025182 19.943079
v -26.459446 0.007376 19.941788
v -25.600000 0.025182 19.228718
v -25.623451 0.000000 19.211866
v -25.606869 0.007376 19.223782
v -26.056921 0.025182 24.451342
v -26.073172 0.000000 24.470705
v -26.061680 0.007376 24.457012
v -26.052078 0.000000 19.511894
v -26.056921 0.025182 19.548658
v -26.055502 0.007376 19.537889
v -25.094465 0.025182 25.007017
v -25.103113 0.000000 25.030771
v -25.096998 0.007376 25.013975
v -24.555674 0.025182 25.151384
v -24.560059 0.000000 25.176281
v -24.556957 0.007376 25.158676
v -24.555674 0.025182 18.848616
v -24.560059 0.000000 18.823719
v -24.556957 0.007376 18.841324
v -25.612637 0.000000 24.793177
v -25.600000 0.025182 24.771282
v -25.603703 0.007376 24.777699
v -25.103113 0.000000 18.969229
v -25.094465 0.025182 18.992983
v -25.096998 0.007376 18.986025
v -24.000000 0.025182 25.200001
v -24.000000 0.000000 25.225281
v -24.000000 0.007376 25.207405
v -23.444326 0.025182 25.151384
v -23.439941 0.000000 25.176281
v -23.443043 0.007376 25.158676
v -23.444326 0.025182 18.848616
v -23.439941 0.000000 18.823719
v -23.443043 0.007376 18.841324
v -22.400000 0.025182 19.228718
v -22.387363 0.000000 19.206823
v -22.396297 0.007376 19.222301
v -21.943079 0.025182 24.451342
v -21.926828 0.000000 24.470705
v -21.938320 0.007376 24.457012
v -22.387363 0.000000 24.793177
v -22.400000 0.025182 24.771282
v -22.396297 0.007376 24.777699
v -21.926828 0.000000 19.529295
v -21.943079 0.025182 19.548658
v -21.938320 0.007376 19.542988
v -22.896887 0.000000 25.030771
v -22.905535 0.025182 25.007017
v -22.903002 0.007376 25.013975
v -22.896887 0.000000 18.969229
v -22.905535 0.025182 18.992983
v -22.903002 0.007376 18.986025
v -21.228718 0.025182 23.600000
v -21.206823 0.000000 23.612637
v -21.222301 0.007376 23.603703
v -21.228718 0.025182 20.400000
v -21.214067 0.000000 20.377018
v -21.224426 0.007376 20.393269
v -20.799999 0.025182 22.000000
v -20.773893 0.000000 21.989950
v -20.792351 0.007376 21.997055
v -20.823826 0.000000 22.560656
v -20.848616 0.025182 22.555674
v -20.841352 0.007376 22.557133
v -20.848616 0.025182 21.444326
v -20.821129 0.000000 21.449278
v -20.840567 0.007376 21.445776
v -20.992983 0.025182 20.905535
v -20.965250 0.000000 20.910814
v -20.984859 0.007376 20.907082
v -21.529295 0.000000 24.073172
v -21.548658 0.025182 24.056921
v -21.542988 0.007376 24.061680
v -20.969109 0.000000 23.102856
v -20.992983 0.025182 23.094465
v -20.985989 0.007376 23.096924
v -21.529295 0.000000 19.926828
v -21.548658 0.025182 19.943079
v -21.542988 0.007376 19.938320
v -24.000000 0.000000 18.774719
v -24.000000 0.025182 18.799999
v -24.000000 0.007376 18.792595
v -25.094465 3.974818 25.007017
v -25.103113 4.000000 25.030771
v -25.096998 3.992624 25.013975
v -25.600000 3.974818 24.771282
v -25.612637 4.000000 24.793177
v -25.603703 3.992624 24.777699
v -24.000000 3.974818 25.200001
v -24.000000 4.000000 25.225281
v -24.000000 3.992624 25.207405
v -23.439941 4.000000 25.176281
v -23.444326 3.974818 25.151384
v -23.443043 3.992624 25.158676
v -24.560059 4.000000 25.176281
v -24.555674 3.974818 25.151384
v -24.556957 3.992624 25.158676
v -26.418570 3.974818 24.089693
v -26.459196 4.000000 24.084679
v -26.430466 3.992624 24.088224
v -26.056921 3.974818 24.451342
v -26.073172 4.000000 24.470705
v -26.061680 3.992624 24.457012
v -22.387363 4.000000 24.793177
v -22.400000 3.974818 24.771282
v -22.396297 3.992624 24.777699
v -22.896887 4.000000 25.030771
v -22.905535 3.974818 25.007017
v -22.903002 3.992624 25.013975
v -27.151384 3.974818 22.555674
v -27.176281 4.000000 22.560059
v -27.158676 3.992624 22.556957
v -27.200001 3.974818 22.000000
v -27.225279 4.000000 22.000000
v -27.207401 3.992624 22.000000
v -27.151384 3.974818 21.444326
v -27.176281 4.000000 21.439941
v -27.158676 3.992624 21.443043
v -27.030771 4.000000 23.103113
v -27.007017 3.974818 23.094465
v -27.013975 3.992624 23.096998
v -27.030771 4.000000 20.896887
v -27.007017 3.974818 20.905535
v -27.013975 3.992624 20.903002
v -26.793177 4.000000 23.612637
v -26.771282 3.974818 23.600000
v -26.777699 3.992624 23.603703
v -26.793177 4.000000 20.387363
v -26.771282 3.974818 20.400000
v -26.777699 3.992624 20.396297
v -26.470705 4.000000 24.073172
v -26.451342 3.974818 24.056921
v -26.457012 3.992624 24.061680
v -26.470705 4.000000 19.926828
v -26.451342 3.974818 19.943079
v -26.457012 3.992624 19.938320
v -25.600000 3.974818 19.228718
v -25.612637 4.000000 19.206823
v -25.603703 3.992624 19.222301
v -24.560059 4.000000 18.823719
v -24.555674 3.974818 18.848616
v -24.556957 3.992624 18.841324
v -25.094465 3.974818 18.992983
v -25.103113 4.000000 18.969229
v -25.096998 3.992624 18.986025
v -26.056921 3.974818 19.548658
v -26.073172 4.000000 19.529295
v -26.061680 3.992624 19.542988
v -24.000000 3.974818 18.799999
v -24.000000 4.000000 18.774719
v -24.000000 3.992624 18.792595
v -23.444326 3.974818 18.848616
v -23.439941 4.000000 18.823719
v -23.443043 3.992624 18.841324
v -22.896887 4.000000 18.969229
v -22.905535 3.974818 18.992983
v -22.903002 3.992624 18.986025
v -21.926828 4.000000 24.470705
v -21.943079 3.974818 24.451342
v -21.938320 3.992624 24.457012
v -21.943079 3.974818 19.548658
v -21.926828 4.000000 19.529295
v -21.938320 3.992624 19.542988
v -22.387363 4.000000 19.206823
v -22.400000 3.974818 19.228718
v -22.396297 3.992624 19.222301
v -21.228718 3.974818 23.600000
v -21.206823 4.000000 23.612637
v -21.222301 3.992624 23.603703
v -21.228718 3.974818 20.400000
v -21.241289 4.000000 20.330503
v -21.232399 3.992624 20.379650
v -20.799999 3.974818 22.000000
v -20.774706 4.000000 22.000000
v -20.792593 3.992624 22.000000
v -20.848616 3.974818 22.555674
v -20.823683 4.000000 22.559799
v -20.841314 3.992624 22.556881
v -20.823700 4.000000 21.440016
v -20.848616 3.974818 21.444326
v -20.841320 3.992624 21.443064
v -20.969301 4.000000 23.103268
v -20.992983 3.974818 23.094465
v -20.986046 3.992624 23.097044
v -20.958904 4.000000 20.935423
v -20.992983 3.974818 20.905535
v -20.983006 3.992624 20.914284
v -21.529295 4.000000 24.073172
v -21.548658 3.974818 24.056921
v -21.542988 3.992624 24.061680
v -21.548658 3.974818 19.943079
v -21.512142 4.000000 19.943981
v -21.537962 3.992624 19.943344
v -27.200001 0.025182 5.000000
v -27.225281 0.000000 5.000000
v -27.207405 0.007376 5.000000
v -27.007017 0.025182 6.094464
v -27.030771 0.000000 6.103112
v -27.013975 0.007376 6.096997
v -27.151384 0.025182 5.555674
v -27.176281 0.000000 5.560060
v -27.158678 0.007376 5.556959
v -27.176281 0.000000 4.439940
v -27.151384 0.025182 4.444326
v -27.158678 0.007376 4.443041
v -26.793177 0.000000 6.612637
v -26.771282 0.025182 6.600000
v -26.777697 0.007376 6.603703
v -26.771282 0.025182 3.400000
v -26.793135 0.000000 3.387277
v -26.777681 0.007376 3.396275
v -27.030771 0.000000 3.896888
v -27.007017 0.025182 3.905535
v -27.013975 0.007376 3.903003
v -26.470835 0.000000 2.926983
v -26.451342 0.025182 2.943079
v -26.457050 0.007376 2.938365
v -26.056921 0.025182 7.451343
v -26.073170 0.000000 7.470706
v -26.061680 0.007376 7.457013
v -25.600000 0.025182 7.771281
v -25.612638 0.000000 7.793173
v -25.603703 0.007376 7.777694
v -26.073093 0.000000 2.529239
v -26.056921 0.025182 2.548658
v -26.061657 0.007376 2.542971
v -25.094465 0.025182 1.992984
v -25.103113 0.000000 1.969230
v -25.096998 0.007376 1.986027
v -24.555674 0.025182 8.151384
v -24.558977 0.000000 8.176470
v -24.556641 0.007376 8.158731
v -25.103596 0.000000 8.030544
v -25.094465 0.025182 8.007016
v -25.097139 0.007376 8.013906
v -24.560062 0.000000 1.823721
v -24.555674 0.025182 1.848615
v -24.556959 0.007376 1.841323
v -25.612640 0.000000 2.206827
v -25.600000 0.025182 2.228719
v -25.603703 0.007376 2.222308
v -26.451342 0.025182 7.056921
v -26.470705 0.000000 7.073171
v -26.457012 0.007376 7.061680
v -23.444326 0.025182 8.151384
v -23.439936 0.000000 8.176279
v -23.443041 0.007376 8.158676
v -23.444326 0.025182 1.848615
v -23.439938 0.000000 1.823721
v -23.443041 0.007376 1.841323
v -21.943079 0.025182 2.548658
v -21.947922 0.000000 2.511894
v -21.944498 0.007376 2.537888
v -22.400000 0.025182 7.771281
v -22.387362 0.000000 7.793173
v -22.396297 0.007376 7.777694
v -22.400000 0.025182 2.228719
v -22.376545 0.000000 2.211870
v -22.393129 0.007376 2.223783
v -22.896887 0.000000 8.030769
v -22.905535 0.025182 8.007016
v -22.903002 0.007376 8.013972
v -22.896887 0.000000 1.969230
v -22.905535 0.025182 1.992984
v -22.903002 0.007376 1.986027
v -21.228718 0.025182 6.600000
v -21.206823 0.000000 6.612637
v -21.222303 0.007376 6.603703
v -21.529295 0.000000 7.073171
v -21.548658 0.025182 7.056921
v -21.542988 0.007376 7.061680
v -21.228718 0.025182 3.400000
v -21.206825 0.000000 3.387363
v -21.222305 0.007376 3.396299
v -20.799999 0.025182 5.000000
v -20.774719 0.000000 5.000000
v -20.792595 0.007376 5.000000
v -20.848616 0.025182 4.444326
v -20.823719 0.000000 4.439940
v -20.841322 0.007376 4.443041
v -20.969229 0.000000 6.103112
v -20.992983 0.025182 6.094464
v -20.986025 0.007376 6.096997
v -20.823719 0.000000 5.560060
v -20.848616 0.025182 5.555674
v -20.841322 0.007376 5.556959
v -20.969229 0.000000 3.896888
v -20.992983 0.025182 3.905535
v -20.986025 0.007376 3.903003
v -21.521002 0.000000 2.938673
v -21.548658 0.025182 2.943079
v -21.540558 0.007376 2.941789
v -21.943079 0.025182 7.451343
v -21.926830 0.000000 7.470706
v -21.938320 0.007376 7.457013
v -24.000000 0.025182 8.200000
v -24.000526 0.000000 8.225325
v -24.000154 0.007376 8.207417
v -24.000000 0.000000 1.774721
v -24.000000 0.025182 1.800000
v -24.000000 0.007376 1.792596
v -27.200001 3.974818 5.000000
v -27.225281 4.000000 5.000000
v -27.207405 3.992624 5.000000
v -27.007017 3.974818 6.094464
v -27.030771 4.000000 6.103112
v -27.013975 3.992624 6.096997
v -27.176281 4.000000 5.560060
v -27.151384 3.974818 5.555674
v -27.158678 3.992624 5.556959
v -27.176281 4.000000 4.439940
v -27.151384 3.974818 4.444326
v -27.158678 3.992624 4.443041
v -26.793177 4.000000 6.612637
v -26.771282 3.974818 6.600000
v -26.777697 3.992624 6.603703
v -26.793175 4.000000 3.387363
v -26.771282 3.974818 3.400000
v -26.777695 3.992624 3.396299
v -27.030771 4.000000 3.896888
v -27.007017 3.974818 3.905535
v -27.013975 3.992624 3.903003
v -26.470802 4.000000 2.926968
v -26.451342 3.974818 2.943079
v -26.457041 3.992624 2.938361
v -25.600000 3.974818 7.771281
v -25.612638 4.000000 7.793173
v -25.603703 3.992624 7.777694
v -26.056921 3.974818 7.451343
v -26.073170 4.000000 7.470706
v -26.061680 3.992624 7.457013
v -26.056921 3.974818 2.548658
v -26.072901 4.000000 2.529067
v -26.061602 3.992624 2.542919
v -25.103113 4.000000 1.969230
v -25.094465 3.974818 1.992984
v -25.096998 3.992624 1.986027
v -24.560064 4.000000 8.176279
v -24.555674 3.974818 8.151384
v -24.556959 3.992624 8.158676
v -24.560062 4.000000 1.823721
v -24.555674 3.974818 1.848615
v -24.556959 3.992624 1.841323
v -25.103113 4.000000 8.030769
v -25.094465 3.974818 8.007016
v -25.096998 3.992624 8.013972
v -25.600000 3.974818 2.228719
v -25.612795 4.000000 2.206899
v -25.603748 3.992624 2.222328
v -26.451342 3.974818 7.056921
v -26.470705 4.000000 7.073171
v -26.457012 3.992624 7.061680
v -23.439827 4.000000 8.176259
v -23.444326 3.974818 8.151384
v -23.443008 3.992624 8.158670
v -23.444326 3.974818 1.848615
v -23.439938 4.000000 1.823721
v -23.443041 3.992624 1.841323
v -22.387362 4.000000 7.793173
v -22.400000 3.974818 7.771281
v -22.396297 3.992624 7.777694
v -21.926830 4.000000 2.529293
v -21.943079 3.974818 2.548658
v -21.938320 3.992624 2.542987
v -21.926830 4.000000 7.470706
v -21.943079 3.974818 7.451343
v -21.938320 3.992624 7.457013
v -22.387360 4.000000 2.206827
v -22.400000 3.974818 2.228719
v -22.396297 3.992624 2.222308
v -22.896933 4.000000 8.030791
v -22.905535 3.974818 8.007016
v -22.903015 3.992624 8.013980
v -22.896887 4.000000 1.969230
v -22.905535 3.974818 1.992984
v -22.903002 3.992624 1.986027
v -21.228718 3.974818 6.600000
v -21.206823 4.000000 6.612637
v -21.222303 3.992624 6.603703
v -21.548658 3.974818 7.056921
v -21.529295 4.000000 7.073171
v -21.542988 3.992624 7.061680
v -21.228718 3.974818 3.400000
v -21.206825 4.000000 3.387363
v -21.222305 3.992624 3.396299
v -20.799999 3.974818 5.000000
v -20.774721 4.000000 5.000000
v -20.792599 3.992624 5.000000
v -20.823719 4.000000 4.439940
v -20.848616 3.974818 4.444326
v -20.841322 3.992624 4.443041
v -20.823719 4.000000 5.560060
v -20.848616 3.974818 5.555674
v -20.841322 3.992624 5.556959
v -20.969229 4.000000 3.896888
v -20.992983 3.974818 3.905535
v -20.986025 3.992624 3.903003
v -20.969229 4.000000 6.103112
v -20.992983 3.974818 6.094464
v -20.986025 3.992624 6.096997
v -21.529295 4.000000 2.926829
v -21.548658 3.974818 2.943079
v -21.542988 3.992624 2.938320
v -24.000000 3.974818 8.200000
v -24.000055 4.000000 8.225273
v -24.000015 3.992624 8.207403
v -24.000000 4.000000 1.774721
v -24.000000 3.974818 1.800000
v -24.000000 3.992624 1.792596
v -27.200001 0.025182 -12.000000
v -27.225281 0.000000 -12.000000
v -27.207405 0.007376 -12.000000
v -27.007017 0.025182 -10.905536
v -27.030771 0.000000 -10.896890
v -27.013975 0.007376 -10.903003
v -27.151384 0.025182 -11.444325
v -27.176279 0.000000 -11.439939
v -27.158676 0.007376 -11.443041
v -27.176279 0.000000 -12.560061
v -27.151384 0.025182 -12.555675
v -27.158676 0.007376 -12.556959
v -26.793175 0.000000 -10.387361
v -26.771282 0.025182 -10.400000
v -26.777695 0.007376 -10.396297
v -26.771282 0.025182 -13.600000
v -26.793085 0.000000 -13.612829
v -26.777670 0.007376 -13.603759
v -27.030771 0.000000 -13.103110
v -27.007017 0.025182 -13.094464
v -27.013975 0.007376 -13.096997
v -26.470985 0.000000 -14.072838
v -26.451342 0.025182 -14.056921
v -26.457094 0.007376 -14.061582
v -25.600000 0.025182 -14.771281
v -25.612637 0.000000 -14.793175
v -25.603703 0.007376 -14.777696
v -26.056921 0.025182 -9.548657
v -26.073172 0.000000 -9.529295
v -26.061680 0.007376 -9.542987
v -26.072998 0.000000 -14.470828
v -26.056921 0.025182 -14.451343
v -26.061630 0.007376 -14.457050
v -25.094465 0.025182 -8.992984
v -25.103113 0.000000 -8.969231
v -25.096998 0.007376 -8.986028
v -24.555674 0.025182 -8.848616
v -24.560064 0.000000 -8.823721
v -24.556959 0.007376 -8.841324
v -24.555674 0.025182 -15.151384
v -24.560064 0.000000 -15.176279
v -24.556959 0.007376 -15.158676
v -25.612637 0.000000 -9.206825
v -25.600000 0.025182 -9.228719
v -25.603703 0.007376 -9.222304
v -25.103113 0.000000 -15.030769
v -25.094465 0.025182 -15.007016
v -25.096998 0.007376 -15.013972
v -26.470705 0.000000 -9.926827
v -26.451342 0.025182 -9.943079
v -26.457012 0.007376 -9.938320
v -23.441023 0.000000 -8.823530
v -23.444326 0.025182 -8.848616
v -23.443359 0.007376 -8.841269
v -23.444326 0.025182 -15.151384
v -23.439936 0.000000 -15.176279
v -23.443041 0.007376 -15.158676
v -22.400000 0.025182 -14.771281
v -22.407509 0.000000 -14.802568
v -22.402199 0.007376 -14.780443
v -21.943079 0.025182 -9.548657
v -21.926828 0.000000 -9.529295
v -21.938320 0.007376 -9.542987
v -22.387363 0.000000 -9.206825
v -22.400000 0.025182 -9.228719
v -22.396297 0.007376 -9.222304
v -21.896267 0.000000 -14.444406
v -21.943079 0.025182 -14.451343
v -21.929371 0.007376 -14.449311
v -22.896404 0.000000 -8.969456
v -22.905535 0.025182 -8.992984
v -22.902861 0.007376 -8.986094
v -22.896887 0.000000 -15.030769
v -22.905535 0.025182 -15.007016
v -22.903002 0.007376 -15.013972
v -21.228718 0.025182 -10.400000
v -21.206825 0.000000 -10.387361
v -21.222305 0.007376 -10.396297
v -21.548658 0.025182 -9.943079
v -21.529295 0.000000 -9.926827
v -21.542988 0.007376 -9.938320
v -21.228718 0.025182 -13.600000
v -21.206825 0.000000 -13.612639
v -21.222305 0.007376 -13.603703
v -20.799999 0.025182 -12.000000
v -20.774719 0.000000 -12.000000
v -20.792595 0.007376 -12.000000
v -20.848616 0.025182 -12.555675
v -20.823721 0.000000 -12.560061
v -20.841324 0.007376 -12.556959
v -20.823721 0.000000 -11.439939
v -20.848616 0.025182 -11.444325
v -20.841324 0.007376 -11.443041
v -20.969229 0.000000 -13.103110
v -20.992983 0.025182 -13.094464
v -20.986025 0.007376 -13.096997
v -20.969229 0.000000 -10.896890
v -20.992983 0.025182 -10.905536
v -20.986025 0.007376 -10.903003
v -21.548658 0.025182 -14.056921
v -21.538864 0.000000 -14.086839
v -21.545790 0.007376 -14.065683
v -24.000000 0.025182 -8.800000
v -23.999474 0.000000 -8.774675
v -23.999846 0.007376 -8.792583
v -24.000000 0.000000 -15.225278
v -24.000000 0.025182 -15.200000
v -24.000000 0.007376 -15.207403
v -27.200001 3.974818 -12.000000
v -27.225309 4.000000 -12.000330
v -27.207411 3.992624 -12.000096
v -27.151384 3.974818 -12.555675
v -27.176399 4.000000 -12.559381
v -27.158709 3.992624 -12.556760
v -27.176279 4.000000 -11.439939
v -27.151384 3.974818 -11.444325
v -27.158676 3.992624 -11.443041
v -26.793175 4.000000 -10.387361
v -26.771282 3.974818 -10.400000
v -26.777695 3.992624 -10.396297
v -26.793175 4.000000 -13.612639
v -26.771282 3.974818 -13.600000
v -26.777695 3.992624 -13.603703
v -26.470705 4.000000 -9.926827
v -26.451342 3.974818 -9.943079
v -26.457012 3.992624 -9.938320
v -27.030771 4.000000 -10.896890
v -27.007017 3.974818 -10.905536
v -27.013975 3.992624 -10.903003
v -27.030626 4.000000 -13.103419
v -27.007017 3.974818 -13.094464
v -27.013931 3.992624 -13.097087
v -26.056921 3.974818 -9.548657
v -26.073172 4.000000 -9.529295
v -26.061680 3.992624 -9.542987
v -26.056921 3.974818 -14.451343
v -26.073172 4.000000 -14.470705
v -26.061680 3.992624 -14.457013
v -25.103113 4.000000 -8.969231
v -25.094465 3.974818 -8.992984
v -25.096998 3.992624 -8.986028
v -24.551632 4.000000 -15.177016
v -24.555674 3.974818 -15.151384
v -24.554489 3.992624 -15.158892
v -24.560064 4.000000 -8.823721
v -24.555674 3.974818 -8.848616
v -24.556959 3.992624 -8.841324
v -25.118666 4.000000 -15.025021
v -25.094465 3.974818 -15.007016
v -25.101553 3.992624 -15.012289
v -25.612637 4.000000 -9.206825
v -25.600000 3.974818 -9.228719
v -25.603703 3.992624 -9.222304
v -25.606462 4.000000 -14.797499
v -25.600000 3.974818 -14.771281
v -25.601892 3.992624 -14.778959
v -26.470705 4.000000 -14.073173
v -26.451342 3.974818 -14.056921
v -26.457012 3.992624 -14.061680
v -23.444326 3.974818 -8.848616
v -23.439936 4.000000 -8.823721
v -23.443041 3.992624 -8.841324
v -23.444326 3.974818 -15.151384
v -23.439936 4.000000 -15.176279
v -23.443041 3.992624 -15.158676
v -21.926828 4.000000 -9.529295
v -21.943079 3.974818 -9.548657
v -21.938320 3.992624 -9.542987
v -22.387363 4.000000 -9.206825
v -22.400000 3.974818 -9.228719
v -22.396297 3.992624 -9.222304
v -22.387363 4.000000 -14.793175
v -22.400000 3.974818 -14.771281
v -22.396297 3.992624 -14.777696
v -22.896887 4.000000 -8.969231
v -22.905535 3.974818 -8.992984
v -22.903002 3.992624 -8.986028
v -22.896887 4.000000 -15.030769
v -22.905535 3.974818 -15.007016
v -22.903002 3.992624 -15.013972
v -21.206825 4.000000 -13.612639
v -21.228718 3.974818 -13.600000
v -21.222305 3.992624 -13.603703
v -21.228718 3.974818 -10.400000
v -21.206825 4.000000 -10.387361
v -21.222305 3.992624 -10.396297
v -21.529295 4.000000 -14.073173
v -21.548658 3.974818 -14.056921
v -21.542988 3.992624 -14.061680
v -20.774971 4.000000 -11.971425
v -20.799999 3.974818 -12.000000
v -20.792667 3.992624 -11.991630
v -20.827646 4.000000 -12.574715
v -20.848616 3.974818 -12.555675
v -20.842474 3.992624 -12.561252
v -20.969229 4.000000 -10.896890
v -20.992983 3.974818 -10.905536
v -20.986025 3.992624 -10.903003
v -20.820509 4.000000 -11.451921
v -20.848616 3.974818 -11.444325
v -20.840384 3.992624 -11.446550
v -20.969229 4.000000 -13.103110
v -20.992983 3.974818 -13.094464
v -20.986025 3.992624 -13.096997
v -21.548658 3.974818 -9.943079
v -21.529295 4.000000 -9.926827
v -21.542988 3.992624 -9.938320
v -24.000000 3.974818 -8.800000
v -24.000000 4.000000 -8.774722
v -24.000000 3.992624 -8.792597
v -21.926828 4.000000 -14.470705
v -21.943079 3.974818 -14.451343
v -21.938320 3.992624 -14.457013
v -24.000000 4.000000 -15.225278
v -24.000000 3.974818 -15.200000
v -24.000000 3.992624 -15.207403
v -7.094464 0.025182 25.007017
v -7.103112 0.000000 25.030771
v -7.096997 0.007376 25.013975
v -7.612637 0.000000 24.793177
v -7.600000 0.025182 24.771282
v -7.603703 0.007376 24.777697
v -6.555674 0.025182 25.151384
v -6.560060 0.000000 25.176281
v -6.556959 0.007376 25.158678
v -6.000000 0.000000 25.225281
v -6.000000 0.025182 25.200001
v -6.000000 0.007376 25.207405
v -8.073173 0.000000 24.470705
v -8.056921 0.025182 24.451342
v -8.061680 0.007376 24.457012
v -4.905536 0.025182 25.007017
v -4.896888 0.000000 25.030771
v -4.903003 0.007376 25.013975
v -5.444326 0.025182 25.151384
v -5.439940 0.000000 25.176281
v -5.443041 0.007376 25.158678
v -8.470705 0.000000 24.073172
v -8.451343 0.025182 24.056921
v -8.457013 0.007376 24.061680
v -8.755467 0.025182 23.622585
v -8.790646 0.000000 23.616249
v -8.765771 0.007376 23.620729
v -4.400000 0.025182 24.771282
v -4.387363 0.000000 24.793177
v -4.396297 0.007376 24.777697
v -8.793175 0.000000 23.612637
v -8.771281 0.025182 23.600000
v -8.777696 0.007376 23.603703
v -8.959644 0.025182 23.196054
v -8.990136 0.000000 23.190250
v -8.968575 0.007376 23.194355
v -3.926829 0.000000 24.470705
v -3.943079 0.025182 24.451342
v -3.938320 0.007376 24.457012
v -9.030769 0.000000 23.103113
v -9.007016 0.025182 23.094465
v -9.013972 0.007376 23.096998
v -3.548658 0.025182 24.056921
v -3.529293 0.000000 24.073170
v -3.542987 0.007376 24.061680
v -9.176279 0.000000 22.560064
v -9.151384 0.025182 22.555674
v -9.158676 0.007376 22.556959
v -9.225278 0.000000 22.000000
v -9.200000 0.025182 22.000000
v -9.207403 0.007376 22.000000
v -9.176279 0.000000 21.439936
v -9.151384 0.025182 21.444326
v -9.158676 0.007376 21.443041
v -9.030769 0.000000 20.896887
v -9.007016 0.025182 20.905535
v -9.013972 0.007376 20.903002
v -8.793175 0.000000 20.387363
v -8.771281 0.025182 20.400000
v -8.777696 0.007376 20.396297
v -8.470705 0.000000 19.926828
v -8.451343 0.025182 19.943079
v -8.457013 0.007376 19.938320
v -8.073173 0.000000 19.529295
v -8.056921 0.025182 19.548658
v -8.061680 0.007376 19.542988
v -7.612637 0.000000 19.206823
v -7.600000 0.025182 19.228718
v -7.603703 0.007376 19.222303
v -6.555674 0.025182 18.848616
v -6.560060 0.000000 18.823719
v -6.556959 0.007376 18.841322
v -6.000000 0.000000 18.774719
v -6.000000 0.025182 18.799999
v -6.000000 0.007376 18.792595
v -7.103112 0.000000 18.969229
v -7.094464 0.025182 18.992983
v -7.096997 0.007376 18.986025
v -5.439940 0.000000 18.823719
v -5.444326 0.025182 18.848616
v -5.443041 0.007376 18.841322
v -4.896888 0.000000 18.969229
v -4.905536 0.025182 18.992983
v -4.903003 0.007376 18.986025
v -4.387363 0.000000 19.206823
v -4.400000 0.025182 19.228718
v -4.396297 0.007376 19.222303
v -3.548658 0.025182 19.943079
v -3.529293 0.000000 19.926830
v -3.542987 0.007376 19.938320
v -3.926829 0.000000 19.529295
v -3.943079 0.025182 19.548658
v -3.938320 0.007376 19.542988
v -2.992984 0.025182 23.094465
v -2.969230 0.000000 23.103113
v -2.986026 0.007376 23.096998
v -2.992984 0.025182 20.905535
v -2.963345 0.000000 20.913328
v -2.984303 0.007376 20.907818
v -2.800000 0.025182 22.000000
v -2.774721 0.000000 22.000000
v -2.792596 0.007376 22.000000
v -2.848615 0.025182 22.555674
v -2.823721 0.000000 22.560062
v -2.841323 0.007376 22.556959
v -2.824411 0.000000 21.432051
v -2.848615 0.025182 21.444326
v -2.841526 0.007376 21.440731
v -3.206827 0.000000 23.612640
v -3.228719 0.025182 23.600000
v -3.222308 0.007376 23.603703
v -3.211954 0.000000 20.380037
v -3.228719 0.025182 20.400000
v -3.223809 0.007376 20.394154
v -9.225278 4.000000 22.000000
v -9.200000 3.974818 22.000000
v -9.207403 3.992624 22.000000
v -9.176279 4.000000 22.560064
v -9.151384 3.974818 22.555674
v -9.158676 3.992624 22.556959
v -9.151384 3.974818 21.444326
v -9.176279 4.000000 21.439936
v -9.158676 3.992624 21.443041
v -8.793175 4.000000 20.387363
v -8.771281 3.974818 20.400000
v -8.777696 3.992624 20.396297
v -8.771281 3.974818 23.600000
v -8.793175 4.000000 23.612637
v -8.777696 3.992624 23.603703
v -9.007016 3.974818 20.905535
v -9.030769 4.000000 20.896887
v -9.013972 3.992624 20.903002
v -9.030769 4.000000 23.103113
v -9.007016 3.974818 23.094465
v -9.013972 3.992624 23.096998
v -8.073173 4.000000 24.470705
v -8.056921 3.974818 24.451342
v -8.061680 3.992624 24.457012
v -8.073173 4.000000 19.529295
v -8.056921 3.974818 19.548658
v -8.061680 3.992624 19.542988
v -6.555674 3.974818 18.848616
v -6.560060 4.000000 18.823719
v -6.556959 3.992624 18.841322
v -7.103112 4.000000 18.969229
v -7.094464 3.974818 18.992983
v -7.096997 3.992624 18.986025
v -7.700759 4.000000 24.731472
v -7.643268 3.974818 24.740986
v -7.660107 3.992624 24.738199
v -7.612637 4.000000 19.206823
v -7.600000 3.974818 19.228718
v -7.603703 3.992624 19.222303
v -8.470705 4.000000 24.073172
v -8.451343 3.974818 24.056921
v -8.457013 3.992624 24.061680
v -8.470705 4.000000 19.926828
v -8.451343 3.974818 19.943079
v -8.457013 3.992624 19.938320
v -6.000000 4.000000 18.774719
v -6.000000 3.974818 18.799999
v -6.000000 3.992624 18.792595
v -4.896888 4.000000 25.030771
v -4.905536 3.974818 25.007017
v -4.903003 3.992624 25.013975
v -5.444326 3.974818 18.848616
v -5.439940 4.000000 18.823719
v -5.443041 3.992624 18.841322
v -3.926829 4.000000 19.529295
v -3.943079 3.974818 19.548658
v -3.938320 3.992624 19.542988
v -3.926829 4.000000 24.470705
v -3.943079 3.974818 24.451342
v -3.938320 3.992624 24.457012
v -4.387363 4.000000 19.206823
v -4.400000 3.974818 19.228718
v -4.396297 3.992624 19.222303
v -4.387363 4.000000 24.793177
v -4.400000 3.974818 24.771282
v -4.396297 3.992624 24.777697
v -4.896888 4.000000 18.969229
v -4.905536 3.974818 18.992983
v -4.903003 3.992624 18.986025
v -3.206827 4.000000 23.612640
v -3.228719 3.974818 23.600000
v -3.222308 3.992624 23.603703
v -3.206827 4.000000 20.387360
v -3.228719 3.974818 20.400000
v -3.222308 3.992624 20.396297
v -2.800000 3.974818 22.000000
v -2.774721 4.000000 22.000000
v -2.792596 3.992624 22.000000
v -2.823721 4.000000 21.439938
v -2.848615 3.974818 21.444326
v -2.841323 3.992624 21.443041
v -2.848615 3.974818 22.555674
v -2.823721 4.000000 22.560062
v -2.841323 3.992624 22.556959
v -2.992984 3.974818 20.905535
v -2.969230 4.000000 20.896887
v -2.986026 3.992624 20.903002
v -3.529293 4.000000 24.073170
v -3.548658 3.974818 24.056921
v -3.542987 3.992624 24.061680
v -2.969230 4.000000 23.103113
v -2.992984 3.974818 23.094465
v -2.986026 3.992624 23.096998
v -3.529293 4.000000 19.926830
v -3.548658 3.974818 19.943079
v -3.542987 3.992624 19.938320
v -5.444326 3.974818 25.151384
v -5.439940 4.000000 25.176281
v -5.443041 3.992624 25.158678
v -7.094464 3.974818 25.007017
v -7.103112 4.000000 25.030771
v -7.096997 3.992624 25.013975
v -7.600000 3.974818 24.771282
v -7.612636 4.000000 24.793177
v -7.603702 3.992624 24.777697
v -6.560060 4.000000 25.176281
v -6.555674 3.974818 25.151384
v -6.556959 3.992624 25.158678
v -6.000000 4.000000 25.225281
v -6.000000 3.974818 25.200001
v -6.000000 3.992624 25.207405
v -9.200000 0.025182 5.000000
v -9.225278 0.000000 5.000000
v -9.207403 0.007376 5.000000
v -9.007016 0.025182 6.094464
v -9.030770 0.000000 6.103111
v -9.013974 0.007376 6.096997
v -9.151384 0.025182 5.555674
v -9.176279 0.000000 5.560065
v -9.158676 0.007376 5.556960
v -9.176279 0.000000 4.439935
v -9.151384 0.025182 4.444326
v -9.158676 0.007376 4.443040
v -8.771281 0.025182 6.600000
v -8.793175 0.000000 6.612636
v -8.777695 0.007376 6.603702
v -8.771281 0.025182 3.400000
v -8.793175 0.000000 3.387364
v -8.777695 0.007376 3.396299
v -9.030770 0.000000 3.896888
v -9.007016 0.025182 3.905535
v -9.013974 0.007376 3.903003
v -8.470803 0.000000 2.926968
v -8.451343 0.025182 2.943079
v -8.457043 0.007376 2.938361
v -7.600000 0.025182 2.228719
v -7.612794 0.000000 2.206899
v -7.603747 0.007376 2.222328
v -8.056921 0.025182 7.451343
v -8.073171 0.000000 7.470706
v -8.061681 0.007376 7.457015
v -8.056921 0.025182 2.548658
v -8.072900 0.000000 2.529067
v -8.061602 0.007376 2.542919
v -7.094464 0.025182 8.007016
v -7.103111 0.000000 8.030770
v -7.096997 0.007376 8.013974
v -6.555674 0.025182 8.151384
v -6.560065 0.000000 8.176279
v -6.556960 0.007376 8.158676
v -6.555674 0.025182 1.848615
v -6.560064 0.000000 1.823721
v -6.556960 0.007376 1.841324
v -7.600000 0.025182 7.771281
v -7.612638 0.000000 7.793173
v -7.603702 0.007376 7.777694
v -7.103110 0.000000 1.969229
v -7.094464 0.025182 1.992984
v -7.096996 0.007376 1.986026
v -8.470705 0.000000 7.073171
v -8.451343 0.025182 7.056921
v -8.457013 0.007376 7.061680
v -5.444326 0.025182 8.151384
v -5.439826 0.000000 8.176259
v -5.443008 0.007376 8.158670
v -5.444326 0.025182 1.848615
v -5.439936 0.000000 1.823721
v -5.443040 0.007376 1.841324
v -4.400000 0.025182 2.228719
v -4.387361 0.000000 2.206827
v -4.396298 0.007376 2.222307
v -3.943079 0.025182 7.451343
v -3.926830 0.000000 7.470706
v -3.938320 0.007376 7.457014
v -4.387362 0.000000 7.793173
v -4.400000 0.025182 7.771281
v -4.396298 0.007376 7.777694
v -3.926831 0.000000 2.529293
v -3.943079 0.025182 2.548658
v -3.938320 0.007376 2.542986
v -4.905536 0.025182 8.007016
v -4.896935 0.000000 8.030792
v -4.903017 0.007376 8.013979
v -4.896890 0.000000 1.969229
v -4.905536 0.025182 1.992984
v -4.903004 0.007376 1.986026
v -3.228719 0.025182 6.600000
v -3.206827 0.000000 6.612639
v -3.222307 0.007376 6.603702
v -3.529293 0.000000 7.073169
v -3.548658 0.025182 7.056921
v -3.542986 0.007376 7.061679
v -3.228719 0.025182 3.400000
v -3.206827 0.000000 3.387361
v -3.222307 0.007376 3.396298
v -2.800000 0.025182 5.000000
v -2.774722 0.000000 5.000000
v -2.792596 0.007376 5.000000
v -2.848615 0.025182 4.444326
v -2.823721 0.000000 4.439936
v -2.841323 0.007376 4.443040
v -2.823721 0.000000 5.560064
v -2.848615 0.025182 5.555674
v -2.841323 0.007376 5.556960
v -2.969230 0.000000 3.896890
v -2.992984 0.025182 3.905535
v -2.986027 0.007376 3.903003
v -2.969229 0.000000 6.103110
v -2.992984 0.025182 6.094464
v -2.986026 0.007376 6.096997
v -3.529293 0.000000 2.926831
v -3.548658 0.025182 2.943079
v -3.542986 0.007376 2.938320
v -6.000055 0.000000 8.225273
v -6.000000 0.025182 8.200000
v -6.000016 0.007376 8.207403
v -6.000000 0.000000 1.774721
v -6.000000 0.025182 1.800000
v -6.000000 0.007376 1.792596
v -9.225278 4.000000 5.000000
v -9.200000 3.974818 5.000000
v -9.207403 3.992624 5.000000
v -9.176279 4.000000 4.439935
v -9.151384 3.974818 4.444326
v -9.158676 3.992624 4.443040
v -9.176279 4.000000 5.560065
v -9.151384 3.974818 5.555674
v -9.158676 3.992624 5.556960
v -8.793175 4.000000 6.612636
v -8.771281 3.974818 6.600000
v -8.777695 3.992624 6.603702
v -8.771281 3.974818 3.400000
v -8.793175 4.000000 3.387364
v -8.777695 3.992624 3.396299
v -8.470705 4.000000 7.073171
v -8.451343 3.974818 7.056921
v -8.457013 3.992624 7.061680
v -9.030770 4.000000 6.103111
v -9.007016 3.974818 6.094464
v -9.013974 3.992624 6.096997
v -9.030770 4.000000 3.896888
v -9.007016 3.974818 3.905535
v -9.013974 3.992624 3.903003
v -8.073171 4.000000 7.470706
v -8.056921 3.974818 7.451343
v -8.061681 3.992624 7.457015
v -8.056921 3.974818 2.548658
v -8.073581 4.000000 2.529638
v -8.061800 3.992624 2.543087
v -7.103111 4.000000 8.030770
v -7.094464 3.974818 8.007016
v -7.096997 3.992624 8.013974
v -6.560064 4.000000 1.823721
v -6.555674 3.974818 1.848615
v -6.556960 3.992624 1.841324
v -6.560065 4.000000 8.176279
v -6.555674 3.974818 8.151384
v -6.556960 3.992624 8.158676
v -7.094464 3.974818 1.992984
v -7.103110 4.000000 1.969229
v -7.096996 3.992624 1.986026
v -7.612638 4.000000 7.793173
v -7.600000 3.974818 7.771281
v -7.603702 3.992624 7.777694
v -7.612404 4.000000 2.206717
v -7.600000 3.974818 2.228719
v -7.603633 3.992624 2.222275
v -8.451343 3.974818 2.943079
v -8.470558 4.000000 2.926618
v -8.456971 3.992624 2.938257
v -5.439935 4.000000 8.176279
v -5.444326 3.974818 8.151384
v -5.443040 3.992624 8.158676
v -5.439936 4.000000 1.823721
v -5.444326 3.974818 1.848615
v -5.443040 3.992624 1.841324
v -3.926830 4.000000 7.470706
v -3.943079 3.974818 7.451343
v -3.938320 3.992624 7.457014
v -4.387362 4.000000 7.793173
v -4.400000 3.974818 7.771281
v -4.396298 3.992624 7.777694
v -4.400000 3.974818 2.228719
v -4.387361 4.000000 2.206827
v -4.396298 3.992624 2.222307
v -4.905536 3.974818 8.007016
v -4.896889 4.000000 8.030770
v -4.903003 3.992624 8.013974
v -4.896890 4.000000 1.969229
v -4.905536 3.974818 1.992984
v -4.903004 3.992624 1.986026
v -3.206827 4.000000 3.387361
v -3.228719 3.974818 3.400000
v -3.222307 3.992624 3.396298
v -3.206827 4.000000 6.612639
v -3.228719 3.974818 6.600000
v -3.222307 3.992624 6.603702
v -3.529293 4.000000 2.926831
v -3.548658 3.974818 2.943079
v -3.542986 3.992624 2.938320
v -2.774971 4.000000 5.028575
v -2.800000 3.974818 5.000000
v -2.792669 3.992624 5.008369
v -2.827646 4.000000 4.425285
v -2.848615 3.974818 4.444326
v -2.842474 3.992624 4.438749
v -2.969229 4.000000 6.103110
v -2.992984 3.974818 6.094464
v -2.986026 3.992624 6.096997
v -2.820508 4.000000 5.548073
v -2.848615 3.974818 5.555674
v -2.840383 3.992624 5.553448
v -2.969230 4.000000 3.896890
v -2.992984 3.974818 3.905535
v -2.986027 3.992624 3.903003
v -3.529293 4.000000 7.073169
v -3.548658 3.974818 7.056921
v -3.542986 3.992624 7.061679
v -6.000000 4.000000 8.225278
v -6.000000 3.974818 8.200000
v -6.000000 3.992624 8.207403
v -3.943079 3.974818 2.548658
v -3.926831 4.000000 2.529293
v -3.938320 3.992624 2.542986
v -6.000000 4.000000 1.774721
v -6.000000 3.974818 1.800000
v -6.000000 3.992624 1.792596
v -9.200000 0.025182 -12.000000
v -9.225307 0.000000 -12.000336
v -9.207414 0.007376 -12.000098
v -9.007016 0.025182 -10.905536
v -9.030770 0.000000 -10.896890
v -9.013974 0.007376 -10.903003
v -9.151384 0.025182 -11.444325
v -9.176279 0.000000 -11.439935
v -9.158676 0.007376 -11.443039
v -9.176399 0.000000 -12.559381
v -9.151384 0.025182 -12.555675
v -9.158710 0.007376 -12.556760
v -8.771281 0.025182 -10.400000
v -8.793174 0.000000 -10.387361
v -8.777693 0.007376 -10.396297
v -8.793174 0.000000 -13.612639
v -8.771281 0.025182 -13.600000
v -8.777693 0.007376 -13.603703
v -8.451343 0.025182 -9.943079
v -8.470705 0.000000 -9.926827
v -8.457013 0.007376 -9.938320
v -9.030628 0.000000 -13.103415
v -9.007016 0.025182 -13.094464
v -9.013931 0.007376 -13.097086
v -8.470705 0.000000 -14.073173
v -8.451343 0.025182 -14.056921
v -8.457013 0.007376 -14.061680
v -7.600000 0.025182 -14.771281
v -7.612636 0.000000 -14.793175
v -7.603702 0.007376 -14.777695
v -8.073173 0.000000 -9.529295
v -8.056921 0.025182 -9.548657
v -8.061680 0.007376 -9.542987
v -8.073173 0.000000 -14.470705
v -8.056921 0.025182 -14.451343
v -8.061680 0.007376 -14.457013
v -7.094464 0.025182 -8.992984
v -7.103111 0.000000 -8.969230
v -7.096997 0.007376 -8.986026
v -6.555674 0.025182 -8.848616
v -6.560065 0.000000 -8.823721
v -6.556960 0.007376 -8.841324
v -6.555674 0.025182 -15.151384
v -6.560065 0.000000 -15.176279
v -6.556960 0.007376 -15.158676
v -7.600000 0.025182 -9.228719
v -7.612636 0.000000 -9.206825
v -7.603702 0.007376 -9.222305
v -7.103111 0.000000 -15.030770
v -7.094464 0.025182 -15.007016
v -7.096997 0.007376 -15.013974
v -5.444326 0.025182 -8.848616
v -5.439935 0.000000 -8.823721
v -5.443040 0.007376 -8.841324
v -5.444326 0.025182 -15.151384
v -5.439935 0.000000 -15.176279
v -5.443040 0.007376 -15.158676
v -4.400000 0.025182 -14.771281
v -4.387364 0.000000 -14.793175
v -4.396298 0.007376 -14.777695
v -3.923307 0.000000 -9.532258
v -3.943079 0.025182 -9.548657
v -3.937288 0.007376 -9.543854
v -4.389410 0.000000 -9.205871
v -4.400000 0.025182 -9.228719
v -4.396898 0.007376 -9.222026
v -3.926829 0.000000 -14.470705
v -3.943079 0.025182 -14.451343
v -3.938320 0.007376 -14.457013
v -4.905536 0.025182 -8.992984
v -4.896889 0.000000 -8.969230
v -4.903003 0.007376 -8.986026
v -4.896889 0.000000 -15.030770
v -4.905536 0.025182 -15.007016
v -4.903003 0.007376 -15.013974
v -3.228719 0.025182 -10.400000
v -3.206828 0.000000 -10.387358
v -3.222307 0.007376 -10.396297
v -3.228719 0.025182 -13.600000
v -3.207065 0.000000 -13.612980
v -3.222376 0.007376 -13.603802
v -2.800000 0.025182 -12.000000
v -2.774469 0.000000 -12.002892
v -2.792522 0.007376 -12.000847
v -2.823721 0.000000 -11.439936
v -2.848615 0.025182 -11.444325
v -2.841324 0.007376 -11.443040
v -2.848615 0.025182 -12.555675
v -2.822702 0.000000 -12.554439
v -2.841025 0.007376 -12.555312
v -2.970210 0.000000 -13.105035
v -2.992984 0.025182 -13.094464
v -2.986313 0.007376 -13.097561
v -3.530546 0.000000 -9.925040
v -3.548658 0.025182 -9.943079
v -3.543353 0.007376 -9.937796
v -2.969229 0.000000 -10.896891
v -2.992984 0.025182 -10.905536
v -2.986026 0.007376 -10.903004
v -3.529293 0.000000 -14.073170
v -3.548658 0.025182 -14.056921
v -3.542986 0.007376 -14.061680
v -6.000000 0.000000 -15.225278
v -6.000000 0.025182 -15.200000
v -6.000000 0.007376 -15.207403
v -6.000000 0.000000 -8.774722
v -6.000000 0.025182 -8.800000
v -6.000000 0.007376 -8.792597
v -9.225278 4.000000 -12.000000
v -9.200000 3.974818 -12.000000
v -9.207403 3.992624 -12.000000
v -9.030770 4.000000 -10.896890
v -9.007016 3.974818 -10.905536
v -9.013974 3.992624 -10.903003
v -9.176279 4.000000 -11.439935
v -9.151384 3.974818 -11.444325
v -9.158676 3.992624 -11.443039
v -9.176279 4.000000 -12.560065
v -9.151384 3.974818 -12.555675
v -9.158676 3.992624 -12.556961
v -8.793174 4.000000 -10.387361
v -8.771281 3.974818 -10.400000
v -8.777693 3.992624 -10.396297
v -8.771281 3.974818 -13.600000
v -8.793764 4.000000 -13.611615
v -8.777866 3.992624 -13.603402
v -8.470705 4.000000 -9.926827
v -8.451343 3.974818 -9.943079
v -8.457013 3.992624 -9.938320
v -9.030624 4.000000 -13.103657
v -9.007016 3.974818 -13.094464
v -9.013929 3.992624 -13.097157
v -8.470302 4.000000 -14.073576
v -8.451343 3.974818 -14.056921
v -8.456896 3.992624 -14.061799
v -7.600000 3.974818 -9.228719
v -7.612636 4.000000 -9.206825
v -7.603702 3.992624 -9.222305
v -8.073173 4.000000 -9.529295
v -8.056921 3.974818 -9.548657
v -8.061680 3.992624 -9.542987
v -8.073173 4.000000 -14.470705
v -8.056921 3.974818 -14.451343
v -8.061680 3.992624 -14.457013
v -7.094464 3.974818 -15.007016
v -7.103111 4.000000 -15.030770
v -7.096997 3.992624 -15.013974
v -6.555674 3.974818 -8.848616
v -6.560065 4.000000 -8.823721
v -6.556960 3.992624 -8.841324
v -6.555674 3.974818 -15.151384
v -6.560065 4.000000 -15.176279
v -6.556960 3.992624 -15.158676
v -7.103111 4.000000 -8.969230
v -7.094464 3.974818 -8.992984
v -7.096997 3.992624 -8.986026
v -7.612636 4.000000 -14.793175
v -7.600000 3.974818 -14.771281
v -7.603702 3.992624 -14.777695
v -5.439935 4.000000 -8.823721
v -5.444326 3.974818 -8.848616
v -5.443040 3.992624 -8.841324
v -5.439935 4.000000 -15.176279
v -5.444326 3.974818 -15.151384
v -5.443040 3.992624 -15.158676
v -4.389410 4.000000 -9.205871
v -4.400000 3.974818 -9.228719
v -4.396898 3.992624 -9.222026
v -3.943079 3.974818 -14.451343
v -3.926829 4.000000 -14.470705
v -3.938320 3.992624 -14.457013
v -3.943079 3.974818 -9.548657
v -3.923307 4.000000 -9.532258
v -3.937288 3.992624 -9.543854
v -4.387364 4.000000 -14.793175
v -4.400000 3.974818 -14.771281
v -4.396298 3.992624 -14.777695
v -4.896889 4.000000 -8.969230
v -4.905536 3.974818 -8.992984
v -4.903003 3.992624 -8.986026
v -4.896889 4.000000 -15.030770
v -4.905536 3.974818 -15.007016
v -4.903003 3.992624 -15.013974
v -3.206828 4.000000 -10.387358
v -3.228719 3.974818 -10.400000
v -3.222307 3.992624 -10.396297
v -3.207386 4.000000 -13.613439
v -3.228719 3.974818 -13.600000
v -3.222470 3.992624 -13.603936
v -2.774445 4.000000 -12.003160
v -2.800000 3.974818 -12.000000
v -2.792515 3.992624 -12.000926
v -2.823721 4.000000 -11.439936
v -2.848615 3.974818 -11.444325
v -2.841324 3.992624 -11.443040
v -2.848615 3.974818 -12.555675
v -2.822653 4.000000 -12.554436
v -2.841011 3.992624 -12.555312
v -2.969930 4.000000 -13.104197
v -2.992984 3.974818 -13.094464
v -2.986231 3.992624 -13.097315
v -3.530546 4.000000 -9.925040
v -3.548658 3.974818 -9.943079
v -3.543353 3.992624 -9.937796
v -2.969229 4.000000 -10.896891
v -2.992984 3.974818 -10.905536
v -2.986026 3.992624 -10.903004
v -3.529293 4.000000 -14.073170
v -3.548658 3.974818 -14.056921
v -3.542986 3.992624 -14.061680
v -6.000000 4.000000 -15.225278
v -6.000000 3.974818 -15.200000
v -6.000000 3.992624 -15.207403
v -6.000000 4.000000 -8.774722
v -6.000000 3.974818 -8.800000
v -6.000000 3.992624 -8.792597
v 8.800000 0.025182 22.000000
v 8.774629 0.000000 21.998936
v 8.792569 0.007376 21.999689
v 8.848616 0.025182 22.555674
v 8.823721 0.000000 22.560064
v 8.841324 0.007376 22.556959
v 8.823334 0.000000 21.442141
v 8.848616 0.025182 21.444326
v 8.841210 0.007376 21.443686
v 8.992984 0.025182 23.094465
v 8.969231 0.000000 23.103113
v 8.986028 0.007376 23.096998
v 9.228719 0.025182 20.400000
v 9.206825 0.000000 20.387363
v 9.222304 0.007376 20.396297
v 9.228719 0.025182 23.600000
v 9.206825 0.000000 23.612637
v 9.222304 0.007376 23.603703
v 8.969692 0.000000 20.895897
v 8.992984 0.025182 20.905535
v 8.986162 0.007376 20.902712
v 9.548657 0.025182 24.056921
v 9.529292 0.000000 24.073170
v 9.542986 0.007376 24.061680
v 9.747728 0.025182 24.255991
v 9.699409 0.000000 24.243284
v 9.733575 0.007376 24.252270
v 9.943079 0.025182 19.548658
v 9.926827 0.000000 19.529295
v 9.938320 0.007376 19.542988
v 10.905536 0.025182 18.992983
v 10.896890 0.000000 18.969229
v 10.903003 0.007376 18.986025
v 12.000000 0.025182 18.799999
v 12.000000 0.000000 18.774719
v 12.000000 0.007376 18.792595
v 11.439939 0.000000 18.823721
v 11.444325 0.025182 18.848616
v 11.443041 0.007376 18.841324
v 10.387361 0.000000 19.206825
v 10.400000 0.025182 19.228718
v 10.396297 0.007376 19.222305
v 9.548657 0.025182 19.943079
v 9.529295 0.000000 19.926828
v 9.542987 0.007376 19.938320
v 12.560061 0.000000 18.823721
v 12.555675 0.025182 18.848616
v 12.556959 0.007376 18.841324
v 13.094464 0.025182 25.007017
v 13.103110 0.000000 25.030771
v 13.096997 0.007376 25.013975
v 13.103110 0.000000 18.969229
v 13.094464 0.025182 18.992983
v 13.096997 0.007376 18.986025
v 14.056921 0.025182 24.451342
v 14.073173 0.000000 24.470705
v 14.061680 0.007376 24.457012
v 14.056921 0.025182 19.548658
v 14.089037 0.000000 19.540403
v 14.066328 0.007376 19.546240
v 13.600000 0.025182 24.771282
v 13.612639 0.000000 24.793175
v 13.603703 0.007376 24.777695
v 13.612639 0.000000 19.206825
v 13.600000 0.025182 19.228718
v 13.603703 0.007376 19.222305
v 14.771281 0.025182 23.600000
v 14.793175 0.000000 23.612637
v 14.777696 0.007376 23.603703
v 14.799313 0.000000 20.402424
v 14.771281 0.025182 20.400000
v 14.779493 0.007376 20.400709
v 15.200000 0.025182 22.000000
v 15.225278 0.000000 22.000000
v 15.207403 0.007376 22.000000
v 15.151384 0.025182 21.444326
v 15.176279 0.000000 21.439936
v 15.158676 0.007376 21.443041
v 15.176279 0.000000 22.560064
v 15.151384 0.025182 22.555674
v 15.158676 0.007376 22.556959
v 15.031919 0.000000 20.901176
v 15.007016 0.025182 20.905535
v 15.014311 0.007376 20.904259
v 15.030769 0.000000 23.103113
v 15.007016 0.025182 23.094465
v 15.013972 0.007376 23.096998
v 14.443573 0.000000 19.894749
v 14.451343 0.025182 19.943079
v 14.449067 0.007376 19.928925
v 14.451343 0.025182 24.056921
v 14.470705 0.000000 24.073172
v 14.457013 0.007376 24.061680
v 9.943079 0.025182 24.451342
v 9.926827 0.000000 24.470705
v 9.938320 0.007376 24.457012
v 10.387361 0.000000 24.793175
v 10.400000 0.025182 24.771282
v 10.396297 0.007376 24.777695
v 12.560061 0.000000 25.176279
v 12.555675 0.025182 25.151384
v 12.556959 0.007376 25.158676
v 12.000000 0.000000 25.225281
v 12.000000 0.025182 25.200001
v 12.000000 0.007376 25.207405
v 11.439939 0.000000 25.176279
v 11.444325 0.025182 25.151384
v 11.443041 0.007376 25.158676
v 10.905536 0.025182 25.007017
v 10.896890 0.000000 25.030771
v 10.903003 0.007376 25.013975
v 8.774722 4.000000 22.000000
v 8.800000 3.974818 22.000000
v 8.792597 3.992624 22.000000
v 8.823721 4.000000 21.439936
v 8.848616 3.974818 21.444326
v 8.841324 3.992624 21.443041
v 8.823721 4.000000 22.560064
v 8.848616 3.974818 22.555674
v 8.841324 3.992624 22.556959
v 9.228719 3.974818 23.600000
v 9.206825 4.000000 23.612637
v 9.222304 3.992624 23.603703
v 9.228719 3.974818 20.400000
v 9.206825 4.000000 20.387363
v 9.222304 3.992624 20.396297
v 9.529295 4.000000 24.073172
v 9.548657 3.974818 24.056921
v 9.542987 3.992624 24.061680
v 8.969231 4.000000 23.103113
v 8.992984 3.974818 23.094465
v 8.986028 3.992624 23.096998
v 8.969231 4.000000 20.896887
v 8.992984 3.974818 20.905535
v 8.986028 3.992624 20.903002
v 9.926827 4.000000 24.470705
v 9.943079 3.974818 24.451342
v 9.938320 3.992624 24.457012
v 9.943079 3.974818 19.548658
v 9.926419 4.000000 19.529638
v 9.938200 3.992624 19.543087
v 10.896890 4.000000 25.030771
v 10.905536 3.974818 25.007017
v 10.903003 3.992624 25.013975
v 11.444325 3.974818 18.848616
v 11.439939 4.000000 18.823721
v 11.443041 3.992624 18.841324
v 11.439939 4.000000 25.176279
v 11.444325 3.974818 25.151384
v 11.443041 3.992624 25.158676
v 10.896890 4.000000 18.969229
v 10.905536 3.974818 18.992983
v 10.903003 3.992624 18.986025
v 10.387361 4.000000 24.793175
v 10.400000 3.974818 24.771282
v 10.396297 3.992624 24.777695
v 10.387593 4.000000 19.206717
v 10.400000 3.974818 19.228718
v 10.396365 3.992624 19.222273
v 9.548657 3.974818 19.943079
v 9.529439 4.000000 19.926620
v 9.543028 3.992624 19.938257
v 12.560061 4.000000 25.176279
v 12.555675 3.974818 25.151384
v 12.556959 3.992624 25.158676
v 12.555675 3.974818 18.848616
v 12.560061 4.000000 18.823721
v 12.556959 3.992624 18.841324
v 14.056921 3.974818 24.451342
v 14.073173 4.000000 24.470705
v 14.061680 3.992624 24.457012
v 13.600000 3.974818 24.771282
v 13.612639 4.000000 24.793175
v 13.603703 3.992624 24.777695
v 13.600000 3.974818 19.228718
v 13.612639 4.000000 19.206825
v 13.603703 3.992624 19.222305
v 13.103110 4.000000 25.030771
v 13.094464 3.974818 25.007017
v 13.096997 3.992624 25.013975
v 13.103110 4.000000 18.969229
v 13.094464 3.974818 18.992983
v 13.096997 3.992624 18.986025
v 14.771281 3.974818 20.400000
v 14.802855 4.000000 20.408123
v 14.780531 3.992624 20.402380
v 14.771281 3.974818 23.600000
v 14.793175 4.000000 23.612637
v 14.777696 3.992624 23.603703
v 14.443686 4.000000 19.895452
v 14.451343 3.974818 19.943079
v 14.449100 3.992624 19.929129
v 15.200000 3.974818 22.000000
v 15.225278 4.000000 22.000000
v 15.207403 3.992624 22.000000
v 15.176279 4.000000 21.439936
v 15.151384 3.974818 21.444326
v 15.158676 3.992624 21.443041
v 15.030769 4.000000 23.103113
v 15.007016 3.974818 23.094465
v 15.013972 3.992624 23.096998
v 15.151384 3.974818 22.555674
v 15.176279 4.000000 22.560064
v 15.158676 3.992624 22.556959
v 15.030769 4.000000 20.896887
v 15.007016 3.974818 20.905535
v 15.013972 3.992624 20.903002
v 14.470705 4.000000 24.073172
v 14.451343 3.974818 24.056921
v 14.457013 3.992624 24.061680
v 12.000000 4.000000 25.225281
v 12.000000 3.974818 25.200001
v 12.000000 3.992624 25.207405
v 14.087144 4.000000 19.539078
v 14.056921 3.974818 19.548658
v 14.065773 3.992624 19.545853
v 12.000000 4.000000 18.774719
v 12.000000 3.974818 18.799999
v 12.000000 3.992624 18.792595
v 13.600000 0.025182 2.228719
v 13.612642 0.000000 2.206828
v 13.603703 0.007376 2.222307
v 14.451343 0.025182 2.943079
v 14.470705 0.000000 2.926829
v 14.457013 0.007376 2.938320
v 14.073170 0.000000 2.529293
v 14.056921 0.025182 2.548658
v 14.061680 0.007376 2.542986
v 12.555675 0.025182 1.848615
v 12.560064 0.000000 1.823721
v 12.556960 0.007376 1.841324
v 13.094464 0.025182 1.992984
v 13.103109 0.000000 1.969229
v 13.096996 0.007376 1.986026
v 15.007016 0.025182 3.905535
v 15.030770 0.000000 3.896888
v 15.013974 0.007376 3.903003
v 14.793175 0.000000 3.387364
v 14.771281 0.025182 3.400000
v 14.777695 0.007376 3.396299
v 12.000000 0.000000 1.774722
v 12.000000 0.025182 1.800000
v 12.000000 0.007376 1.792596
v 15.176279 0.000000 4.439935
v 15.151384 0.025182 4.444326
v 15.158676 0.007376 4.443040
v 11.444325 0.025182 1.848615
v 11.439936 0.000000 1.823721
v 11.443040 0.007376 1.841324
v 15.225278 0.000000 5.000000
v 15.200000 0.025182 5.000000
v 15.207403 0.007376 5.000000
v 10.905536 0.025182 1.992984
v 10.896891 0.000000 1.969229
v 10.903004 0.007376 1.986026
v 15.176279 0.000000 5.560065
v 15.151384 0.025182 5.555674
v 15.158676 0.007376 5.556960
v 10.400000 0.025182 2.228719
v 10.387358 0.000000 2.206828
v 10.396297 0.007376 2.222307
v 10.322300 0.025182 2.283125
v 10.302202 0.000000 2.266456
v 10.316414 0.007376 2.278243
v 15.030770 0.000000 6.103111
v 15.007016 0.025182 6.094464
v 15.013974 0.007376 6.096997
v 9.926830 0.000000 2.529293
v 9.943079 0.025182 2.548658
v 9.938320 0.007376 2.542986
v 14.793175 0.000000 6.612636
v 14.771281 0.025182 6.600000
v 14.777695 0.007376 6.603702
v 9.548657 0.025182 2.943079
v 9.529295 0.000000 2.926829
v 9.542987 0.007376 2.938320
v 14.470705 0.000000 7.073171
v 14.451343 0.025182 7.056921
v 14.457013 0.007376 7.061680
v 8.800000 0.025182 5.000000
v 8.774722 0.000000 5.000000
v 8.792597 0.007376 5.000000
v 8.992984 0.025182 6.094464
v 8.969230 0.000000 6.103111
v 8.986026 0.007376 6.096997
v 8.848616 0.025182 5.555674
v 8.823721 0.000000 5.560065
v 8.841324 0.007376 5.556960
v 8.823721 0.000000 4.439935
v 8.848616 0.025182 4.444326
v 8.841324 0.007376 4.443040
v 9.548657 0.025182 7.056921
v 9.529295 0.000000 7.073171
v 9.542987 0.007376 7.061680
v 9.206825 0.000000 6.612636
v 9.228719 0.025182 6.600000
v 9.222305 0.007376 6.603702
v 9.228719 0.025182 3.400000
v 9.206825 0.000000 3.387364
v 9.222305 0.007376 3.396299
v 8.969230 0.000000 3.896888
v 8.992984 0.025182 3.905535
v 8.986026 0.007376 3.903003
v 10.905536 0.025182 8.007016
v 10.896890 0.000000 8.030770
v 10.903003 0.007376 8.013974
v 10.387359 0.000000 7.793172
v 10.400000 0.025182 7.771281
v 10.396297 0.007376 7.777693
v 12.000000 0.025182 8.200000
v 11.995409 0.000000 8.224876
v 11.998655 0.007376 8.207287
v 11.439935 0.000000 8.176279
v 11.444325 0.025182 8.151384
v 11.443039 0.007376 8.158676
v 13.600000 0.025182 7.771281
v 13.605271 0.000000 7.798333
v 13.601544 0.007376 7.779205
v 13.117356 0.000000 8.025920
v 13.094464 0.025182 8.007016
v 13.101170 0.007376 8.012553
v 14.073171 0.000000 7.470706
v 14.056921 0.025182 7.451343
v 14.061680 0.007376 7.457015
v 12.559549 0.000000 8.175488
v 12.555675 0.025182 8.151384
v 12.556809 0.007376 8.158444
v 9.926829 0.000000 7.470706
v 9.943079 0.025182 7.451343
v 9.938320 0.007376 7.457015
v 13.612642 4.000000 2.206828
v 13.600000 3.974818 2.228719
v 13.603703 3.992624 2.222307
v 14.470705 4.000000 2.926829
v 14.451343 3.974818 2.943079
v 14.457013 3.992624 2.938320
v 14.073170 4.000000 2.529293
v 14.056921 3.974818 2.548658
v 14.061680 3.992624 2.542986
v 12.555675 3.974818 1.848615
v 12.560064 4.000000 1.823721
v 12.556960 3.992624 1.841324
v 13.103109 4.000000 1.969229
v 13.094464 3.974818 1.992984
v 13.096996 3.992624 1.986026
v 15.007016 3.974818 3.905535
v 15.030770 4.000000 3.896888
v 15.013974 3.992624 3.903003
v 14.793175 4.000000 3.387364
v 14.771281 3.974818 3.400000
v 14.777695 3.992624 3.396299
v 12.000000 4.000000 1.774722
v 12.000000 3.974818 1.800000
v 12.000000 3.992624 1.792596
v 15.172353 4.000000 4.425285
v 15.151384 3.974818 4.444326
v 15.157527 3.992624 4.438748
v 11.439936 4.000000 1.823721
v 11.444325 3.974818 1.848615
v 11.443040 3.992624 1.841324
v 15.225029 4.000000 5.028575
v 15.200000 3.974818 5.000000
v 15.207333 3.992624 5.008371
v 10.896891 4.000000 1.969229
v 10.905536 3.974818 1.992984
v 10.903004 3.992624 1.986026
v 15.151384 3.974818 5.555674
v 15.179492 4.000000 5.548073
v 15.159616 3.992624 5.553448
v 10.322300 3.974818 2.283125
v 10.302202 4.000000 2.266456
v 10.316414 3.992624 2.278243
v 10.387358 4.000000 2.206828
v 10.400000 3.974818 2.228719
v 10.396297 3.992624 2.222307
v 15.030770 4.000000 6.103111
v 15.007016 3.974818 6.094464
v 15.013974 3.992624 6.096997
v 9.926830 4.000000 2.529293
v 9.943079 3.974818 2.548658
v 9.938320 3.992624 2.542986
v 14.793175 4.000000 6.612636
v 14.771281 3.974818 6.600000
v 14.777695 3.992624 6.603702
v 9.529295 4.000000 2.926829
v 9.548657 3.974818 2.943079
v 9.542987 3.992624 2.938320
v 14.470705 4.000000 7.073171
v 14.451343 3.974818 7.056921
v 14.457013 3.992624 7.061680
v 8.800000 3.974818 5.000000
v 8.774722 4.000000 5.000000
v 8.792597 3.992624 5.000000
v 8.992984 3.974818 6.094464
v 8.969230 4.000000 6.103111
v 8.986026 3.992624 6.096997
v 8.823721 4.000000 5.560065
v 8.848616 3.974818 5.555674
v 8.841324 3.992624 5.556960
v 8.823721 4.000000 4.439935
v 8.848616 3.974818 4.444326
v 8.841324 3.992624 4.443040
v 9.529295 4.000000 7.073171
v 9.548657 3.974818 7.056921
v 9.542987 3.992624 7.061680
v 9.206825 4.000000 6.612636
v 9.228719 3.974818 6.600000
v 9.222305 3.992624 6.603702
v 9.228719 3.974818 3.400000
v 9.206825 4.000000 3.387364
v 9.222305 3.992624 3.396299
v 8.969230 4.000000 3.896888
v 8.992984 3.974818 3.905535
v 8.986026 3.992624 3.903003
v 10.905536 3.974818 8.007016
v 10.896890 4.000000 8.030770
v 10.903003 3.992624 8.013974
v 10.400000 3.974818 7.771281
v 10.387359 4.000000 7.793172
v 10.396297 3.992624 7.777693
v 12.000000 3.974818 8.200000
v 12.000187 4.000000 8.225294
v 12.000054 3.992624 8.207408
v 11.439935 4.000000 8.176279
v 11.444325 3.974818 8.151384
v 11.443039 3.992624 8.158676
v 13.612641 4.000000 7.793172
v 13.600000 3.974818 7.771281
v 13.603703 3.992624 7.777693
v 13.103279 4.000000 8.030691
v 13.094464 3.974818 8.007016
v 13.097046 3.992624 8.013950
v 14.073171 4.000000 7.470706
v 14.056921 3.974818 7.451343
v 14.061680 3.992624 7.457015
v 12.559688 4.000000 8.176345
v 12.555675 3.974818 8.151384
v 12.556849 3.992624 8.158694
v 9.926829 4.000000 7.470706
v 9.943079 3.974818 7.451343
v 9.938320 3.992624 7.457015
v 8.774722 0.000000 -12.001205
v 8.800000 0.025182 -12.000000
v 8.792597 0.007376 -12.000353
v 8.992984 0.025182 -10.905536
v 8.969230 0.000000 -10.896890
v 8.986026 0.007376 -10.903003
v 8.848616 0.025182 -11.444325
v 8.823873 0.000000 -11.439370
v 8.841370 0.007376 -11.442874
v 8.823571 0.000000 -12.559505
v 8.848616 0.025182 -12.555675
v 8.841281 0.007376 -12.556796
v 9.228719 0.025182 -10.400000
v 9.206826 0.000000 -10.387361
v 9.222307 0.007376 -10.396297
v 9.228719 0.025182 -13.600000
v 9.206826 0.000000 -13.612639
v 9.222307 0.007376 -13.603703
v 9.529295 0.000000 -9.926827
v 9.548657 0.025182 -9.943079
v 9.542987 0.007376 -9.938320
v 8.969230 0.000000 -13.103110
v 8.992984 0.025182 -13.094464
v 8.986026 0.007376 -13.096997
v 9.529295 0.000000 -14.073173
v 9.548657 0.025182 -14.056921
v 9.542987 0.007376 -14.061680
v 10.400000 0.025182 -14.771281
v 10.387361 0.000000 -14.793174
v 10.396297 0.007376 -14.777693
v 9.943079 0.025182 -9.548657
v 9.926827 0.000000 -9.529295
v 9.938320 0.007376 -9.542987
v 9.926827 0.000000 -14.470705
v 9.943079 0.025182 -14.451343
v 9.938320 0.007376 -14.457013
v 10.905536 0.025182 -8.992984
v 10.896890 0.000000 -8.969230
v 10.903003 0.007376 -8.986026
v 11.439935 0.000000 -8.823721
v 11.444325 0.025182 -8.848616
v 11.443039 0.007376 -8.841324
v 11.444325 0.025182 -15.151384
v 11.439935 0.000000 -15.176279
v 11.443039 0.007376 -15.158676
v 10.387361 0.000000 -9.206826
v 10.400000 0.025182 -9.228719
v 10.396297 0.007376 -9.222307
v 10.896890 0.000000 -15.030770
v 10.905536 0.025182 -15.007016
v 10.903003 0.007376 -15.013974
v 12.555675 0.025182 -8.848616
v 12.560065 0.000000 -8.823721
v 12.556961 0.007376 -8.841324
v 12.555675 0.025182 -15.151384
v 12.560065 0.000000 -15.176279
v 12.556961 0.007376 -15.158676
v 13.600000 0.025182 -14.771281
v 13.612639 0.000000 -14.793174
v 13.603703 0.007376 -14.777693
v 14.056921 0.025182 -9.548657
v 14.076939 0.000000 -9.531932
v 14.062784 0.007376 -9.543758
v 13.612639 0.000000 -9.206826
v 13.600000 0.025182 -9.228719
v 13.603703 0.007376 -9.222307
v 14.073173 0.000000 -14.470705
v 14.056921 0.025182 -14.451343
v 14.061680 0.007376 -14.457013
v 13.103110 0.000000 -8.969230
v 13.094464 0.025182 -8.992984
v 13.096997 0.007376 -8.986026
v 13.103110 0.000000 -15.030770
v 13.094464 0.025182 -15.007016
v 13.096997 0.007376 -15.013974
v 14.788639 0.000000 -10.380395
v 14.771281 0.025182 -10.400000
v 14.776365 0.007376 -10.394258
v 14.771281 0.025182 -13.600000
v 14.792444 0.000000 -13.612525
v 14.777478 0.007376 -13.603668
v 15.200000 0.025182 -12.000000
v 15.225278 0.000000 -12.000000
v 15.207403 0.007376 -12.000000
v 15.176279 0.000000 -11.439935
v 15.151384 0.025182 -11.444325
v 15.158676 0.007376 -11.443039
v 15.175644 0.000000 -12.567321
v 15.151384 0.025182 -12.555675
v 15.158490 0.007376 -12.559086
v 15.007016 0.025182 -13.094464
v 15.035148 0.000000 -13.091853
v 15.015256 0.007376 -13.093699
v 14.468799 0.000000 -9.923746
v 14.451343 0.025182 -9.943079
v 14.456455 0.007376 -9.937416
v 15.032441 0.000000 -10.903127
v 15.007016 0.025182 -10.905536
v 15.014463 0.007376 -10.904830
v 14.468110 0.000000 -14.075768
v 14.451343 0.025182 -14.056921
v 14.456254 0.007376 -14.062441
v 12.000000 0.000000 -15.225278
v 12.000000 0.025182 -15.200000
v 12.000000 0.007376 -15.207403
v 12.000000 0.025182 -8.800000
v 12.000000 0.000000 -8.774722
v 12.000000 0.007376 -8.792597
v 8.800000 3.974818 -12.000000
v 8.774722 4.000000 -12.001205
v 8.792597 3.992624 -12.000353
v 8.992984 3.974818 -10.905536
v 8.969230 4.000000 -10.896890
v 8.986026 3.992624 -10.903003
v 8.823873 4.000000 -11.439370
v 8.848616 3.974818 -11.444325
v 8.841370 3.992624 -11.442874
v 8.823571 4.000000 -12.559505
v 8.848616 3.974818 -12.555675
v 8.841281 3.992624 -12.556796
v 9.206826 4.000000 -10.387361
v 9.228719 3.974818 -10.400000
v 9.222307 3.992624 -10.396297
v 9.206826 4.000000 -13.612639
v 9.228719 3.974818 -13.600000
v 9.222307 3.992624 -13.603703
v 9.529295 4.000000 -9.926827
v 9.548657 3.974818 -9.943079
v 9.542987 3.992624 -9.938320
v 8.969230 4.000000 -13.103110
v 8.992984 3.974818 -13.094464
v 8.986026 3.992624 -13.096997
v 9.529295 4.000000 -14.073173
v 9.548657 3.974818 -14.056921
v 9.542987 3.992624 -14.061680
v 10.400000 3.974818 -9.228719
v 10.387361 4.000000 -9.206826
v 10.396297 3.992624 -9.222307
v 9.943079 3.974818 -9.548657
v 9.926827 4.000000 -9.529295
v 9.938320 3.992624 -9.542987
v 9.926827 4.000000 -14.470705
v 9.943079 3.974818 -14.451343
v 9.938320 3.992624 -14.457013
v 10.905536 3.974818 -15.007016
v 10.896890 4.000000 -15.030770
v 10.903003 3.992624 -15.013974
v 11.439935 4.000000 -8.823721
v 11.444325 3.974818 -8.848616
v 11.443039 3.992624 -8.841324
v 11.439935 4.000000 -15.176279
v 11.444325 3.974818 -15.151384
v 11.443039 3.992624 -15.158676
v 10.896890 4.000000 -8.969230
v 10.905536 3.974818 -8.992984
v 10.903003 3.992624 -8.986026
v 10.400000 3.974818 -14.771281
v 10.387361 4.000000 -14.793174
v 10.396297 3.992624 -14.777693
v 12.555675 3.974818 -8.848616
v 12.560065 4.000000 -8.823721
v 12.556961 3.992624 -8.841324
v 12.555675 3.974818 -15.151384
v 12.560065 4.000000 -15.176279
v 12.556961 3.992624 -15.158676
v 13.612639 4.000000 -9.206826
v 13.600000 3.974818 -9.228719
v 13.603703 3.992624 -9.222307
v 14.073173 4.000000 -14.470705
v 14.056921 3.974818 -14.451343
v 14.061680 3.992624 -14.457013
v 14.073173 4.000000 -9.529295
v 14.056921 3.974818 -9.548657
v 14.061680 3.992624 -9.542987
v 13.612639 4.000000 -14.793174
v 13.600000 3.974818 -14.771281
v 13.603703 3.992624 -14.777693
v 13.103110 4.000000 -8.969230
v 13.094464 3.974818 -8.992984
v 13.096997 3.992624 -8.986026
v 13.103110 4.000000 -15.030770
v 13.094464 3.974818 -15.007016
v 13.096997 3.992624 -15.013974
v 14.771281 3.974818 -10.400000
v 14.793174 4.000000 -10.387361
v 14.777693 3.992624 -10.396297
v 14.793036 4.000000 -13.612876
v 14.771281 3.974818 -13.600000
v 14.777653 3.992624 -13.603771
v 15.200000 3.974818 -12.000000
v 15.225278 4.000000 -12.000000
v 15.207403 3.992624 -12.000000
v 15.151384 3.974818 -11.444325
v 15.176279 4.000000 -11.439935
v 15.158676 3.992624 -11.443039
v 15.176279 4.000000 -12.560065
v 15.151384 3.974818 -12.555675
v 15.158676 3.992624 -12.556961
v 15.007016 3.974818 -13.094464
v 15.030805 4.000000 -13.102983
v 15.013984 3.992624 -13.096959
v 14.470705 4.000000 -9.926827
v 14.451343 3.974818 -9.943079
v 14.457013 3.992624 -9.938320
v 15.030770 4.000000 -10.896890
v 15.007016 3.974818 -10.905536
v 15.013974 3.992624 -10.903003
v 14.470798 4.000000 -14.073080
v 14.451343 3.974818 -14.056921
v 14.457041 3.992624 -14.061654
v 12.000000 4.000000 -15.225278
v 12.000000 3.974818 -15.200000
v 12.000000 3.992624 -15.207403
v 12.000000 3.974818 -8.800000
v 12.000000 4.000000 -8.774722
v 12.000000 3.992624 -8.792597
v 31.094465 0.025182 18.992983
v 31.103113 0.000000 18.969229
v 31.096998 0.007376 18.986025
v 31.612637 0.000000 19.206823
v 31.600000 0.025182 19.228718
v 31.603703 0.007376 19.222301
v 32.073174 0.000000 19.529301
v 32.056919 0.025182 19.548658
v 32.061684 0.007376 19.542984
v 32.470711 0.000000 19.926834
v 32.451344 0.025182 19.943079
v 32.457020 0.007376 19.938318
v 30.555674 0.025182 18.848616
v 30.560059 0.000000 18.823719
v 30.556957 0.007376 18.841324
v 32.793171 0.000000 20.387354
v 32.771282 0.025182 20.400000
v 32.777695 0.007376 20.396296
v 30.000000 0.000000 18.774719
v 30.000000 0.025182 18.799999
v 30.000000 0.007376 18.792595
v 33.030766 0.000000 20.896877
v 33.007015 0.025182 20.905535
v 33.013969 0.007376 20.903000
v 29.444326 0.025182 18.848616
v 29.439941 0.000000 18.823719
v 29.443043 0.007376 18.841324
v 33.176281 0.000000 21.439941
v 33.151386 0.025182 21.444326
v 33.158676 0.007376 21.443043
v 28.905535 0.025182 18.992983
v 28.896887 0.000000 18.969229
v 28.903002 0.007376 18.986025
v 33.225277 0.000000 22.000000
v 33.200001 0.025182 22.000000
v 33.207405 0.007376 22.000000
v 26.848616 0.025182 22.555674
v 26.823719 0.000000 22.560059
v 26.841324 0.007376 22.556957
v 26.774626 0.000000 21.998936
v 26.799999 0.025182 22.000000
v 26.792566 0.007376 21.999689
v 26.969229 0.000000 23.103113
v 26.992983 0.025182 23.094465
v 26.986025 0.007376 23.096998
v 26.992983 0.025182 20.905535
v 26.969690 0.000000 20.895897
v 26.986160 0.007376 20.902712
v 26.823334 0.000000 21.442141
v 26.848616 0.025182 21.444326
v 26.841213 0.007376 21.443686
v 27.529165 0.000000 19.926983
v 27.548658 0.025182 19.943079
v 27.542950 0.007376 19.938366
v 27.943079 0.025182 24.451342
v 27.926828 0.000000 24.470705
v 27.938320 0.007376 24.457012
v 27.529295 0.000000 24.073172
v 27.548658 0.025182 24.056921
v 27.542988 0.007376 24.061680
v 27.926905 0.000000 19.529242
v 27.943079 0.025182 19.548658
v 27.938341 0.007376 19.542971
v 28.387363 0.000000 24.793177
v 28.400000 0.025182 24.771282
v 28.396297 0.007376 24.777699
v 27.206823 0.000000 23.612637
v 27.228718 0.025182 23.600000
v 27.222301 0.007376 23.603703
v 27.206863 0.000000 20.387278
v 27.228718 0.025182 20.400000
v 27.222317 0.007376 20.396275
v 28.387363 0.000000 19.206823
v 28.400000 0.025182 19.228718
v 28.396297 0.007376 19.222301
v 28.905535 0.025182 25.007017
v 28.896887 0.000000 25.030771
v 28.903002 0.007376 25.013975
v 30.000000 0.025182 25.200001
v 30.000000 0.000000 25.225281
v 30.000000 0.007376 25.207405
v 31.094465 0.025182 25.007017
v 31.103113 0.000000 25.030771
v 31.096998 0.007376 25.013975
v 30.555674 0.025182 25.151384
v 30.560059 0.000000 25.176281
v 30.556957 0.007376 25.158676
v 29.439941 0.000000 25.176281
v 29.444326 0.025182 25.151384
v 29.443043 0.007376 25.158676
v 32.451344 0.025182 24.056921
v 32.470711 0.000000 24.073166
v 32.457020 0.007376 24.061682
v 32.073174 0.000000 24.470699
v 32.056919 0.025182 24.451342
v 32.061684 0.007376 24.457016
v 33.007015 0.025182 23.094465
v 33.030766 0.000000 23.103123
v 33.013969 0.007376 23.097000
v 33.176281 0.000000 22.560059
v 33.151386 0.025182 22.555674
v 33.158676 0.007376 22.556957
v 31.612637 0.000000 24.793177
v 31.600000 0.025182 24.771282
v 31.603703 0.007376 24.777699
v 32.771282 0.025182 23.600000
v 32.793171 0.000000 23.612646
v 32.777695 0.007376 23.603704
v 26.774721 4.000000 22.000000
v 26.799999 3.974818 22.000000
v 26.792599 3.992624 22.000000
v 26.823719 4.000000 21.439941
v 26.848616 3.974818 21.444326
v 26.841324 3.992624 21.443043
v 26.848616 3.974818 22.555674
v 26.823719 4.000000 22.560059
v 26.841324 3.992624 22.556957
v 27.206823 4.000000 23.612637
v 27.228718 3.974818 23.600000
v 27.222301 3.992624 23.603703
v 27.206823 4.000000 20.387363
v 27.228718 3.974818 20.400000
v 27.222301 3.992624 20.396297
v 27.529295 4.000000 24.073172
v 27.548658 3.974818 24.056921
v 27.542988 3.992624 24.061680
v 26.969229 4.000000 23.103113
v 26.992983 3.974818 23.094465
v 26.986025 3.992624 23.096998
v 26.969229 4.000000 20.896887
v 26.992983 3.974818 20.905535
v 26.986025 3.992624 20.903002
v 27.926828 4.000000 24.470705
v 27.943079 3.974818 24.451342
v 27.938320 3.992624 24.457012
v 27.943079 3.974818 19.548658
v 27.926420 4.000000 19.529638
v 27.938200 3.992624 19.543087
v 28.905535 3.974818 25.007017
v 28.896887 4.000000 25.030771
v 28.903002 3.992624 25.013975
v 29.444326 3.974818 18.848616
v 29.439941 4.000000 18.823719
v 29.443043 3.992624 18.841324
v 29.439941 4.000000 25.176281
v 29.444326 3.974818 25.151384
v 29.443043 3.992624 25.158676
v 28.896887 4.000000 18.969229
v 28.905535 3.974818 18.992983
v 28.903002 3.992624 18.986025
v 28.387363 4.000000 24.793177
v 28.400000 3.974818 24.771282
v 28.396297 3.992624 24.777699
v 28.387598 4.000000 19.206715
v 28.400000 3.974818 19.228718
v 28.396368 3.992624 19.222273
v 27.529438 4.000000 19.926624
v 27.548658 3.974818 19.943079
v 27.543030 3.992624 19.938259
v 30.555674 3.974818 25.151384
v 30.560059 4.000000 25.176281
v 30.556957 3.992624 25.158676
v 30.555674 3.974818 18.848616
v 30.560059 4.000000 18.823719
v 30.556957 3.992624 18.841324
v 32.056919 3.974818 24.451342
v 32.073174 4.000000 24.470699
v 32.061684 3.992624 24.457016
v 31.600000 3.974818 24.771282
v 31.612637 4.000000 24.793177
v 31.603703 3.992624 24.777699
v 31.600000 3.974818 19.228718
v 31.612637 4.000000 19.206823
v 31.603703 3.992624 19.222301
v 31.103113 4.000000 25.030771
v 31.094465 3.974818 25.007017
v 31.096998 3.992624 25.013975
v 31.103113 4.000000 18.969229
v 31.094465 3.974818 18.992983
v 31.096998 3.992624 18.986025
v 32.802860 4.000000 20.408127
v 32.771282 3.974818 20.400000
v 32.780533 3.992624 20.402380
v 32.771282 3.974818 23.600000
v 32.789738 4.000000 23.617552
v 32.776688 3.992624 23.605141
v 32.451344 3.974818 19.943079
v 32.443687 4.000000 19.895452
v 32.449100 3.992624 19.929127
v 33.200001 3.974818 22.000000
v 33.225277 4.000000 22.000000
v 33.207405 3.992624 22.000000
v 33.176281 4.000000 21.439941
v 33.151386 3.974818 21.444326
v 33.158676 3.992624 21.443043
v 33.034809 4.000000 23.091887
v 33.007015 3.974818 23.094465
v 33.015156 3.992624 23.093710
v 33.151386 3.974818 22.555674
v 33.175800 4.000000 22.565563
v 33.158539 3.992624 22.558571
v 33.030766 4.000000 20.896877
v 33.007015 3.974818 20.905535
v 33.013969 3.992624 20.903000
v 32.470711 4.000000 24.073166
v 32.451344 3.974818 24.056921
v 32.457020 3.992624 24.061682
v 30.000000 3.974818 25.200001
v 30.000000 4.000000 25.225281
v 30.000000 3.992624 25.207405
v 32.087147 4.000000 19.539083
v 32.056919 3.974818 19.548658
v 32.065773 3.992624 19.545855
v 30.000000 4.000000 18.774719
v 30.000000 3.974818 18.799999
v 30.000000 3.992624 18.792595
v 27.943079 0.025182 2.548658
v 27.926830 0.000000 2.529293
v 27.938320 0.007376 2.542987
v 28.387360 0.000000 2.206827
v 28.400000 0.025182 2.228719
v 28.396297 0.007376 2.222308
v 29.444326 0.025182 1.848615
v 29.439938 0.000000 1.823721
v 29.443041 0.007376 1.841323
v 28.896887 0.000000 1.969230
v 28.905535 0.025182 1.992984
v 28.903002 0.007376 1.986027
v 30.555674 0.025182 1.848615
v 30.565678 0.000000 1.824212
v 30.558603 0.007376 1.841467
v 31.600000 0.025182 2.228719
v 31.617664 0.000000 2.210345
v 31.605175 0.007376 2.223336
v 31.094465 0.025182 1.992984
v 31.091639 0.000000 1.965102
v 31.093637 0.007376 1.984817
v 30.000000 0.000000 1.774721
v 30.000000 0.025182 1.800000
v 30.000000 0.007376 1.792596
v 32.771282 0.025182 6.600000
v 32.797539 0.000000 6.606411
v 32.778969 0.007376 6.601876
v 32.771282 0.025182 3.400000
v 32.793171 0.000000 3.387356
v 32.777695 0.007376 3.396297
v 32.470715 0.000000 7.073165
v 32.451344 0.025182 7.056921
v 32.457016 0.007376 7.061678
v 32.451344 0.025182 2.943079
v 32.470715 0.000000 2.926835
v 32.457016 0.007376 2.938322
v 33.200001 0.025182 5.000000
v 33.225277 0.000000 5.000000
v 33.207405 0.007376 5.000000
v 33.176281 0.000000 4.439940
v 33.151386 0.025182 4.444326
v 33.158676 0.007376 4.443042
v 33.024963 0.000000 6.118817
v 33.007015 0.025182 6.094464
v 33.012276 0.007376 6.101600
v 33.177025 0.000000 5.551542
v 33.151386 0.025182 5.555674
v 33.158901 0.007376 5.554463
v 33.030766 0.000000 3.896879
v 33.007015 0.025182 3.905535
v 33.013969 0.007376 3.903000
v 32.073174 0.000000 2.529297
v 32.056919 0.025182 2.548658
v 32.061684 0.007376 2.542985
v 32.056919 0.025182 7.451343
v 32.073174 0.000000 7.470702
v 32.061684 0.007376 7.457015
v 31.612638 0.000000 7.793173
v 31.600000 0.025182 7.771281
v 31.603703 0.007376 7.777694
v 27.548658 0.025182 2.943079
v 27.529295 0.000000 2.926829
v 27.542988 0.007376 2.938320
v 27.206825 0.000000 3.387363
v 27.228718 0.025182 3.400000
v 27.222305 0.007376 3.396299
v 27.146254 0.025182 3.576844
v 27.128054 0.000000 3.556288
v 27.140923 0.007376 3.570823
v 31.103113 0.000000 8.030769
v 31.094465 0.025182 8.007016
v 31.096998 0.007376 8.013972
v 26.984423 0.025182 3.937483
v 26.964317 0.000000 3.915217
v 26.978533 0.007376 3.930960
v 26.992983 0.025182 3.905535
v 26.969229 0.000000 3.896888
v 26.986025 0.007376 3.903003
v 30.560064 0.000000 8.176279
v 30.555674 0.025182 8.151384
v 30.556959 0.007376 8.158676
v 26.848616 0.025182 4.444326
v 26.823719 0.000000 4.439940
v 26.841322 0.007376 4.443041
v 30.000000 0.000000 8.225278
v 30.000000 0.025182 8.200000
v 30.000000 0.007376 8.207403
v 26.774719 0.000000 5.000000
v 26.799999 0.025182 5.000000
v 26.792595 0.007376 5.000000
v 29.439936 0.000000 8.176279
v 29.444326 0.025182 8.151384
v 29.443041 0.007376 8.158676
v 26.992983 0.025182 6.094464
v 26.969229 0.000000 6.103112
v 26.986025 0.007376 6.096997
v 26.848616 0.025182 5.555674
v 26.823719 0.000000 5.560060
v 26.841322 0.007376 5.556959
v 28.896887 0.000000 8.030769
v 28.905535 0.025182 8.007016
v 28.903002 0.007376 8.013972
v 27.228718 0.025182 6.600000
v 27.206823 0.000000 6.612637
v 27.222303 0.007376 6.603703
v 28.387362 0.000000 7.793173
v 28.400000 0.025182 7.771281
v 28.396297 0.007376 7.777694
v 27.548658 0.025182 7.056921
v 27.529295 0.000000 7.073171
v 27.542988 0.007376 7.061680
v 27.926830 0.000000 7.470706
v 27.943079 0.025182 7.451343
v 27.938320 0.007376 7.457013
v 27.943079 3.974818 2.548658
v 27.927660 4.000000 2.530013
v 27.938562 3.992624 2.543196
v 29.444326 3.974818 1.848615
v 29.439938 4.000000 1.823721
v 29.443041 3.992624 1.841323
v 28.886274 4.000000 1.972074
v 28.905535 3.974818 1.992984
v 28.899893 3.992624 1.986859
v 28.400000 3.974818 2.228719
v 28.402956 4.000000 2.197365
v 28.400866 3.992624 2.219535
v 30.555674 3.974818 1.848615
v 30.560062 4.000000 1.823721
v 30.556959 3.992624 1.841323
v 31.612640 4.000000 2.206827
v 31.600000 3.974818 2.228719
v 31.603703 3.992624 2.222308
v 31.103113 4.000000 1.969230
v 31.094465 3.974818 1.992984
v 31.096998 3.992624 1.986027
v 30.000000 4.000000 1.774721
v 30.000000 3.974818 1.800000
v 30.000000 3.992624 1.792596
v 32.771282 3.974818 6.600000
v 32.793171 4.000000 6.612645
v 32.777695 3.992624 6.603703
v 32.771282 3.974818 3.400000
v 32.793171 4.000000 3.387356
v 32.777695 3.992624 3.396297
v 32.451344 3.974818 7.056921
v 32.470715 4.000000 7.073165
v 32.457016 3.992624 7.061678
v 32.470715 4.000000 2.926835
v 32.451344 3.974818 2.943079
v 32.457016 3.992624 2.938322
v 33.200001 3.974818 5.000000
v 33.225277 4.000000 5.000000
v 33.207405 3.992624 5.000000
v 33.176281 4.000000 4.439940
v 33.151386 3.974818 4.444326
v 33.158676 3.992624 4.443042
v 33.030766 4.000000 6.103121
v 33.007015 3.974818 6.094464
v 33.013969 3.992624 6.097000
v 33.176281 4.000000 5.560060
v 33.151386 3.974818 5.555674
v 33.158676 3.992624 5.556958
v 33.030766 4.000000 3.896879
v 33.007015 3.974818 3.905535
v 33.013969 3.992624 3.903000
v 32.073174 4.000000 2.529297
v 32.056919 3.974818 2.548658
v 32.061684 3.992624 2.542985
v 32.056919 3.974818 7.451343
v 32.073174 4.000000 7.470702
v 32.061684 3.992624 7.457015
v 26.774719 4.000000 5.000000
v 26.799999 3.974818 5.000000
v 26.792595 3.992624 5.000000
v 26.969229 4.000000 6.103112
v 26.992983 3.974818 6.094464
v 26.986025 3.992624 6.096997
v 26.823719 4.000000 5.560060
v 26.848616 3.974818 5.555674
v 26.841322 3.992624 5.556959
v 26.823719 4.000000 4.439940
v 26.848616 3.974818 4.444326
v 26.841322 3.992624 4.443041
v 27.548658 3.974818 7.056921
v 27.529295 4.000000 7.073171
v 27.542988 3.992624 7.061680
v 27.228718 3.974818 6.600000
v 27.206823 4.000000 6.612637
v 27.222303 3.992624 6.603703
v 27.206825 4.000000 3.387363
v 27.228718 3.974818 3.400000
v 27.222305 3.992624 3.396299
v 26.969229 4.000000 3.896888
v 26.992983 3.974818 3.905535
v 26.986025 3.992624 3.903003
v 27.525812 4.000000 2.931803
v 27.548658 3.974818 2.943079
v 27.541967 3.992624 2.939777
v 29.439936 4.000000 8.176279
v 29.444326 3.974818 8.151384
v 29.443041 3.992624 8.158676
v 28.896887 4.000000 8.030769
v 28.905535 3.974818 8.007016
v 28.903002 3.992624 8.013972
v 28.387362 4.000000 7.793173
v 28.400000 3.974818 7.771281
v 28.396297 3.992624 7.777694
v 30.559687 4.000000 8.176345
v 30.555674 3.974818 8.151384
v 30.556849 3.992624 8.158694
v 31.612638 4.000000 7.793173
v 31.600000 3.974818 7.771281
v 31.603703 3.992624 7.777694
v 30.000000 3.974818 8.200000
v 30.000187 4.000000 8.225294
v 30.000055 3.992624 8.207408
v 31.103283 4.000000 8.030691
v 31.094465 3.974818 8.007016
v 31.097048 3.992624 8.013950
v 27.926830 4.000000 7.470706
v 27.943079 3.974818 7.451343
v 27.938320 3.992624 7.457013
v 26.799999 0.025182 -12.000000
v 26.774723 0.000000 -12.002346
v 26.792595 0.007376 -12.000687
v 26.992983 0.025182 -10.905536
v 26.969229 0.000000 -10.896890
v 26.986025 0.007376 -10.903003
v 26.848616 0.025182 -11.444325
v 26.824017 0.000000 -11.438832
v 26.841408 0.007376 -11.442717
v 26.823431 0.000000 -12.558984
v 26.848616 0.025182 -12.555675
v 26.841240 0.007376 -12.556643
v 27.206825 0.000000 -10.387361
v 27.228718 0.025182 -10.400000
v 27.222305 0.007376 -10.396297
v 27.228718 0.025182 -13.600000
v 27.206825 0.000000 -13.612639
v 27.222305 0.007376 -13.603703
v 27.548658 0.025182 -9.943079
v 27.529295 0.000000 -9.926827
v 27.542988 0.007376 -9.938320
v 26.969229 0.000000 -13.103110
v 26.992983 0.025182 -13.094464
v 26.986025 0.007376 -13.096997
v 27.529295 0.000000 -14.073173
v 27.548658 0.025182 -14.056921
v 27.542988 0.007376 -14.061680
v 28.400000 0.025182 -14.771281
v 28.387363 0.000000 -14.793175
v 28.396297 0.007376 -14.777696
v 27.943079 0.025182 -9.548657
v 27.926828 0.000000 -9.529295
v 27.938320 0.007376 -9.542987
v 27.926828 0.000000 -14.470705
v 27.943079 0.025182 -14.451343
v 27.938320 0.007376 -14.457013
v 28.896887 0.000000 -8.969231
v 28.905535 0.025182 -8.992984
v 28.903002 0.007376 -8.986028
v 29.444326 0.025182 -8.848616
v 29.438732 0.000000 -8.824044
v 29.442688 0.007376 -8.841419
v 29.444326 0.025182 -15.151384
v 29.439936 0.000000 -15.176279
v 29.443041 0.007376 -15.158676
v 28.387363 0.000000 -9.206825
v 28.400000 0.025182 -9.228719
v 28.396297 0.007376 -9.222304
v 28.896887 0.000000 -15.030769
v 28.905535 0.025182 -15.007016
v 28.903002 0.007376 -15.013972
v 31.094465 0.025182 -8.992984
v 31.103113 0.000000 -8.969231
v 31.096998 0.007376 -8.986028
v 30.558882 0.000000 -8.823404
v 30.555674 0.025182 -8.848616
v 30.556614 0.007376 -8.841231
v 30.555674 0.025182 -15.151384
v 30.560064 0.000000 -15.176279
v 30.556959 0.007376 -15.158676
v 32.056919 0.025182 -14.451343
v 32.103733 0.000000 -14.444406
v 32.070629 0.007376 -14.449311
v 31.612637 0.000000 -9.206825
v 31.600000 0.025182 -9.228719
v 31.603703 0.007376 -9.222304
v 31.600000 0.025182 -14.771281
v 31.592493 0.000000 -14.802568
v 31.597801 0.007376 -14.780443
v 32.056919 0.025182 -9.548657
v 32.073174 0.000000 -9.529299
v 32.061684 0.007376 -9.542985
v 31.103113 0.000000 -15.030769
v 31.094465 0.025182 -15.007016
v 31.096998 0.007376 -15.013972
v 32.771282 0.025182 -10.400000
v 32.793171 0.000000 -10.387353
v 32.777695 0.007376 -10.396296
v 32.451344 0.025182 -9.943079
v 32.470715 0.000000 -9.926834
v 32.457016 0.007376 -9.938321
v 32.771282 0.025182 -13.600000
v 32.793171 0.000000 -13.612647
v 32.777695 0.007376 -13.603704
v 33.200001 0.025182 -12.000000
v 33.225277 0.000000 -12.000000
v 33.207405 0.007376 -12.000000
v 33.151386 0.025182 -12.555675
v 33.176281 0.000000 -12.560061
v 33.158676 0.007376 -12.556959
v 33.030766 0.000000 -10.896880
v 33.007015 0.025182 -10.905536
v 33.013969 0.007376 -10.903001
v 33.176281 0.000000 -11.439939
v 33.151386 0.025182 -11.444325
v 33.158676 0.007376 -11.443041
v 33.030766 0.000000 -13.103120
v 33.007015 0.025182 -13.094464
v 33.013969 0.007376 -13.096999
v 32.451344 0.025182 -14.056921
v 32.461143 0.000000 -14.086832
v 32.454216 0.007376 -14.065686
v 30.000000 0.025182 -15.200000
v 30.000000 0.000000 -15.225278
v 30.000000 0.007376 -15.207403
v 30.000000 0.025182 -8.800000
v 30.002563 0.000000 -8.774724
v 30.000751 0.007376 -8.792597
v 26.799999 3.974818 -12.000000
v 26.774723 4.000000 -12.002346
v 26.792595 3.992624 -12.000687
v 26.992983 3.974818 -10.905536
v 26.969229 4.000000 -10.896890
v 26.986025 3.992624 -10.903003
v 26.824017 4.000000 -11.438832
v 26.848616 3.974818 -11.444325
v 26.841408 3.992624 -11.442717
v 26.823431 4.000000 -12.558984
v 26.848616 3.974818 -12.555675
v 26.841240 3.992624 -12.556643
v 27.206825 4.000000 -10.387361
v 27.228718 3.974818 -10.400000
v 27.222305 3.992624 -10.396297
v 27.206825 4.000000 -13.612639
v 27.228718 3.974818 -13.600000
v 27.222305 3.992624 -13.603703
v 27.529295 4.000000 -9.926827
v 27.548658 3.974818 -9.943079
v 27.542988 3.992624 -9.938320
v 26.969229 4.000000 -13.103110
v 26.992983 3.974818 -13.094464
v 26.986025 3.992624 -13.096997
v 27.529295 4.000000 -14.073173
v 27.548658 3.974818 -14.056921
v 27.542988 3.992624 -14.061680
v 28.400000 3.974818 -9.228719
v 28.387363 4.000000 -9.206825
v 28.396297 3.992624 -9.222304
v 27.943079 3.974818 -9.548657
v 27.926828 4.000000 -9.529295
v 27.938320 3.992624 -9.542987
v 27.926828 4.000000 -14.470705
v 27.943079 3.974818 -14.451343
v 27.938320 3.992624 -14.457013
v 28.895987 4.000000 -8.969650
v 28.905535 3.974818 -8.992984
v 28.902739 3.992624 -8.986151
v 29.439936 4.000000 -15.176279
v 29.444326 3.974818 -15.151384
v 29.443041 3.992624 -15.158676
v 29.441946 4.000000 -8.823368
v 29.444326 3.974818 -8.848616
v 29.443628 3.992624 -8.841221
v 28.896887 4.000000 -15.030769
v 28.905535 3.974818 -15.007016
v 28.903002 3.992624 -15.013972
v 28.387363 4.000000 -14.793175
v 28.400000 3.974818 -14.771281
v 28.396297 3.992624 -14.777696
v 30.555674 3.974818 -8.848616
v 30.560064 4.000000 -8.823721
v 30.556959 3.992624 -8.841324
v 30.560064 4.000000 -15.176279
v 30.555674 3.974818 -15.151384
v 30.556959 3.992624 -15.158676
v 32.056919 3.974818 -9.548657
v 32.073174 4.000000 -9.529299
v 32.061684 3.992624 -9.542985
v 31.612637 4.000000 -9.206825
v 31.600000 3.974818 -9.228719
v 31.603703 3.992624 -9.222304
v 31.592491 4.000000 -14.802568
v 31.600000 3.974818 -14.771281
v 31.597801 3.992624 -14.780443
v 31.103113 4.000000 -8.969231
v 31.094465 3.974818 -8.992984
v 31.096998 3.992624 -8.986028
v 31.103113 4.000000 -15.030769
v 31.094465 3.974818 -15.007016
v 31.096998 3.992624 -15.013972
v 32.793171 4.000000 -13.612647
v 32.771282 3.974818 -13.600000
v 32.777695 3.992624 -13.603704
v 32.771282 3.974818 -10.400000
v 32.793171 4.000000 -10.387353
v 32.777695 3.992624 -10.396296
v 32.461143 4.000000 -14.086832
v 32.451344 3.974818 -14.056921
v 32.454216 3.992624 -14.065686
v 33.225277 4.000000 -12.000000
v 33.200001 3.974818 -12.000000
v 33.207405 3.992624 -12.000000
v 33.176281 4.000000 -12.560061
v 33.151386 3.974818 -12.555675
v 33.158676 3.992624 -12.556959
v 33.030766 4.000000 -10.896880
v 33.007015 3.974818 -10.905536
v 33.013969 3.992624 -10.903001
v 33.176281 4.000000 -11.439939
v 33.151386 3.974818 -11.444325
v 33.158676 3.992624 -11.443041
v 33.007015 3.974818 -13.094464
v 33.030766 4.000000 -13.103120
v 33.013969 3.992624 -13.096999
v 32.451344 3.974818 -9.943079
v 32.470715 4.000000 -9.926834
v 32.457016 3.992624 -9.938321
v 32.103733 4.000000 -14.444406
v 32.056919 3.974818 -14.451343
v 32.070629 3.992624 -14.449311
v 30.000000 4.000000 -15.225278
v 30.000000 3.974818 -15.200000
v 30.000000 3.992624 -15.207403
v 29.999029 4.000000 -8.774636
v 30.000000 3.974818 -8.800000
v 29.999716 3.992624 -8.792571
v 47.444324 0.025182 18.848616
v 47.447201 0.000000 18.822800
v 47.445168 0.007376 18.841057
v 48.555676 0.025182 18.848616
v 48.556484 0.000000 18.822762
v 48.555912 0.007376 18.841045
v 48.002563 0.000000 18.774273
v 48.000000 0.025182 18.799999
v 48.000751 0.007376 18.792463
v 49.103107 0.000000 18.969229
v 49.094463 0.025182 18.992983
v 49.096996 0.007376 18.986025
v 49.612629 0.000000 19.206821
v 49.599998 0.025182 19.228718
v 49.603699 0.007376 19.222301
v 50.056919 0.025182 24.451342
v 50.073807 0.000000 24.470068
v 50.061863 0.007376 24.456825
v 50.073174 0.000000 19.529301
v 50.056919 0.025182 19.548658
v 50.061684 0.007376 19.542984
v 50.771282 0.025182 23.600000
v 50.793171 0.000000 23.612646
v 50.777695 0.007376 23.603704
v 50.771282 0.025182 20.400000
v 50.793171 0.000000 20.387354
v 50.777695 0.007376 20.396296
v 51.200001 0.025182 22.000000
v 51.225277 0.000000 22.000000
v 51.207405 0.007376 22.000000
v 51.176281 0.000000 22.560059
v 51.151386 0.025182 22.555674
v 51.158676 0.007376 22.556957
v 51.176281 0.000000 21.439941
v 51.151386 0.025182 21.444326
v 51.158676 0.007376 21.443043
v 51.030766 0.000000 20.896877
v 51.007015 0.025182 20.905535
v 51.013969 0.007376 20.903000
v 50.470711 0.000000 24.073166
v 50.451344 0.025182 24.056921
v 50.457020 0.007376 24.061682
v 51.030766 0.000000 23.103123
v 51.007015 0.025182 23.094465
v 51.013969 0.007376 23.097000
v 50.470711 0.000000 19.926834
v 50.451344 0.025182 19.943079
v 50.457020 0.007376 19.938318
v 46.905537 0.025182 18.992983
v 46.891922 0.000000 18.971546
v 46.901550 0.007376 18.986706
v 49.611038 0.000000 24.794098
v 49.599998 0.025182 24.771282
v 49.603233 0.007376 24.777966
v 46.400002 0.025182 19.228718
v 46.387371 0.000000 19.206821
v 46.396301 0.007376 19.222301
v 49.103962 0.000000 25.030542
v 49.094463 0.025182 25.007017
v 49.097244 0.007376 25.013908
v 44.992985 0.025182 20.905535
v 44.969234 0.000000 20.896877
v 44.986031 0.007376 20.903000
v 45.548656 0.025182 19.943079
v 45.529289 0.000000 19.926834
v 45.542980 0.007376 19.938318
v 45.206829 0.000000 20.387354
v 45.228718 0.025182 20.400000
v 45.222305 0.007376 20.396296
v 47.444324 0.025182 25.151384
v 47.439938 0.000000 25.176279
v 47.443039 0.007376 25.158676
v 48.000000 0.025182 25.200001
v 48.000000 0.000000 25.225281
v 48.000000 0.007376 25.207405
v 48.560062 0.000000 25.176279
v 48.555676 0.025182 25.151384
v 48.556961 0.007376 25.158676
v 45.926826 0.000000 19.529301
v 45.943081 0.025182 19.548658
v 45.938316 0.007376 19.542984
v 44.823719 0.000000 21.439941
v 44.848614 0.025182 21.444326
v 44.841324 0.007376 21.443043
v 44.799999 0.025182 22.000000
v 44.774723 0.000000 22.000000
v 44.792595 0.007376 22.000000
v 44.809624 0.025182 22.110012
v 44.780941 0.000000 22.071089
v 44.801216 0.007376 22.098606
v 46.896893 0.000000 25.030771
v 46.905537 0.025182 25.007017
v 46.903004 0.007376 25.013975
v 44.992985 0.025182 23.094465
v 44.969234 0.000000 23.103123
v 44.986031 0.007376 23.097000
v 44.848614 0.025182 22.555674
v 44.823719 0.000000 22.560059
v 44.841324 0.007376 22.556957
v 46.387371 0.000000 24.793179
v 46.400002 0.025182 24.771282
v 46.396301 0.007376 24.777699
v 45.228718 0.025182 23.600000
v 45.206829 0.000000 23.612646
v 45.222305 0.007376 23.603704
v 45.529289 0.000000 24.073166
v 45.548656 0.025182 24.056921
v 45.542980 0.007376 24.061682
v 45.926826 0.000000 24.470699
v 45.943081 0.025182 24.451342
v 45.938316 0.007376 24.457016
v 44.774723 4.000000 22.002346
v 44.799999 3.974818 22.000000
v 44.792595 3.992624 22.000687
v 44.969234 4.000000 23.103123
v 44.992985 3.974818 23.094465
v 44.986031 3.992624 23.097000
v 44.823429 4.000000 22.558971
v 44.848614 3.974818 22.555674
v 44.841240 3.992624 22.556641
v 44.824013 4.000000 21.438854
v 44.848614 3.974818 21.444326
v 44.841404 3.992624 21.442722
v 45.206829 4.000000 23.612646
v 45.228718 3.974818 23.600000
v 45.222305 3.992624 23.603704
v 45.206829 4.000000 20.387354
v 45.228718 3.974818 20.400000
v 45.222305 3.992624 20.396296
v 45.529289 4.000000 24.073166
v 45.548656 3.974818 24.056921
v 45.542980 3.992624 24.061682
v 44.969234 4.000000 20.896877
v 44.992985 3.974818 20.905535
v 44.986031 3.992624 20.903000
v 45.529289 4.000000 19.926834
v 45.548656 3.974818 19.943079
v 45.542980 3.992624 19.938318
v 46.400002 3.974818 24.771282
v 46.387371 4.000000 24.793179
v 46.396301 3.992624 24.777699
v 45.926826 4.000000 24.470699
v 45.943081 3.974818 24.451342
v 45.938316 3.992624 24.457016
v 45.943081 3.974818 19.548658
v 45.926826 4.000000 19.529301
v 45.938316 3.992624 19.542984
v 46.896893 4.000000 18.969229
v 46.905537 3.974818 18.992983
v 46.903004 3.992624 18.986025
v 47.439938 4.000000 25.176279
v 47.444324 3.974818 25.151384
v 47.443039 3.992624 25.158676
v 47.439938 4.000000 18.823721
v 47.444324 3.974818 18.848616
v 47.443039 3.992624 18.841324
v 46.896893 4.000000 25.030771
v 46.905537 3.974818 25.007017
v 46.903004 3.992624 25.013975
v 46.400002 3.974818 19.228718
v 46.387371 4.000000 19.206821
v 46.396301 3.992624 19.222301
v 48.555676 3.974818 25.151384
v 48.560062 4.000000 25.176279
v 48.556961 3.992624 25.158676
v 48.555676 3.974818 18.848616
v 48.560062 4.000000 18.823721
v 48.556961 3.992624 18.841324
v 49.599998 3.974818 24.771282
v 49.611038 4.000000 24.794098
v 49.603233 3.992624 24.777966
v 50.059124 4.000000 19.519754
v 50.056919 3.974818 19.548658
v 50.057564 3.992624 19.540194
v 50.073807 4.000000 24.470068
v 50.056919 3.974818 24.451342
v 50.061863 3.992624 24.456825
v 49.599998 3.974818 19.228718
v 49.596954 4.000000 19.196421
v 49.599106 3.992624 19.219261
v 49.103962 4.000000 25.030542
v 49.094463 3.974818 25.007017
v 49.097244 3.992624 25.013908
v 49.118088 4.000000 18.973242
v 49.094463 3.974818 18.992983
v 49.101387 3.992624 18.987198
v 50.771282 3.974818 23.600000
v 50.793171 4.000000 23.612646
v 50.777695 3.992624 23.603704
v 50.771282 3.974818 20.400000
v 50.793171 4.000000 20.387354
v 50.777695 3.992624 20.396296
v 51.200001 3.974818 22.000000
v 51.225277 4.000000 22.000000
v 51.207405 3.992624 22.000000
v 51.151386 3.974818 22.555674
v 51.176281 4.000000 22.560059
v 51.158676 3.992624 22.556957
v 51.176281 4.000000 21.439941
v 51.151386 3.974818 21.444326
v 51.158676 3.992624 21.443043
v 51.030766 4.000000 20.896877
v 51.007015 3.974818 20.905535
v 51.013969 3.992624 20.903000
v 50.470711 4.000000 24.073166
v 50.451344 3.974818 24.056921
v 50.457020 3.992624 24.061682
v 51.030766 4.000000 23.103123
v 51.007015 3.974818 23.094465
v 51.013969 3.992624 23.097000
v 50.480835 4.000000 19.941288
v 50.451344 3.974818 19.943079
v 50.459976 3.992624 19.942554
v 48.000000 3.974818 18.799999
v 48.000000 4.000000 18.774719
v 48.000000 3.992624 18.792595
v 48.000000 4.000000 25.225281
v 48.000000 3.974818 25.200001
v 48.000000 3.992624 25.207405
v 51.151386 0.025182 5.555674
v 51.176281 0.000000 5.560060
v 51.158676 0.007376 5.556958
v 51.200001 0.025182 5.000000
v 51.225277 0.000000 5.000000
v 51.207405 0.007376 5.000000
v 51.030766 0.000000 6.103121
v 51.007015 0.025182 6.094464
v 51.013969 0.007376 6.097000
v 50.793171 0.000000 6.612645
v 50.771282 0.025182 6.600000
v 50.777695 0.007376 6.603703
v 51.176281 0.000000 4.439940
v 51.151386 0.025182 4.444326
v 51.158676 0.007376 4.443042
v 51.007015 0.025182 3.905535
v 51.030766 0.000000 3.896879
v 51.013969 0.007376 3.903000
v 50.470715 0.000000 7.073165
v 50.451344 0.025182 7.056921
v 50.457016 0.007376 7.061678
v 50.073174 0.000000 7.470702
v 50.056919 0.025182 7.451343
v 50.061684 0.007376 7.457015
v 50.771282 0.025182 3.400000
v 50.793171 0.000000 3.387356
v 50.777695 0.007376 3.396297
v 49.612633 0.000000 7.793176
v 49.599998 0.025182 7.771281
v 49.603699 0.007376 7.777694
v 50.479000 0.000000 2.938672
v 50.451344 0.025182 2.943079
v 50.459446 0.007376 2.941788
v 49.075199 0.025182 8.012177
v 49.072529 0.000000 8.038963
v 49.074417 0.007376 8.020021
v 49.103115 0.000000 8.030768
v 49.094463 0.025182 8.007016
v 49.096996 0.007376 8.013973
v 50.056919 0.025182 2.548658
v 50.052078 0.000000 2.511894
v 50.055500 0.007376 2.537893
v 48.636120 0.000000 8.155900
v 48.639114 0.025182 8.129026
v 48.638237 0.007376 8.136900
v 49.599998 0.025182 2.228719
v 49.623455 0.000000 2.211870
v 49.606865 0.007376 2.223786
v 48.560070 0.000000 8.176278
v 48.555676 0.025182 8.151384
v 48.556961 0.007376 8.158676
v 48.000000 0.000000 8.225278
v 48.000000 0.025182 8.200000
v 48.000000 0.007376 8.207403
v 49.103107 0.000000 1.969229
v 49.094463 0.025182 1.992984
v 49.096996 0.007376 1.986026
v 47.439930 0.000000 8.176278
v 47.444324 0.025182 8.151384
v 47.443039 0.007376 8.158676
v 48.555676 0.025182 1.848615
v 48.560066 0.000000 1.823721
v 48.556961 0.007376 1.841324
v 44.799999 0.025182 5.000000
v 44.774723 0.000000 5.000000
v 44.792595 0.007376 5.000000
v 44.992985 0.025182 6.094464
v 44.969234 0.000000 6.103121
v 44.986031 0.007376 6.097000
v 44.848614 0.025182 5.555674
v 44.823719 0.000000 5.560060
v 44.841324 0.007376 5.556958
v 44.823719 0.000000 4.439940
v 44.848614 0.025182 4.444326
v 44.841324 0.007376 4.443042
v 45.548656 0.025182 2.943079
v 45.529285 0.000000 2.926835
v 45.542984 0.007376 2.938322
v 45.206829 0.000000 6.612645
v 45.228718 0.025182 6.600000
v 45.222305 0.007376 6.603703
v 45.206829 0.000000 3.387356
v 45.228718 0.025182 3.400000
v 45.222305 0.007376 3.396297
v 45.548656 0.025182 7.056921
v 45.529285 0.000000 7.073165
v 45.542984 0.007376 7.061678
v 44.969234 0.000000 3.896879
v 44.992985 0.025182 3.905535
v 44.986031 0.007376 3.903000
v 45.943081 0.025182 7.451343
v 45.926826 0.000000 7.470702
v 45.938316 0.007376 7.457015
v 46.400002 0.025182 7.771281
v 46.387367 0.000000 7.793176
v 46.396301 0.007376 7.777694
v 46.400002 0.025182 2.228719
v 46.387367 0.000000 2.206825
v 46.396301 0.007376 2.222306
v 48.000000 0.025182 1.800000
v 48.000000 0.000000 1.774722
v 48.000000 0.007376 1.792596
v 47.439934 0.000000 1.823721
v 47.444324 0.025182 1.848615
v 47.443039 0.007376 1.841324
v 46.896893 0.000000 8.030771
v 46.905537 0.025182 8.007016
v 46.903004 0.007376 8.013975
v 46.896893 0.000000 1.969229
v 46.905537 0.025182 1.992984
v 46.903004 0.007376 1.986026
v 45.926826 0.000000 2.529297
v 45.943081 0.025182 2.548658
v 45.938316 0.007376 2.542985
v 51.151386 3.974818 5.555674
v 51.176281 4.000000 5.560060
v 51.158676 3.992624 5.556958
v 51.113106 3.974818 5.698537
v 51.102734 4.000000 5.834538
v 51.110069 3.992624 5.738352
v 51.225277 4.000000 5.000000
v 51.200001 3.974818 5.000000
v 51.207405 3.992624 5.000000
v 44.774723 4.000000 5.000000
v 44.799999 3.974818 5.000000
v 44.792595 3.992624 5.000000
v 44.992985 3.974818 6.094464
v 44.969234 4.000000 6.103121
v 44.986031 3.992624 6.097000
v 44.823719 4.000000 5.560060
v 44.848614 3.974818 5.555674
v 44.841324 3.992624 5.556958
v 44.823719 4.000000 4.439940
v 44.848614 3.974818 4.444326
v 44.841324 3.992624 4.443042
v 45.206829 4.000000 6.612645
v 45.228718 3.974818 6.600000
v 45.222305 3.992624 6.603703
v 45.206829 4.000000 3.387356
v 45.228718 3.974818 3.400000
v 45.222305 3.992624 3.396297
v 44.969234 4.000000 3.896879
v 44.992985 3.974818 3.905535
v 44.986031 3.992624 3.903000
v 45.548656 3.974818 2.943079
v 45.529285 4.000000 2.926835
v 45.542984 3.992624 2.938322
v 46.387367 4.000000 7.793176
v 46.400002 3.974818 7.771281
v 46.396301 3.992624 7.777694
v 45.926826 4.000000 7.470702
v 45.943081 3.974818 7.451343
v 45.938316 3.992624 7.457015
v 45.926826 4.000000 2.529297
v 45.943081 3.974818 2.548658
v 45.938316 3.992624 2.542985
v 46.905537 3.974818 1.992984
v 46.896893 4.000000 1.969229
v 46.903004 3.992624 1.986026
v 47.439930 4.000000 8.176278
v 47.444324 3.974818 8.151384
v 47.443039 3.992624 8.158676
v 47.439934 4.000000 1.823721
v 47.444324 3.974818 1.848615
v 47.443039 3.992624 1.841324
v 46.896893 4.000000 8.030771
v 46.905537 3.974818 8.007016
v 46.903004 3.992624 8.013975
v 46.400002 3.974818 2.228719
v 46.387367 4.000000 2.206825
v 46.396301 3.992624 2.222306
v 45.529285 4.000000 7.073165
v 45.548656 3.974818 7.056921
v 45.542984 3.992624 7.061678
v 48.558056 4.000000 8.176632
v 48.555676 3.974818 8.151384
v 48.556374 3.992624 8.158779
v 48.555676 3.974818 1.848615
v 48.560066 4.000000 1.823721
v 48.556961 3.992624 1.841324
v 49.612633 4.000000 7.793176
v 49.599998 3.974818 7.771281
v 49.603699 3.992624 7.777694
v 50.073174 4.000000 7.470702
v 50.056919 3.974818 7.451343
v 50.061684 3.992624 7.457015
v 49.599998 3.974818 2.228719
v 49.623455 4.000000 2.211870
v 49.606865 3.992624 2.223786
v 49.104012 4.000000 8.030350
v 49.094463 3.974818 8.007016
v 49.097260 3.992624 8.013848
v 49.103107 4.000000 1.969229
v 49.094463 3.974818 1.992984
v 49.096996 3.992624 1.986026
v 50.793171 4.000000 6.612645
v 50.771282 3.974818 6.600000
v 50.777695 3.992624 6.603703
v 50.470715 4.000000 7.073165
v 50.451344 3.974818 7.056921
v 50.457016 3.992624 7.061678
v 50.479000 4.000000 2.938672
v 50.451344 3.974818 2.943079
v 50.459446 3.992624 2.941788
v 51.007015 3.974818 3.905535
v 51.030766 4.000000 3.896879
v 51.013969 3.992624 3.903000
v 51.176281 4.000000 4.439940
v 51.151386 3.974818 4.444326
v 51.158676 3.992624 4.443042
v 51.030766 4.000000 6.103121
v 51.007015 3.974818 6.094464
v 51.013969 3.992624 6.097000
v 50.771282 3.974818 3.400000
v 50.793171 4.000000 3.387356
v 50.777695 3.992624 3.396297
v 50.052078 4.000000 2.511894
v 50.056919 3.974818 2.548658
v 50.055500 3.992624 2.537893
v 48.000000 3.974818 8.200000
v 48.000973 4.000000 8.225363
v 48.000286 3.992624 8.207428
v 48.000000 4.000000 1.774722
v 48.000000 3.974818 1.800000
v 48.000000 3.992624 1.792596
v 44.799999 0.025182 -12.000000
v 44.774693 0.000000 -12.000330
v 44.792587 0.007376 -12.000096
v 44.992985 0.025182 -10.905536
v 44.969234 0.000000 -10.896880
v 44.986031 0.007376 -10.903001
v 44.848614 0.025182 -11.444325
v 44.823719 0.000000 -11.439939
v 44.841324 0.007376 -11.443041
v 44.823601 0.000000 -12.559381
v 44.848614 0.025182 -12.555675
v 44.841286 0.007376 -12.556761
v 45.228718 0.025182 -10.400000
v 45.206829 0.000000 -10.387353
v 45.222305 0.007376 -10.396296
v 45.228718 0.025182 -13.600000
v 45.206829 0.000000 -13.612647
v 45.222305 0.007376 -13.603704
v 45.548656 0.025182 -9.943079
v 45.529285 0.000000 -9.926834
v 45.542984 0.007376 -9.938321
v 44.969368 0.000000 -13.103409
v 44.992985 0.025182 -13.094464
v 44.986069 0.007376 -13.097082
v 45.529285 0.000000 -14.073166
v 45.548656 0.025182 -14.056921
v 45.542984 0.007376 -14.061679
v 46.400002 0.025182 -14.771281
v 46.387371 0.000000 -14.793178
v 46.396301 0.007376 -14.777697
v 45.926826 0.000000 -9.529299
v 45.943081 0.025182 -9.548657
v 45.938316 0.007376 -9.542985
v 45.926826 0.000000 -14.470701
v 45.943081 0.025182 -14.451343
v 45.938316 0.007376 -14.457015
v 46.905537 0.025182 -8.992984
v 46.896893 0.000000 -8.969229
v 46.903004 0.007376 -8.986025
v 47.444324 0.025182 -8.848616
v 47.439930 0.000000 -8.823722
v 47.443039 0.007376 -8.841324
v 47.444324 0.025182 -15.151384
v 47.439930 0.000000 -15.176278
v 47.443039 0.007376 -15.158676
v 46.387371 0.000000 -9.206822
v 46.400002 0.025182 -9.228719
v 46.396301 0.007376 -9.222303
v 46.896893 0.000000 -15.030771
v 46.905537 0.025182 -15.007016
v 46.903004 0.007376 -15.013975
v 48.555676 0.025182 -8.848616
v 48.558979 0.000000 -8.823530
v 48.556644 0.007376 -8.841269
v 48.555676 0.025182 -15.151384
v 48.560070 0.000000 -15.176278
v 48.556961 0.007376 -15.158676
v 49.599998 0.025182 -14.771281
v 49.612629 0.000000 -14.793178
v 49.603699 0.007376 -14.777697
v 50.056919 0.025182 -9.548657
v 50.073174 0.000000 -9.529299
v 50.061684 0.007376 -9.542985
v 49.612629 0.000000 -9.206822
v 49.599998 0.025182 -9.228719
v 49.603699 0.007376 -9.222303
v 50.073174 0.000000 -14.470701
v 50.056919 0.025182 -14.451343
v 50.061684 0.007376 -14.457015
v 49.103596 0.000000 -8.969457
v 49.094463 0.025182 -8.992984
v 49.097137 0.007376 -8.986093
v 49.103107 0.000000 -15.030771
v 49.094463 0.025182 -15.007016
v 49.096996 0.007376 -15.013975
v 50.771282 0.025182 -10.400000
v 50.793171 0.000000 -10.387353
v 50.777695 0.007376 -10.396296
v 50.470715 0.000000 -9.926834
v 50.451344 0.025182 -9.943079
v 50.457016 0.007376 -9.938321
v 50.771282 0.025182 -13.600000
v 50.793171 0.000000 -13.612647
v 50.777695 0.007376 -13.603704
v 51.200001 0.025182 -12.000000
v 51.225277 0.000000 -12.000000
v 51.207405 0.007376 -12.000000
v 51.151386 0.025182 -12.555675
v 51.176281 0.000000 -12.560061
v 51.158676 0.007376 -12.556959
v 51.176281 0.000000 -11.439939
v 51.151386 0.025182 -11.444325
v 51.158676 0.007376 -11.443041
v 51.030766 0.000000 -13.103120
v 51.007015 0.025182 -13.094464
v 51.013969 0.007376 -13.096999
v 51.030766 0.000000 -10.896880
v 51.007015 0.025182 -10.905536
v 51.013969 0.007376 -10.903001
v 50.470715 0.000000 -14.073166
v 50.451344 0.025182 -14.056921
v 50.457016 0.007376 -14.061679
v 48.000000 0.000000 -15.225278
v 48.000000 0.025182 -15.200000
v 48.000000 0.007376 -15.207403
v 48.000526 0.000000 -8.774675
v 48.000000 0.025182 -8.800000
v 48.000153 0.007376 -8.792583
v 44.774693 4.000000 -12.000330
v 44.799999 3.974818 -12.000000
v 44.792587 3.992624 -12.000096
v 44.969234 4.000000 -10.896880
v 44.992985 3.974818 -10.905536
v 44.986031 3.992624 -10.903001
v 44.823719 4.000000 -11.439939
v 44.848614 3.974818 -11.444325
v 44.841324 3.992624 -11.443041
v 44.823601 4.000000 -12.559381
v 44.848614 3.974818 -12.555675
v 44.841286 3.992624 -12.556761
v 45.206829 4.000000 -10.387353
v 45.228718 3.974818 -10.400000
v 45.222305 3.992624 -10.396296
v 45.228718 3.974818 -13.600000
v 45.206829 4.000000 -13.612647
v 45.222305 3.992624 -13.603704
v 45.529285 4.000000 -9.926834
v 45.548656 3.974818 -9.943079
v 45.542984 3.992624 -9.938321
v 44.969368 4.000000 -13.103409
v 44.992985 3.974818 -13.094464
v 44.986069 3.992624 -13.097082
v 45.529285 4.000000 -14.073166
v 45.548656 3.974818 -14.056921
v 45.542984 3.992624 -14.061679
v 46.387371 4.000000 -9.206822
v 46.400002 3.974818 -9.228719
v 46.396301 3.992624 -9.222303
v 45.926826 4.000000 -9.529299
v 45.943081 3.974818 -9.548657
v 45.938316 3.992624 -9.542985
v 45.926826 4.000000 -14.470701
v 45.943081 3.974818 -14.451343
v 45.938316 3.992624 -14.457015
v 46.905537 3.974818 -15.007016
v 46.896893 4.000000 -15.030771
v 46.903004 3.992624 -15.013975
v 47.444324 3.974818 -8.848616
v 47.439930 4.000000 -8.823722
v 47.443039 3.992624 -8.841324
v 47.444324 3.974818 -15.151384
v 47.439930 4.000000 -15.176278
v 47.443039 3.992624 -15.158676
v 46.896893 4.000000 -8.969229
v 46.905537 3.974818 -8.992984
v 46.903004 3.992624 -8.986025
v 46.400002 3.974818 -14.771281
v 46.387371 4.000000 -14.793178
v 46.396301 3.992624 -14.777697
v 48.558979 4.000000 -8.823530
v 48.555676 3.974818 -8.848616
v 48.556644 3.992624 -8.841269
v 48.560070 4.000000 -15.176278
v 48.555676 3.974818 -15.151384
v 48.556961 3.992624 -15.158676
v 49.599998 3.974818 -9.228719
v 49.612629 4.000000 -9.206822
v 49.603699 3.992624 -9.222303
v 50.073174 4.000000 -9.529299
v 50.056919 3.974818 -9.548657
v 50.061684 3.992624 -9.542985
v 49.599998 3.974818 -14.771281
v 49.612629 4.000000 -14.793178
v 49.603699 3.992624 -14.777697
v 49.103596 4.000000 -8.969457
v 49.094463 3.974818 -8.992984
v 49.097137 3.992624 -8.986093
v 49.103107 4.000000 -15.030771
v 49.094463 3.974818 -15.007016
v 49.096996 3.992624 -15.013975
v 50.793171 4.000000 -13.612647
v 50.771282 3.974818 -13.600000
v 50.777695 3.992624 -13.603704
v 50.793171 4.000000 -10.387353
v 50.771282 3.974818 -10.400000
v 50.777695 3.992624 -10.396296
v 50.470715 4.000000 -14.073166
v 50.451344 3.974818 -14.056921
v 50.457016 3.992624 -14.061679
v 51.200001 3.974818 -12.000000
v 51.225277 4.000000 -12.000000
v 51.207405 3.992624 -12.000000
v 51.176281 4.000000 -12.560061
v 51.151386 3.974818 -12.555675
v 51.158676 3.992624 -12.556959
v 51.151386 3.974818 -11.444325
v 51.176281 4.000000 -11.439939
v 51.158676 3.992624 -11.443041
v 51.030766 4.000000 -13.103120
v 51.007015 3.974818 -13.094464
v 51.013969 3.992624 -13.096999
v 51.030766 4.000000 -10.896880
v 51.007015 3.974818 -10.905536
v 51.013969 3.992624 -10.903001
v 50.470715 4.000000 -9.926834
v 50.451344 3.974818 -9.943079
v 50.457016 3.992624 -9.938321
v 50.056919 3.974818 -14.451343
v 50.073174 4.000000 -14.470701
v 50.061684 3.992624 -14.457015
v 48.000000 4.000000 -15.225278
v 48.000000 3.974818 -15.200000
v 48.000000 3.992624 -15.207403
v 48.000526 4.000000 -8.774675
v 48.000000 3.974818 -8.800000
v 48.000153 3.992624 -8.792583
v -12.440225 15.226299 38.025181
v -12.464351 15.218978 38.000000
v -12.447290 15.224155 38.007370
v -10.809105 11.777587 38.025181
v -10.830069 11.763580 38.000000
v -10.815245 11.773485 38.007370
v -11.487210 12.859955 38.000000
v -11.464976 12.871842 38.025181
v -11.471489 12.868361 38.007370
v -10.049135 10.752887 38.025181
v -10.068625 10.736893 38.000000
v -10.054843 10.748203 38.007370
v -12.010433 14.025115 38.025181
v -12.033728 14.015470 38.000000
v -12.017256 14.022290 38.007370
v -9.192388 9.807612 38.025181
v -9.210216 9.789784 38.000000
v -9.197609 9.802391 38.007370
v -8.247113 8.950865 38.025181
v -8.263107 8.931375 38.000000
v -8.251798 8.945156 38.007370
v -6.128158 7.535024 38.025181
v -6.140042 7.512787 38.000000
v -6.131639 7.528511 38.007370
v -3.773701 6.559775 38.025181
v -3.781022 6.535649 38.000000
v -3.775845 6.552710 38.007370
v -4.974885 6.989567 38.025181
v -4.984535 6.966274 38.000000
v -4.977711 6.982745 38.007370
v -7.236420 8.169931 38.000000
v -7.222413 8.190895 38.025181
v -7.226516 8.184755 38.007370
v 0.000000 6.000000 38.025181
v 0.000000 5.974787 38.000000
v 0.000000 5.992616 38.007370
v -1.276694 6.037507 38.000000
v -1.274223 6.062598 38.025181
v -1.274947 6.055250 38.007370
v 3.773701 6.559775 38.025181
v 3.781022 6.535649 38.000000
v 3.775845 6.552710 38.007370
v 2.541089 6.225063 38.000000
v 2.536174 6.249792 38.025181
v 2.537614 6.242549 38.007370
v 1.276694 6.037507 38.000000
v 1.274223 6.062598 38.025181
v 1.274947 6.055250 38.007370
v 6.128158 7.535024 38.025181
v 6.140042 7.512787 38.000000
v 6.131639 7.528511 38.007370
v 7.222413 8.190895 38.025181
v 7.236420 8.169931 38.000000
v 7.226516 8.184755 38.007370
v 9.192388 9.807612 38.025181
v 9.210216 9.789784 38.000000
v 9.197609 9.802391 38.007370
v 10.049135 10.752887 38.025181
v 10.068625 10.736893 38.000000
v 10.054843 10.748203 38.007370
v 8.247113 8.950865 38.025181
v 8.263107 8.931375 38.000000
v 8.251798 8.945156 38.007370
v 4.984535 6.966274 38.000000
v 4.974885 6.989567 38.025181
v 4.977711 6.982745 38.007370
v -2.536174 6.249792 38.025181
v -2.541089 6.225063 38.000000
v -2.537614 6.242549 38.007370
v -13.000000 19.000000 38.025181
v -13.025213 19.000000 38.000000
v -13.007385 19.000000 38.007370
v -12.750208 16.463825 38.025181
v -12.774938 16.458912 38.000000
v -12.757452 16.462387 38.007370
v -12.937402 17.725777 38.025181
v -12.962493 17.723305 38.000000
v -12.944751 17.725052 38.007370
v -12.962493 20.276693 38.000000
v -12.937402 20.274223 38.025181
v -12.944751 20.274946 38.007370
v -12.440225 22.773701 38.025181
v -12.464351 22.781023 38.000000
v -12.447291 22.775845 38.007370
v 10.809105 11.777587 38.025181
v 10.830069 11.763580 38.000000
v 10.815245 11.773485 38.007370
v -12.367737 22.976290 38.025181
v -12.395009 22.974817 38.000000
v -12.384436 23.000000 38.025181
v -12.376156 22.975554 38.007370
v -12.373922 22.989668 38.010639
v -12.387964 22.992319 38.007370
v -12.368679 22.993361 38.025177
v -12.774937 21.541090 38.000000
v -12.750208 21.536175 38.025181
v -12.757450 21.537615 38.007370
v 12.010433 14.025115 38.025181
v 12.033728 14.015470 38.000000
v 12.017256 14.022290 38.007370
v 12.395009 22.974817 38.000000
v 12.367737 22.976290 38.025181
v 12.384436 23.000000 38.025181
v 12.376156 22.975554 38.007370
v 12.373922 22.989668 38.010639
v 12.368679 22.993361 38.025177
v 12.387964 22.992319 38.007370
v 12.440225 15.226299 38.025181
v 12.464351 15.218978 38.000000
v 12.447290 15.224155 38.007370
v 12.464351 22.781023 38.000000
v 12.440225 22.773701 38.025181
v 12.447291 22.775845 38.007370
v 13.000000 19.000000 38.025181
v 13.025213 19.000000 38.000000
v 13.007385 19.000000 38.007370
v 12.962493 17.723305 38.000000
v 12.937402 17.725777 38.025181
v 12.944751 17.725052 38.007370
v 12.937402 20.274223 38.025181
v 12.962493 20.276693 38.000000
v 12.944751 20.274946 38.007370
v 12.774937 21.541090 38.000000
v 12.750208 21.536175 38.025181
v 12.757450 21.537615 38.007370
v 12.774938 16.458912 38.000000
v 12.750208 16.463825 38.025181
v 12.757452 16.462387 38.007370
v 11.487210 12.859955 38.000000
v 11.464976 12.871842 38.025181
v 11.471489 12.868361 38.007370
v -11.464976 12.871842 41.974819
v -11.487210 12.859955 42.000000
v -11.471489 12.868361 41.992630
v -10.830069 11.763580 42.000000
v -10.809105 11.777587 41.974819
v -10.815245 11.773485 41.992630
v -10.068625 10.736893 42.000000
v -10.049135 10.752887 41.974819
v -10.054843 10.748203 41.992630
v -9.210216 9.789784 42.000000
v -9.192388 9.807612 41.974819
v -9.197609 9.802391 41.992630
v -7.236420 8.169931 42.000000
v -7.222413 8.190895 41.974819
v -7.226516 8.184755 41.992630
v -8.263107 8.931375 42.000000
v -8.247113 8.950865 41.974819
v -8.251798 8.945156 41.992630
v -3.773701 6.559775 41.974819
v -3.781022 6.535649 42.000000
v -3.775845 6.552710 41.992630
v -4.974885 6.989567 41.974819
v -4.984535 6.966274 42.000000
v -4.977711 6.982745 41.992630
v -6.140042 7.512787 42.000000
v -6.128158 7.535024 41.974819
v -6.131639 7.528511 41.992630
v -1.274223 6.062598 41.974819
v -1.276694 6.037507 42.000000
v -1.274947 6.055250 41.992630
v 1.276694 6.037507 42.000000
v 1.274223 6.062598 41.974819
v 1.274947 6.055250 41.992630
v 2.541089 6.225063 42.000000
v 2.536174 6.249792 41.974819
v 2.537614 6.242549 41.992630
v -0.000000 5.974787 42.000000
v 0.000000 6.000000 41.974819
v -0.000000 5.992616 41.992630
v 6.140042 7.512787 42.000000
v 6.128158 7.535024 41.974819
v 6.131639 7.528511 41.992630
v 4.984535 6.966274 42.000000
v 4.974885 6.989567 41.974819
v 4.977711 6.982745 41.992630
v 7.236420 8.169931 42.000000
v 7.222413 8.190895 41.974819
v 7.226516 8.184755 41.992630
v 8.263107 8.931375 42.000000
v 8.247113 8.950865 41.974819
v 8.251798 8.945156 41.992630
v 3.773701 6.559775 41.974819
v 3.781022 6.535649 42.000000
v 3.775845 6.552710 41.992630
v -2.541089 6.225063 42.000000
v -2.536174 6.249792 41.974819
v -2.537614 6.242549 41.992630
v -12.464351 22.781023 42.000000
v -12.440225 22.773701 41.974819
v -12.447291 22.775845 41.992630
v 12.464351 22.781023 42.000000
v 12.440225 22.773701 41.974819
v 12.447291 22.775845 41.992630
v 12.367737 22.976290 41.974819
v 12.395009 22.974817 42.000000
v 12.384436 23.000000 41.974819
v 12.376156 22.975554 41.992630
v 12.373922 22.989668 41.989361
v 12.387964 22.992319 41.992630
v 12.368679 22.993361 41.974823
v -12.395009 22.974817 42.000000
v -12.367737 22.976290 41.974819
v -12.384436 23.000000 41.974819
v -12.376156 22.975554 41.992630
v -12.373922 22.989668 41.989361
v -12.368679 22.993361 41.974823
v -12.387964 22.992319 41.992630
v -12.937402 17.725777 41.974819
v -12.962493 17.723305 42.000000
v -12.944751 17.725052 41.992630
v -13.025213 19.000000 42.000000
v -13.000000 19.000000 41.974819
v -13.007385 19.000000 41.992630
v -12.774938 16.458912 42.000000
v -12.750208 16.463825 41.974819
v -12.757452 16.462387 41.992630
v -12.962493 20.276693 42.000000
v -12.937402 20.274223 41.974819
v -12.944751 20.274946 41.992630
v -12.750208 21.536175 41.974819
v -12.774937 21.541090 42.000000
v -12.757450 21.537615 41.992630
v -12.464351 15.218978 42.000000
v -12.440225 15.226299 41.974819
v -12.447290 15.224155 41.992630
v 9.210216 9.789784 42.000000
v 9.192388 9.807612 41.974819
v 9.197609 9.802391 41.992630
v -12.033728 14.015470 42.000000
v -12.010433 14.025115 41.974819
v -12.017256 14.022290 41.992630
v 11.464976 12.871842 41.974819
v 11.487210 12.859955 42.000000
v 11.471489 12.868361 41.992630
v 10.809105 11.777587 41.974819
v 10.830069 11.763580 42.000000
v 10.815245 11.773485 41.992630
v 12.464351 15.218978 42.000000
v 12.440225 15.226299 41.974819
v 12.447290 15.224155 41.992630
v 12.033728 14.015470 42.000000
v 12.010433 14.025115 41.974819
v 12.017256 14.022290 41.992630
v 13.025213 19.000000 42.000000
v 13.000000 19.000000 41.974819
v 13.007385 19.000000 41.992630
v 12.962493 20.276693 42.000000
v 12.937402 20.274223 41.974819
v 12.944751 20.274946 41.992630
v 12.774938 16.458912 42.000000
v 12.750208 16.463825 41.974819
v 12.757452 16.462387 41.992630
v 12.962493 17.723305 42.000000
v 12.937402 17.725777 41.974819
v 12.944751 17.725052 41.992630
v 12.750208 21.536175 41.974819
v 12.774937 21.541090 42.000000
v 12.757450 21.537615 41.992630
v 10.068625 10.736893 42.000000
v 10.049135 10.752887 41.974819
v 10.054843 10.748203 41.992630
v -36.379467 61.686737 -41.974819
v -36.404484 61.683422 -42.000000
v -36.386795 61.685768 -41.992630
v -36.425236 62.000000 -42.000000
v -36.400002 62.000000 -41.974819
v -36.407394 62.000000 -41.992630
v -36.318222 61.378834 -41.974819
v -36.342602 61.372314 -42.000000
v -36.325367 61.376923 -41.992630
v -36.404484 62.316578 -42.000000
v -36.379467 62.313263 -41.974819
v -36.386795 62.314232 -41.992630
v -36.342602 62.627686 -42.000000
v -36.318222 62.621166 -41.974819
v -36.325367 62.623077 -41.992630
v -36.240623 62.928112 -42.000000
v -36.217312 62.918442 -41.974819
v -36.224136 62.921272 -41.992630
v -35.924076 60.523613 -42.000000
v -35.904049 60.538971 -41.974819
v -35.909912 60.534473 -41.992630
v -36.100319 60.787384 -42.000000
v -36.078461 60.799999 -41.974819
v -36.084862 60.796303 -41.992630
v -36.100338 63.212582 -42.000000
v -36.078461 63.200001 -41.974819
v -36.084869 63.203686 -41.992630
v -36.240623 61.071888 -42.000000
v -36.217312 61.081558 -41.974819
v -36.224136 61.078728 -41.992630
v -35.924049 63.476418 -42.000000
v -35.904049 63.461029 -41.974819
v -35.909904 63.465534 -41.992630
v -35.714916 63.714886 -42.000000
v -35.697056 63.697056 -41.974819
v -35.702286 63.702278 -41.992630
v -35.200001 59.921539 -41.974819
v -35.212486 59.899616 -42.000000
v -35.203659 59.915115 -41.992630
v -35.461029 60.095951 -41.974819
v -35.476639 60.076118 -42.000000
v -35.465599 60.090145 -41.992630
v -35.476387 63.924076 -42.000000
v -35.461029 63.904049 -41.974819
v -35.465527 63.909912 -41.992630
v -34.918442 64.217316 -41.974819
v -34.928112 64.240623 -42.000000
v -34.921272 64.224136 -41.992630
v -34.313263 59.620533 -41.974819
v -34.316578 59.595516 -42.000000
v -34.314232 59.613205 -41.992630
v -34.313263 64.379471 -41.974819
v -34.316578 64.404480 -42.000000
v -34.314232 64.386795 -41.992630
v -34.627686 59.657398 -42.000000
v -34.621166 59.681778 -41.974819
v -34.623077 59.674633 -41.992630
v -34.627686 64.342606 -42.000000
v -34.621166 64.318222 -41.974819
v -34.623077 64.325363 -41.992630
v -34.928112 59.759377 -42.000000
v -34.918442 59.782688 -41.974819
v -34.921272 59.775864 -41.992630
v -35.212616 64.100319 -42.000000
v -35.200001 64.078461 -41.974819
v -35.203697 64.084862 -41.992630
v -35.714806 60.284988 -42.000000
v -35.697056 60.302944 -41.974819
v -35.702255 60.297684 -41.992630
v -33.378834 59.681778 -41.974819
v -33.372314 59.657398 -42.000000
v -33.376923 59.674633 -41.992630
v -33.378834 64.318222 -41.974819
v -33.372314 64.342606 -42.000000
v -33.376923 64.325363 -41.992630
v -33.683422 59.595516 -42.000000
v -33.686737 59.620533 -41.974819
v -33.685768 59.613205 -41.992630
v -33.686737 64.379471 -41.974819
v -33.683422 64.404480 -42.000000
v -33.685768 64.386795 -41.992630
v -32.538971 60.095951 -41.974819
v -32.541306 60.062454 -42.000000
v -32.539654 60.086136 -41.992630
v -32.538971 63.904049 -41.974819
v -32.523613 63.924076 -42.000000
v -32.534473 63.909912 -41.992630
v -32.778347 59.904137 -42.000000
v -32.799999 59.921539 -41.974819
v -32.793655 59.916443 -41.992630
v -32.787384 64.100319 -42.000000
v -32.799999 64.078461 -41.974819
v -32.796303 64.084862 -41.992630
v -33.071888 59.759377 -42.000000
v -33.081558 59.782688 -41.974819
v -33.078728 59.775864 -41.992630
v -33.081558 64.217316 -41.974819
v -33.071888 64.240623 -42.000000
v -33.078728 64.224136 -41.992630
v -32.095951 60.538971 -41.974819
v -32.075924 60.523613 -42.000000
v -32.090088 60.534473 -41.992630
v -31.921539 63.200001 -41.974819
v -31.899689 63.212627 -42.000000
v -31.915140 63.203697 -41.992630
v -31.921539 60.799999 -41.974819
v -31.899689 60.787373 -42.000000
v -31.915140 60.796303 -41.992630
v -32.095951 63.461029 -41.974819
v -32.075924 63.476387 -42.000000
v -32.090088 63.465527 -41.992630
v -31.681778 61.378834 -41.974819
v -31.657402 61.372303 -42.000000
v -31.674637 61.376923 -41.992630
v -31.600000 62.000000 -41.974819
v -31.574762 62.000000 -42.000000
v -31.592609 62.000000 -41.992630
v -31.620533 61.686737 -41.974819
v -31.595510 61.683453 -42.000000
v -31.613201 61.685776 -41.992630
v -31.620533 62.313263 -41.974819
v -31.595510 62.316547 -42.000000
v -31.613201 62.314224 -41.992630
v -31.681778 62.621166 -41.974819
v -31.657402 62.627697 -42.000000
v -31.674637 62.623077 -41.992630
v -31.782688 62.918442 -41.974819
v -31.759373 62.928101 -42.000000
v -31.775860 62.921272 -41.992630
v -31.759373 61.071899 -42.000000
v -31.782688 61.081558 -41.974819
v -31.775860 61.078728 -41.992630
v -32.302944 63.697056 -41.974819
v -32.285099 63.714901 -42.000000
v -32.297718 63.702282 -41.992630
v -32.277615 60.293633 -42.000000
v -32.302944 60.302944 -41.974819
v -32.295525 60.300217 -41.992630
v -34.000000 59.574764 -42.000000
v -34.000000 59.599998 -41.974819
v -34.000000 59.592606 -41.992630
v -34.000000 64.425232 -42.000000
v -34.000000 64.400002 -41.974819
v -34.000000 64.407394 -41.992630
v -33.686737 64.379471 -40.425182
v -33.683422 64.404480 -40.400002
v -33.685768 64.386795 -40.407372
v -34.000000 64.425232 -40.400002
v -34.000000 64.400002 -40.425182
v -34.000000 64.407394 -40.407372
v -33.372314 64.342606 -40.400002
v -33.378834 64.318222 -40.425182
v -33.376923 64.325363 -40.407372
v -33.071888 64.240623 -40.400002
v -33.081558 64.217316 -40.425182
v -33.078728 64.224136 -40.407372
v -32.787384 64.100319 -40.400002
v -32.799999 64.078461 -40.425182
v -32.796303 64.084862 -40.407372
v -32.523613 63.924076 -40.400002
v -32.538971 63.904049 -40.425182
v -32.534473 63.909912 -40.407372
v -32.302944 63.697056 -40.425182
v -32.285099 63.714901 -40.400002
v -32.297718 63.702282 -40.407372
v -32.095951 63.461029 -40.425182
v -32.075924 63.476387 -40.400002
v -32.090088 63.465527 -40.407372
v -31.921539 63.200001 -40.425182
v -31.899689 63.212627 -40.400002
v -31.915140 63.203697 -40.407372
v -31.782688 62.918442 -40.425182
v -31.759373 62.928101 -40.400002
v -31.775860 62.921272 -40.407372
v -31.657623 62.628349 -40.400002
v -31.681778 62.621166 -40.425182
v -31.674706 62.623268 -40.407372
v -31.620533 62.313263 -40.425182
v -31.595329 62.315159 -40.400002
v -31.613152 62.313820 -40.407372
v -31.574718 62.000671 -40.400002
v -31.600000 62.000000 -40.425182
v -31.592598 62.000198 -40.407372
v -31.595510 61.683453 -40.400002
v -31.620533 61.686737 -40.425182
v -31.613201 61.685776 -40.407372
v -31.657402 61.372303 -40.400002
v -31.681778 61.378834 -40.425182
v -31.674637 61.376923 -40.407372
v -31.782688 61.081558 -40.425182
v -31.759373 61.071899 -40.400002
v -31.775860 61.078728 -40.407372
v -31.921539 60.799999 -40.425182
v -31.899689 60.787373 -40.400002
v -31.915140 60.796303 -40.407372
v -32.075924 60.523613 -40.400002
v -32.095951 60.538971 -40.425182
v -32.090088 60.534473 -40.407372
v -32.285099 60.285099 -40.400002
v -32.302944 60.302944 -40.425182
v -32.297718 60.297718 -40.407372
v -32.523613 60.075924 -40.400002
v -32.538971 60.095951 -40.425182
v -32.534473 60.090088 -40.407372
v -32.787384 59.899681 -40.400002
v -32.799999 59.921539 -40.425182
v -32.796303 59.915138 -40.407372
v -33.071888 59.759377 -40.400002
v -33.081558 59.782688 -40.425182
v -33.078728 59.775864 -40.407372
v -33.378834 59.681778 -40.425182
v -33.372314 59.657398 -40.400002
v -33.376923 59.674633 -40.407372
v -33.686737 59.620533 -40.425182
v -33.683422 59.595516 -40.400002
v -33.685768 59.613205 -40.407372
v -34.000000 59.574764 -40.400002
v -34.000000 59.599998 -40.425182
v -34.000000 59.592606 -40.407372
v -34.316578 59.595516 -40.400002
v -34.313263 59.620533 -40.425182
v -34.314232 59.613205 -40.407372
v -34.627686 59.657398 -40.400002
v -34.621166 59.681778 -40.425182
v -34.623077 59.674633 -40.407372
v -34.918442 59.782688 -40.425182
v -34.928112 59.759377 -40.400002
v -34.921272 59.775864 -40.407372
v -35.212616 59.899681 -40.400002
v -35.200001 59.921539 -40.425182
v -35.203697 59.915138 -40.407372
v -35.476387 60.075924 -40.400002
v -35.461029 60.095951 -40.425182
v -35.465527 60.090088 -40.407372
v -35.714901 60.285099 -40.400002
v -35.697056 60.302944 -40.425182
v -35.702282 60.297718 -40.407372
v -35.924076 60.523613 -40.400002
v -35.904049 60.538971 -40.425182
v -35.909912 60.534473 -40.407372
v -36.100319 60.787384 -40.400002
v -36.078461 60.799999 -40.425182
v -36.084862 60.796303 -40.407372
v -36.240623 61.071888 -40.400002
v -36.217312 61.081558 -40.425182
v -36.224136 61.078728 -40.407372
v -36.342381 61.371666 -40.400002
v -36.318222 61.378834 -40.425182
v -36.325294 61.376736 -40.407372
v -36.379467 61.686737 -40.425182
v -36.404671 61.684841 -40.400002
v -36.386841 61.686184 -40.407372
v -36.425282 61.999329 -40.400002
v -36.400002 62.000000 -40.425182
v -36.407410 61.999802 -40.407372
v -36.404484 62.316578 -40.400002
v -36.379467 62.313263 -40.425182
v -36.386795 62.314232 -40.407372
v -36.318222 62.621166 -40.425182
v -36.342602 62.627686 -40.400002
v -36.325367 62.623077 -40.407372
v -36.240623 62.928112 -40.400002
v -36.217312 62.918442 -40.425182
v -36.224136 62.921272 -40.407372
v -36.100319 63.212616 -40.400002
v -36.078461 63.200001 -40.425182
v -36.084862 63.203697 -40.407372
v -35.904049 63.461029 -40.425182
v -35.924076 63.476387 -40.400002
v -35.909912 63.465527 -40.407372
v -35.697056 63.697056 -40.425182
v -35.714901 63.714901 -40.400002
v -35.702282 63.702282 -40.407372
v -35.476387 63.924076 -40.400002
v -35.461029 63.904049 -40.425182
v -35.465527 63.909912 -40.407372
v -35.212616 64.100319 -40.400002
v -35.200001 64.078461 -40.425182
v -35.203697 64.084862 -40.407372
v -34.928112 64.240623 -40.400002
v -34.918442 64.217316 -40.425182
v -34.921272 64.224136 -40.407372
v -34.621166 64.318222 -40.425182
v -34.627686 64.342606 -40.400002
v -34.623077 64.325363 -40.407372
v -34.316578 64.404480 -40.400002
v -34.313263 64.379471 -40.425182
v -34.314232 64.386795 -40.407372
v -38.001728 57.808609 -38.025181
v -38.018818 57.790112 -38.000000
v -38.006729 57.803192 -38.007370
v -38.593910 65.530556 -38.025181
v -38.613873 65.545914 -38.000000
v -38.599754 65.535049 -38.007370
v -36.400002 39.000000 -41.974819
v -36.425236 39.000000 -42.000000
v -36.407394 39.000000 -41.992630
v -36.379467 38.686737 -41.974819
v -36.404484 38.683422 -42.000000
v -36.386795 38.685768 -41.992630
v -36.404484 39.316578 -42.000000
v -36.379467 39.313263 -41.974819
v -36.386795 39.314232 -41.992630
v -36.342602 38.372314 -42.000000
v -36.318222 38.378834 -41.974819
v -36.325367 38.376923 -41.992630
v -36.342602 39.627686 -42.000000
v -36.318222 39.621166 -41.974819
v -36.325367 39.623077 -41.992630
v -35.904049 37.538971 -41.974819
v -35.924076 37.523613 -42.000000
v -35.909912 37.534473 -41.992630
v -35.904049 40.461029 -41.974819
v -35.924076 40.476387 -42.000000
v -35.909912 40.465527 -41.992630
v -36.100319 37.787384 -42.000000
v -36.078461 37.799999 -41.974819
v -36.084862 37.796303 -41.992630
v -36.078461 40.200001 -41.974819
v -36.100319 40.212616 -42.000000
v -36.084862 40.203697 -41.992630
v -36.217312 38.081558 -41.974819
v -36.240623 38.071888 -42.000000
v -36.224136 38.078728 -41.992630
v -36.240623 39.928112 -42.000000
v -36.217312 39.918442 -41.974819
v -36.224136 39.921272 -41.992630
v -35.200001 36.921539 -41.974819
v -35.213490 36.900188 -42.000000
v -35.203949 36.915287 -41.992630
v -35.200001 41.078461 -41.974819
v -35.212616 41.100319 -42.000000
v -35.203697 41.084862 -41.992630
v -35.476021 37.075603 -42.000000
v -35.461029 37.095951 -41.974819
v -35.465420 37.089989 -41.992630
v -35.461029 40.904049 -41.974819
v -35.476387 40.924076 -42.000000
v -35.465527 40.909912 -41.992630
v -34.313263 36.620533 -41.974819
v -34.316578 36.595516 -42.000000
v -34.314232 36.613205 -41.992630
v -34.313263 41.379467 -41.974819
v -34.316578 41.404484 -42.000000
v -34.314232 41.386795 -41.992630
v -34.627686 36.657398 -42.000000
v -34.621166 36.681778 -41.974819
v -34.623077 36.674633 -41.992630
v -34.621166 41.318222 -41.974819
v -34.627686 41.342602 -42.000000
v -34.623077 41.325367 -41.992630
v -34.927643 36.759216 -42.000000
v -34.918442 36.782688 -41.974819
v -34.921139 36.775810 -41.992630
v -34.928112 41.240623 -42.000000
v -34.918442 41.217312 -41.974819
v -34.921272 41.224136 -41.992630
v -34.000000 36.574764 -42.000000
v -34.000000 36.599998 -41.974819
v -34.000000 36.592606 -41.992630
v -35.714901 37.285099 -42.000000
v -35.697056 37.302944 -41.974819
v -35.702282 37.297718 -41.992630
v -35.697056 40.697056 -41.974819
v -35.714901 40.714901 -42.000000
v -35.702282 40.702282 -41.992630
v -33.686737 36.620533 -41.974819
v -33.683422 36.595516 -42.000000
v -33.685768 36.613205 -41.992630
v -33.372314 41.342602 -42.000000
v -33.378834 41.318222 -41.974819
v -33.376923 41.325367 -41.992630
v -33.378834 36.681778 -41.974819
v -33.372314 36.657398 -42.000000
v -33.376923 36.674633 -41.992630
v -33.683422 41.404484 -42.000000
v -33.686737 41.379467 -41.974819
v -33.685768 41.386795 -41.992630
v -33.843369 41.389732 -41.974819
v -33.841618 41.414852 -42.000000
v -33.842857 41.397083 -41.992630
v -32.799999 36.921539 -41.974819
v -32.787384 36.899681 -42.000000
v -32.796303 36.915138 -41.992630
v -32.538971 40.904049 -41.974819
v -32.523613 40.924076 -42.000000
v -32.534473 40.909912 -41.992630
v -32.538971 37.095951 -41.974819
v -32.523613 37.075924 -42.000000
v -32.534473 37.090088 -41.992630
v -32.799999 41.078461 -41.974819
v -32.787384 41.100319 -42.000000
v -32.796303 41.084862 -41.992630
v -33.081558 41.217312 -41.974819
v -33.071888 41.240623 -42.000000
v -33.078728 41.224136 -41.992630
v -33.071888 36.759377 -42.000000
v -33.081558 36.782688 -41.974819
v -33.078728 36.775864 -41.992630
v -34.000000 41.425236 -42.000000
v -34.000000 41.400002 -41.974819
v -34.000000 41.407394 -41.992630
v -32.095951 37.538971 -41.974819
v -32.075924 37.523613 -42.000000
v -32.090088 37.534473 -41.992630
v -31.921539 40.200001 -41.974819
v -31.899689 40.212627 -42.000000
v -31.915140 40.203697 -41.992630
v -31.921539 37.799999 -41.974819
v -31.899689 37.787373 -42.000000
v -31.915140 37.796303 -41.992630
v -32.095951 40.461029 -41.974819
v -32.075924 40.476387 -42.000000
v -32.090088 40.465527 -41.992630
v -31.681778 38.378834 -41.974819
v -31.657402 38.372303 -42.000000
v -31.674637 38.376923 -41.992630
v -31.600000 39.000000 -41.974819
v -31.574762 39.000000 -42.000000
v -31.592609 39.000000 -41.992630
v -31.620533 38.686737 -41.974819
v -31.595510 38.683453 -42.000000
v -31.613201 38.685776 -41.992630
v -31.595510 39.316547 -42.000000
v -31.620533 39.313263 -41.974819
v -31.613201 39.314224 -41.992630
v -31.681778 39.621166 -41.974819
v -31.657402 39.627697 -42.000000
v -31.674637 39.623077 -41.992630
v -31.759373 38.071899 -42.000000
v -31.782688 38.081558 -41.974819
v -31.775860 38.078728 -41.992630
v -31.782688 39.918442 -41.974819
v -31.759373 39.928101 -42.000000
v -31.775860 39.921272 -41.992630
v -32.285099 37.285099 -42.000000
v -32.302944 37.302944 -41.974819
v -32.297718 37.297718 -41.992630
v -32.285099 40.714901 -42.000000
v -32.302944 40.697056 -41.974819
v -32.297718 40.702282 -41.992630
v -34.000000 41.425236 -40.400002
v -34.000000 41.400002 -40.425182
v -34.000000 41.407394 -40.407372
v -33.683422 41.404484 -40.400002
v -33.686737 41.379467 -40.425182
v -33.685768 41.386795 -40.407372
v -33.372314 41.342602 -40.400002
v -33.378834 41.318222 -40.425182
v -33.376923 41.325367 -40.407372
v -33.081558 41.217312 -40.425182
v -33.071888 41.240623 -40.400002
v -33.078728 41.224136 -40.407372
v -32.799999 41.078461 -40.425182
v -32.787384 41.100319 -40.400002
v -32.796303 41.084862 -40.407372
v -32.523613 40.924076 -40.400002
v -32.538971 40.904049 -40.425182
v -32.534473 40.909912 -40.407372
v -32.302944 40.697056 -40.425182
v -32.285099 40.714901 -40.400002
v -32.297718 40.702282 -40.407372
v -32.075924 40.476387 -40.400002
v -32.095951 40.461029 -40.425182
v -32.090088 40.465527 -40.407372
v -31.899689 40.212627 -40.400002
v -31.921539 40.200001 -40.425182
v -31.915140 40.203697 -40.407372
v -31.759373 39.928101 -40.400002
v -31.782688 39.918442 -40.425182
v -31.775860 39.921272 -40.407372
v -31.657402 39.627697 -40.400002
v -31.681778 39.621166 -40.425182
v -31.674637 39.623077 -40.407372
v -31.595510 39.316547 -40.400002
v -31.620533 39.313263 -40.425182
v -31.613201 39.314224 -40.407372
v -31.600000 39.000000 -40.425182
v -31.574762 39.000000 -40.400002
v -31.592609 39.000000 -40.407372
v -31.620533 38.686737 -40.425182
v -31.595510 38.683453 -40.400002
v -31.613201 38.685776 -40.407372
v -31.681778 38.378834 -40.425182
v -31.657402 38.372303 -40.400002
v -31.674637 38.376923 -40.407372
v -31.759373 38.071899 -40.400002
v -31.782688 38.081558 -40.425182
v -31.775860 38.078728 -40.407372
v -31.899689 37.787373 -40.400002
v -31.921539 37.799999 -40.425182
v -31.915140 37.796303 -40.407372
v -32.075924 37.523613 -40.400002
v -32.095951 37.538971 -40.425182
v -32.090088 37.534473 -40.407372
v -32.285099 37.285099 -40.400002
v -32.302944 37.302944 -40.425182
v -32.297718 37.297718 -40.407372
v -32.538971 37.095951 -40.425182
v -32.523613 37.075924 -40.400002
v -32.534473 37.090088 -40.407372
v -32.787384 36.899681 -40.400002
v -32.799999 36.921539 -40.425182
v -32.796303 36.915138 -40.407372
v -33.081558 36.782688 -40.425182
v -33.071888 36.759377 -40.400002
v -33.078728 36.775864 -40.407372
v -33.378834 36.681778 -40.425182
v -33.371666 36.657619 -40.400002
v -33.376736 36.674706 -40.407372
v -33.686737 36.620533 -40.425182
v -33.684841 36.595329 -40.400002
v -33.686184 36.613159 -40.407372
v -33.999329 36.574718 -40.400002
v -34.000000 36.599998 -40.425182
v -33.999802 36.592590 -40.407372
v -34.316578 36.595516 -40.400002
v -34.313263 36.620533 -40.425182
v -34.314232 36.613205 -40.407372
v -34.627686 36.657398 -40.400002
v -34.621166 36.681778 -40.425182
v -34.623077 36.674633 -40.407372
v -34.928112 36.759377 -40.400002
v -34.918442 36.782688 -40.425182
v -34.921272 36.775864 -40.407372
v -35.212616 36.899681 -40.400002
v -35.200001 36.921539 -40.425182
v -35.203697 36.915138 -40.407372
v -35.476387 37.075924 -40.400002
v -35.461029 37.095951 -40.425182
v -35.465527 37.090088 -40.407372
v -35.714901 37.285099 -40.400002
v -35.697056 37.302944 -40.425182
v -35.702282 37.297718 -40.407372
v -35.924076 37.523613 -40.400002
v -35.904049 37.538971 -40.425182
v -35.909912 37.534473 -40.407372
v -36.100319 37.787384 -40.400002
v -36.078461 37.799999 -40.425182
v -36.084862 37.796303 -40.407372
v -36.240623 38.071888 -40.400002
v -36.217312 38.081558 -40.425182
v -36.224136 38.078728 -40.407372
v -36.342381 38.371666 -40.400002
v -36.318222 38.378834 -40.425182
v -36.325294 38.376736 -40.407372
v -36.379467 38.686737 -40.425182
v -36.404671 38.684841 -40.400002
v -36.386841 38.686184 -40.407372
v -36.400002 39.000000 -40.425182
v -36.425282 38.999329 -40.400002
v -36.407410 38.999802 -40.407372
v -36.379467 39.313263 -40.425182
v -36.404484 39.316578 -40.400002
v -36.386795 39.314232 -40.407372
v -36.342602 39.627686 -40.400002
v -36.318222 39.621166 -40.425182
v -36.325367 39.623077 -40.407372
v -36.217312 39.918442 -40.425182
v -36.240623 39.928112 -40.400002
v -36.224136 39.921272 -40.407372
v -36.100319 40.212616 -40.400002
v -36.078461 40.200001 -40.425182
v -36.084862 40.203697 -40.407372
v -35.924076 40.476387 -40.400002
v -35.904049 40.461029 -40.425182
v -35.909912 40.465527 -40.407372
v -35.714901 40.714901 -40.400002
v -35.697056 40.697056 -40.425182
v -35.702282 40.702282 -40.407372
v -35.461029 40.904049 -40.425182
v -35.476387 40.924076 -40.400002
v -35.465527 40.909912 -40.407372
v -35.212616 41.100319 -40.400002
v -35.200001 41.078461 -40.425182
v -35.203697 41.084862 -40.407372
v -34.928112 41.240623 -40.400002
v -34.918442 41.217312 -40.425182
v -34.921272 41.224136 -40.407372
v -34.621166 41.318222 -40.425182
v -34.627686 41.342602 -40.400002
v -34.623077 41.325367 -40.407372
v -34.316578 41.404484 -40.400002
v -34.313263 41.379467 -40.425182
v -34.314232 41.386795 -40.407372
v -39.631733 37.641640 -38.025181
v -39.656322 37.636169 -38.000000
v -39.638935 37.640038 -38.007370
v -34.308983 44.784821 -38.025181
v -34.310776 44.809944 -38.000000
v -34.309509 44.792175 -38.007370
v 31.600000 62.000000 -41.974819
v 31.574762 62.000000 -42.000000
v 31.592609 62.000000 -41.992630
v 31.620533 61.686737 -41.974819
v 31.595510 61.683453 -42.000000
v 31.613201 61.685776 -41.992630
v 31.595510 62.316547 -42.000000
v 31.620533 62.313263 -41.974819
v 31.613201 62.314224 -41.992630
v 31.681778 61.378834 -41.974819
v 31.657402 61.372303 -42.000000
v 31.674637 61.376923 -41.992630
v 31.657402 62.627697 -42.000000
v 31.681778 62.621166 -41.974819
v 31.674637 62.623077 -41.992630
v 32.095951 60.538971 -41.974819
v 32.075924 60.523613 -42.000000
v 32.090088 60.534473 -41.992630
v 32.095951 63.461029 -41.974819
v 32.075924 63.476387 -42.000000
v 32.090088 63.465527 -41.992630
v 31.899689 60.787373 -42.000000
v 31.921539 60.799999 -41.974819
v 31.915140 60.796303 -41.992630
v 31.899689 63.212627 -42.000000
v 31.921539 63.200001 -41.974819
v 31.915140 63.203697 -41.992630
v 31.759373 61.071899 -42.000000
v 31.782688 61.081558 -41.974819
v 31.775860 61.078728 -41.992630
v 31.759373 62.928101 -42.000000
v 31.782688 62.918442 -41.974819
v 31.775860 62.921272 -41.992630
v 32.799999 59.921539 -41.974819
v 32.787384 59.899681 -42.000000
v 32.796303 59.915138 -41.992630
v 32.799999 64.078461 -41.974819
v 32.787384 64.100319 -42.000000
v 32.796303 64.084862 -41.992630
v 32.523613 60.075924 -42.000000
v 32.538971 60.095951 -41.974819
v 32.534473 60.090088 -41.992630
v 32.538971 63.904049 -41.974819
v 32.523613 63.924076 -42.000000
v 32.534473 63.909912 -41.992630
v 33.686737 59.620533 -41.974819
v 33.683422 59.595516 -42.000000
v 33.685768 59.613205 -41.992630
v 33.686737 64.379471 -41.974819
v 33.683422 64.404480 -42.000000
v 33.685768 64.386795 -41.992630
v 33.372314 59.657398 -42.000000
v 33.378834 59.681778 -41.974819
v 33.376923 59.674633 -41.992630
v 33.378834 64.318222 -41.974819
v 33.372314 64.342606 -42.000000
v 33.376923 64.325363 -41.992630
v 33.071888 59.759377 -42.000000
v 33.081558 59.782688 -41.974819
v 33.078728 59.775864 -41.992630
v 33.081558 64.217316 -41.974819
v 33.071888 64.240623 -42.000000
v 33.078728 64.224136 -41.992630
v 32.302944 60.302944 -41.974819
v 32.285099 60.285099 -42.000000
v 32.297718 60.297718 -41.992630
v 32.302944 63.697056 -41.974819
v 32.285099 63.714901 -42.000000
v 32.297718 63.702282 -41.992630
v 34.313263 59.620533 -41.974819
v 34.316578 59.595516 -42.000000
v 34.314232 59.613205 -41.992630
v 34.621166 64.318222 -41.974819
v 34.627686 64.342606 -42.000000
v 34.623077 64.325363 -41.992630
v 34.633160 59.658485 -42.000000
v 34.621166 59.681778 -41.974819
v 34.624680 59.674957 -41.992630
v 34.313263 64.379471 -41.974819
v 34.316578 64.404480 -42.000000
v 34.314232 64.386795 -41.992630
v 35.200001 59.921539 -41.974819
v 35.217442 59.902927 -42.000000
v 35.205112 59.916084 -41.992630
v 35.461029 63.904049 -41.974819
v 35.476387 63.924076 -42.000000
v 35.465527 63.909912 -41.992630
v 35.461029 60.095951 -41.974819
v 35.476639 60.076118 -42.000000
v 35.465599 60.090145 -41.992630
v 35.200001 64.078461 -41.974819
v 35.212616 64.100319 -42.000000
v 35.203697 64.084862 -41.992630
v 34.918442 59.782688 -41.974819
v 34.917049 59.754822 -42.000000
v 34.918034 59.774521 -41.992630
v 34.928112 64.240623 -42.000000
v 34.918442 64.217316 -41.974819
v 34.921272 64.224136 -41.992630
v 35.904049 60.538971 -41.974819
v 35.924076 60.523613 -42.000000
v 35.909912 60.534473 -41.992630
v 35.924049 63.476418 -42.000000
v 35.904049 63.461029 -41.974819
v 35.909904 63.465534 -41.992630
v 36.078461 60.799999 -41.974819
v 36.100319 60.787384 -42.000000
v 36.084862 60.796303 -41.992630
v 36.100338 63.212582 -42.000000
v 36.078461 63.200001 -41.974819
v 36.084869 63.203686 -41.992630
v 36.318222 61.378834 -41.974819
v 36.342602 61.372314 -42.000000
v 36.325367 61.376923 -41.992630
v 36.318222 62.621166 -41.974819
v 36.342602 62.627686 -42.000000
v 36.325367 62.623077 -41.992630
v 36.400002 62.000000 -41.974819
v 36.425236 62.000000 -42.000000
v 36.407394 62.000000 -41.992630
v 36.404484 61.683422 -42.000000
v 36.379467 61.686737 -41.974819
v 36.386795 61.685768 -41.992630
v 36.404484 62.316578 -42.000000
v 36.379467 62.313263 -41.974819
v 36.386795 62.314232 -41.992630
v 36.240623 61.071888 -42.000000
v 36.217312 61.081558 -41.974819
v 36.224136 61.078728 -41.992630
v 36.240623 62.928112 -42.000000
v 36.217312 62.918442 -41.974819
v 36.224136 62.921272 -41.992630
v 35.714806 60.284988 -42.000000
v 35.697056 60.302944 -41.974819
v 35.702255 60.297684 -41.992630
v 35.697056 63.697056 -41.974819
v 35.714916 63.714886 -42.000000
v 35.702286 63.702278 -41.992630
v 34.000000 64.425232 -42.000000
v 34.000000 64.400002 -41.974819
v 34.000000 64.407394 -41.992630
v 34.000000 59.599998 -41.974819
v 34.000000 59.574764 -42.000000
v 34.000000 59.592606 -41.992630
v 34.313263 64.379471 -40.425182
v 34.316578 64.404480 -40.400002
v 34.314232 64.386795 -40.407372
v 34.000000 64.425232 -40.400002
v 34.000000 64.400002 -40.425182
v 34.000000 64.407394 -40.407372
v 34.627686 64.342606 -40.400002
v 34.621166 64.318222 -40.425182
v 34.623077 64.325363 -40.407372
v 34.928112 64.240623 -40.400002
v 34.918442 64.217316 -40.425182
v 34.921272 64.224136 -40.407372
v 35.200001 64.078461 -40.425182
v 35.212616 64.100319 -40.400002
v 35.203697 64.084862 -40.407372
v 35.476387 63.924076 -40.400002
v 35.461029 63.904049 -40.425182
v 35.465527 63.909912 -40.407372
v 35.714901 63.714901 -40.400002
v 35.697056 63.697056 -40.425182
v 35.702282 63.702282 -40.407372
v 35.924076 63.476387 -40.400002
v 35.904049 63.461029 -40.425182
v 35.909912 63.465527 -40.407372
v 36.100319 63.212616 -40.400002
v 36.078461 63.200001 -40.425182
v 36.084862 63.203697 -40.407372
v 36.217312 62.918442 -40.425182
v 36.240623 62.928112 -40.400002
v 36.224136 62.921272 -40.407372
v 36.318222 62.621166 -40.425182
v 36.342381 62.628334 -40.400002
v 36.325294 62.623264 -40.407372
v 36.379467 62.313263 -40.425182
v 36.404671 62.315159 -40.400002
v 36.386841 62.313816 -40.407372
v 36.400002 62.000000 -40.425182
v 36.425282 62.000671 -40.400002
v 36.407410 62.000198 -40.407372
v 36.404484 61.683422 -40.400002
v 36.379467 61.686737 -40.425182
v 36.386795 61.685768 -40.407372
v 36.342602 61.372314 -40.400002
v 36.318222 61.378834 -40.425182
v 36.325367 61.376923 -40.407372
v 36.240623 61.071888 -40.400002
v 36.217312 61.081558 -40.425182
v 36.224136 61.078728 -40.407372
v 36.100319 60.787384 -40.400002
v 36.078461 60.799999 -40.425182
v 36.084862 60.796303 -40.407372
v 35.924076 60.523613 -40.400002
v 35.904049 60.538971 -40.425182
v 35.909912 60.534473 -40.407372
v 35.697056 60.302944 -40.425182
v 35.714901 60.285099 -40.400002
v 35.702282 60.297718 -40.407372
v 35.461029 60.095951 -40.425182
v 35.476387 60.075924 -40.400002
v 35.465527 60.090088 -40.407372
v 35.212616 59.899681 -40.400002
v 35.200001 59.921539 -40.425182
v 35.203697 59.915138 -40.407372
v 34.918442 59.782688 -40.425182
v 34.928112 59.759377 -40.400002
v 34.921272 59.775864 -40.407372
v 34.627686 59.657398 -40.400002
v 34.621166 59.681778 -40.425182
v 34.623077 59.674633 -40.407372
v 34.316578 59.595516 -40.400002
v 34.313263 59.620533 -40.425182
v 34.314232 59.613205 -40.407372
v 34.000000 59.574764 -40.400002
v 34.000000 59.599998 -40.425182
v 34.000000 59.592606 -40.407372
v 33.686737 59.620533 -40.425182
v 33.683422 59.595516 -40.400002
v 33.685768 59.613205 -40.407372
v 33.372314 59.657398 -40.400002
v 33.378834 59.681778 -40.425182
v 33.376923 59.674633 -40.407372
v 33.071888 59.759377 -40.400002
v 33.081558 59.782688 -40.425182
v 33.078728 59.775864 -40.407372
v 32.787384 59.899681 -40.400002
v 32.799999 59.921539 -40.425182
v 32.796303 59.915138 -40.407372
v 32.523613 60.075924 -40.400002
v 32.538971 60.095951 -40.425182
v 32.534473 60.090088 -40.407372
v 32.285099 60.285099 -40.400002
v 32.302944 60.302944 -40.425182
v 32.297718 60.297718 -40.407372
v 32.075924 60.523613 -40.400002
v 32.095951 60.538971 -40.425182
v 32.090088 60.534473 -40.407372
v 31.899689 60.787373 -40.400002
v 31.921539 60.799999 -40.425182
v 31.915140 60.796303 -40.407372
v 31.759373 61.071899 -40.400002
v 31.782688 61.081558 -40.425182
v 31.775860 61.078728 -40.407372
v 31.681778 61.378834 -40.425182
v 31.657623 61.371651 -40.400002
v 31.674706 61.376732 -40.407372
v 31.620533 61.686737 -40.425182
v 31.595329 61.684841 -40.400002
v 31.613152 61.686180 -40.407372
v 31.574718 61.999329 -40.400002
v 31.600000 62.000000 -40.425182
v 31.592598 61.999802 -40.407372
v 31.595510 62.316547 -40.400002
v 31.620533 62.313263 -40.425182
v 31.613201 62.314224 -40.407372
v 31.657402 62.627697 -40.400002
v 31.681778 62.621166 -40.425182
v 31.674637 62.623077 -40.407372
v 31.759373 62.928101 -40.400002
v 31.782688 62.918442 -40.425182
v 31.775860 62.921272 -40.407372
v 31.899689 63.212627 -40.400002
v 31.921539 63.200001 -40.425182
v 31.915140 63.203697 -40.407372
v 32.095951 63.461029 -40.425182
v 32.075924 63.476387 -40.400002
v 32.090088 63.465527 -40.407372
v 32.302944 63.697056 -40.425182
v 32.285099 63.714901 -40.400002
v 32.297718 63.702282 -40.407372
v 32.538971 63.904049 -40.425182
v 32.523613 63.924076 -40.400002
v 32.534473 63.909912 -40.407372
v 32.787384 64.100319 -40.400002
v 32.799999 64.078461 -40.425182
v 32.796303 64.084862 -40.407372
v 33.071888 64.240623 -40.400002
v 33.081558 64.217316 -40.425182
v 33.078728 64.224136 -40.407372
v 33.372314 64.342606 -40.400002
v 33.378834 64.318222 -40.425182
v 33.376923 64.325363 -40.407372
v 33.683422 64.404480 -40.400002
v 33.686737 64.379471 -40.425182
v 33.685768 64.386795 -40.407372
v 38.593910 65.530556 -38.025181
v 38.613873 65.545914 -38.000000
v 38.599754 65.535049 -38.007370
v 37.560577 57.428352 -38.025181
v 37.576157 57.408554 -38.000000
v 37.565140 57.422554 -38.007370
v 31.600000 39.000000 -41.974819
v 31.574762 39.000000 -42.000000
v 31.592609 39.000000 -41.992630
v 31.620533 38.686737 -41.974819
v 31.595510 38.683453 -42.000000
v 31.613201 38.685776 -41.992630
v 31.595510 39.316547 -42.000000
v 31.620533 39.313263 -41.974819
v 31.613201 39.314224 -41.992630
v 31.681778 38.378834 -41.974819
v 31.657402 38.372303 -42.000000
v 31.674637 38.376923 -41.992630
v 31.657402 39.627697 -42.000000
v 31.681778 39.621166 -41.974819
v 31.674637 39.623077 -41.992630
v 32.095951 37.538971 -41.974819
v 32.075924 37.523613 -42.000000
v 32.090088 37.534473 -41.992630
v 32.095951 40.461029 -41.974819
v 32.075924 40.476387 -42.000000
v 32.090088 40.465527 -41.992630
v 31.899689 37.787373 -42.000000
v 31.921539 37.799999 -41.974819
v 31.915140 37.796303 -41.992630
v 31.921539 40.200001 -41.974819
v 31.899689 40.212627 -42.000000
v 31.915140 40.203697 -41.992630
v 31.759373 38.071899 -42.000000
v 31.782688 38.081558 -41.974819
v 31.775860 38.078728 -41.992630
v 31.759373 39.928101 -42.000000
v 31.782688 39.918442 -41.974819
v 31.775860 39.921272 -41.992630
v 32.799999 36.921539 -41.974819
v 32.787384 36.899681 -42.000000
v 32.796303 36.915138 -41.992630
v 32.799999 41.078461 -41.974819
v 32.787384 41.100319 -42.000000
v 32.796303 41.084862 -41.992630
v 32.523613 37.075924 -42.000000
v 32.538971 37.095951 -41.974819
v 32.534473 37.090088 -41.992630
v 32.523613 40.924076 -42.000000
v 32.538971 40.904049 -41.974819
v 32.534473 40.909912 -41.992630
v 33.686737 36.620533 -41.974819
v 33.683422 36.595516 -42.000000
v 33.685768 36.613205 -41.992630
v 33.686737 41.379467 -41.974819
v 33.682819 41.404366 -42.000000
v 33.685589 41.386757 -41.992630
v 33.372314 36.657398 -42.000000
v 33.378834 36.681778 -41.974819
v 33.376923 36.674633 -41.992630
v 33.378834 41.318222 -41.974819
v 33.372314 41.342602 -42.000000
v 33.376923 41.325367 -41.992630
v 33.071888 36.759377 -42.000000
v 33.081558 36.782688 -41.974819
v 33.078728 36.775864 -41.992630
v 33.081558 41.217312 -41.974819
v 33.071888 41.240623 -42.000000
v 33.078728 41.224136 -41.992630
v 34.000000 36.599998 -41.974819
v 34.000000 36.574764 -42.000000
v 34.000000 36.592606 -41.992630
v 32.285099 37.285099 -42.000000
v 32.302944 37.302944 -41.974819
v 32.297718 37.297718 -41.992630
v 32.302944 40.697056 -41.974819
v 32.285099 40.714901 -42.000000
v 32.297718 40.702282 -41.992630
v 34.316578 36.595516 -42.000000
v 34.313263 36.620533 -41.974819
v 34.314232 36.613205 -41.992630
v 34.627686 41.342602 -42.000000
v 34.621166 41.318222 -41.974819
v 34.623077 41.325367 -41.992630
v 34.621166 36.681778 -41.974819
v 34.627686 36.657398 -42.000000
v 34.623077 36.674633 -41.992630
v 34.313263 41.379467 -41.974819
v 34.315975 41.404606 -42.000000
v 34.314056 41.386829 -41.992630
v 34.928112 41.240623 -42.000000
v 34.918442 41.217312 -41.974819
v 34.921272 41.224136 -41.992630
v 35.212616 41.100319 -42.000000
v 35.200001 41.078461 -41.974819
v 35.203697 41.084862 -41.992630
v 35.461029 37.095951 -41.974819
v 35.476387 37.075924 -42.000000
v 35.465527 37.090088 -41.992630
v 35.476387 40.924076 -42.000000
v 35.461029 40.904049 -41.974819
v 35.465527 40.909912 -41.992630
v 35.212616 36.899681 -42.000000
v 35.200001 36.921539 -41.974819
v 35.203697 36.915138 -41.992630
v 34.928112 36.759377 -42.000000
v 34.918442 36.782688 -41.974819
v 34.921272 36.775864 -41.992630
v 34.001263 41.425236 -42.000000
v 34.000000 41.400002 -41.974819
v 34.000370 41.407398 -41.992630
v 35.904049 37.538971 -41.974819
v 35.924076 37.523613 -42.000000
v 35.909912 37.534473 -41.992630
v 36.078461 40.200001 -41.974819
v 36.100319 40.212616 -42.000000
v 36.084862 40.203697 -41.992630
v 36.078461 37.799999 -41.974819
v 36.100319 37.787384 -42.000000
v 36.084862 37.796303 -41.992630
v 35.924076 40.476387 -42.000000
v 35.904049 40.461029 -41.974819
v 35.909912 40.465527 -41.992630
v 36.318222 38.378834 -41.974819
v 36.342880 38.373348 -42.000000
v 36.325443 38.377228 -41.992630
v 36.400002 39.000000 -41.974819
v 36.425236 39.000000 -42.000000
v 36.407394 39.000000 -41.992630
v 36.379467 38.686737 -41.974819
v 36.404453 38.682919 -42.000000
v 36.386787 38.685619 -41.992630
v 36.379467 39.313263 -41.974819
v 36.404484 39.316578 -42.000000
v 36.386795 39.314232 -41.992630
v 36.318222 39.621166 -41.974819
v 36.342602 39.627686 -42.000000
v 36.325367 39.623077 -41.992630
v 36.217312 39.918442 -41.974819
v 36.240623 39.928112 -42.000000
v 36.224136 39.921272 -41.992630
v 36.240391 38.071415 -42.000000
v 36.217312 38.081558 -41.974819
v 36.224075 38.078587 -41.992630
v 35.714901 37.285099 -42.000000
v 35.697056 37.302944 -41.974819
v 35.702282 37.297718 -41.992630
v 35.697056 40.697056 -41.974819
v 35.714901 40.714901 -42.000000
v 35.702282 40.702282 -41.992630
v 34.313263 41.379467 -40.425182
v 34.316578 41.404484 -40.400002
v 34.314232 41.386795 -40.407372
v 34.000000 41.425236 -40.400002
v 34.000000 41.400002 -40.425182
v 34.000000 41.407394 -40.407372
v 34.627686 41.342602 -40.400002
v 34.621166 41.318222 -40.425182
v 34.623077 41.325367 -40.407372
v 34.918442 41.217312 -40.425182
v 34.928112 41.240623 -40.400002
v 34.921272 41.224136 -40.407372
v 35.200001 41.078461 -40.425182
v 35.212616 41.100319 -40.400002
v 35.203697 41.084862 -40.407372
v 35.476387 40.924076 -40.400002
v 35.461029 40.904049 -40.425182
v 35.465527 40.909912 -40.407372
v 35.714901 40.714901 -40.400002
v 35.697056 40.697056 -40.425182
v 35.702282 40.702282 -40.407372
v 35.924076 40.476387 -40.400002
v 35.904049 40.461029 -40.425182
v 35.909912 40.465527 -40.407372
v 36.078461 40.200001 -40.425182
v 36.100319 40.212616 -40.400002
v 36.084862 40.203697 -40.407372
v 36.217312 39.918442 -40.425182
v 36.240623 39.928112 -40.400002
v 36.224136 39.921272 -40.407372
v 36.318222 39.621166 -40.425182
v 36.342381 39.628334 -40.400002
v 36.325294 39.623264 -40.407372
v 36.379467 39.313263 -40.425182
v 36.404671 39.315159 -40.400002
v 36.386841 39.313816 -40.407372
v 36.425282 39.000671 -40.400002
v 36.400002 39.000000 -40.425182
v 36.407410 39.000198 -40.407372
v 36.404484 38.683422 -40.400002
v 36.379467 38.686737 -40.425182
v 36.386795 38.685768 -40.407372
v 36.342602 38.372314 -40.400002
v 36.318222 38.378834 -40.425182
v 36.325367 38.376923 -40.407372
v 36.217312 38.081558 -40.425182
v 36.240623 38.071888 -40.400002
v 36.224136 38.078728 -40.407372
v 36.078461 37.799999 -40.425182
v 36.100319 37.787384 -40.400002
v 36.084862 37.796303 -40.407372
v 35.904049 37.538971 -40.425182
v 35.924076 37.523613 -40.400002
v 35.909912 37.534473 -40.407372
v 35.714901 37.285099 -40.400002
v 35.697056 37.302944 -40.425182
v 35.702282 37.297718 -40.407372
v 35.476387 37.075924 -40.400002
v 35.461029 37.095951 -40.425182
v 35.465527 37.090088 -40.407372
v 35.212616 36.899681 -40.400002
v 35.200001 36.921539 -40.425182
v 35.203697 36.915138 -40.407372
v 34.928112 36.759377 -40.400002
v 34.918442 36.782688 -40.425182
v 34.921272 36.775864 -40.407372
v 34.627686 36.657398 -40.400002
v 34.621166 36.681778 -40.425182
v 34.623077 36.674633 -40.407372
v 34.313263 36.620533 -40.425182
v 34.316578 36.595516 -40.400002
v 34.314232 36.613205 -40.407372
v 34.000000 36.599998 -40.425182
v 34.000000 36.574764 -40.400002
v 34.000000 36.592606 -40.407372
v 33.683422 36.595516 -40.400002
v 33.686737 36.620533 -40.425182
v 33.685768 36.613205 -40.407372
v 33.372314 36.657398 -40.400002
v 33.378834 36.681778 -40.425182
v 33.376923 36.674633 -40.407372
v 33.071888 36.759377 -40.400002
v 33.081558 36.782688 -40.425182
v 33.078728 36.775864 -40.407372
v 32.787384 36.899681 -40.400002
v 32.799999 36.921539 -40.425182
v 32.796303 36.915138 -40.407372
v 32.523613 37.075924 -40.400002
v 32.538971 37.095951 -40.425182
v 32.534473 37.090088 -40.407372
v 32.285099 37.285099 -40.400002
v 32.302944 37.302944 -40.425182
v 32.297718 37.297718 -40.407372
v 32.095951 37.538971 -40.425182
v 32.075924 37.523613 -40.400002
v 32.090088 37.534473 -40.407372
v 31.899689 37.787373 -40.400002
v 31.921539 37.799999 -40.425182
v 31.915140 37.796303 -40.407372
v 31.759373 38.071899 -40.400002
v 31.782688 38.081558 -40.425182
v 31.775860 38.078728 -40.407372
v 31.681778 38.378834 -40.425182
v 31.657623 38.371651 -40.400002
v 31.674706 38.376732 -40.407372
v 31.620533 38.686737 -40.425182
v 31.595329 38.684841 -40.400002
v 31.613152 38.686180 -40.407372
v 31.574718 38.999329 -40.400002
v 31.600000 39.000000 -40.425182
v 31.592598 38.999802 -40.407372
v 31.595510 39.316547 -40.400002
v 31.620533 39.313263 -40.425182
v 31.613201 39.314224 -40.407372
v 31.657402 39.627697 -40.400002
v 31.681778 39.621166 -40.425182
v 31.674637 39.623077 -40.407372
v 31.782688 39.918442 -40.425182
v 31.759373 39.928101 -40.400002
v 31.775860 39.921272 -40.407372
v 31.899689 40.212627 -40.400002
v 31.921539 40.200001 -40.425182
v 31.915140 40.203697 -40.407372
v 32.075924 40.476387 -40.400002
v 32.095951 40.461029 -40.425182
v 32.090088 40.465527 -40.407372
v 32.285099 40.714901 -40.400002
v 32.302944 40.697056 -40.425182
v 32.297718 40.702282 -40.407372
v 32.523613 40.924076 -40.400002
v 32.538971 40.904049 -40.425182
v 32.534473 40.909912 -40.407372
v 32.787384 41.100319 -40.400002
v 32.799999 41.078461 -40.425182
v 32.796303 41.084862 -40.407372
v 33.071888 41.240623 -40.400002
v 33.081558 41.217312 -40.425182
v 33.078728 41.224136 -40.407372
v 33.372314 41.342602 -40.400002
v 33.378834 41.318222 -40.425182
v 33.376923 41.325367 -40.407372
v 33.683422 41.404484 -40.400002
v 33.686737 41.379467 -40.425182
v 33.685768 41.386795 -40.407372
v 37.012985 34.052010 -38.025181
v 37.026440 34.030716 -38.000000
v 37.016926 34.045773 -38.007370
v 33.163265 44.732281 -38.025181
v 33.159382 44.757164 -38.000000
v 33.162128 44.739567 -38.007370
v -37.324871 4.003940 22.746792
v -37.325180 4.000000 22.743685
v -37.314663 4.001154 22.745882
v -37.324871 4.003940 22.000000
v -37.325180 4.000000 22.000000
v -37.314663 4.001154 22.000000
v -37.324871 4.003940 -11.235386
v -37.325180 4.000000 -11.266259
v -37.314663 4.001154 -11.244433
v -37.324871 4.003940 -14.059650
v -37.325180 4.000000 -14.063382
v -37.314663 4.001154 -14.060744
v -34.675129 4.003940 -13.674343
v -34.674820 4.000000 -13.670611
v -34.685337 4.001154 -13.673249
v -34.675129 4.003940 -8.047781
v -34.674820 4.000000 -8.016908
v -34.685337 4.001154 -8.038733
v -34.675129 4.003940 23.067663
v -34.674820 4.000000 23.070770
v -34.685337 4.001154 23.068573
v -34.675129 4.003940 22.000000
v -34.674820 4.000000 22.000000
v -34.685337 4.001154 22.000000
v -19.324871 4.003940 22.811949
v -19.325182 4.000000 22.807781
v -19.314661 4.001154 22.810728
v -19.324871 4.003940 22.000000
v -19.325182 4.000000 22.000000
v -19.314661 4.001154 22.000000
v -19.324871 4.003940 5.000000
v -19.325182 4.000000 5.000000
v -19.314661 4.001154 5.000000
v -19.324871 4.003940 -10.287463
v -19.325182 4.000000 -10.316214
v -19.314661 4.001154 -10.295886
v -19.325182 4.000000 -19.052513
v -19.324871 4.003940 -19.039503
v -19.314661 4.001154 -19.043314
v -16.675129 4.003940 -17.696253
v -16.674818 4.000000 -17.683243
v -16.685339 4.001154 -17.692442
v -16.675129 4.003940 5.000000
v -16.674818 4.000000 5.000000
v -16.685339 4.001154 5.000000
v -16.675129 4.003940 -7.319068
v -16.674818 4.000000 -7.290318
v -16.685339 4.001154 -7.310646
v -16.675129 4.003940 23.242214
v -16.674818 4.000000 23.246382
v -16.685339 4.001154 23.243435
v -16.675129 4.003940 22.000000
v -16.674818 4.000000 22.000000
v -16.685339 4.001154 22.000000
v -1.324872 4.003940 -13.809205
v -1.325182 4.000000 -13.798573
v -1.314661 4.001154 -13.806091
v -1.324872 4.003940 -12.481801
v -1.325182 4.000000 -12.483003
v -1.314661 4.001154 -12.482153
v -1.324872 4.003940 -7.356473
v -1.325182 4.000000 -7.377359
v -1.314661 4.001154 -7.362591
v -1.324872 4.003940 22.000000
v -1.325182 4.000000 22.000000
v -1.314661 4.001154 22.000000
v -1.325182 4.000000 6.683786
v -1.324872 4.003940 6.712536
v -1.314661 4.001154 6.704115
v 1.324872 4.003940 22.000000
v 1.325182 4.000000 22.000000
v 1.314661 4.001154 22.000000
v 1.325182 4.000000 9.709683
v 1.324872 4.003940 9.680933
v 1.314661 4.001154 9.689354
v 1.324872 4.003940 -5.200019
v 1.325182 4.000000 -5.179133
v 1.314661 4.001154 -5.193902
v 1.325182 4.000000 -12.356571
v 1.324872 4.003940 -12.357773
v 1.314661 4.001154 -12.357421
v 1.324872 4.003940 -14.906867
v 1.325182 4.000000 -14.917499
v 1.314661 4.001154 -14.909981
v 16.675129 4.003940 22.000000
v 16.674818 4.000000 22.000000
v 16.685339 4.001154 22.000000
v 16.675129 4.003940 6.712538
v 16.674818 4.000000 6.683787
v 16.685339 4.001154 6.704115
v 16.675129 4.003940 -11.047198
v 16.674818 4.000000 -11.077650
v 16.685339 4.001154 -11.056120
v 16.675129 4.003940 -12.937345
v 16.674818 4.000000 -12.939682
v 16.685339 4.001154 -12.938029
v 16.675129 4.003940 -14.741456
v 16.674818 4.000000 -14.726553
v 16.685339 4.001154 -14.737090
v 16.674818 4.000000 -21.397776
v 16.675129 4.003940 -21.408407
v 16.685339 4.001154 -21.405293
v 17.627552 4.003940 -21.824871
v 17.687201 4.000000 -21.825182
v 17.645027 4.001154 -21.814661
v 19.324871 4.003940 -16.280188
v 19.325182 4.000000 -16.295092
v 19.314661 4.001154 -16.284554
v 19.325182 4.000000 -7.872660
v 19.324871 4.003940 -7.903112
v 19.314661 4.001154 -7.894191
v 19.324871 4.003940 -12.696048
v 19.325182 4.000000 -12.693710
v 19.314661 4.001154 -12.695363
v 19.324871 4.003940 22.000000
v 19.325182 4.000000 22.000000
v 19.314661 4.001154 22.000000
v 19.324871 4.003940 9.680932
v 19.325182 4.000000 9.709682
v 19.314661 4.001154 9.689355
v 34.675129 4.003940 22.937346
v 34.674820 4.000000 22.939682
v 34.685337 4.001154 22.938030
v 34.675129 4.003940 -14.059650
v 34.674820 4.000000 -14.063382
v 34.685337 4.001154 -14.060744
v 37.324871 4.003940 -13.674343
v 37.325180 4.000000 -13.670611
v 37.314663 4.001154 -13.673249
v 37.324871 4.003940 22.696049
v 37.325180 4.000000 22.693712
v 37.314663 4.001154 22.695364
vn 1.0000 -0.0000 -0.0000
vn -0.0000 0.0001 1.0000
vn -0.0000 -0.0000 1.0000
vn -0.0000 -1.0000 -0.0000
vn -0.0000 -0.0001 1.0000
vn -0.1543 -0.8764 0.4562
vn -0.1450 -0.6996 0.6997
vn -0.4557 -0.8764 0.1556
vn -0.4313 -0.7924 0.4314
vn -0.4090 -0.6456 0.6449
vn -0.1635 -0.1635 0.9729
vn -0.4562 -0.1543 0.8764
vn -0.6997 -0.1450 0.6996
vn -0.1556 -0.4557 0.8764
vn -0.4314 -0.4313 0.7924
vn -0.6449 -0.4090 0.6456
vn -0.9729 -0.1635 0.1635
vn -0.8764 -0.4562 0.1543
vn -0.6996 -0.6997 0.1450
vn -0.8764 -0.1556 0.4557
vn -0.7924 -0.4314 0.4313
vn -0.6456 -0.6449 0.4090
vn -0.5774 -0.5774 0.5773
vn -0.1635 0.1635 0.9729
vn -0.1543 0.4562 0.8764
vn -0.1450 0.6997 0.6996
vn -0.4557 0.1556 0.8764
vn -0.4313 0.4314 0.7924
vn -0.4090 0.6449 0.6456
vn -0.1635 0.9729 0.1635
vn -0.4562 0.8764 0.1543
vn -0.6997 0.6996 0.1450
vn -0.1556 0.8764 0.4557
vn -0.4314 0.7924 0.4313
vn -0.6449 0.6456 0.4090
vn -0.9729 0.1635 0.1635
vn -0.8764 0.1543 0.4562
vn -0.6996 0.1450 0.6997
vn -0.8764 0.4557 0.1556
vn -0.7924 0.4313 0.4314
vn -0.6456 0.4090 0.6449
vn -0.5774 0.5774 0.5773
vn -0.4562 -0.8764 -0.1543
vn -0.6997 -0.6996 -0.1450
vn -0.1556 -0.8764 -0.4557
vn -0.4314 -0.7924 -0.4314
vn -0.6449 -0.6455 -0.4090
vn -0.9729 -0.1635 -0.1635
vn -0.8764 -0.1543 -0.4562
vn -0.6996 -0.1450 -0.6997
vn -0.8764 -0.4557 -0.1556
vn -0.7924 -0.4313 -0.4314
vn -0.6456 -0.4090 -0.6449
vn -0.1635 -0.1635 -0.9729
vn -0.1543 -0.4562 -0.8764
vn -0.1450 -0.6997 -0.6996
vn -0.4557 -0.1556 -0.8764
vn -0.4313 -0.4314 -0.7924
vn -0.4090 -0.6449 -0.6456
vn -0.5774 -0.5774 -0.5773
vn -0.1635 0.9729 -0.1635
vn -0.1543 0.8764 -0.4562
vn -0.1450 0.6996 -0.6997
vn -0.4557 0.8764 -0.1556
vn -0.4313 0.7924 -0.4314
vn -0.4090 0.6456 -0.6449
vn -0.1635 0.1635 -0.9729
vn -0.4562 0.1543 -0.8764
vn -0.6997 0.1450 -0.6996
vn -0.1556 0.4557 -0.8764
vn -0.4313 0.4313 -0.7924
vn -0.6449 0.4090 -0.6456
vn -0.9729 0.1635 -0.1635
vn -0.8764 0.4562 -0.1543
vn -0.6996 0.6997 -0.1450
vn -0.8764 0.1556 -0.4557
vn -0.7924 0.4314 -0.4313
vn -0.6456 0.6449 -0.4090
vn -0.5774 0.5774 -0.5773
vn 0.4562 -0.8764 0.1543
vn 0.6997 -0.6996 0.1450
vn 0.1556 -0.8764 0.4557
vn 0.4313 -0.7924 0.4313
vn 0.6449 -0.6455 0.4090
vn 0.9729 -0.1635 0.1635
vn 0.8764 -0.1543 0.4562
vn 0.6996 -0.1450 0.6997
vn 0.8764 -0.4557 0.1556
vn 0.7924 -0.4313 0.4314
vn 0.6456 -0.4090 0.6449
vn 0.1635 -0.1635 0.9729
vn 0.1543 -0.4562 0.8764
vn 0.1450 -0.6997 0.6996
vn 0.4557 -0.1556 0.8764
vn 0.4313 -0.4314 0.7924
vn 0.4090 -0.6449 0.6456
vn 0.5774 -0.5774 0.5773
vn 0.1635 0.9729 0.1635
vn 0.1543 0.8764 0.4562
vn 0.1450 0.6996 0.6997
vn 0.4557 0.8764 0.1556
vn 0.4313 0.7924 0.4314
vn 0.4090 0.6456 0.6449
vn 0.1635 0.1635 0.9729
vn 0.4562 0.1543 0.8764
vn 0.6997 0.1450 0.6996
vn 0.1556 0.4557 0.8764
vn 0.4314 0.4313 0.7924
vn 0.6449 0.4090 0.6456
vn 0.9729 0.1635 0.1635
vn 0.8764 0.4562 0.1543
vn 0.6996 0.6997 0.1450
vn 0.8764 0.1556 0.4557
vn 0.7924 0.4314 0.4313
vn 0.6456 0.6449 0.4090
vn 0.5774 0.5774 0.5773
vn 0.1543 -0.8764 -0.4562
vn 0.1450 -0.6996 -0.6997
vn 0.4557 -0.8764 -0.1556
vn 0.4313 -0.7924 -0.4314
vn 0.4090 -0.6456 -0.6449
vn 0.1635 -0.1635 -0.9729
vn 0.4562 -0.1543 -0.8764
vn 0.6997 -0.1450 -0.6996
vn 0.1556 -0.4557 -0.8764
vn 0.4314 -0.4313 -0.7924
vn 0.6449 -0.4090 -0.6456
vn 0.9729 -0.1635 -0.1635
vn 0.8764 -0.4562 -0.1543
vn 0.6996 -0.6997 -0.1450
vn 0.8764 -0.1556 -0.4557
vn 0.7924 -0.4314 -0.4313
vn 0.6456 -0.6449 -0.4090
vn 0.5774 -0.5774 -0.5773
vn 0.1635 0.9729 -0.1635
vn 0.4562 0.8764 -0.1543
vn 0.6997 0.6996 -0.1450
vn 0.1556 0.8764 -0.4557
vn 0.4314 0.7924 -0.4314
vn 0.6449 0.6455 -0.4090
vn 0.9729 0.1635 -0.1635
vn 0.8764 0.1543 -0.4562
vn 0.6996 0.1450 -0.6997
vn 0.8764 0.4557 -0.1556
vn 0.7924 0.4313 -0.4314
vn 0.6456 0.4090 -0.6449
vn 0.1635 0.1635 -0.9729
vn 0.1543 0.4562 -0.8764
vn 0.1450 0.6997 -0.6996
vn 0.4557 0.1556 -0.8764
vn 0.4313 0.4314 -0.7924
vn 0.4090 0.6449 -0.6456
vn 0.5774 0.5774 -0.5773
vn -0.4540 -0.8910 -0.0000
vn -0.7071 -0.7071 -0.0000
vn -0.8910 -0.4540 -0.0000
vn -0.9877 -0.1565 -0.0000
vn -0.1565 -0.0000 0.9877
vn -0.4540 -0.0000 0.8910
vn -0.7071 -0.0000 0.7071
vn -0.8910 -0.0000 0.4540
vn -0.9877 -0.0000 0.1565
vn -0.1565 0.9877 -0.0000
vn -0.4540 0.8910 -0.0000
vn -0.7071 0.7071 -0.0000
vn -0.8910 0.4540 -0.0000
vn -0.9877 0.1565 -0.0000
vn -0.1565 -0.0000 -0.9877
vn -0.4540 -0.0000 -0.8910
vn -0.7071 -0.0000 -0.7071
vn -0.8910 -0.0000 -0.4540
vn -0.9877 -0.0000 -0.1565
vn -0.0000 -0.8910 -0.4540
vn -0.0000 -0.7071 -0.7071
vn -0.0000 -0.4540 -0.8910
vn -0.0000 -0.1565 -0.9877
vn -0.0000 0.9877 -0.1565
vn -0.0000 0.8910 -0.4540
vn -0.0000 0.7071 -0.7071
vn -0.0000 0.4540 -0.8910
vn -0.0000 0.1565 -0.9877
vn 0.9877 -0.0000 -0.1565
vn 0.8910 -0.0000 -0.4540
vn 0.7071 -0.0000 -0.7071
vn 0.4540 -0.0000 -0.8910
vn 0.1565 -0.0000 -0.9877
vn 0.4540 -0.8910 -0.0000
vn 0.7071 -0.7071 -0.0000
vn 0.8910 -0.4540 -0.0000
vn 0.9877 -0.1565 -0.0000
vn 0.1565 0.9877 -0.0000
vn 0.4540 0.8910 -0.0000
vn 0.7071 0.7071 -0.0000
vn 0.8910 0.4540 -0.0000
vn 0.9877 0.1565 -0.0000
vn 0.1565 -0.0000 0.9877
vn 0.4540 -0.0000 0.8910
vn 0.7071 -0.0000 0.7071
vn 0.8910 -0.0000 0.4540
vn 0.9877 -0.0000 0.1565
vn -0.0000 -0.8910 0.4540
vn -0.0000 -0.7071 0.7071
vn -0.0000 -0.4540 0.8910
vn -0.0000 -0.1565 0.9877
vn -0.0000 0.9877 0.1565
vn -0.0000 0.8910 0.4540
vn -0.0000 0.7071 0.7071
vn -0.0000 0.4540 0.8910
vn -0.0000 0.1565 0.9877
vn -1.0000 -0.0000 -0.0000
vn -0.0000 1.0000 -0.0000
vn -0.0000 -0.0000 -1.0000
vn -0.5774 -0.5773 0.5774
vn -0.1556 0.8765 0.4557
vn -0.4314 0.7924 0.4314
vn -0.7924 0.4314 0.4314
vn -0.5774 0.5773 0.5774
vn -0.4314 -0.7924 -0.4313
vn -0.6449 -0.6456 -0.4090
vn -0.7924 -0.4313 -0.4313
vn -0.5774 -0.5773 -0.5773
vn -0.4314 0.4313 -0.7924
vn -0.5774 0.5773 -0.5773
vn 0.4314 -0.7924 0.4314
vn 0.6449 -0.6456 0.4090
vn 0.7924 -0.4314 0.4313
vn 0.5774 -0.5773 0.5774
vn 0.7924 0.4314 0.4314
vn 0.5774 0.5773 0.5774
vn 0.7924 -0.4314 -0.4314
vn 0.5774 -0.5773 -0.5773
vn 0.1556 0.8765 -0.4557
vn 0.4314 0.7924 -0.4313
vn 0.6449 0.6456 -0.4090
vn 0.5774 0.5773 -0.5773
vn -0.5773 -0.5774 0.5773
vn -0.4313 0.4313 0.7924
vn -0.5774 -0.5773 -0.5774
vn -0.5774 0.5773 -0.5774
vn 0.4314 -0.7924 0.4313
vn 0.4314 -0.4313 0.7924
vn 0.5773 0.5774 0.5773
vn 0.5774 -0.5773 -0.5774
vn 0.7924 0.4314 -0.4314
vn 0.5774 0.5773 -0.5774
vn -0.7924 -0.4314 0.4314
vn -0.7924 0.4314 -0.4314
vn -0.3250 -0.8881 0.3251
vn -0.3249 -0.3249 0.8882
vn -0.8881 -0.3249 0.3251
vn -0.6160 0.6436 0.4543
vn -0.3850 0.9226 -0.0248
vn -0.9209 0.3897 -0.0090
vn -0.3318 0.9049 -0.2664
vn -0.3478 0.3715 -0.8608
vn -0.8920 0.3373 -0.3008
vn 0.5678 0.5952 0.5686
vn 0.9228 0.3823 0.0481
vn 0.3774 0.9256 0.0291
vn -0.3249 0.3248 0.8882
vn -0.3250 0.8881 0.3251
vn -0.8883 0.3249 0.3247
vn 0.3317 0.9050 -0.2665
vn 0.8919 0.3375 -0.3010
vn 0.3478 0.3717 -0.8607
vn -0.3250 0.3250 0.8881
vn -0.8882 0.3249 0.3249
vn -0.8858 -0.3175 -0.3385
vn -0.3209 -0.3208 -0.8911
vn -0.3223 -0.8873 -0.3299
vn 0.3250 0.3250 0.8881
vn 0.8882 0.3249 0.3250
vn 0.3250 0.8881 0.3251
vn 0.3251 -0.8880 0.3252
vn 0.8881 -0.3250 0.3250
vn 0.3250 -0.3253 0.8880
vn 0.3249 0.3249 0.8882
vn 0.8883 0.3249 0.3246
vn 0.3235 -0.8873 -0.3288
vn 0.3200 -0.3218 -0.8911
vn 0.8859 -0.3235 -0.3325
vn 0.3134 0.3812 -0.8698
vn 0.2975 0.9102 -0.2882
vn 0.8788 0.3612 -0.3118
vn -0.9167 0.2247 -0.3305
vn -0.4206 0.8351 -0.3545
vn -0.3456 0.3134 -0.8845
vn 0.9581 0.2021 -0.2029
vn 0.6777 0.6225 -0.3915
vn 0.6776 0.3912 -0.6228
vn 0.2026 0.2023 0.9581
vn 0.3913 0.6226 0.6776
vn 0.6230 0.3911 0.6774
vn -0.6229 0.3913 0.6773
vn -0.3915 0.6223 0.6778
vn -0.2027 0.2022 0.9581
vn -0.6775 0.3912 -0.6228
vn -0.6776 0.6225 -0.3916
vn -0.9580 0.2025 -0.2028
vn -0.9407 0.1912 0.2803
vn -0.4129 0.2459 0.8769
vn -0.4694 0.7931 0.3881
vn 0.2363 0.2542 0.9379
vn 0.8345 0.2996 0.4624
vn 0.2840 0.8588 0.4263
vn 0.4482 0.3956 0.8016
vn 0.7025 0.2976 0.6464
vn 0.3624 -0.1364 0.9220
vn -0.9019 -0.1596 0.4013
vn -0.7968 0.2378 0.5555
vn -0.7736 0.1941 0.6032
vn -0.3790 0.6658 0.6427
vn -0.1634 0.2806 0.9458
vn -0.6137 0.4120 0.6735
vn 0.7575 0.4008 0.5153
vn 0.9407 -0.0211 0.3386
vn 0.6890 0.1933 0.6985
vn 0.9211 0.0027 -0.3894
vn 0.3118 0.2194 -0.9245
vn 0.3126 0.8664 -0.3893
vn -0.3118 0.2194 -0.9245
vn -0.9211 0.0027 -0.3893
vn -0.3126 0.8664 -0.3894
vn -0.9211 0.0027 0.3894
vn -0.3118 0.2194 0.9245
vn -0.3126 0.8664 0.3893
vn 0.3118 0.2194 0.9245
vn 0.9211 0.0027 0.3893
vn 0.3126 0.8664 0.3894
vn -0.9195 -0.0000 -0.3930
vn -0.3760 -0.0000 -0.9266
vn -0.0000 -0.9239 -0.3826
vn -0.0000 -0.3823 -0.9240
vn 0.9240 -0.3824 -0.0000
vn 0.3826 -0.9239 -0.0000
vn 0.0985 -0.9248 0.3676
vn 0.2389 -0.3847 0.8916
vn 0.3904 -0.3827 0.8373
vn 0.1617 -0.9239 0.3468
vn 0.3696 -0.9239 0.0990
vn 0.8924 -0.3826 0.2391
vn -0.1617 -0.9239 -0.3468
vn -0.3904 -0.3827 -0.8373
vn -0.5299 -0.3828 -0.7568
vn -0.2195 -0.9239 -0.3135
vn -0.8924 -0.3826 0.2391
vn -0.3696 -0.9239 0.0990
vn 0.8924 -0.3827 0.2391
vn -0.1617 -0.9239 0.3469
vn -0.3904 -0.3828 0.8373
vn 0.3135 -0.9239 0.2195
vn 0.7568 -0.3827 0.5299
vn 0.3468 -0.9239 -0.1617
vn 0.8373 -0.3827 -0.3904
vn -0.2195 -0.9239 0.3135
vn -0.5299 -0.3828 0.7568
vn -0.3812 -0.9239 -0.0334
vn -0.9203 -0.3827 -0.0805
vn -0.9203 -0.3827 0.0805
vn -0.3812 -0.9239 0.0334
vn -0.2960 -0.9081 0.2961
vn -0.6627 -0.3488 0.6627
vn -0.3468 -0.9239 0.1617
vn -0.8373 -0.3827 0.3904
vn 0.3812 -0.9239 0.0334
vn 0.9204 -0.3827 0.0805
vn 0.9204 -0.3827 -0.0805
vn 0.3812 -0.9239 -0.0334
vn 0.3812 -0.9239 0.0333
vn -0.3929 -0.3685 0.8425
vn -0.1679 -0.9177 0.3601
vn -0.8373 -0.3826 0.3904
vn -0.7568 -0.3828 0.5299
vn -0.3135 -0.9239 0.2195
vn -0.2391 -0.3827 0.8924
vn -0.0990 -0.9239 0.3696
vn 0.2391 -0.3827 0.8924
vn 0.0990 -0.9239 0.3696
vn 0.7568 -0.3827 -0.5299
vn 0.3135 -0.9239 -0.2195
vn -0.3468 -0.9239 -0.1617
vn -0.8373 -0.3827 -0.3904
vn -0.6627 -0.3487 0.6627
vn -0.2391 -0.3826 0.8924
vn -0.0805 -0.3827 0.9204
vn -0.0334 -0.9239 0.3812
vn -0.0991 -0.9239 -0.3697
vn -0.2391 -0.3827 -0.8924
vn -0.3819 -0.9236 -0.0334
vn -0.9206 -0.3821 -0.0805
vn -0.9109 -0.4049 0.0797
vn -0.3600 -0.9324 0.0315
vn -0.0805 -0.3827 -0.9204
vn -0.0333 -0.9239 -0.3812
vn 0.6533 -0.3827 -0.6533
vn 0.2706 -0.9239 -0.2706
vn 0.3904 -0.3828 -0.8373
vn 0.1618 -0.9239 -0.3469
vn -0.0990 -0.9239 -0.3696
vn -0.2391 -0.3828 -0.8924
vn -0.3904 -0.3828 -0.8373
vn -0.1618 -0.9239 -0.3469
vn -0.9204 -0.3827 -0.0805
vn -0.9204 -0.3827 0.0805
vn 0.3788 -0.9249 0.0331
vn 0.9194 -0.3851 0.0804
vn 0.1617 -0.9239 -0.3469
vn 0.0805 -0.3827 0.9204
vn 0.0334 -0.9239 0.3812
vn 0.0805 -0.3827 -0.9204
vn 0.0334 -0.9239 -0.3812
vn 0.9203 -0.3827 -0.0805
vn 0.6532 -0.3829 -0.6532
vn 0.2707 -0.9238 -0.2707
vn 0.8373 -0.3827 0.3904
vn 0.3468 -0.9239 0.1617
vn -0.8856 -0.3992 0.2373
vn -0.3541 -0.9304 0.0949
vn 0.3134 -0.9239 0.2195
vn 0.7568 -0.3826 0.5299
vn 0.5298 -0.3831 0.7567
vn 0.2193 -0.9240 0.3132
vn -0.7568 -0.3827 0.5299
vn 0.3805 -0.9242 0.0333
vn 0.9200 -0.3835 0.0805
vn -0.2528 -0.8977 0.3609
vn -0.5415 -0.3298 0.7733
vn -0.3905 -0.3826 0.8373
vn -0.1617 -0.9239 0.3468
vn 0.2706 -0.9239 0.2706
vn 0.6533 -0.3826 0.6533
vn -0.5232 -0.4096 0.7473
vn -0.2047 -0.9341 0.2924
vn -0.1554 -0.9300 -0.3332
vn -0.3877 -0.3981 -0.8314
vn -0.5299 -0.3827 -0.7568
vn 0.3697 -0.9239 0.0990
vn 0.1617 -0.9239 -0.3468
vn 0.3904 -0.3827 -0.8373
vn 0.2391 -0.3827 -0.8924
vn 0.0990 -0.9239 -0.3696
vn 0.7566 -0.3832 -0.5298
vn 0.3130 -0.9241 -0.2192
vn 0.2391 -0.3828 -0.8924
vn 0.0805 -0.3841 -0.9198
vn 0.0332 -0.9245 -0.3798
vn 0.8373 -0.3826 0.3904
vn 0.1617 0.9239 -0.3468
vn 0.3904 0.3827 -0.8373
vn 0.5299 0.3828 -0.7568
vn 0.2195 0.9239 -0.3135
vn 0.3812 0.9239 -0.0333
vn 0.9204 0.3827 -0.0805
vn 0.9204 0.3827 0.0805
vn 0.3812 0.9239 0.0333
vn -0.3904 0.3828 0.8373
vn -0.1617 0.9239 0.3469
vn 0.6534 0.3823 0.6534
vn 0.2709 0.9237 0.2709
vn -0.8373 0.3826 0.3904
vn -0.3468 0.9239 0.1617
vn -0.3135 0.9239 0.2195
vn -0.7568 0.3827 0.5299
vn -0.8373 0.3827 0.3904
vn -0.7568 0.3828 0.5299
vn 0.3468 0.9239 0.1617
vn 0.8373 0.3827 0.3904
vn 0.7568 0.3827 0.5299
vn 0.3135 0.9239 0.2195
vn 0.2633 -0.9647 -0.0000
vn 0.1091 0.9940 -0.0000
vn -0.3696 0.9239 0.0990
vn -0.8924 0.3826 0.2391
vn -0.3904 0.3827 -0.8373
vn -0.1617 0.9239 -0.3468
vn 0.0334 0.9239 -0.3812
vn 0.0805 0.3827 -0.9203
vn 0.8924 0.3827 0.2391
vn 0.3696 0.9239 0.0990
vn 0.2702 0.9241 0.2702
vn 0.6531 0.3833 0.6531
vn -0.2633 -0.9647 -0.0000
vn -0.1090 0.9940 -0.0000
vn -0.9083 0.4107 -0.0795
vn -0.3546 0.9345 -0.0311
vn -0.3812 0.9239 0.0334
vn -0.9204 0.3827 0.0805
vn -0.8924 0.3827 -0.2391
vn -0.3696 0.9239 -0.0990
vn 0.1090 0.9940 -0.0000
vn 0.5301 0.3821 0.7570
vn 0.2198 0.9236 0.3139
vn -0.0805 0.3831 -0.9202
vn -0.0333 0.9241 -0.3808
vn 0.2706 0.9239 -0.2706
vn 0.6533 0.3826 -0.6533
vn 0.7568 0.3827 -0.5299
vn 0.3135 0.9239 -0.2195
vn -0.3468 0.9239 -0.1617
vn -0.8373 0.3827 -0.3904
vn -0.7568 0.3826 -0.5299
vn -0.3135 0.9239 -0.2195
vn -0.0990 0.9239 -0.3696
vn -0.2391 0.3826 -0.8924
vn -0.0805 0.3827 -0.9204
vn -0.0334 0.9239 -0.3812
vn 0.5299 0.3826 -0.7568
vn 0.3468 0.9239 -0.1617
vn 0.8373 0.3827 -0.3904
vn 0.8924 0.3827 -0.2391
vn 0.3696 0.9239 -0.0990
vn 0.0805 0.3827 0.9204
vn 0.0334 0.9239 0.3813
vn -0.1478 0.9368 0.3171
vn -0.3840 0.4175 0.8236
vn -0.0804 0.3849 -0.9194
vn -0.0332 0.9248 -0.3790
vn 0.6533 0.3828 -0.6533
vn 0.8924 0.3826 -0.2391
vn -0.0992 0.9237 -0.3701
vn -0.2392 0.3822 -0.8926
vn 0.8927 0.3819 0.2392
vn 0.3704 0.9236 0.0992
vn 0.5299 0.3828 0.7568
vn 0.2195 0.9239 0.3135
vn -0.3812 0.9239 0.0333
vn -0.9204 0.3827 -0.0805
vn -0.3812 0.9239 -0.0333
vn -0.2195 0.9239 -0.3135
vn -0.5299 0.3828 -0.7568
vn 0.1617 0.9239 0.3468
vn 0.3904 0.3827 0.8373
vn -0.0996 0.9229 -0.3718
vn -0.2394 0.3803 -0.8933
vn 0.1641 0.9864 -0.0001
vn 0.3935 -0.9193 0.0004
vn -0.3597 0.9179 -0.1677
vn -0.8424 0.3688 -0.3928
vn -0.7568 0.3828 -0.5299
vn -0.2391 0.3828 -0.8924
vn -0.0805 0.3826 -0.9204
vn -0.3812 0.9239 -0.0334
vn -0.2706 0.9239 -0.2706
vn -0.6533 0.3826 -0.6533
vn -0.5299 0.3827 -0.7568
vn -0.0000 0.9763 0.2165
vn -0.0000 -0.8608 0.5090
vn -0.3934 -0.9194 0.0004
vn -0.1641 0.9864 -0.0001
vn 0.0990 0.9239 -0.3696
vn 0.2391 0.3828 -0.8924
vn 0.3904 0.3828 -0.8373
vn 0.1617 0.9239 -0.3469
vn 0.2199 0.9236 -0.3140
vn 0.5301 0.3820 -0.7570
vn 0.2707 0.9238 -0.2707
vn 0.6532 0.3829 -0.6532
vn 0.0990 0.9239 0.3696
vn 0.2391 0.3828 0.8924
vn 0.0805 0.3826 0.9204
vn 0.0334 0.9239 0.3812
vn -0.8924 0.3827 0.2391
vn -0.2632 -0.9647 -0.0000
vn 0.7568 0.3826 -0.5299
vn -0.2195 0.9239 0.3135
vn -0.5299 0.3826 0.7568
vn -0.6533 0.3827 0.6533
vn -0.2706 0.9239 0.2706
vn -0.9241 -0.0000 0.3822
vn -0.3824 -0.0000 0.9240
vn -0.3826 0.9239 -0.0000
vn -0.9240 0.3824 -0.0000
vn 0.9204 -0.0000 -0.3909
vn 0.3741 -0.0000 -0.9274
vn -0.0000 0.3823 0.9240
vn -0.0000 0.9239 0.3826
vn 0.3820 -0.0188 -0.9240
vn 0.9228 -0.0453 -0.3826
vn 0.9228 0.0453 -0.3827
vn 0.3820 0.0188 -0.9240
vn 0.1966 0.3280 -0.9240
vn 0.4750 0.7925 -0.3826
vn 0.3950 0.8353 -0.3825
vn 0.1635 0.3456 -0.9240
vn -0.3457 0.1636 -0.9240
vn -0.8352 0.3950 -0.3826
vn -0.8699 0.3112 -0.3826
vn -0.3601 0.1288 -0.9240
vn -0.3113 0.8699 0.3826
vn -0.1288 0.3601 0.9240
vn 0.0929 0.3710 0.9240
vn 0.2245 0.8962 0.3826
vn 0.3113 0.8699 0.3826
vn 0.1288 0.3601 0.9240
vn -0.9821 -0.0000 0.1886
vn -0.6703 -0.0000 0.7421
vn -0.3824 0.9240 -0.0000
vn 0.2519 0.2873 -0.9241
vn 0.6091 0.6945 -0.3829
vn 0.3429 -0.1692 -0.9240
vn 0.8287 -0.4086 -0.3824
vn 0.2120 0.3173 -0.9243
vn 0.5131 0.7679 -0.3835
vn -0.1691 0.3430 -0.9240
vn -0.4086 0.8286 -0.3827
vn 0.8749 0.2970 -0.3825
vn 0.3622 0.1230 -0.9240
vn -0.0604 -0.9220 -0.3824
vn -0.0250 -0.3815 -0.9240
vn -0.3621 0.1230 -0.9240
vn -0.8749 0.2969 -0.3827
vn -0.9061 0.1803 -0.3826
vn -0.3751 0.0746 -0.9240
vn -0.1229 -0.3620 -0.9240
vn -0.2970 -0.8749 -0.3826
vn -0.1803 -0.9061 -0.3827
vn -0.0746 -0.3752 -0.9239
vn 0.0250 -0.3816 -0.9240
vn 0.0604 -0.9219 -0.3826
vn 0.1803 -0.9061 -0.3827
vn 0.0746 -0.3752 -0.9239
vn 0.8287 -0.4086 -0.3825
vn 0.3430 -0.1692 -0.9240
vn 0.3816 -0.0250 -0.9240
vn 0.9219 -0.0604 -0.3828
vn 0.9219 0.0604 -0.3828
vn 0.3816 0.0250 -0.9240
vn 0.6093 -0.6946 -0.3826
vn 0.2521 -0.2876 -0.9240
vn 0.2875 -0.2522 -0.9240
vn 0.6947 -0.6091 -0.3827
vn 0.7682 -0.5132 -0.3827
vn 0.3180 -0.2124 -0.9240
vn -0.2124 0.3179 -0.9240
vn -0.5133 0.7683 -0.3826
vn -0.6093 0.6946 -0.3826
vn -0.2521 0.2876 -0.9240
vn 0.4088 0.8288 -0.3819
vn 0.1695 0.3439 -0.9236
vn -0.9061 -0.1802 -0.3826
vn -0.3751 -0.0746 -0.9240
vn -0.6947 -0.6091 -0.3827
vn -0.2875 -0.2522 -0.9240
vn 0.8699 0.3112 0.3827
vn 0.3601 0.1289 0.9240
vn 0.1355 -0.9138 0.3830
vn 0.0561 -0.3785 0.9239
vn -0.7422 -0.5504 0.3824
vn -0.3071 -0.2278 0.9240
vn -0.0000 0.7012 0.7130
vn -0.0000 0.9847 0.1742
vn 0.6204 -0.6846 0.3825
vn 0.2568 -0.2833 0.9240
vn 0.4751 -0.7925 0.3825
vn 0.1966 -0.3280 0.9240
vn 0.3113 -0.8701 0.3823
vn 0.1288 -0.3598 0.9241
vn -0.3074 -0.8592 0.4090
vn -0.1205 -0.3366 0.9339
vn -0.7421 -0.5504 0.3825
vn -0.7925 -0.4750 0.3825
vn -0.3280 -0.1966 0.9240
vn -0.8962 -0.2245 0.3826
vn -0.3710 -0.0929 0.9240
vn -0.3113 -0.8700 0.3823
vn -0.1288 -0.3599 0.9241
vn -0.9138 -0.1356 0.3828
vn -0.3784 -0.0561 0.9240
vn 0.0453 0.9228 0.3827
vn 0.0188 0.3819 0.9240
vn 0.0929 0.3709 0.9240
vn 0.6846 0.6205 0.3824
vn 0.2833 0.2568 0.9240
vn 0.7421 -0.5504 0.3825
vn 0.3071 -0.2278 0.9240
vn 0.6204 -0.6846 0.3826
vn 0.3113 -0.8700 0.3823
vn 0.1288 -0.3599 0.9241
vn 0.1355 -0.9139 0.3826
vn 0.0561 -0.3782 0.9240
vn 0.8352 -0.3950 0.3826
vn 0.3457 -0.1635 0.9240
vn -0.5504 -0.7421 0.3825
vn -0.2278 -0.3073 0.9240
vn -0.9140 -0.1356 0.3824
vn -0.3783 -0.0561 0.9240
vn 0.3710 0.0929 0.9240
vn 0.8962 0.2245 0.3828
vn 0.9140 0.1356 0.3824
vn 0.3783 0.0561 0.9240
vn 0.9228 -0.0453 0.3827
vn 0.3820 -0.0188 0.9240
vn 0.8961 -0.2245 0.3830
vn 0.3710 -0.0929 0.9240
vn 0.6205 -0.6846 0.3825
vn 0.2249 0.8979 0.3784
vn 0.0940 0.3752 0.9221
vn 0.3950 0.8352 0.3825
vn 0.1635 0.3457 0.9240
vn -0.6092 -0.6947 0.3826
vn -0.2521 -0.2876 0.9240
vn -0.9061 0.1803 0.3826
vn -0.3751 0.0746 0.9240
vn -0.2970 0.8749 0.3825
vn -0.1229 0.3621 0.9240
vn 0.6092 0.6947 0.3826
vn 0.2521 0.2876 0.9240
vn 0.9062 -0.1803 0.3825
vn 0.3751 -0.0746 0.9240
vn 0.2970 -0.8749 0.3825
vn 0.1229 -0.3621 0.9240
vn -0.0929 -0.3706 0.9241
vn -0.2245 -0.8964 0.3821
vn -0.1966 -0.3280 0.9240
vn -0.4750 -0.7925 0.3825
vn -0.3071 -0.2277 0.9240
vn -0.7421 -0.5504 0.3826
vn -0.7925 -0.4750 0.3826
vn -0.3601 -0.1289 0.9240
vn -0.8699 -0.3113 0.3826
vn -0.3787 -0.0562 0.9238
vn -0.9140 -0.1356 0.3823
vn -0.3710 0.0929 0.9240
vn -0.8963 0.2245 0.3825
vn -0.3601 0.1288 0.9240
vn -0.8699 0.3112 0.3826
vn -0.3280 0.1966 0.9240
vn -0.7925 0.4750 0.3826
vn -0.0188 0.3819 0.9240
vn -0.0453 0.9228 0.3825
vn -0.2970 -0.8749 0.3825
vn -0.1229 -0.3621 0.9240
vn -0.9061 -0.1803 0.3826
vn -0.3751 -0.0746 0.9240
vn -0.6092 0.6946 0.3826
vn -0.2521 0.2876 0.9240
vn 0.2970 0.8749 0.3825
vn 0.1229 0.3621 0.9240
vn 0.9068 0.1804 0.3810
vn 0.3761 0.0748 0.9235
vn 0.6092 -0.6946 0.3826
vn 0.2521 -0.2876 0.9240
vn -0.1635 -0.3457 0.9240
vn -0.3951 -0.8352 0.3827
vn -0.3071 0.2277 0.9240
vn -0.7421 0.5504 0.3826
vn -0.2834 0.2569 0.9240
vn -0.6846 0.6205 0.3826
vn -0.0929 0.3709 0.9240
vn -0.2245 0.8963 0.3825
vn -0.0562 0.3786 0.9239
vn -0.1356 0.9141 0.3822
vn -0.0250 -0.3816 0.9240
vn -0.0604 -0.9219 0.3826
vn -0.1803 -0.9061 0.3827
vn -0.0746 -0.3752 0.9239
vn -0.8287 -0.4087 0.3824
vn -0.3429 -0.1691 0.9240
vn -0.7682 0.5132 0.3827
vn -0.3180 0.2124 0.9240
vn 0.0604 0.9219 0.3826
vn 0.0250 0.3816 0.9240
vn 0.8286 0.4087 0.3825
vn 0.3430 0.1692 0.9240
vn 0.7682 -0.5132 0.3827
vn 0.3180 -0.2125 0.9240
vn -0.3819 0.0187 0.9240
vn -0.9229 0.0453 0.3824
vn -0.2278 0.3072 0.9240
vn -0.5504 0.7420 0.3827
vn -0.6946 -0.6092 0.3826
vn -0.2875 -0.2521 0.9240
vn -0.8749 0.2970 0.3825
vn -0.3622 0.1229 0.9240
vn -0.1802 0.9061 0.3827
vn -0.0746 0.3752 0.9239
vn 0.6946 0.6092 0.3826
vn 0.2875 0.2521 0.9240
vn 0.8749 -0.2970 0.3826
vn 0.3621 -0.1229 0.9240
vn 0.1802 -0.9061 0.3827
vn 0.0746 -0.3752 0.9239
vn -0.3072 -0.2277 0.9240
vn -0.7420 -0.5504 0.3826
vn -0.3710 0.0930 0.9240
vn -0.8961 0.2245 0.3828
vn 0.0561 0.3784 0.9239
vn 0.1356 0.9138 0.3828
vn 0.1966 0.3280 0.9240
vn 0.4749 0.7925 0.3825
vn 0.2278 0.3071 0.9240
vn 0.5504 0.7420 0.3827
vn 0.3071 0.2277 0.9240
vn 0.7421 0.5504 0.3826
vn 0.3709 0.0929 0.9240
vn 0.8963 0.2245 0.3824
vn 0.3816 0.0187 0.9241
vn 0.9227 0.0453 0.3827
vn 0.3783 -0.0561 0.9240
vn 0.9139 -0.1356 0.3827
vn 0.9241 -0.0000 0.3822
vn 0.3824 -0.0000 0.9240
vn 0.0994 -0.9234 -0.3708
vn 0.2393 -0.3814 -0.8929
vn 0.7568 -0.3828 0.5299
vn 0.8373 -0.3828 0.3904
vn -0.3812 -0.9239 -0.0333
vn -0.3812 -0.9239 0.0333
vn -0.2707 -0.9238 0.2707
vn -0.6532 -0.3829 0.6532
vn -0.2196 -0.9238 0.3136
vn -0.8924 -0.3826 -0.2391
vn -0.3696 -0.9239 -0.0990
vn -0.3904 -0.3827 0.8373
vn 0.0326 -0.9275 0.3725
vn 0.0802 -0.3916 0.9166
vn -0.0334 -0.9238 -0.3814
vn -0.0805 -0.3826 -0.9204
vn -0.5299 -0.3827 0.7568
vn 0.0805 -0.3839 -0.9199
vn 0.0332 -0.9244 -0.3800
vn -0.3905 -0.3827 -0.8373
vn -0.8924 -0.3827 0.2391
vn -0.6533 -0.3826 -0.6533
vn -0.2706 -0.9239 -0.2706
vn 0.3696 -0.9239 -0.0990
vn 0.8924 -0.3827 -0.2391
vn 0.5299 -0.3827 -0.7568
vn 0.2195 -0.9239 -0.3135
vn -0.0990 -0.9239 -0.3697
vn 0.9203 -0.3828 -0.0805
vn 0.3813 -0.9239 -0.0333
vn -0.9000 -0.3630 -0.2412
vn -0.3896 -0.9150 -0.1044
vn -0.2458 -0.9376 0.2457
vn -0.6417 -0.4201 0.6417
vn 0.9204 -0.3826 -0.0805
vn -0.2391 -0.3826 -0.8925
vn -0.3135 -0.9239 -0.2195
vn -0.7568 -0.3827 -0.5299
vn 0.6533 -0.3828 0.6532
vn -0.5415 -0.3299 0.7733
vn 0.6533 -0.3826 -0.6533
vn -0.6533 -0.3827 -0.6533
vn -0.0334 -0.9239 -0.3812
vn 0.8373 -0.3828 -0.3904
vn -0.2707 -0.9238 -0.2707
vn -0.6532 -0.3829 -0.6532
vn -0.7568 -0.3828 -0.5299
vn 0.0805 -0.3826 0.9204
vn -0.1534 -0.9318 -0.3290
vn -0.3868 -0.4031 -0.8294
vn -0.8373 -0.3827 -0.3905
vn -0.2706 -0.9239 0.2706
vn -0.6533 -0.3827 0.6533
vn -0.1618 -0.9239 0.3469
vn 0.2195 -0.9239 0.3135
vn 0.5299 -0.3827 0.7568
vn -0.0990 -0.9239 -0.3695
vn -0.0805 -0.3827 -0.9203
vn -0.2391 -0.3826 -0.8924
vn 0.6533 -0.3827 0.6533
vn 0.5299 -0.3826 0.7568
vn 0.2391 -0.3826 0.8924
vn -0.3690 -0.9241 -0.0989
vn -0.8921 -0.3834 -0.2390
vn 0.0805 -0.3826 -0.9204
vn -0.6533 -0.3825 -0.6533
vn -0.2705 -0.9239 -0.2706
vn 0.2395 -0.3788 0.8939
vn 0.1000 -0.9223 0.3734
vn 0.6533 0.3827 0.6533
vn 0.2706 0.9239 0.2706
vn 0.3905 0.3827 -0.8373
vn 0.5299 0.3827 -0.7568
vn 0.3812 0.9239 -0.0334
vn 0.9203 0.3827 -0.0805
vn 0.9203 0.3827 0.0805
vn 0.3812 0.9239 0.0334
vn -0.8373 0.3826 -0.3904
vn -0.7568 0.3827 -0.5299
vn -0.3134 0.9239 -0.2195
vn -0.2391 0.3827 -0.8924
vn -0.0806 0.3812 -0.9210
vn -0.0335 0.9233 -0.3827
vn 0.9204 0.3826 -0.0805
vn 0.9201 0.3833 0.0805
vn 0.3804 0.9242 0.0333
vn 0.6533 0.3827 -0.6533
vn -0.6533 0.3827 -0.6533
vn -0.2671 0.9259 -0.2671
vn -0.6518 0.3877 -0.6518
vn -0.0334 0.9239 0.3812
vn -0.0805 0.3826 0.9204
vn -0.2391 0.3828 0.8924
vn -0.0990 0.9239 0.3696
vn -0.2452 0.9379 0.2453
vn -0.6414 0.4209 0.6415
vn 0.2808 0.9178 0.2808
vn 0.6573 0.3686 0.6573
vn -0.0805 0.3827 0.9204
vn -0.2391 0.3827 0.8924
vn 0.5333 0.3679 0.7617
vn 0.2282 0.9174 0.3259
vn 0.3839 0.9228 -0.0336
vn 0.9214 0.3801 -0.0806
vn 0.5299 0.3827 0.7568
vn 0.3134 0.9239 -0.2195
vn -0.8374 0.3824 0.3905
vn -0.3471 0.9238 0.1619
vn 0.1617 0.9239 0.3469
vn 0.3904 0.3828 0.8373
vn 0.2391 0.3827 0.8924
vn -0.6533 0.3828 -0.6533
vn -0.2960 0.9081 0.2961
vn -0.6627 0.3487 0.6627
vn 0.9193 0.3853 0.0804
vn 0.3787 0.9249 0.0331
vn -0.0000 0.9763 0.2166
vn -0.0000 -0.8606 0.5092
vn -0.3934 -0.9193 0.0004
vn -0.3904 0.3828 -0.8373
vn -0.1618 0.9239 -0.3469
vn 0.0805 0.3826 -0.9204
vn -0.2705 0.9239 -0.2706
vn -0.6533 0.3825 -0.6533
vn -0.0334 0.9239 -0.3813
vn -0.3748 0.9216 0.1004
vn -0.8945 0.3773 0.2397
vn -0.3132 0.9240 0.2193
vn -0.7567 0.3829 0.5299
vn -0.7568 0.3826 0.5299
vn -0.1617 0.9239 0.3468
vn -0.3904 0.3827 0.8373
vn -0.5299 0.3827 0.7568
vn 0.2391 0.3826 -0.8924
vn 0.3456 0.9244 0.1612
vn 0.8368 0.3839 0.3902
vn 0.3935 -0.9193 -0.0004
vn 0.1641 0.9864 0.0001
vn -0.1642 0.9864 0.0014
vn -0.3901 -0.9208 -0.0065
vn -0.0028 -0.9207 -0.3903
vn 0.0006 0.9866 -0.1631
vn 0.3932 -0.9194 -0.0006
vn 0.1640 0.9865 0.0001
vn 0.7573 0.3813 0.5302
vn 0.3145 0.9233 0.2202
vn 0.8373 0.3826 -0.3904
vn 0.8924 0.3826 0.2391
vn 0.2707 0.9238 0.2707
vn 0.6532 0.3829 0.6532
vn 0.2196 0.9238 0.3136
vn -0.9204 -0.0000 -0.3909
vn -0.3741 -0.0000 -0.9274
vn -0.3628 -0.1295 -0.9228
vn -0.8674 -0.3096 -0.3894
vn 0.3783 0.0561 -0.9240
vn 0.9139 0.1356 -0.3826
vn 0.3710 0.0929 -0.9240
vn 0.8962 0.2245 -0.3826
vn 0.8699 0.3112 -0.3826
vn 0.3601 0.1288 -0.9240
vn 0.1288 0.3601 -0.9240
vn 0.3113 0.8699 -0.3826
vn 0.2245 0.8962 -0.3826
vn 0.0929 0.3710 -0.9240
vn -0.1635 0.3456 -0.9240
vn -0.3950 0.8353 -0.3825
vn -0.4750 0.7925 -0.3826
vn -0.1966 0.3280 -0.9240
vn -0.3457 0.1636 0.9240
vn -0.8352 0.3950 0.3826
vn -0.7924 0.4750 0.3826
vn -0.2278 0.3071 0.9240
vn -0.5504 0.7420 0.3826
vn 0.3950 0.8353 0.3825
vn 0.1635 0.3456 0.9240
vn 0.9139 0.1356 0.3826
vn 0.9228 0.0453 0.3827
vn 0.3820 0.0188 0.9240
vn -0.9985 0.0551 -0.0000
vn -0.3882 0.9216 -0.0000
vn 0.6947 0.6091 -0.3827
vn 0.2874 0.2522 -0.9240
vn 0.3180 0.2124 -0.9240
vn 0.7682 0.5132 -0.3827
vn -0.0605 -0.9220 -0.3825
vn -0.0250 -0.3817 -0.9240
vn 0.1691 -0.3430 -0.9240
vn 0.4087 -0.8286 -0.3827
vn 0.5133 -0.7683 -0.3826
vn 0.2124 -0.3179 -0.9240
vn 0.3622 -0.1230 -0.9240
vn 0.8749 -0.2970 -0.3825
vn -0.3816 0.0250 -0.9240
vn -0.9219 0.0604 -0.3828
vn -0.9219 -0.0604 -0.3828
vn -0.3816 -0.0250 -0.9240
vn -0.4087 -0.8286 -0.3827
vn -0.1691 -0.3430 -0.9240
vn 0.5133 -0.7682 -0.3826
vn 0.9061 0.1802 -0.3826
vn 0.3751 0.0746 -0.9240
vn 0.1229 0.3620 -0.9240
vn 0.2970 0.8749 -0.3826
vn -0.2957 0.8711 -0.3922
vn -0.1199 0.3532 -0.9278
vn 0.3430 0.1692 -0.9240
vn 0.8287 0.4086 -0.3825
vn 0.0746 0.3752 -0.9239
vn 0.1802 0.9061 -0.3827
vn 0.0604 0.9219 -0.3826
vn 0.0250 0.3816 -0.9240
vn -0.3630 0.1233 -0.9236
vn -0.8753 0.2971 -0.3816
vn -0.2875 0.2522 -0.9240
vn -0.6947 0.6091 -0.3827
vn -0.7682 0.5132 -0.3827
vn -0.3180 0.2124 -0.9240
vn -0.8749 -0.2970 -0.3826
vn -0.3621 -0.1230 -0.9240
vn -0.9058 0.1802 -0.3834
vn -0.3742 0.0744 -0.9243
vn -0.2521 -0.2876 -0.9240
vn -0.6093 -0.6946 -0.3826
vn -0.2875 0.2521 -0.9240
vn -0.7926 0.4750 0.3824
vn 0.0188 -0.3819 0.9240
vn 0.0453 -0.9227 0.3828
vn -0.0453 -0.9227 0.3828
vn -0.0188 -0.3819 0.9240
vn -0.9228 -0.0453 0.3827
vn -0.3820 -0.0188 0.9240
vn -0.3457 0.1635 0.9240
vn -0.4750 0.7924 0.3828
vn -0.1966 0.3281 0.9240
vn -0.3113 0.8700 0.3823
vn -0.1288 0.3599 0.9241
vn -0.1356 0.9140 0.3825
vn -0.0561 0.3783 0.9240
vn -0.0454 0.9228 0.3826
vn -0.0188 0.3820 0.9240
vn -0.6846 -0.6204 0.3827
vn -0.2834 -0.2568 0.9240
vn -0.3601 -0.1288 0.9240
vn -0.8699 0.3113 0.3826
vn -0.7925 0.4750 0.3825
vn -0.5503 0.7421 0.3827
vn -0.2278 0.3073 0.9239
vn -0.3950 0.8352 0.3825
vn -0.1635 0.3457 0.9240
vn -0.2245 0.8962 0.3826
vn 0.5503 0.7421 0.3827
vn 0.2278 0.3073 0.9239
vn 0.6204 0.6846 0.3826
vn 0.2568 0.2833 0.9240
vn 0.6846 0.6204 0.3827
vn 0.2834 0.2568 0.9240
vn 0.9138 0.1356 0.3828
vn 0.3784 0.0561 0.9240
vn 0.8962 -0.2245 0.3826
vn -0.3113 -0.8699 0.3825
vn -0.1288 -0.3600 0.9240
vn -0.3950 -0.8352 0.3825
vn -0.8961 -0.2245 0.3830
vn -0.8699 0.3112 0.3827
vn -0.3601 0.1289 0.9240
vn -0.8749 0.2970 0.3826
vn -0.3621 0.1229 0.9240
vn -0.1803 0.9061 0.3827
vn 0.8749 -0.2970 0.3825
vn 0.3622 -0.1229 0.9240
vn 0.1803 -0.9061 0.3827
vn -0.2568 -0.2833 0.9240
vn -0.6205 -0.6846 0.3825
vn -0.3816 -0.0187 0.9241
vn -0.9227 -0.0453 0.3827
vn 0.1289 0.3600 0.9240
vn 0.1966 0.3278 0.9241
vn 0.4750 0.7925 0.3824
vn 0.6204 0.6847 0.3825
vn 0.3072 0.2277 0.9240
vn 0.7420 0.5504 0.3826
vn 0.3817 0.0187 0.9241
vn 0.9226 0.0453 0.3830
vn 0.3601 -0.1288 0.9240
vn 0.8699 -0.3112 0.3825
vn 0.3280 -0.1965 0.9240
vn 0.7925 -0.4750 0.3825
vn -0.4087 -0.8285 0.3827
vn -0.1691 -0.3430 0.9240
vn -0.9219 -0.0604 0.3828
vn -0.3816 -0.0250 0.9240
vn -0.5133 0.7683 0.3826
vn -0.2124 0.3179 0.9240
vn 0.4087 0.8285 0.3827
vn 0.1691 0.3430 0.9240
vn 0.9215 0.0604 0.3838
vn 0.3803 0.0249 0.9245
vn 0.5133 -0.7683 0.3826
vn 0.2124 -0.3179 0.9240
vn -0.0453 -0.9228 0.3825
vn -0.2278 -0.3071 0.9240
vn -0.5504 -0.7420 0.3827
vn -0.2568 -0.2834 0.9240
vn -0.6204 -0.6846 0.3826
vn -0.8963 -0.2245 0.3825
vn 0.3112 0.8700 0.3825
vn 0.1966 0.3279 0.9240
vn 0.4750 0.7925 0.3826
vn 0.3711 0.0929 0.9239
vn 0.1635 -0.3457 0.9240
vn 0.3950 -0.8353 0.3824
vn 0.0453 -0.9228 0.3825
vn -0.8750 -0.2970 0.3823
vn -0.3621 -0.1229 0.9240
vn -0.6946 0.6092 0.3826
vn -0.2875 0.2521 0.9240
vn 0.1803 0.9061 0.3827
vn 0.0746 0.3752 0.9239
vn 0.8749 0.2970 0.3826
vn 0.3621 0.1229 0.9240
vn 0.6946 -0.6092 0.3826
vn 0.2875 -0.2521 0.9240
vn 0.0250 -0.3816 0.9240
vn 0.0604 -0.9219 0.3826
vn -0.0453 -0.9228 0.3827
vn -0.2568 -0.2835 0.9239
vn -0.1966 0.3278 0.9241
vn -0.4750 0.7925 0.3824
vn 0.0561 0.3782 0.9240
vn 0.1356 0.9139 0.3826
vn 0.1288 0.3598 0.9241
vn 0.3113 0.8701 0.3822
vn 0.1966 0.3282 0.9239
vn 0.4750 0.7925 0.3827
vn 0.3280 -0.1966 0.9240
vn 0.7925 -0.4750 0.3826
vn 0.2278 -0.3072 0.9240
vn 0.5503 -0.7421 0.3826
vn 0.0453 -0.9228 0.3827
vn -0.7682 -0.5132 0.3827
vn -0.3180 -0.2124 0.9240
vn -0.8287 0.4087 0.3824
vn -0.3429 0.1691 0.9240
vn -0.0604 0.9219 0.3826
vn -0.0250 0.3816 0.9240
vn 0.7682 0.5132 0.3827
vn 0.3180 0.2125 0.9240
vn 0.8286 -0.4087 0.3825
vn 0.3430 -0.1692 0.9240
vn -0.0929 -0.3711 0.9239
vn -0.2245 -0.8962 0.3828
vn -0.1289 -0.3600 0.9240
vn -0.3113 -0.8699 0.3826
vn -0.8699 -0.3112 0.3825
vn 0.2834 -0.2569 0.9240
vn 0.6846 -0.6205 0.3826
vn 0.2278 -0.3071 0.9240
vn 0.5504 -0.7420 0.3827
vn 0.0929 -0.3710 0.9240
vn 0.2245 -0.8962 0.3826
vn 0.3750 -0.0000 -0.9270
vn 0.9206 -0.0000 -0.3904
vn 0.7568 -0.3828 -0.5299
vn 0.0334 -0.9239 -0.3813
vn 0.3133 -0.9240 0.2194
vn 0.7567 -0.3829 0.5299
vn 0.8373 -0.3827 0.3905
vn -0.8916 -0.3848 0.2389
vn -0.3676 -0.9248 0.0984
vn -0.6533 -0.3826 0.6533
vn 0.5299 -0.3828 0.7568
vn 0.2391 -0.3828 0.8924
vn -0.8924 -0.3827 -0.2391
vn -0.3697 -0.9239 0.0990
vn 0.8373 -0.3826 0.3905
vn 0.8934 -0.3802 0.2394
vn 0.3721 -0.9228 0.0997
vn -0.1024 -0.9185 -0.3819
vn -0.2404 -0.3703 -0.8973
vn 0.2707 -0.9238 0.2707
vn 0.6532 -0.3829 0.6532
vn -0.5299 -0.3828 -0.7567
vn 0.8924 -0.3826 -0.2391
vn 0.8373 -0.3826 -0.3904
vn -0.0332 -0.9244 -0.3800
vn -0.0805 -0.3839 -0.9199
vn 0.6533 -0.3828 -0.6533
vn -0.2207 -0.9230 -0.3151
vn -0.5304 -0.3806 -0.7575
vn -0.6533 -0.3828 -0.6533
vn -0.2393 -0.3814 -0.8929
vn -0.0994 -0.9234 -0.3708
vn -0.3134 -0.9239 -0.2195
vn -0.8373 -0.3826 -0.3904
vn 0.1617 -0.9239 0.3469
vn 0.3904 -0.3828 0.8373
vn -0.1617 -0.9239 -0.3469
vn -0.2196 -0.9238 -0.3136
vn 0.3813 -0.9239 -0.0334
vn 0.0806 -0.3798 -0.9215
vn 0.0336 -0.9227 -0.3841
vn 0.1618 -0.9239 0.3469
vn 0.5299 -0.3826 -0.7568
vn -0.3477 -0.9235 0.1621
vn -0.8377 -0.3817 0.3906
vn -0.7568 -0.3826 0.5299
vn -0.2391 -0.3828 0.8924
vn 0.3131 -0.9241 0.2192
vn 0.7566 -0.3832 0.5298
vn 0.3469 -0.9239 0.1617
vn 0.9204 0.3826 0.0805
vn -0.5299 0.3828 0.7568
vn -0.0334 0.9238 -0.3814
vn -0.6533 0.3826 0.6533
vn -0.0334 0.9239 0.3813
vn -0.2707 0.9238 0.2707
vn -0.6532 0.3829 0.6532
vn -0.2458 0.9376 0.2457
vn -0.6417 0.4201 0.6417
vn -0.0990 0.9239 -0.3695
vn -0.0333 0.9239 0.3812
vn -0.5299 0.3826 -0.7568
vn 0.8924 0.3828 -0.2391
vn 0.3697 0.9239 -0.0991
vn 0.9214 0.3802 0.0806
vn 0.3839 0.9228 0.0336
vn 0.0805 0.3827 -0.9204
vn 0.2391 0.3827 -0.8924
vn -0.9203 0.3827 -0.0805
vn -0.3813 0.9239 -0.0334
vn 0.8373 0.3826 0.3904
vn 0.3134 0.9239 0.2195
vn -0.8924 0.3826 -0.2391
vn -0.9712 0.2381 -0.0000
vn -0.5786 0.8156 -0.0000
vn -0.3905 0.3826 -0.8373
vn 0.3787 0.9249 -0.0331
vn 0.9193 0.3852 -0.0804
vn -0.2707 0.9238 -0.2707
vn -0.6532 0.3829 -0.6532
vn -0.5299 0.3828 -0.7567
vn -0.2196 0.9238 -0.3136
vn 0.8373 0.3828 -0.3904
vn -0.8373 0.3826 -0.3905
vn 0.5299 0.3826 0.7568
vn -0.1618 0.9239 0.3469
vn 0.2195 0.9239 -0.3134
vn 0.3934 -0.9194 -0.0003
vn 0.8927 0.3818 0.2392
vn 0.5301 0.3817 0.7571
vn 0.2200 0.9235 0.3142
vn 0.0004 0.7332 0.6800
vn 0.0001 0.9873 0.1589
vn -0.3823 -0.0000 -0.9240
vn -0.9241 -0.0000 -0.3822
vn 0.3280 0.1966 -0.9240
vn 0.7924 0.4750 -0.3826
vn 0.7421 0.5504 -0.3826
vn 0.3072 0.2278 -0.9240
vn -0.5504 0.7420 -0.3826
vn -0.2278 0.3071 -0.9240
vn -0.8962 0.2245 -0.3826
vn -0.3710 0.0929 -0.9240
vn -0.7421 0.5504 0.3825
vn -0.3072 0.2278 0.9240
vn -0.2568 0.2835 0.9239
vn -0.6205 0.6846 0.3826
vn 0.3280 0.1966 0.9240
vn 0.7924 0.4750 0.3826
vn 0.8352 0.3950 0.3826
vn 0.3457 0.1636 0.9240
vn 0.9228 -0.0453 0.3826
vn 0.3429 0.1691 -0.9240
vn 0.8287 0.4087 -0.3824
vn 0.2522 0.2875 -0.9240
vn 0.6091 0.6946 -0.3827
vn -0.0746 0.3752 -0.9239
vn -0.1803 0.9061 -0.3827
vn -0.2970 0.8749 -0.3826
vn -0.1229 0.3620 -0.9240
vn 0.2875 0.2522 -0.9240
vn 0.1229 -0.3620 -0.9240
vn 0.2970 -0.8749 -0.3826
vn -0.6946 -0.6092 -0.3826
vn -0.2875 -0.2521 -0.9240
vn -0.0604 -0.9219 -0.3826
vn -0.0250 -0.3816 -0.9240
vn 0.3751 -0.0746 -0.9240
vn 0.9061 -0.1803 -0.3826
vn 0.0251 -0.3827 -0.9235
vn 0.0605 -0.9223 -0.3816
vn 0.1802 -0.9062 -0.3826
vn 0.0746 -0.3750 -0.9240
vn -0.1802 0.9061 -0.3827
vn -0.4087 0.8286 -0.3827
vn -0.0604 0.9219 -0.3826
vn -0.0250 0.3816 -0.9240
vn -0.3430 -0.1692 -0.9240
vn -0.8287 -0.4086 -0.3825
vn -0.7682 -0.5132 -0.3827
vn -0.3180 -0.2125 -0.9240
vn -0.3817 0.0250 -0.9240
vn -0.9218 0.0604 -0.3828
vn -0.3817 -0.0250 -0.9240
vn -0.7682 -0.5133 -0.3825
vn -0.3113 -0.8701 0.3823
vn -0.1288 -0.3598 0.9241
vn -0.3950 -0.8352 0.3826
vn -0.6846 -0.6205 0.3825
vn -0.2833 -0.2568 0.9240
vn -0.9138 0.1356 0.3828
vn -0.3784 0.0561 0.9240
vn -0.6846 0.6204 0.3827
vn -0.2834 0.2568 0.9240
vn -0.6204 0.6846 0.3826
vn -0.2568 0.2833 0.9240
vn -0.2245 0.8962 0.3825
vn -0.3071 0.2278 0.9240
vn -0.4750 0.7924 0.3827
vn -0.1356 0.9139 0.3827
vn -0.0561 0.3784 0.9239
vn -0.0453 0.9228 0.3827
vn 0.4750 0.7924 0.3827
vn 0.1966 0.3281 0.9240
vn 0.7421 0.5504 0.3825
vn 0.3071 0.2278 0.9240
vn 0.8962 0.2245 0.3826
vn 0.9138 -0.1356 0.3828
vn 0.3784 -0.0561 0.9240
vn -0.9228 0.0453 0.3827
vn -0.3820 0.0188 0.9240
vn -0.9140 0.1356 0.3824
vn -0.3783 0.0561 0.9240
vn -0.6846 0.6205 0.3824
vn -0.2833 0.2568 0.9240
vn -0.3113 0.8699 0.3825
vn -0.1288 0.3600 0.9240
vn -0.3180 -0.2125 0.9240
vn -0.8286 0.4087 0.3825
vn -0.3430 0.1692 0.9240
vn 0.3180 0.2124 0.9240
vn 0.8287 -0.4087 0.3824
vn 0.3429 -0.1691 0.9240
vn -0.6846 -0.6205 0.3826
vn 0.3457 0.1635 0.9240
vn 0.8352 0.3950 0.3827
vn 0.6846 -0.6204 0.3827
vn 0.2278 -0.3070 0.9240
vn 0.5504 -0.7422 0.3823
vn 0.1635 -0.3456 0.9240
vn 0.3950 -0.8353 0.3825
vn 0.0929 -0.3706 0.9241
vn 0.2245 -0.8964 0.3821
vn -0.5133 -0.7683 0.3826
vn -0.2124 -0.3179 0.9240
vn -0.9219 0.0604 0.3828
vn -0.3816 0.0250 0.9240
vn -0.4087 0.8285 0.3827
vn -0.1691 0.3430 0.9240
vn 0.5133 0.7683 0.3826
vn 0.2124 0.3179 0.9240
vn 0.9219 -0.0604 0.3828
vn 0.3817 -0.0250 0.9240
vn 0.4087 -0.8285 0.3827
vn 0.1691 -0.3430 0.9240
vn -0.0561 -0.3782 0.9240
vn -0.1356 -0.9139 0.3826
vn -0.2834 -0.2569 0.9240
vn 0.2833 -0.2568 0.9240
vn 0.6846 -0.6205 0.3825
vn 0.0929 -0.3711 0.9239
vn 0.2245 -0.8962 0.3828
vn -0.9068 -0.1804 0.3810
vn -0.3761 -0.0748 0.9235
vn -0.6092 0.6947 0.3826
vn 0.9066 0.1804 0.3814
vn 0.3762 0.0749 0.9235
vn 0.6092 -0.6947 0.3826
vn -0.1966 -0.3279 0.9240
vn -0.4751 -0.7925 0.3825
vn -0.3457 -0.1635 0.9240
vn -0.8352 -0.3950 0.3827
vn -0.9139 0.1356 0.3827
vn -0.3280 0.1965 0.9240
vn -0.3072 0.2277 0.9240
vn -0.7420 0.5504 0.3826
vn 0.2568 0.2834 0.9240
vn 0.8699 -0.3112 0.3826
vn 0.2834 -0.2568 0.9240
vn 0.3951 -0.8352 0.3826
vn -0.1802 -0.9061 0.3827
vn -0.2278 -0.3072 0.9240
vn -0.3711 -0.0929 0.9239
vn -0.8962 -0.2245 0.3828
vn -0.8699 0.3112 0.3825
vn 0.3951 -0.8352 0.3827
vn -0.3826 -0.9239 -0.0000
vn -0.9240 -0.3824 -0.0000
vn -0.9251 -0.3798 -0.0000
vn -0.3815 -0.9244 -0.0000
vn -0.3823 -0.0000 0.9240
vn -0.0000 -0.3823 0.9240
vn -0.0000 -0.9239 0.3825
vn -0.0000 -0.9239 0.3826
vn -0.0000 -0.3825 0.9240
vn 0.5302 -0.3817 -0.7571
vn 0.2200 -0.9235 -0.3142
vn 0.3812 -0.9239 -0.0333
vn -0.3697 -0.9239 -0.0990
vn 0.2391 -0.3826 -0.8924
vn 0.5299 -0.3828 -0.7568
vn -0.5233 -0.4095 0.7473
vn -0.2047 -0.9342 0.2924
vn -0.7568 -0.3826 -0.5299
vn -0.9176 -0.3893 0.0803
vn -0.3747 -0.9266 0.0328
vn 0.9209 -0.3813 -0.0806
vn 0.3825 -0.9233 -0.0335
vn 0.8924 -0.3828 0.2391
vn -0.3134 -0.9239 -0.2194
vn -0.8306 -0.4000 -0.3874
vn -0.3316 -0.9307 -0.1546
vn 0.3696 -0.9239 0.0991
vn 0.3799 -0.9244 0.0332
vn 0.9198 -0.3840 0.0805
vn -0.2421 -0.9395 0.2422
vn -0.6398 -0.4258 0.6398
vn -0.0805 -0.3826 0.9204
vn -0.2458 -0.9377 0.2457
vn -0.6417 -0.4200 0.6417
vn 0.3704 -0.9236 0.0992
vn 0.8927 -0.3819 0.2392
vn -0.5299 -0.3826 0.7568
vn 0.6533 -0.3828 0.6533
vn 0.1622 0.9235 0.3478
vn 0.3906 0.3816 0.8377
vn -0.3805 0.9242 0.0333
vn -0.9199 0.3839 0.0805
vn 0.3697 0.9239 -0.0990
vn 0.5298 0.3831 0.7567
vn 0.2193 0.9240 0.3132
vn 0.2632 -0.9647 -0.0000
vn 0.6533 0.3826 0.6533
vn -0.8373 0.3826 0.3905
vn 0.8373 0.3828 0.3904
vn -0.3697 0.9239 0.0990
vn 0.1516 0.9334 0.3253
vn 0.3859 0.4075 0.8277
vn -0.2391 0.3826 0.8924
vn -0.1617 0.9239 -0.3469
vn -0.3935 -0.9193 0.0003
vn -0.1641 0.9865 -0.0001
vn -0.0991 0.9239 -0.3697
vn 0.2196 0.9238 -0.3136
vn -0.1640 0.9865 0.0001
vn -0.3934 -0.9194 -0.0003
vn -0.0000 -0.8607 -0.5091
vn -0.0000 0.9763 -0.2165
vn 0.1613 0.9243 0.3460
vn 0.3903 0.3835 0.8370
vn 0.2391 0.3826 0.8924
vn -0.9199 0.3838 -0.0805
vn -0.3803 0.9243 -0.0333
vn 0.2390 0.3837 0.8920
vn 0.0988 0.9243 0.3686
vn 0.9240 0.3824 -0.0000
vn 0.3826 0.9239 -0.0000
vn 0.9240 -0.0000 0.3823
vn -0.3710 -0.0929 -0.9240
vn -0.8962 -0.2245 -0.3826
vn 0.3783 -0.0561 -0.9240
vn 0.9139 -0.1356 -0.3826
vn 0.3457 0.1636 -0.9240
vn 0.8352 0.3950 -0.3826
vn -0.2568 0.2835 -0.9239
vn -0.6205 0.6846 -0.3826
vn -0.6846 0.6204 -0.3826
vn -0.2834 0.2568 -0.9240
vn -0.8962 0.2245 0.3826
vn 0.0188 0.3820 0.9240
vn 0.0453 0.9228 0.3826
vn 0.0561 0.3783 0.9240
vn 0.3072 0.2278 0.9240
vn 0.3180 -0.2125 -0.9239
vn 0.7682 -0.5133 -0.3825
vn 0.3817 0.0250 -0.9240
vn 0.9062 0.1802 -0.3825
vn 0.1803 0.9061 -0.3827
vn 0.8749 0.2970 -0.3826
vn 0.3621 0.1230 -0.9240
vn 0.2124 0.3179 -0.9240
vn 0.5133 0.7682 -0.3826
vn 0.4087 0.8286 -0.3827
vn 0.1691 0.3430 -0.9240
vn -0.8287 0.4086 -0.3825
vn -0.3430 0.1692 -0.9240
vn -0.5133 -0.7683 -0.3826
vn -0.2124 -0.3179 -0.9240
vn -0.1802 -0.9061 -0.3827
vn -0.0746 -0.3751 -0.9240
vn -0.1738 0.3527 -0.9195
vn -0.4105 0.8323 -0.3726
vn -0.5133 0.7683 -0.3825
vn -0.2126 0.3182 -0.9239
vn -0.8287 0.4087 -0.3824
vn -0.3429 0.1691 -0.9240
vn 0.3824 0.9240 -0.0000
vn 0.5711 -0.0000 0.8209
vn 0.9705 -0.0000 0.2410
vn 0.7926 -0.4750 0.3824
vn 0.9140 -0.1356 0.3824
vn -0.6205 0.6846 0.3825
vn 0.2269 -0.9057 0.3581
vn 0.0992 -0.3956 0.9130
vn 0.2245 -0.8964 0.3822
vn 0.0929 -0.3707 0.9241
vn -0.4750 -0.7924 0.3827
vn -0.6205 -0.6847 0.3824
vn -0.2567 -0.2833 0.9240
vn 0.1353 0.9121 0.3871
vn 0.0555 0.3742 0.9257
vn -0.2245 -0.8962 0.3825
vn -0.0929 -0.3709 0.9240
vn -0.3112 0.8699 0.3825
vn 0.3112 0.8699 0.3826
vn 0.1288 0.3600 0.9240
vn 0.8353 0.3951 0.3824
vn 0.3456 0.1635 0.9240
vn 0.8963 0.2245 0.3825
vn -0.3112 0.8699 0.3826
vn 0.8699 -0.3113 0.3826
vn 0.3950 -0.8352 0.3825
vn 0.1356 -0.9140 0.3825
vn -0.1356 -0.9140 0.3825
vn -0.0561 -0.3783 0.9240
vn -0.3072 -0.2278 0.9240
vn -0.7926 -0.4750 0.3824
vn -0.4750 0.7925 0.3826
vn -0.1966 0.3280 0.9240
vn 0.1356 0.9140 0.3825
vn 0.8699 -0.3112 0.3827
vn 0.3601 -0.1289 0.9240
vn 0.6846 -0.6205 0.3824
vn 0.0454 -0.9229 0.3824
vn -0.8286 -0.4087 0.3825
vn -0.3430 -0.1692 0.9240
vn -0.3180 0.2125 0.9240
vn 0.8287 0.4087 0.3824
vn 0.3429 0.1691 0.9240
vn 0.3180 -0.2124 0.9240
vn -0.8352 -0.3950 0.3826
vn -0.6092 -0.6946 0.3826
vn -0.2970 0.8750 0.3824
vn 0.6092 0.6946 0.3826
vn -0.3113 -0.8701 0.3822
vn -0.9215 -0.0604 0.3838
vn -0.3803 -0.0249 0.9245
vn -0.5133 0.7682 0.3826
vn 0.3804 0.0249 0.9245
vn 0.5133 -0.7682 0.3826
vn -0.1288 -0.3601 0.9240
vn -0.2278 -0.3070 0.9240
vn -0.5504 -0.7422 0.3823
vn -0.6204 0.6847 0.3825
vn 0.1802 0.9061 0.3827
vn 0.2961 -0.9081 0.2961
vn 0.6627 -0.3489 0.6627
vn 0.1614 -0.9242 -0.3460
vn 0.3903 -0.3837 -0.8369
vn 0.0805 -0.3828 -0.9203
vn -0.3134 -0.9239 0.2195
vn -0.8373 -0.3826 -0.3905
vn -0.5299 -0.3828 0.7567
vn 0.6534 -0.3824 0.6534
vn -0.6518 -0.3877 -0.6518
vn -0.2671 -0.9259 -0.2671
vn 0.3905 -0.3827 0.8373
vn -0.8428 -0.3677 -0.3930
vn -0.3608 -0.9174 -0.1682
vn -0.3109 -0.9252 -0.2177
vn -0.7557 -0.3858 -0.5292
vn 0.7568 -0.3826 -0.5299
vn -0.2225 -0.9217 -0.3178
vn -0.5311 -0.3775 -0.7585
vn 0.2709 -0.9237 0.2709
vn 0.6534 -0.3822 0.6534
vn 0.6533 -0.3824 0.6534
vn 0.1613 -0.9243 0.3460
vn 0.3903 -0.3835 0.8370
vn 0.5301 -0.3817 0.7571
vn 0.2200 -0.9235 0.3142
vn 0.1641 -0.9215 0.3519
vn 0.3914 -0.3771 0.8394
vn 0.0332 0.9245 -0.3798
vn 0.0805 0.3841 -0.9198
vn -0.3697 0.9239 0.0991
vn -0.8924 0.3828 0.2391
vn -0.3905 0.3826 0.8373
vn -0.5233 0.4095 0.7473
vn -0.2047 0.9342 0.2924
vn -0.1091 0.9940 -0.0000
vn -0.6533 0.3828 0.6533
vn -0.3578 0.9289 -0.0958
vn -0.8872 0.3953 -0.2377
vn -0.1641 0.9864 0.0001
vn -0.3935 -0.9193 -0.0003
vn -0.0000 0.9763 -0.2166
vn -0.3134 0.9239 0.2195
vn 0.2705 0.9239 -0.2706
vn 0.6533 0.3825 -0.6533
vn -0.8373 0.3828 -0.3904
vn -0.0000 -0.8607 0.5092
vn 0.0334 0.9239 -0.3813
vn 0.7568 0.3826 0.5299
vn 0.1043 0.9152 0.3893
vn 0.2412 0.3629 0.9001
vn -0.4191 0.9072 0.0366
vn -0.9343 0.3470 0.0817
vn 0.7568 0.3828 0.5299
vn 0.3628 -0.1295 -0.9228
vn 0.8674 -0.3096 -0.3894
vn 0.8962 -0.2245 -0.3826
vn 0.3710 -0.0929 -0.9240
vn 0.6846 0.6204 -0.3826
vn 0.2834 0.2568 -0.9240
vn 0.0188 0.3820 -0.9240
vn 0.0453 0.9228 -0.3826
vn -0.0453 0.9228 -0.3826
vn -0.0188 0.3820 -0.9240
vn -0.7421 0.5504 -0.3826
vn -0.3072 0.2278 -0.9240
vn -0.3820 0.0188 -0.9240
vn -0.9228 0.0453 -0.3827
vn -0.9228 -0.0453 -0.3826
vn -0.3820 -0.0188 -0.9240
vn -0.0000 0.9211 0.3893
vn -0.0000 0.3853 0.9228
vn -0.1356 0.9139 0.3826
vn -0.0453 0.9228 0.3826
vn 0.6846 0.6204 0.3826
vn 0.9139 -0.1356 0.3826
vn 0.3817 -0.0250 -0.9240
vn -0.2875 0.2523 -0.9239
vn -0.2522 -0.2876 -0.9240
vn -0.6092 -0.6946 -0.3827
vn -0.5133 -0.7682 -0.3826
vn 0.3621 -0.1230 -0.9240
vn 0.8749 -0.2969 -0.3827
vn -0.9062 -0.1802 -0.3825
vn -0.3429 -0.1691 -0.9240
vn -0.8287 -0.4086 -0.3824
vn 0.8961 0.2245 0.3830
vn -0.8699 -0.3112 0.3827
vn 0.7422 -0.5504 0.3824
vn 0.2277 -0.3071 0.9240
vn 0.3950 -0.8352 0.3826
vn 0.0188 -0.3820 0.9240
vn 0.0454 -0.9228 0.3826
vn -0.0454 -0.9228 0.3826
vn -0.0188 -0.3820 0.9240
vn -0.5503 -0.7421 0.3827
vn -0.2278 -0.3073 0.9239
vn 0.1356 0.9139 0.3827
vn 0.6205 0.6846 0.3825
vn -0.1966 0.3282 0.9239
vn -0.4749 0.7925 0.3826
vn -0.3950 0.8352 0.3827
vn 0.3112 0.8699 0.3825
vn 0.7925 0.4750 0.3825
vn 0.8699 0.3113 0.3826
vn 0.3601 0.1288 0.9240
vn 0.5503 -0.7421 0.3827
vn 0.2278 -0.3073 0.9239
vn 0.2245 -0.8962 0.3825
vn 0.0929 -0.3709 0.9240
vn 0.4776 0.7968 0.3702
vn 0.2031 0.3387 0.9187
vn 0.5504 -0.7421 0.3825
vn 0.3113 0.8700 0.3824
vn -0.8353 -0.3951 0.3824
vn -0.3456 -0.1635 0.9240
vn -0.8961 0.2245 0.3830
vn -0.2245 0.8962 0.3828
vn -0.0929 0.3710 0.9240
vn 0.2278 -0.3073 0.9240
vn 0.3113 0.8699 0.3825
vn 0.6205 0.6846 0.3824
vn -0.8749 -0.2970 0.3826
vn 0.8750 0.2970 0.3823
vn -0.3951 -0.8352 0.3826
vn -0.5503 -0.7421 0.3826
vn -0.1804 0.9068 0.3811
vn -0.0748 0.3762 0.9235
vn -0.0929 -0.3710 0.9240
vn -0.2245 -0.8962 0.3826
vn -0.1966 -0.3282 0.9239
vn -0.4750 -0.7925 0.3827
vn -0.5133 -0.7682 0.3826
vn -0.9218 0.0604 0.3828
vn -0.3817 0.0250 0.9240
vn 0.5133 0.7682 0.3826
vn 0.9219 -0.0604 0.3827
vn 0.3816 -0.0250 0.9240
vn 0.9067 0.1804 0.3814
vn -0.3950 -0.8353 0.3824
vn -0.3817 -0.0187 0.9241
vn -0.9226 -0.0453 0.3830
vn -0.8352 0.3950 0.3827
vn -0.6846 0.6205 0.3825
vn 0.8375 -0.3821 -0.3906
vn 0.3473 -0.9237 -0.1619
vn -0.0334 -0.9239 -0.3813
vn -0.0335 -0.9233 -0.3827
vn -0.0806 -0.3812 -0.9210
vn -0.2410 -0.3652 -0.8992
vn -0.1037 -0.9162 -0.3870
vn 0.9203 -0.3827 0.0805
vn 0.3135 -0.9238 -0.2196
vn 0.3905 -0.3826 0.8373
vn 0.5232 -0.4096 0.7473
vn 0.2047 -0.9341 0.2924
vn 0.0330 -0.9252 0.3780
vn 0.0804 -0.3858 0.9191
vn 0.2404 -0.3700 0.8974
vn 0.1024 -0.9184 0.3822
vn 0.3134 -0.9239 -0.2195
vn 0.3787 -0.9249 0.0331
vn 0.9193 -0.3853 0.0804
vn -0.3558 -0.9197 0.1659
vn -0.8410 -0.3729 0.3921
vn -0.3528 -0.9309 0.0945
vn -0.8850 -0.4006 0.2371
vn 0.2705 -0.9239 -0.2706
vn 0.6533 -0.3825 -0.6533
vn 0.9214 -0.3801 -0.0806
vn 0.3839 -0.9228 -0.0336
vn -0.8948 -0.3767 0.2397
vn -0.3755 -0.9214 0.1006
vn -0.7596 -0.3742 0.5319
vn -0.3205 -0.9203 0.2244
vn 0.0805 -0.3827 -0.9203
vn -0.8449 -0.3618 0.3940
vn -0.3664 -0.9146 0.1708
vn -0.2732 0.9427 0.1914
vn -0.7370 0.4363 0.5161
vn 0.0805 0.3828 -0.9203
vn -0.5348 0.3613 0.7638
vn -0.2322 0.9144 0.3316
vn -0.2196 0.9238 0.3136
vn -0.8686 0.2855 0.4051
vn -0.4520 0.8667 0.2110
vn -0.8373 0.3827 -0.3905
vn -0.0805 0.3827 -0.9203
vn -0.3626 0.8967 0.2540
vn -0.7737 0.3283 0.5418
vn 0.0996 0.9229 -0.3718
vn 0.2394 0.3804 -0.8933
vn 0.3697 0.9239 0.0991
vn 0.9200 0.3835 0.0805
vn 0.3805 0.9242 0.0333
vn 0.1642 0.9864 0.0001
vn 0.6533 0.3828 0.6532
vn -0.2207 0.9230 -0.3151
vn -0.5304 0.3806 -0.7575
vn -0.8925 0.3825 -0.2391
vn 0.1641 0.9865 -0.0001
vn 0.3934 -0.9194 0.0003
vn -0.3934 -0.9194 0.0003
vn -0.3714 0.9231 -0.0995
vn -0.8932 0.3807 -0.2393
vn -0.3901 0.3847 -0.8366
vn -0.1609 0.9247 -0.3450
vn 0.2198 0.9236 0.3140
vn -0.0000 0.3330 0.9429
vn -0.0000 0.8987 0.4385
vn -0.5415 0.3299 0.7733
vn -0.2528 0.8977 0.3609
vn -0.1642 0.9864 0.0001
vn -0.1542 0.9311 0.3307
vn -0.3871 0.4011 0.8302
vn 0.2701 0.9242 -0.2701
vn 0.6531 0.3833 -0.6531
vn -0.9240 -0.0000 0.3823
vn -0.3828 0.9238 -0.0000
vn -0.9240 0.3825 -0.0000
vn 0.3827 0.9239 -0.0000
vn -0.9538 -0.0000 0.3005
vn -0.4796 -0.0000 0.8775
vn -0.0000 0.9211 -0.3894
vn -0.0000 0.3852 -0.9228
vn 0.0561 0.3783 -0.9240
vn 0.1356 0.9139 -0.3826
vn -0.7924 0.4750 -0.3826
vn -0.3280 0.1966 -0.9240
vn -0.3783 0.0561 -0.9240
vn -0.9139 0.1356 -0.3826
vn 0.8674 -0.3096 0.3894
vn 0.3628 -0.1295 0.9228
vn -0.9228 -0.0453 0.3826
vn 0.2568 0.2835 0.9239
vn 0.6205 0.6846 0.3826
vn 0.1802 -0.9061 -0.3827
vn 0.8287 -0.4087 -0.3824
vn 0.3429 -0.1691 -0.9240
vn 0.2875 -0.2521 -0.9240
vn 0.6946 -0.6092 -0.3826
vn 0.2521 0.2876 -0.9240
vn 0.6092 0.6946 -0.3826
vn 0.5133 0.7683 -0.3826
vn -0.0604 -0.9215 -0.3837
vn -0.0250 -0.3806 -0.9244
vn -0.8749 -0.2970 -0.3825
vn -0.3622 -0.1230 -0.9240
vn -0.6091 0.6945 -0.3829
vn -0.2520 0.2872 -0.9241
vn -0.3622 0.1230 -0.9240
vn -0.8749 0.2970 -0.3825
vn -0.9062 0.1802 -0.3825
vn -0.7422 -0.5504 0.3825
vn -0.8353 0.3951 0.3824
vn -0.3456 0.1635 0.9240
vn -0.2245 -0.8964 0.3822
vn -0.0929 -0.3707 0.9241
vn -0.9066 -0.1804 0.3814
vn -0.3762 -0.0749 0.9235
vn -0.3709 -0.0929 0.9240
vn -0.8963 -0.2245 0.3824
vn -0.4750 0.7925 0.3827
vn -0.3951 0.8352 0.3827
vn 0.0453 0.9228 0.3825
vn 0.3950 0.8353 0.3824
vn 0.2278 0.3072 0.9240
vn 0.3710 -0.0930 0.9240
vn 0.8961 -0.2245 0.3828
vn 0.8352 -0.3950 0.3827
vn 0.3072 -0.2277 0.9240
vn 0.7420 -0.5504 0.3826
vn 0.1966 -0.3279 0.9240
vn 0.1288 -0.3601 0.9240
vn -0.0604 0.9215 0.3837
vn -0.0249 0.3804 0.9245
vn -0.2568 0.2834 0.9240
vn -0.1635 0.3458 0.9240
vn -0.0187 0.3815 0.9242
vn -0.0453 0.9227 0.3829
vn 0.3950 0.8352 0.3826
vn 0.6847 0.6205 0.3824
vn 0.3280 0.1965 0.9240
vn 0.3819 -0.0187 0.9240
vn 0.9229 -0.0453 0.3824
vn 0.6204 -0.6847 0.3825
vn 0.1289 -0.3600 0.9240
vn 0.3113 -0.8699 0.3826
vn -0.9062 0.1803 0.3825
vn 0.9061 -0.1803 0.3826
vn -0.3950 0.8353 0.3824
vn -0.0561 0.3782 0.9240
vn -0.1966 -0.3278 0.9241
vn -0.4750 -0.7925 0.3824
vn -0.6204 -0.6847 0.3825
vn -0.6847 -0.6205 0.3824
vn -0.3280 -0.1965 0.9240
vn -0.1635 0.3456 0.9240
vn -0.3950 0.8352 0.3826
vn -0.3112 0.8700 0.3825
vn -0.1356 0.9138 0.3828
vn 0.0929 0.3711 0.9239
vn 0.2245 0.8962 0.3825
vn 0.1635 0.3458 0.9240
vn 0.3951 0.8352 0.3827
vn 0.2568 -0.2834 0.9240
vn 0.1966 -0.3282 0.9239
vn 0.4750 -0.7925 0.3827
vn 0.2196 -0.9238 0.3136
vn -0.6533 -0.3828 0.6533
vn -0.0802 -0.3912 0.9168
vn -0.0326 -0.9273 0.3729
vn -0.1609 -0.9247 -0.3450
vn -0.3901 -0.3847 -0.8366
vn 0.2196 -0.9238 -0.3136
vn 0.3697 -0.9239 -0.0991
vn 0.8924 -0.3828 -0.2391
vn 0.3697 -0.9239 -0.0990
vn -0.8373 -0.3828 -0.3904
vn -0.3469 -0.9239 -0.1617
vn 0.0335 -0.9234 0.3823
vn 0.0806 -0.3815 0.9209
vn -0.3810 0.9240 0.0333
vn -0.9203 0.3828 0.0805
vn -0.9343 0.3471 0.0817
vn 0.6533 0.3828 0.6533
vn -0.0805 0.3839 -0.9199
vn -0.0332 0.9244 -0.3800
vn -0.3905 0.3827 0.8373
vn -0.0994 0.9234 -0.3708
vn -0.2393 0.3814 -0.8929
vn -0.6647 0.3410 0.6648
vn -0.3022 0.9040 0.3023
vn -0.2220 0.9220 0.3173
vn -0.5310 0.3780 0.7584
vn 0.3935 -0.9193 0.0003
vn 0.7568 0.3828 -0.5299
vn 0.3935 -0.9193 -0.0005
vn -0.0004 0.9863 -0.1649
vn 0.0016 -0.9191 -0.3940
vn 0.5300 0.3822 0.7570
vn -0.8382 0.3804 0.3908
vn -0.3489 0.9229 0.1627
vn -0.1642 0.9864 0.0002
vn -0.3934 -0.9194 -0.0010
vn -0.0000 -0.8608 -0.5090
vn -0.9203 0.3828 -0.0805
vn -0.3810 0.9240 -0.0333
vn 0.1547 0.9306 0.3317
vn 0.3874 0.3998 0.8307
vn 0.6205 0.6846 -0.3826
vn 0.2568 0.2835 -0.9239
vn -0.0929 0.3710 -0.9240
vn -0.2245 0.8962 -0.3826
vn -0.3113 0.8699 -0.3826
vn -0.1288 0.3601 -0.9240
vn -0.9139 -0.1356 -0.3826
vn -0.3783 -0.0561 -0.9240
vn -0.3628 -0.1295 0.9228
vn -0.8674 -0.3096 0.3894
vn -0.9139 -0.1356 0.3826
vn 0.5504 0.7420 0.3826
vn 0.8699 0.3112 0.3826
vn 0.3882 0.9216 -0.0000
vn 0.9985 0.0551 -0.0000
vn 0.9062 -0.1802 -0.3825
vn -0.2031 0.3042 -0.9307
vn -0.5092 0.7621 -0.4000
vn -0.6144 0.7006 -0.3630
vn -0.2657 0.3030 -0.9152
vn 0.2522 -0.2876 -0.9240
vn 0.6092 -0.6945 -0.3827
vn 0.6092 -0.6946 -0.3826
vn 0.1230 0.3621 -0.9240
vn 0.2970 0.8748 -0.3828
vn -0.8287 -0.4087 -0.3824
vn -0.3180 -0.2124 -0.9240
vn 0.9198 -0.0000 -0.3923
vn 0.3731 -0.0000 -0.9278
vn -0.3751 -0.0747 -0.9240
vn -0.6204 -0.6846 0.3825
vn -0.3950 -0.8351 0.3828
vn -0.4750 -0.7924 0.3828
vn -0.1966 -0.3281 0.9240
vn -0.3804 -0.0249 0.9245
vn -0.1288 0.3598 0.9241
vn -0.3113 0.8701 0.3822
vn 0.2245 0.8962 0.3828
vn 0.8699 0.3112 0.3825
vn 0.3787 0.0562 0.9238
vn 0.9140 0.1356 0.3823
vn 0.2568 -0.2835 0.9239
vn 0.0561 -0.3783 0.9240
vn 0.1355 -0.9139 0.3827
vn 0.0604 0.9219 0.3827
vn -0.9139 -0.1356 0.3827
vn -0.3112 0.8700 0.3824
vn 0.1966 -0.3278 0.9241
vn 0.4750 -0.7925 0.3824
vn 0.1356 -0.9139 0.3826
vn -0.1355 -0.9139 0.3827
vn -0.0929 0.3711 0.9239
vn 0.2834 0.2569 0.9240
vn 0.6846 0.6205 0.3826
vn 0.7925 0.4750 0.3826
vn 0.8963 -0.2245 0.3825
vn 0.3071 -0.2277 0.9240
vn 0.7421 -0.5504 0.3826
vn 0.4750 -0.7925 0.3825
vn 0.1288 0.3599 0.9241
vn 0.3112 0.8700 0.3824
vn 0.3113 -0.8701 0.3822
vn -0.0991 -0.9239 0.3697
vn -0.0806 -0.3817 0.9208
vn -0.0334 -0.9234 0.3823
vn 0.3469 -0.9239 -0.1617
vn -0.3751 -0.9104 0.1749
vn -0.8479 -0.3531 0.3954
vn 0.6534 -0.3823 0.6534
vn -0.7724 -0.3330 0.5409
vn -0.3579 -0.8994 0.2508
vn -0.3813 -0.9238 -0.0334
vn -0.9203 -0.3828 -0.0805
vn -0.0331 -0.9250 -0.3785
vn -0.0804 -0.3855 -0.9192
vn -0.6533 -0.3828 0.6532
vn -0.3563 -0.9195 0.1662
vn -0.8411 -0.3724 0.3922
vn -0.6501 -0.3932 -0.6502
vn -0.2633 -0.9281 -0.2633
vn -0.0958 -0.9290 0.3575
vn -0.2377 -0.3955 0.8872
vn -0.0809 -0.3721 -0.9247
vn -0.0343 -0.9193 -0.3920
vn 0.2195 -0.9239 0.3134
vn -0.3741 0.9268 0.0327
vn -0.9173 0.3899 0.0803
vn 0.3825 0.9233 -0.0335
vn 0.9209 0.3813 -0.0806
vn 0.0332 0.9248 -0.3790
vn 0.0804 0.3849 -0.9194
vn -0.3626 0.8966 0.2540
vn -0.6533 0.3828 0.6532
vn 0.1618 0.9239 -0.3469
vn -0.8926 0.3823 -0.2392
vn -0.3700 0.9237 -0.0991
vn -0.0000 0.4372 -0.8993
vn -0.0000 0.9424 -0.3344
vn 0.9198 0.3840 0.0805
vn 0.3799 0.9244 0.0332
vn -0.6414 0.4208 0.6415
vn -0.4190 0.9072 0.0366
vn -0.2225 0.9217 -0.3178
vn -0.5311 0.3775 -0.7585
vn 0.3730 0.9278 -0.0000
vn 0.9196 0.3929 -0.0000
vn 0.2821 -0.0000 0.9594
vn 0.8622 -0.0000 0.5066
vn 0.9241 -0.0000 -0.3822
vn 0.3823 -0.0000 -0.9240
vn -0.0000 0.9281 0.3723
vn -0.0000 0.3930 0.9195
vn -0.0000 0.9211 -0.3893
vn 0.5504 0.7420 -0.3826
vn 0.2278 0.3071 -0.9240
vn -0.0561 0.3783 -0.9240
vn -0.1356 0.9139 -0.3826
vn -0.0000 0.3854 0.9227
vn -0.0000 0.9211 0.3894
vn -0.9139 0.1356 0.3826
vn -0.6846 0.6204 0.3826
vn -0.3950 0.8353 0.3825
vn -0.3730 -0.0000 -0.9278
vn -0.9199 -0.0000 -0.3922
vn 0.2126 0.3182 -0.9239
vn 0.5133 0.7683 -0.3823
vn 0.4086 0.8286 -0.3827
vn -0.6092 -0.6946 -0.3826
vn -0.0000 0.9491 -0.3150
vn -0.0000 0.4607 -0.8875
vn -0.1803 0.9062 -0.3826
vn -0.0746 0.3751 -0.9240
vn 0.6093 0.6946 -0.3826
vn -0.8286 0.4086 -0.3826
vn -0.3430 0.1691 -0.9240
vn 0.7422 -0.5504 0.3825
vn 0.6205 0.6847 0.3824
vn 0.7926 0.4750 0.3824
vn 0.8353 -0.3951 0.3824
vn 0.3456 -0.1635 0.9240
vn -0.5505 0.7421 0.3826
vn -0.2277 -0.3071 0.9240
vn -0.1356 -0.9138 0.3829
vn -0.0561 -0.3785 0.9239
vn -0.2276 -0.9087 0.3499
vn -0.1014 -0.4047 0.9088
vn 0.0453 0.9227 0.3828
vn 0.0188 0.3821 0.9239
vn 0.3950 0.8352 0.3827
vn 0.5504 0.7421 0.3825
vn 0.2278 0.3073 0.9240
vn 0.4750 -0.7924 0.3828
vn 0.1966 -0.3281 0.9240
vn 0.5503 0.7421 0.3826
vn 0.6205 -0.6847 0.3824
vn 0.2567 -0.2833 0.9240
vn 0.4750 -0.7924 0.3827
vn 0.3083 -0.8617 0.4030
vn 0.1221 -0.3412 0.9320
vn 0.3930 0.8310 0.3936
vn 0.1587 0.3354 0.9286
vn -0.6846 -0.6205 0.3824
vn -0.5504 0.7421 0.3825
vn -0.2278 0.3073 0.9240
vn 0.0454 0.9228 0.3826
vn 0.3072 -0.2278 0.9240
vn 0.3113 -0.8699 0.3825
vn 0.1288 -0.3600 0.9240
vn -0.9219 0.0604 0.3827
vn 0.9218 -0.0604 0.3828
vn -0.4749 0.7925 0.3825
vn -0.1635 -0.3456 0.9240
vn -0.3950 -0.8353 0.3825
vn -0.1289 0.3600 0.9240
vn -0.1966 0.3279 0.9240
vn -0.0000 -0.9895 0.1445
vn -0.1553 -0.9879 -0.0000
vn -0.1635 -0.9729 0.1635
vn -0.1548 -0.9880 -0.0000
vn -0.1555 -0.9878 -0.0000
vn -0.1546 -0.9880 -0.0000
vn -0.1547 -0.9880 -0.0000
vn 0.0491 -0.9988 -0.0000
vn -0.0491 -0.9988 -0.0000
vn -0.0000 -0.9895 -0.1445
vn -0.1635 -0.9729 -0.1635
vn -0.1467 -0.9892 -0.0000
vn 0.1547 -0.9880 -0.0000
vn 0.1635 -0.9729 0.1635
vn -0.0000 -0.9886 -0.1505
vn -0.2430 -0.9700 -0.0000
vn 0.1635 -0.9729 -0.1635
vn -0.3369 -0.9415 -0.0000
vn 0.1549 -0.9879 -0.0000
vn -0.4276 -0.9040 -0.0000
vn -1.0000 -0.0000 -0.0011
vn -0.5141 -0.8577 -0.0000
vn -0.5957 -0.8032 -0.0000
vn 0.1548 -0.9880 -0.0000
vn -0.6716 -0.7410 -0.0000
vn -0.7410 -0.6716 -0.0000
vn -0.8032 -0.5957 -0.0000
vn -0.8577 -0.5141 -0.0000
vn -0.9040 -0.4276 -0.0000
vn -0.9415 -0.3369 -0.0000
vn -0.9700 -0.2430 -0.0000
vn 0.1552 -0.9879 -0.0000
vn -0.9892 -0.1467 -0.0000
vn -0.6716 -0.7409 -0.0000
vn -0.9988 -0.0491 -0.0000
vn -0.9988 0.0491 -0.0000
vn -0.7409 -0.6716 -0.0000
vn -0.9892 0.1467 -0.0000
vn -0.9700 0.2430 -0.0000
vn -0.9415 0.3369 -0.0000
vn -0.9040 0.4276 -0.0000
vn -0.8577 0.5141 -0.0000
vn -0.8032 0.5957 -0.0000
vn -0.7410 0.6716 -0.0000
vn -0.6716 0.7410 -0.0000
vn -0.5957 0.8032 -0.0000
vn -0.5141 0.8577 -0.0000
vn -0.4276 0.9040 -0.0000
vn -0.3369 0.9415 -0.0000
vn -0.2430 0.9700 -0.0000
vn -0.1467 0.9892 -0.0000
vn -0.0491 0.9988 -0.0000
vn 0.0491 0.9988 -0.0000
vn 0.1467 0.9892 -0.0000
vn 0.2430 0.9700 -0.0000
vn 0.3369 0.9415 -0.0000
vn 0.4276 0.9040 -0.0000
vn 0.5141 0.8577 -0.0000
vn 0.5957 0.8032 -0.0000
vn 0.6716 0.7410 -0.0000
vn 0.7410 0.6716 -0.0000
vn 0.8032 0.5957 -0.0000
vn 0.8577 0.5141 -0.0000
vn 0.9040 0.4276 -0.0000
vn 0.9415 0.3369 -0.0000
vn 0.9700 0.2430 -0.0000
vn -0.7409 0.6716 -0.0000
vn 0.9892 0.1467 -0.0000
vn 0.9988 0.0491 -0.0000
vn 0.9988 -0.0491 -0.0000
vn -0.6716 0.7409 -0.0000
vn 0.9892 -0.1467 -0.0000
vn 0.9700 -0.2430 -0.0000
vn 0.9415 -0.3369 -0.0000
vn 0.9040 -0.4276 -0.0000
vn 0.8577 -0.5141 -0.0000
vn 0.8032 -0.5957 -0.0000
vn 0.7410 -0.6716 -0.0000
vn 0.6716 -0.7410 -0.0000
vn 0.5957 -0.8032 -0.0000
vn 0.5141 -0.8577 -0.0000
vn 0.4276 -0.9040 -0.0000
vn 0.3369 -0.9415 -0.0000
vn 0.2430 -0.9700 -0.0000
vn 0.1467 -0.9892 -0.0000
vn 0.6716 0.7409 -0.0000
vn 0.7409 0.6716 -0.0000
vn 0.7409 -0.6716 -0.0000
vn 0.6716 -0.7409 -0.0000
vn 0.9962 -0.0000 0.0872
vn 0.9962 -0.0000 -0.0872
vn 0.9659 -0.0000 -0.2588
vn 0.9659 -0.0000 0.2588
vn 0.9063 -0.0000 -0.4226
vn 0.8192 -0.0000 -0.5736
vn 0.8192 -0.0000 0.5736
vn 0.9063 -0.0000 0.4226
vn 0.5736 -0.0000 -0.8192
vn 0.5736 -0.0000 0.8192
vn 0.2588 -0.0000 0.9659
vn 0.4226 -0.0000 0.9063
vn 0.2588 -0.0000 -0.9659
vn 0.0872 -0.0000 -0.9962
vn 0.4226 -0.0000 -0.9063
vn 0.0872 -0.0000 0.9962
vn -0.0872 -0.0000 -0.9962
vn -0.2588 -0.0000 -0.9659
vn -0.2588 -0.0000 0.9659
vn -0.0872 -0.0000 0.9962
vn -0.5736 -0.0000 0.8192
vn -0.4226 -0.0000 -0.9063
vn -0.5736 -0.0000 -0.8192
vn -0.4226 -0.0000 0.9063
vn -0.8192 -0.0000 -0.5736
vn -0.9063 -0.0000 -0.4226
vn -0.9063 -0.0000 0.4226
vn -0.8192 -0.0000 0.5736
vn -0.9962 -0.0000 -0.0872
vn -0.9962 -0.0000 0.0872
vn -0.9659 -0.0000 0.2588
vn -0.9659 -0.0000 -0.2588
vn -0.5736 -0.0000 0.8191
vn -0.5736 -0.0000 -0.8191
vn 0.5736 -0.0000 0.8191
vn 0.5736 -0.0000 -0.8191
vn 0.9979 0.0654 -0.0000
vn 0.9808 0.1951 -0.0000
vn 0.9979 -0.0654 -0.0000
vn 0.9469 0.3214 -0.0000
vn 0.9808 -0.1951 -0.0000
vn 0.9469 -0.3214 -0.0000
vn 0.8969 -0.4423 -0.0000
vn 0.7518 0.6593 -0.0000
vn 0.8315 0.5556 -0.0000
vn 0.8969 0.4423 -0.0000
vn 0.8315 -0.5556 -0.0000
vn 0.7518 -0.6593 -0.0000
vn 0.6593 -0.7518 -0.0000
vn 0.5556 0.8315 -0.0000
vn 0.4423 0.8969 -0.0000
vn 0.6593 0.7518 -0.0000
vn 0.5556 -0.8315 -0.0000
vn 0.3214 -0.9469 -0.0000
vn 0.4423 -0.8969 -0.0000
vn 0.1951 0.9808 -0.0000
vn 0.0654 0.9979 -0.0000
vn 0.0654 -0.9979 -0.0000
vn 0.1951 -0.9808 -0.0000
vn 0.3214 0.9469 -0.0000
vn -0.1951 0.9808 -0.0000
vn -0.3214 0.9469 -0.0000
vn -0.3214 -0.9469 -0.0000
vn -0.1951 -0.9808 -0.0000
vn -0.0654 0.9979 -0.0000
vn -0.0654 -0.9979 -0.0000
vn -0.5556 0.8315 -0.0000
vn -0.6593 0.7518 -0.0000
vn -0.6593 -0.7518 -0.0000
vn -0.5556 -0.8315 -0.0000
vn -0.4423 0.8969 -0.0000
vn -0.4423 -0.8969 -0.0000
vn -0.7518 0.6593 -0.0000
vn -0.8315 0.5556 -0.0000
vn -0.8969 -0.4423 -0.0000
vn -0.8315 -0.5556 -0.0000
vn -0.8969 0.4423 -0.0000
vn -0.7518 -0.6593 -0.0000
vn -0.9469 0.3214 -0.0000
vn -0.9808 0.1951 -0.0000
vn -0.9979 0.0654 -0.0000
vn -0.9979 -0.0654 -0.0000
vn -0.9808 -0.1951 -0.0000
vn -0.9469 -0.3214 -0.0000
vn 0.7518 0.6594 -0.0000
vn 0.7518 -0.6594 -0.0000
vn -0.7518 0.6594 -0.0000
vn -0.7518 -0.6594 -0.0000
vt 0.613095 0.738095
vt 0.625000 0.738095
vt 0.625000 0.740166
vt 0.615084 0.740083
vt 0.625000 0.758333
vt 0.625000 0.793478
vt 0.623753 0.793261
vt 0.616667 0.991667
vt 0.625000 0.991667
vt 0.625000 0.992647
vt 0.617618 0.992618
vt 0.356383 0.511018
vt 0.355556 0.511905
vt 0.355000 0.511905
vt 0.355892 0.510995
vt 0.143617 0.738982
vt 0.133333 0.738492
vt 0.133333 0.738095
vt 0.144444 0.738095
vt 0.367070 0.511527
vt 0.367083 0.511905
vt 0.366667 0.511905
vt 0.366667 0.511508
vt 0.375000 0.738492
vt 0.363474 0.738474
vt 0.363095 0.738095
vt 0.375000 0.738095
vt 0.597076 0.877827
vt 0.597679 0.877460
vt 0.598351 0.877150
vt 0.599086 0.876901
vt 0.599878 0.876718
vt 0.600722 0.876606
vt 0.601610 0.876567
vt 0.602503 0.876605
vt 0.603350 0.876718
vt 0.604144 0.876901
vt 0.604880 0.877150
vt 0.605551 0.877459
vt 0.606152 0.877827
vt 0.606677 0.878248
vt 0.607120 0.878717
vt 0.607475 0.879232
vt 0.607736 0.879786
vt 0.607896 0.880377
vt 0.607951 0.881000
vt 0.607896 0.881619
vt 0.607736 0.882207
vt 0.607475 0.882759
vt 0.607120 0.883271
vt 0.606677 0.883739
vt 0.606152 0.884158
vt 0.605551 0.884525
vt 0.604880 0.884835
vt 0.604144 0.885083
vt 0.603350 0.885265
vt 0.602503 0.885378
vt 0.601610 0.885417
vt 0.600722 0.885378
vt 0.599878 0.885265
vt 0.599086 0.885083
vt 0.598351 0.884835
vt 0.597679 0.884525
vt 0.597076 0.884158
vt 0.596549 0.883739
vt 0.596105 0.883271
vt 0.595748 0.882759
vt 0.595486 0.882207
vt 0.595324 0.881619
vt 0.595268 0.881000
vt 0.595323 0.880377
vt 0.595486 0.879786
vt 0.595748 0.879232
vt 0.596105 0.878717
vt 0.596550 0.878248
vt 0.606366 0.868700
vt 0.600342 0.870400
vt 0.600341 0.866867
vt 0.602634 0.858367
vt 0.602654 0.858072
vt 0.602713 0.857796
vt 0.602809 0.857541
vt 0.602942 0.857307
vt 0.603112 0.857097
vt 0.603317 0.856910
vt 0.603557 0.856749
vt 0.603830 0.856615
vt 0.604137 0.856508
vt 0.604475 0.856430
vt 0.604844 0.856383
vt 0.605244 0.856367
vt 0.605550 0.856376
vt 0.605855 0.856407
vt 0.606155 0.856460
vt 0.606444 0.856538
vt 0.606717 0.856643
vt 0.606970 0.856777
vt 0.607197 0.856942
vt 0.607394 0.857139
vt 0.607556 0.857372
vt 0.607677 0.857641
vt 0.607754 0.857950
vt 0.607780 0.858300
vt 0.607780 0.860217
vt 0.602634 0.860217
vt 0.596598 0.894087
vt 0.596913 0.894316
vt 0.594610 0.894750
vt 0.597259 0.894537
vt 0.597634 0.894750
vt 0.593927 0.894025
vt 0.593745 0.893776
vt 0.595841 0.893356
vt 0.593586 0.893523
vt 0.595654 0.893100
vt 0.594132 0.894270
vt 0.596062 0.893606
vt 0.594359 0.894511
vt 0.596314 0.893850
vt 0.593114 0.892165
vt 0.595237 0.892028
vt 0.593166 0.892451
vt 0.595290 0.892302
vt 0.593239 0.892729
vt 0.595377 0.892573
vt 0.593073 0.891567
vt 0.595219 0.891750
vt 0.593083 0.891870
vt 0.593112 0.891119
vt 0.595310 0.891173
vt 0.595243 0.891447
vt 0.593333 0.893000
vt 0.593448 0.893265
vt 0.595499 0.892839
vt 0.595417 0.890927
vt 0.593226 0.890695
vt 0.593411 0.890296
vt 0.595557 0.890707
vt 0.593663 0.889926
vt 0.595727 0.890515
vt 0.593978 0.889590
vt 0.595921 0.890350
vt 0.594351 0.889287
vt 0.596134 0.890211
vt 0.594778 0.889024
vt 0.596362 0.890098
vt 0.595256 0.888801
vt 0.596598 0.890011
vt 0.595779 0.888623
vt 0.596840 0.889949
vt 0.596345 0.888492
vt 0.597081 0.889912
vt 0.596949 0.888411
vt 0.597317 0.889900
vt 0.597585 0.888383
vt 0.598118 0.889997
vt 0.598802 0.888480
vt 0.599826 0.888747
vt 0.593392 0.882773
vt 0.593773 0.883549
vt 0.594284 0.884258
vt 0.593073 0.881033
vt 0.593155 0.881933
vt 0.593394 0.879241
vt 0.593156 0.880104
vt 0.593776 0.878448
vt 0.594289 0.877728
vt 0.594921 0.877082
vt 0.593293 0.863017
vt 0.610024 0.868100
vt 0.594913 0.884897
vt 0.595650 0.885460
vt 0.596479 0.885947
vt 0.597391 0.886353
vt 0.602040 0.890233
vt 0.602592 0.890842
vt 0.600007 0.891175
vt 0.598816 0.890264
vt 0.600688 0.889152
vt 0.599437 0.890668
vt 0.601416 0.889658
vt 0.598372 0.886675
vt 0.596490 0.876027
vt 0.597402 0.875622
vt 0.593293 0.861850
vt 0.593293 0.860217
vt 0.600488 0.860217
vt 0.593293 0.874134
vt 0.593293 0.872467
vt 0.598195 0.871033
vt 0.598195 0.866200
vt 0.595659 0.876515
vt 0.604650 0.894720
vt 0.603741 0.894453
vt 0.605288 0.893203
vt 0.605707 0.894817
vt 0.606025 0.893300
vt 0.606363 0.894789
vt 0.606309 0.893285
vt 0.606976 0.894706
vt 0.606577 0.893240
vt 0.607543 0.894571
vt 0.606827 0.893167
vt 0.608061 0.894385
vt 0.607057 0.893067
vt 0.608529 0.894152
vt 0.601092 0.892358
vt 0.603593 0.892025
vt 0.601656 0.892967
vt 0.604102 0.892532
vt 0.607748 0.892433
vt 0.607856 0.892224
vt 0.609833 0.892785
vt 0.610005 0.892346
vt 0.610111 0.891872
vt 0.607935 0.891998
vt 0.607984 0.891756
vt 0.608000 0.891500
vt 0.607965 0.891104
vt 0.610114 0.890933
vt 0.610138 0.891150
vt 0.607992 0.891305
vt 0.610146 0.891367
vt 0.600550 0.891749
vt 0.603099 0.891451
vt 0.602269 0.893542
vt 0.602956 0.894049
vt 0.604657 0.892936
vt 0.607265 0.892942
vt 0.608942 0.893873
vt 0.607451 0.892794
vt 0.609299 0.893551
vt 0.607613 0.892624
vt 0.609597 0.893187
vt 0.609943 0.890288
vt 0.610016 0.890503
vt 0.607849 0.890683
vt 0.607918 0.890896
vt 0.610073 0.890718
vt 0.607314 0.889784
vt 0.609333 0.889239
vt 0.607490 0.890015
vt 0.609488 0.889445
vt 0.607637 0.890242
vt 0.609626 0.889653
vt 0.609748 0.889863
vt 0.607756 0.890464
vt 0.609854 0.890075
vt 0.606268 0.888834
vt 0.608976 0.888833
vt 0.606584 0.889074
vt 0.599410 0.886909
vt 0.599078 0.886834
vt 0.604888 0.886665
vt 0.605872 0.886337
vt 0.600494 0.887051
vt 0.601610 0.887100
vt 0.602746 0.887050
vt 0.603843 0.886904
vt 0.606862 0.889313
vt 0.607105 0.889550
vt 0.609163 0.889035
vt 0.609461 0.883507
vt 0.609834 0.882731
vt 0.608957 0.884218
vt 0.610067 0.881894
vt 0.610067 0.880092
vt 0.610146 0.881000
vt 0.609836 0.879245
vt 0.609464 0.878462
vt 0.608343 0.877104
vt 0.608963 0.877748
vt 0.598382 0.875303
vt 0.599419 0.875071
vt 0.600499 0.874931
vt 0.602751 0.874932
vt 0.603851 0.875076
vt 0.604899 0.875312
vt 0.605883 0.875636
vt 0.606792 0.876045
vt 0.607616 0.876536
vt 0.610024 0.869250
vt 0.609927 0.858300
vt 0.600488 0.858517
vt 0.600530 0.857888
vt 0.600652 0.857318
vt 0.609883 0.857707
vt 0.609927 0.861850
vt 0.601116 0.856353
vt 0.601447 0.855955
vt 0.601838 0.855612
vt 0.602284 0.855325
vt 0.602779 0.855092
vt 0.603318 0.854912
vt 0.603895 0.854785
vt 0.604506 0.854708
vt 0.605146 0.854684
vt 0.605794 0.854707
vt 0.606415 0.854779
vt 0.607005 0.854900
vt 0.607557 0.855069
vt 0.608065 0.855290
vt 0.608524 0.855561
vt 0.608929 0.855883
vt 0.609273 0.856259
vt 0.609551 0.856687
vt 0.600849 0.856807
vt 0.609756 0.857170
vt 0.601610 0.874883
vt 0.606782 0.885925
vt 0.607607 0.885431
vt 0.608336 0.884861
vt 0.595989 0.873347
vt 0.593293 0.864683
vt 0.185000 0.746162
vt 0.185000 0.747709
vt 0.166584 0.747634
vt 0.165964 0.746217
vt 0.185000 0.750000
vt 0.166537 0.750000
vt 0.166456 0.744444
vt 0.150521 0.746154
vt 0.149739 0.744444
vt 0.153253 0.747384
vt 0.153253 0.750000
vt 0.475000 0.940000
vt 0.475000 0.958544
vt 0.443273 0.959143
vt 0.444093 0.940000
vt 0.475000 1.000000
vt 0.444307 1.000000
vt 0.475000 0.000000
vt 0.475000 0.002291
vt 0.444228 0.002363
vt 0.444307 0.000000
vt 0.375000 0.958463
vt 0.375000 0.940000
vt 0.375000 0.971747
vt 0.375000 0.002616
vt 0.375000 0.000000
vt 0.475000 0.005556
vt 0.444093 0.005556
vt 0.443094 0.003793
vt 0.475000 0.003838
vt 0.375000 0.005556
vt 0.375000 0.003850
vt 0.125000 0.744444
vt 0.125000 0.746150
vt 0.125000 0.747384
vt 0.525000 0.940000
vt 0.555907 0.940000
vt 0.556906 0.959036
vt 0.525000 0.958544
vt 0.583769 0.940000
vt 0.582414 0.958416
vt 0.625000 0.940000
vt 0.625000 0.958463
vt 0.555772 1.000000
vt 0.525000 1.000000
vt 0.577912 1.000000
vt 0.625000 1.000000
vt 0.815000 0.744444
vt 0.833544 0.744444
vt 0.834143 0.746207
vt 0.815000 0.746162
vt 0.875000 0.744444
vt 0.875000 0.746150
vt 0.625000 0.005556
vt 0.583769 0.005556
vt 0.582466 0.003846
vt 0.625000 0.003850
vt 0.833463 0.750000
vt 0.815000 0.750000
vt 0.875000 0.747384
vt 0.577912 0.002616
vt 0.625000 0.002616
vt 0.525000 0.005556
vt 0.525000 0.003838
vt 0.556727 0.003783
vt 0.555907 0.005556
vt 0.525000 0.002291
vt 0.555693 0.002366
vt 0.525000 0.000000
vt 0.555772 0.000000
vt 0.577912 0.000000
vt 0.166455 0.505556
vt 0.149739 0.505556
vt 0.150551 0.503850
vt 0.165857 0.503793
vt 0.125000 0.505556
vt 0.125000 0.503846
vt 0.185000 0.503838
vt 0.166537 0.502363
vt 0.185000 0.502291
vt 0.153253 0.502616
vt 0.125000 0.502616
vt 0.475000 0.244444
vt 0.475000 0.246162
vt 0.443273 0.246217
vt 0.444093 0.244444
vt 0.475000 0.247709
vt 0.444307 0.247634
vt 0.475000 0.274739
vt 0.444228 0.275521
vt 0.375000 0.246154
vt 0.375000 0.244444
vt 0.375000 0.247384
vt 0.375000 0.278253
vt 0.475000 0.310000
vt 0.444093 0.310000
vt 0.443094 0.290964
vt 0.475000 0.291456
vt 0.375000 0.310000
vt 0.375000 0.291584
vt 0.185000 0.500000
vt 0.166584 0.500000
vt 0.153253 0.500000
vt 0.815000 0.505556
vt 0.815000 0.503838
vt 0.834036 0.503783
vt 0.833545 0.505556
vt 0.815000 0.500000
vt 0.833416 0.500000
vt 0.625000 0.310000
vt 0.583769 0.310000
vt 0.582466 0.291537
vt 0.625000 0.291584
vt 0.875000 0.503846
vt 0.875000 0.505556
vt 0.875000 0.502616
vt 0.577912 0.270722
vt 0.625000 0.248256
vt 0.525000 0.310000
vt 0.525000 0.291456
vt 0.556727 0.290857
vt 0.555907 0.310000
vt 0.525000 0.274739
vt 0.555693 0.275551
vt 0.525000 0.247709
vt 0.555772 0.247637
vt 0.577912 0.247384
vt 0.525000 0.244444
vt 0.555907 0.244444
vt 0.556906 0.246207
vt 0.525000 0.246162
vt 0.583769 0.244444
vt 0.582414 0.246150
vt 0.625000 0.244444
vt 0.625000 0.246154
vt 0.333545 0.744444
vt 0.350261 0.744444
vt 0.349449 0.746150
vt 0.334143 0.746207
vt 0.416231 0.744444
vt 0.417534 0.746154
vt 0.315000 0.746161
vt 0.333463 0.747637
vt 0.315000 0.747709
vt 0.346747 0.747384
vt 0.405267 0.747384
vt 0.475000 0.744444
vt 0.475000 0.746162
vt 0.443273 0.746217
vt 0.444093 0.744444
vt 0.475000 0.747709
vt 0.444307 0.747634
vt 0.475000 0.774739
vt 0.444228 0.775521
vt 0.360874 0.764126
vt 0.475000 0.810000
vt 0.444093 0.810000
vt 0.443094 0.790964
vt 0.475000 0.791456
vt 0.345000 0.780000
vt 0.354208 0.770792
vt 0.685000 0.744444
vt 0.685000 0.746162
vt 0.665964 0.746217
vt 0.666456 0.744444
vt 0.655000 0.780000
vt 0.645792 0.770792
vt 0.583769 0.810000
vt 0.582466 0.791537
vt 0.650521 0.746154
vt 0.649739 0.744444
vt 0.639126 0.764126
vt 0.577912 0.778253
vt 0.525000 0.810000
vt 0.525000 0.791456
vt 0.556727 0.790857
vt 0.555907 0.810000
vt 0.525000 0.774739
vt 0.555693 0.775551
vt 0.525000 0.747709
vt 0.555772 0.747637
vt 0.577912 0.753087
vt 0.525000 0.744444
vt 0.555907 0.744444
vt 0.556906 0.746207
vt 0.525000 0.746162
vt 0.583769 0.744444
vt 0.582414 0.746150
vt 0.315000 0.503838
vt 0.315000 0.502291
vt 0.333416 0.502366
vt 0.334036 0.503783
vt 0.345000 0.470000
vt 0.354232 0.479232
vt 0.333544 0.505556
vt 0.349479 0.503846
vt 0.350261 0.505556
vt 0.346747 0.502616
vt 0.360874 0.485874
vt 0.475000 0.440000
vt 0.475000 0.458544
vt 0.443273 0.459143
vt 0.444093 0.440000
vt 0.475000 0.475261
vt 0.444307 0.474449
vt 0.475000 0.502291
vt 0.444228 0.502363
vt 0.405267 0.502616
vt 0.475000 0.505556
vt 0.444093 0.505556
vt 0.443094 0.503793
vt 0.475000 0.503838
vt 0.416231 0.505556
vt 0.417586 0.503850
vt 0.685000 0.505556
vt 0.666456 0.505556
vt 0.665857 0.503793
vt 0.685000 0.503838
vt 0.649739 0.505556
vt 0.650551 0.503850
vt 0.583769 0.505556
vt 0.582466 0.503846
vt 0.645768 0.479232
vt 0.655000 0.470000
vt 0.639126 0.485874
vt 0.577912 0.496913
vt 0.525000 0.505556
vt 0.525000 0.503838
vt 0.556727 0.503783
vt 0.555907 0.505556
vt 0.525000 0.502291
vt 0.555693 0.502366
vt 0.525000 0.475261
vt 0.555772 0.474479
vt 0.577912 0.471747
vt 0.525000 0.440000
vt 0.555907 0.440000
vt 0.556906 0.459036
vt 0.525000 0.458545
vt 0.583769 0.440000
vt 0.582414 0.458416
vt 0.126574 0.749925
vt 0.126574 0.750000
vt 0.125665 0.750000
vt 0.125000 0.749925
vt 0.376574 0.999948
vt 0.376574 1.000000
vt 0.375665 1.000000
vt 0.375000 0.999948
vt 0.376574 0.000075
vt 0.375000 0.000075
vt 0.375000 0.000032
vt 0.376574 0.000000
vt 0.624970 0.999974
vt 0.625000 0.999965
vt 0.625000 0.999984
vt 0.624953 1.000000
vt 0.874948 0.748426
vt 0.875000 0.748426
vt 0.875000 0.749335
vt 0.874965 0.750000
vt 0.624923 0.001574
vt 0.624953 0.000000
vt 0.624979 0.000000
vt 0.625000 0.001574
vt 0.874948 0.501574
vt 0.874947 0.500000
vt 0.874977 0.500000
vt 0.875000 0.501574
vt 0.624939 0.250054
vt 0.624931 0.250000
vt 0.624985 0.249668
vt 0.625000 0.250053
vt 0.624923 0.248426
vt 0.625000 0.248426
vt 0.624966 0.750031
vt 0.624949 0.750000
vt 0.624998 0.749778
vt 0.625019 0.750019
vt 0.624923 0.748426
vt 0.625000 0.748426
vt 0.625053 0.748426
vt 0.624815 0.998426
vt 0.625000 0.998426
vt 0.625000 0.999335
vt 0.624815 1.000000
vt 0.873426 0.749925
vt 0.875000 0.749925
vt 0.875000 0.749968
vt 0.873426 0.750000
vt 0.624815 0.000075
vt 0.624815 0.000000
vt 0.624922 0.000000
vt 0.625000 0.000075
vt 0.625052 0.501574
vt 0.625000 0.501574
vt 0.624990 0.500214
vt 0.625027 0.499973
vt 0.624923 0.501574
vt 0.624931 0.500000
vt 0.624939 0.499946
vt 0.624815 0.998426
vt 0.624815 0.000075
vt 0.376574 0.249925
vt 0.376574 0.250000
vt 0.375333 0.250336
vt 0.375000 0.249925
vt 0.376574 0.251343
vt 0.375000 0.251592
vt 0.126574 0.500075
vt 0.125000 0.500075
vt 0.125000 0.500032
vt 0.126592 0.500000
vt 0.624815 0.751574
vt 0.624815 0.750000
vt 0.625196 0.749990
vt 0.625787 0.750787
vt 0.624815 0.749925
vt 0.625000 0.749925
vt 0.626574 0.749925
vt 0.374948 0.749925
vt 0.375000 0.749925
vt 0.375222 0.749997
vt 0.374974 0.750026
vt 0.376574 0.749925
vt 0.376574 0.750000
vt 0.376574 0.750052
vt 0.624815 0.751574
vt 0.374948 0.500075
vt 0.374973 0.499973
vt 0.375214 0.500011
vt 0.375000 0.500075
vt 0.376574 0.499946
vt 0.376574 0.500000
vt 0.376574 0.500075
vt 0.418752 0.258386
vt 0.418478 0.258387
vt 0.418478 0.258356
vt 0.418752 0.258333
vt 0.866612 0.738007
vt 0.866667 0.738014
vt 0.866667 0.738061
vt 0.866613 0.738095
vt 0.404597 0.738020
vt 0.404597 0.738095
vt 0.404490 0.738095
vt 0.404412 0.738014
vt 0.404597 0.011980
vt 0.404412 0.011988
vt 0.404412 0.011940
vt 0.404597 0.011905
vt 0.633363 0.738007
vt 0.633375 0.738095
vt 0.633351 0.738095
vt 0.633333 0.738012
vt 0.418752 0.491614
vt 0.418752 0.491667
vt 0.418594 0.491667
vt 0.418478 0.491625
vt 0.544303 0.738020
vt 0.544118 0.738095
vt 0.866614 0.501574
vt 0.866614 0.500000
vt 0.866645 0.500000
vt 0.866667 0.500000
vt 0.624726 0.258386
vt 0.625000 0.258333
vt 0.625000 0.258386
vt 0.624726 0.991719
vt 0.866614 0.748426
vt 0.866667 0.748426
vt 0.866667 0.749335
vt 0.866667 0.750000
vt 0.544303 0.749925
vt 0.544118 0.750000
vt 0.544118 0.749925
vt 0.544303 0.000075
vt 0.544118 0.000075
vt 0.544118 0.000032
vt 0.544118 0.000000
vt 0.633386 0.748426
vt 0.633333 0.750000
vt 0.633333 0.748426
vt 0.543932 0.998426
vt 0.544118 1.000000
vt 0.624726 0.491614
vt 0.625000 0.491614
vt 0.625000 0.491645
vt 0.625000 0.491667
vt 0.633386 0.501574
vt 0.633333 0.500000
vt 0.633386 0.500000
vt 0.544303 0.011980
vt 0.544118 0.011905
vt 0.404597 0.238020
vt 0.404616 0.238095
vt 0.404498 0.238095
vt 0.404412 0.238020
vt 0.387286 0.758373
vt 0.387195 0.758368
vt 0.387195 0.758348
vt 0.387280 0.758333
vt 0.633364 0.511980
vt 0.633333 0.511980
vt 0.633333 0.511936
vt 0.633368 0.511905
vt 0.387286 0.991593
vt 0.387278 0.991667
vt 0.387230 0.991667
vt 0.387195 0.991603
vt 0.404597 0.511980
vt 0.404412 0.511980
vt 0.404412 0.511936
vt 0.404611 0.511905
vt 0.866613 0.511980
vt 0.866603 0.511905
vt 0.866640 0.511905
vt 0.866667 0.511980
vt 0.626574 0.511980
vt 0.625000 0.511980
vt 0.624985 0.511921
vt 0.625000 0.511905
vt 0.624815 0.511980
vt 0.624919 0.511905
vt 0.478683 0.991591
vt 0.478659 0.991667
vt 0.478625 0.991667
vt 0.624815 0.238170
vt 0.625000 0.238095
vt 0.873426 0.511980
vt 0.874025 0.511905
vt 0.874557 0.511905
vt 0.875000 0.511905
vt 0.478693 0.999978
vt 0.478659 1.000000
vt 0.478659 0.999968
vt 0.874832 0.511905
vt 0.874924 0.511905
vt 0.875000 0.511980
vt 0.478733 0.758373
vt 0.478659 0.758333
vt 0.478659 0.758328
vt 0.624815 0.238020
vt 0.625000 0.238020
vt 0.625000 0.238064
vt 0.625000 0.511905
vt 0.626254 0.511905
vt 0.478582 0.748426
vt 0.478672 0.750000
vt 0.478660 0.750009
vt 0.478659 0.750000
vt 0.478733 0.750031
vt 0.478659 0.750042
vt 0.200490 0.584383
vt 0.200533 0.583333
vt 0.200361 0.583333
vt 0.200181 0.584382
vt 0.624726 0.349177
vt 0.625000 0.349192
vt 0.625000 0.349221
vt 0.624706 0.349231
vt 0.775801 0.501574
vt 0.775748 0.501574
vt 0.775748 0.500665
vt 0.775808 0.500000
vt 0.624726 0.400823
vt 0.624706 0.400769
vt 0.624850 0.400759
vt 0.625000 0.400808
vt 0.799510 0.584383
vt 0.799819 0.584382
vt 0.799819 0.583777
vt 0.799467 0.583333
vt 0.724199 0.501574
vt 0.724192 0.500000
vt 0.724221 0.500000
vt 0.724252 0.501574
vt 0.799510 0.748951
vt 0.799467 0.750000
vt 0.799639 0.750000
vt 0.799819 0.748951
vt 0.624726 0.849177
vt 0.625000 0.849192
vt 0.625000 0.849221
vt 0.624706 0.849231
vt 0.724199 0.748426
vt 0.724252 0.748426
vt 0.724252 0.749335
vt 0.724192 0.750000
vt 0.624726 0.900823
vt 0.624706 0.900769
vt 0.624850 0.900759
vt 0.625000 0.900808
vt 0.200490 0.748951
vt 0.200181 0.748951
vt 0.200181 0.749557
vt 0.200533 0.750000
vt 0.775801 0.748426
vt 0.775808 0.750000
vt 0.775779 0.750000
vt 0.775748 0.748426
vt 0.625000 0.249925
vt 0.625000 0.250000
vt 0.625000 0.250054
vt 0.366667 0.500075
vt 0.133333 0.500075
vt 0.133333 0.500000
vt 0.366667 0.500000
vt 0.375000 0.491667
vt 0.375000 0.258333
vt 0.376574 0.258333
vt 0.376574 0.491667
vt 0.376574 0.498479
vt 0.375000 0.500000
vt 0.375000 0.500075
vt 0.376574 0.738095
vt 0.374948 0.738095
vt 0.160204 0.681455
vt 0.161330 0.681024
vt 0.161342 0.681097
vt 0.160220 0.681527
vt 0.055555 0.638889
vt 0.027777 0.638889
vt 0.027777 0.640288
vt 0.055555 0.640288
vt 0.083333 0.640288
vt 0.083333 0.638889
vt 0.159167 0.682228
vt 0.159140 0.682163
vt 0.155883 0.688809
vt 0.156186 0.687193
vt 0.156235 0.687219
vt 0.155935 0.688823
vt 0.222222 0.638889
vt 0.194444 0.638889
vt 0.194444 0.640288
vt 0.222222 0.640288
vt 0.165860 0.648194
vt 0.164798 0.648901
vt 0.164780 0.648830
vt 0.165833 0.648129
vt 0.583333 0.638889
vt 0.555555 0.638889
vt 0.555555 0.640288
vt 0.583333 0.640288
vt 0.611111 0.640288
vt 0.611111 0.638889
vt 0.166785 0.647177
vt 0.166819 0.647234
vt 0.777778 0.640288
vt 0.805555 0.640288
vt 0.805555 0.638889
vt 0.777778 0.638889
vt 0.169065 0.638227
vt 0.168765 0.636623
vt 0.168814 0.636598
vt 0.169117 0.638214
vt 0.193383 0.638214
vt 0.193686 0.636598
vt 0.193735 0.636624
vt 0.193435 0.638227
vt 0.222222 0.640288
vt 0.239798 0.681456
vt 0.240860 0.682163
vt 0.240833 0.682228
vt 0.239780 0.681527
vt 0.944444 0.638889
vt 0.916667 0.638889
vt 0.916667 0.640288
vt 0.944444 0.640288
vt 0.231681 0.685677
vt 0.232353 0.684306
vt 0.232393 0.684354
vt 0.231726 0.685714
vt 0.166666 0.638889
vt 0.138889 0.638889
vt 0.138889 0.640288
vt 0.166666 0.640288
vt 0.231271 0.694019
vt 0.231186 0.693759
vt 0.231235 0.693733
vt 0.231332 0.694029
vt 0.311005 0.638889
vt 0.305555 0.638889
vt 0.305555 0.640288
vt 0.311137 0.640288
vt 0.203360 0.682163
vt 0.204319 0.683123
vt 0.204285 0.683181
vt 0.203333 0.682229
vt 0.888889 0.638889
vt 0.888889 0.640288
vt 0.916667 0.640288
vt 0.944444 0.640288
vt 0.944444 0.638889
vt 0.202280 0.681527
vt 0.202298 0.681456
vt 0.206719 0.639881
vt 0.206617 0.641548
vt 0.206565 0.641535
vt 0.206667 0.639881
vt 0.750000 0.638889
vt 0.722222 0.638889
vt 0.722222 0.640288
vt 0.750000 0.640288
vt 0.206565 0.638227
vt 0.206617 0.638214
vt 0.204275 0.632476
vt 0.205165 0.633746
vt 0.205109 0.633764
vt 0.204279 0.632579
vt 0.889072 0.638889
vt 0.861022 0.638889
vt 0.861111 0.640288
vt 0.205819 0.584486
vt 0.206314 0.586003
vt 0.206265 0.586028
vt 0.205774 0.584524
vt 0.833333 0.638889
vt 0.805555 0.638889
vt 0.805556 0.640288
vt 0.833333 0.640288
vt 0.230781 0.639881
vt 0.230883 0.638214
vt 0.230935 0.638227
vt 0.230833 0.639881
vt 0.250000 0.638889
vt 0.250000 0.640288
vt 0.277777 0.640288
vt 0.277777 0.638889
vt 0.230935 0.641535
vt 0.230883 0.641548
vt 0.250000 0.638889
vt 0.343434 0.688822
vt 0.343334 0.690476
vt 0.343281 0.690476
vt 0.343382 0.688809
vt 0.319065 0.638227
vt 0.318765 0.636624
vt 0.318814 0.636598
vt 0.319117 0.638214
vt 0.315870 0.631578
vt 0.316819 0.632528
vt 0.316785 0.632586
vt 0.315834 0.631634
vt 0.916638 0.638889
vt 0.944517 0.638889
vt 0.314777 0.630931
vt 0.314774 0.630849
vt 0.318319 0.584486
vt 0.318814 0.586002
vt 0.318765 0.586028
vt 0.318273 0.584524
vt 0.861111 0.640288
vt 0.861215 0.638889
vt 0.317604 0.583160
vt 0.317628 0.583075
vt 0.972222 0.640288
vt 0.972222 0.638889
vt 0.352280 0.630931
vt 0.351158 0.630502
vt 0.351167 0.630428
vt 0.352298 0.630861
vt 0.055555 0.638889
vt 0.027777 0.638889
vt 0.348842 0.630502
vt 0.347720 0.630931
vt 0.347702 0.630861
vt 0.348833 0.630428
vt 0.333333 0.640288
vt 0.361111 0.640288
vt 0.361111 0.638889
vt 0.333333 0.638889
vt 0.344226 0.644642
vt 0.344893 0.646003
vt 0.344853 0.646051
vt 0.344181 0.644680
vt 0.305882 0.587622
vt 0.306186 0.586002
vt 0.306235 0.586028
vt 0.305934 0.587632
vt 0.222222 0.638889
vt 0.194444 0.638889
vt 0.194444 0.640288
vt 0.356565 0.688823
vt 0.356265 0.687219
vt 0.356314 0.687193
vt 0.356617 0.688809
vt 0.352298 0.681457
vt 0.353360 0.682163
vt 0.353333 0.682228
vt 0.352280 0.681527
vt 0.356314 0.643164
vt 0.355819 0.644681
vt 0.355773 0.644643
vt 0.356265 0.643138
vt 0.694444 0.638889
vt 0.666667 0.638889
vt 0.666667 0.640288
vt 0.694444 0.640288
vt 0.861022 0.638889
vt 0.355109 0.633764
vt 0.354279 0.632579
vt 0.354275 0.632476
vt 0.355165 0.633747
vt 0.313667 0.579832
vt 0.314798 0.580265
vt 0.314780 0.580336
vt 0.313658 0.579907
vt 1.000000 0.640288
vt 1.000000 0.638889
vt 0.312500 0.579762
vt 0.312500 0.579687
vt 0.352300 0.699496
vt 0.351167 0.699929
vt 0.351158 0.699855
vt 0.352280 0.699426
vt 0.527778 0.638889
vt 0.527778 0.640288
vt 0.206721 0.690447
vt 0.206617 0.692145
vt 0.206565 0.692130
vt 0.206666 0.690473
vt 0.750056 0.638889
vt 0.750000 0.640288
vt 0.777724 0.638889
vt 0.206566 0.688825
vt 0.206623 0.688837
vt 0.500000 0.640288
vt 0.527778 0.638889
vt 0.500000 0.638889
vt 0.237500 0.700000
vt 0.238658 0.699855
vt 0.238667 0.699929
vt 0.237500 0.700075
vt 0.375131 0.640288
vt 0.388889 0.640288
vt 0.388889 0.638889
vt 0.374816 0.638889
vt 0.270299 0.697177
vt 0.270715 0.697772
vt 0.270681 0.697829
vt 0.270207 0.697153
vt 0.416666 0.640288
vt 0.444444 0.640288
vt 0.444444 0.638889
vt 0.416666 0.638889
vt 0.271667 0.698724
vt 0.272720 0.699426
vt 0.272702 0.699497
vt 0.271640 0.698789
vt 0.277298 0.699497
vt 0.276167 0.699929
vt 0.276158 0.699855
vt 0.277280 0.699426
vt 0.555555 0.638889
vt 0.278333 0.698724
vt 0.278360 0.698790
vt 0.281720 0.690476
vt 0.281617 0.692143
vt 0.281565 0.692130
vt 0.281667 0.690476
vt 0.750000 0.638889
vt 0.777778 0.638889
vt 0.281565 0.688822
vt 0.281617 0.688809
vt 0.305780 0.690473
vt 0.305882 0.688816
vt 0.305935 0.688822
vt 0.305833 0.690476
vt 0.222222 0.638889
vt 0.309167 0.698724
vt 0.310220 0.699426
vt 0.310202 0.699497
vt 0.309140 0.698789
vt 0.318319 0.685677
vt 0.318814 0.687193
vt 0.318765 0.687219
vt 0.318274 0.685714
vt 0.833333 0.638889
vt 0.281314 0.643164
vt 0.280819 0.644681
vt 0.280774 0.644643
vt 0.281264 0.643138
vt 0.694444 0.638889
vt -0.000000 0.640288
vt -0.000000 0.638889
vt 0.275000 0.630357
vt 0.273842 0.630502
vt 0.273833 0.630428
vt 0.275000 0.630282
vt 0.472222 0.640288
vt 0.500000 0.638889
vt 0.472222 0.638889
vt 0.273842 0.598665
vt 0.275000 0.598809
vt 0.275000 0.598885
vt 0.273833 0.598739
vt 0.278360 0.597599
vt 0.277298 0.598306
vt 0.277280 0.598235
vt 0.278333 0.597534
vt 0.277777 0.638889
vt 0.305833 0.639881
vt 0.305935 0.641535
vt 0.305883 0.641548
vt 0.305780 0.639881
vt 0.388889 0.638889
vt 0.344893 0.696598
vt 0.345715 0.697772
vt 0.345681 0.697830
vt 0.344853 0.696646
vt 0.176383 0.640288
vt 0.176304 0.638889
vt 0.166666 0.638889
vt 0.306726 0.635119
vt 0.306556 0.635641
vt 0.306517 0.635584
vt 0.306681 0.635081
vt 0.805484 0.638889
vt 0.777814 0.638889
vt 0.281565 0.587630
vt 0.281265 0.586033
vt 0.281323 0.586036
vt 0.281616 0.587597
vt 0.269181 0.584486
vt 0.269853 0.583116
vt 0.269893 0.583164
vt 0.269226 0.584524
vt 0.138889 0.638889
vt 0.138889 0.640288
vt 0.268735 0.586029
vt 0.268686 0.586003
vt 0.234140 0.631568
vt 0.235202 0.630861
vt 0.235220 0.630931
vt 0.234167 0.631633
vt 0.083333 0.638889
vt 0.111111 0.640288
vt 0.111111 0.638889
vt 0.233215 0.632586
vt 0.233181 0.632527
vt 0.861215 0.638889
vt 0.205104 0.583160
vt 0.205127 0.583075
vt 0.230781 0.589285
vt 0.230882 0.587621
vt 0.230935 0.587632
vt 0.230833 0.589286
vt 0.230935 0.590940
vt 0.230883 0.590953
vt 0.268383 0.638214
vt 0.268686 0.636598
vt 0.268735 0.636624
vt 0.268435 0.638227
vt 0.268280 0.690473
vt 0.268382 0.688816
vt 0.268435 0.688822
vt 0.268333 0.690476
vt 0.222222 0.638889
vt 0.268435 0.692130
vt 0.268383 0.692143
vt 0.203318 0.580945
vt 0.204383 0.582011
vt 0.204293 0.582002
vt 0.203328 0.581034
vt 0.916813 0.638889
vt 0.888612 0.638889
vt 0.202280 0.580336
vt 0.202298 0.580266
vt 0.232353 0.583116
vt 0.233181 0.581932
vt 0.233215 0.581990
vt 0.232393 0.583164
vt 0.916597 0.638889
vt 0.203336 0.631636
vt 0.203382 0.631583
vt 0.197702 0.630861
vt 0.198833 0.630428
vt 0.198842 0.630502
vt 0.197720 0.630932
vt 0.196667 0.631633
vt 0.196640 0.631568
vt 0.165848 0.597611
vt 0.164827 0.598291
vt 0.164784 0.598233
vt 0.165832 0.597535
vt 0.583300 0.638889
vt 0.555647 0.638889
vt 0.166785 0.596582
vt 0.166819 0.596639
vt 0.169065 0.587632
vt 0.168765 0.586028
vt 0.168814 0.586002
vt 0.169117 0.587619
vt 0.193383 0.587619
vt 0.193686 0.586003
vt 0.193735 0.586028
vt 0.193435 0.587632
vt 0.197702 0.598306
vt 0.196640 0.597599
vt 0.196667 0.597534
vt 0.197720 0.598235
vt 0.416666 0.638889
vt 0.416666 0.640288
vt 0.198842 0.598665
vt 0.198833 0.598739
vt 0.361111 0.638889
vt 0.194227 0.695238
vt 0.194893 0.696598
vt 0.194852 0.696646
vt 0.194181 0.695277
vt 0.197702 0.699496
vt 0.196640 0.698789
vt 0.196667 0.698724
vt 0.197720 0.699426
vt 0.198842 0.699855
vt 0.198833 0.699929
vt 0.472222 0.640288
vt 0.472222 0.638889
vt 0.161342 0.598665
vt 0.162500 0.598809
vt 0.162497 0.598885
vt 0.161335 0.598740
vt 0.156681 0.584486
vt 0.157353 0.583115
vt 0.157393 0.583164
vt 0.156727 0.584524
vt 0.138889 0.640288
vt 0.156235 0.586028
vt 0.156186 0.586003
vt 0.161342 0.649260
vt 0.162500 0.649405
vt 0.162500 0.649480
vt 0.161333 0.649334
vt 0.156681 0.635081
vt 0.157353 0.633711
vt 0.157393 0.633759
vt 0.156727 0.635119
vt 0.156235 0.636624
vt 0.156186 0.636598
vt 0.840860 0.648194
vt 0.839798 0.648901
vt 0.839780 0.648831
vt 0.840833 0.648129
vt 0.416666 0.861111
vt 0.444444 0.861111
vt 0.444444 0.859712
vt 0.416666 0.859712
vt 0.388889 0.859712
vt 0.388889 0.861111
vt 0.841785 0.647177
vt 0.841819 0.647234
vt 0.844219 0.639881
vt 0.844117 0.641548
vt 0.844066 0.641535
vt 0.844166 0.639881
vt 0.250000 0.861111
vt 0.277777 0.861111
vt 0.277777 0.859712
vt 0.250000 0.859712
vt 0.222222 0.859712
vt 0.222222 0.861111
vt 0.844065 0.638227
vt 0.844117 0.638214
vt 0.944444 0.859712
vt 0.916667 0.859712
vt 0.916667 0.861111
vt 0.944444 0.861111
vt 0.797720 0.681527
vt 0.796667 0.682228
vt 0.796641 0.682163
vt 0.797702 0.681456
vt 0.138889 0.859712
vt 0.111111 0.859712
vt 0.111111 0.861111
vt 0.138889 0.861111
vt 0.805107 0.633759
vt 0.804285 0.632585
vt 0.804318 0.632527
vt 0.805148 0.633711
vt 0.833333 0.859712
vt 0.805556 0.859712
vt 0.805555 0.861111
vt 0.833333 0.861111
vt 0.831727 0.584524
vt 0.831235 0.586029
vt 0.831186 0.586003
vt 0.831681 0.584486
vt 0.831681 0.635081
vt 0.832353 0.633711
vt 0.832393 0.633759
vt 0.831726 0.635119
vt 0.833333 0.861111
vt 0.861111 0.861111
vt 0.861111 0.859712
vt 0.833333 0.859712
vt 0.805556 0.859712
vt 0.805555 0.861111
vt 0.831235 0.636624
vt 0.831186 0.636598
vt 0.831681 0.685677
vt 0.832353 0.684306
vt 0.832393 0.684354
vt 0.831726 0.685714
vt 0.861111 0.859712
vt 0.805555 0.859712
vt 0.831235 0.687219
vt 0.831186 0.687193
vt 0.832373 0.583075
vt 0.832396 0.583160
vt 0.861215 0.861111
vt 0.768319 0.635081
vt 0.768814 0.636598
vt 0.768765 0.636624
vt 0.768274 0.635119
vt 0.166666 0.861111
vt 0.194444 0.861111
vt 0.194444 0.859712
vt 0.166666 0.859712
vt 0.767607 0.633759
vt 0.767647 0.633710
vt 0.316243 0.543174
vt 0.316243 0.569223
vt 0.315000 0.569244
vt 0.315000 0.543177
vt 0.822291 0.584304
vt 0.822292 0.601062
vt 0.822239 0.601140
vt 0.822239 0.584314
vt 0.793383 0.688810
vt 0.793664 0.687308
vt 0.793732 0.687235
vt 0.793435 0.688822
vt 0.777778 0.861111
vt 0.805281 0.861111
vt 0.805555 0.859712
vt 0.777778 0.859712
vt 0.583333 0.859712
vt 0.555555 0.859712
vt 0.555555 0.861111
vt 0.583333 0.861111
vt 0.759167 0.648129
vt 0.760220 0.648830
vt 0.760202 0.648901
vt 0.759141 0.648195
vt 0.763667 0.649334
vt 0.762500 0.649480
vt 0.762500 0.649405
vt 0.763658 0.649260
vt 0.472222 0.861111
vt 0.500000 0.861111
vt 0.500000 0.859712
vt 0.472222 0.859712
vt 0.222222 0.859712
vt 0.194444 0.859712
vt 0.194444 0.861111
vt 0.222222 0.861111
vt 0.694065 0.688822
vt 0.693765 0.687219
vt 0.693814 0.687193
vt 0.694117 0.688809
vt 0.691820 0.683124
vt 0.692647 0.684306
vt 0.692607 0.684355
vt 0.691785 0.683181
vt 0.183756 0.708333
vt 0.183756 0.637558
vt 0.185000 0.637538
vt 0.185000 0.708333
vt 0.715208 0.690476
vt 0.715209 0.644965
vt 0.715261 0.644892
vt 0.715261 0.690476
vt 0.750000 0.859712
vt 0.722222 0.859712
vt 0.722295 0.861111
vt 0.749808 0.861111
vt 0.718334 0.639892
vt 0.718434 0.641531
vt 0.718376 0.641512
vt 0.718281 0.639966
vt 0.718281 0.690476
vt 0.718383 0.688809
vt 0.718435 0.688822
vt 0.718333 0.690476
vt 0.750000 0.861111
vt 0.722222 0.859712
vt 0.694444 0.859712
vt 0.694444 0.861111
vt 0.722222 0.861111
vt 0.755935 0.590940
vt 0.756236 0.592543
vt 0.756186 0.592569
vt 0.755883 0.590953
vt 0.316244 0.569893
vt 0.316244 0.651301
vt 0.315000 0.651320
vt 0.315000 0.569914
vt 0.709791 0.601492
vt 0.709792 0.653825
vt 0.709739 0.653898
vt 0.709739 0.601569
vt 0.083333 0.859712
vt 0.083333 0.861111
vt 0.690833 0.682228
vt 0.690859 0.682163
vt 0.527778 0.859712
vt 0.527778 0.861111
vt 0.686342 0.649260
vt 0.687500 0.649405
vt 0.687500 0.649480
vt 0.686334 0.649334
vt 0.692647 0.646051
vt 0.691819 0.647234
vt 0.691786 0.647177
vt 0.692607 0.646003
vt 0.361111 0.861111
vt 0.361111 0.859712
vt 0.333333 0.859712
vt 0.333333 0.861111
vt 0.693274 0.644643
vt 0.693319 0.644681
vt 0.719181 0.594085
vt 0.718686 0.592569
vt 0.718735 0.592543
vt 0.719226 0.594047
vt 0.666667 0.861111
vt 0.666667 0.859712
vt 0.638889 0.859712
vt 0.638889 0.861111
vt 0.719893 0.595408
vt 0.719853 0.595456
vt 0.723833 0.598739
vt 0.722702 0.598306
vt 0.722720 0.598235
vt 0.723843 0.598665
vt 0.725000 0.598809
vt 0.725000 0.598885
vt 0.728360 0.597599
vt 0.727299 0.598306
vt 0.727281 0.598236
vt 0.728333 0.597534
vt 0.729286 0.596582
vt 0.729320 0.596639
vt 0.731314 0.592569
vt 0.730819 0.594086
vt 0.730773 0.594048
vt 0.731264 0.592543
vt 0.305555 0.861111
vt 0.333333 0.861111
vt 0.333333 0.859712
vt 0.305555 0.859712
vt 0.277777 0.859712
vt 0.277777 0.861111
vt 0.731566 0.590940
vt 0.731617 0.590955
vt 0.709739 0.587221
vt 0.709792 0.587215
vt 0.315000 0.547705
vt 0.316244 0.547703
vt 0.027777 0.859712
vt -0.000000 0.859712
vt -0.000000 0.861111
vt 0.027777 0.861111
vt 0.651157 0.681097
vt 0.650000 0.680953
vt 0.650000 0.680877
vt 0.651167 0.681023
vt 0.646673 0.682132
vt 0.647671 0.681468
vt 0.647717 0.681529
vt 0.646671 0.682226
vt 0.916786 0.861111
vt 0.944349 0.861111
vt 0.916667 0.859712
vt 0.648843 0.649260
vt 0.650000 0.649405
vt 0.649998 0.649480
vt 0.648838 0.649335
vt 0.361111 0.859712
vt 0.361111 0.861111
vt 0.654285 0.647177
vt 0.655107 0.646003
vt 0.655147 0.646051
vt 0.654319 0.647234
vt 0.656314 0.643164
vt 0.655819 0.644680
vt 0.655773 0.644642
vt 0.656265 0.643138
vt 0.656565 0.641535
vt 0.656617 0.641548
vt 0.685202 0.648901
vt 0.685220 0.648831
vt 0.222222 0.859712
vt 0.656565 0.587632
vt 0.656265 0.586028
vt 0.656314 0.586002
vt 0.656618 0.587621
vt 0.654285 0.581990
vt 0.653333 0.581038
vt 0.653360 0.580973
vt 0.654319 0.581932
vt 0.643281 0.589286
vt 0.643383 0.587619
vt 0.643435 0.587632
vt 0.643333 0.589286
vt 0.750000 0.861111
vt 0.777778 0.861111
vt 0.777778 0.859712
vt 0.750000 0.859712
vt 0.722222 0.861111
vt 0.643435 0.590940
vt 0.643383 0.590953
vt 0.646641 0.597599
vt 0.645681 0.596639
vt 0.645715 0.596581
vt 0.646667 0.597534
vt 0.583333 0.861111
vt 0.611111 0.861111
vt 0.611111 0.859712
vt 0.583333 0.859712
vt 0.555555 0.859712
vt 0.555555 0.861111
vt 0.647720 0.598235
vt 0.647701 0.598306
vt 0.689798 0.580265
vt 0.690859 0.580972
vt 0.690833 0.581038
vt 0.689780 0.580336
vt 0.055555 0.861111
vt 0.083333 0.859712
vt 0.055555 0.859712
vt 0.647700 0.648900
vt 0.647720 0.648830
vt 0.672238 0.713765
vt 0.672239 0.692541
vt 0.672292 0.692547
vt 0.672292 0.713690
vt 0.315000 0.744444
vt 0.315000 0.711554
vt 0.316243 0.711556
vt 0.316222 0.744558
vt 0.681688 0.695290
vt 0.681177 0.693726
vt 0.681234 0.693730
vt 0.681727 0.695239
vt 0.666639 0.861111
vt 0.694515 0.861111
vt 0.694444 0.859712
vt 0.682393 0.696598
vt 0.682353 0.696646
vt 0.686333 0.699930
vt 0.685203 0.699497
vt 0.685220 0.699426
vt 0.686343 0.699855
vt 0.687500 0.700000
vt 0.687499 0.700075
vt 0.718435 0.692130
vt 0.718383 0.692143
vt 0.720681 0.697829
vt 0.719852 0.696646
vt 0.719893 0.696598
vt 0.720715 0.697772
vt 0.611111 0.861111
vt 0.611111 0.859712
vt 0.721667 0.698724
vt 0.721640 0.698789
vt 0.730819 0.695276
vt 0.730147 0.696646
vt 0.730107 0.696598
vt 0.730774 0.695238
vt 0.731265 0.693734
vt 0.731314 0.693760
vt 0.790261 0.713766
vt 0.784739 0.713765
vt 0.784792 0.713690
vt 0.790208 0.713690
vt 0.185000 0.744444
vt 0.316222 0.744558
vt 0.183778 0.744558
vt 0.183756 0.712092
vt 0.185000 0.712089
vt 0.790208 0.692891
vt 0.790261 0.692880
vt 0.802298 0.699497
vt 0.801167 0.699929
vt 0.801158 0.699855
vt 0.802280 0.699426
vt 0.416666 0.859712
vt 0.416666 0.861111
vt 0.803333 0.698724
vt 0.803359 0.698789
vt 0.841820 0.697828
vt 0.840859 0.698790
vt 0.840833 0.698724
vt 0.841785 0.697772
vt 0.388889 0.861111
vt 0.416666 0.859712
vt 0.655147 0.696646
vt 0.654319 0.697829
vt 0.654285 0.697772
vt 0.655107 0.696598
vt 0.361111 0.859712
vt 0.726167 0.681023
vt 0.727298 0.681456
vt 0.727280 0.681526
vt 0.726158 0.681097
vt 0.725000 0.680952
vt 0.725001 0.680877
vt 0.730819 0.635082
vt 0.731314 0.636598
vt 0.731265 0.636624
vt 0.730774 0.635119
vt 0.730147 0.633711
vt 0.730107 0.633759
vt 0.755891 0.638170
vt 0.756186 0.636598
vt 0.756236 0.636624
vt 0.755936 0.638222
vt 0.777872 0.861111
vt 0.752761 0.603044
vt 0.752761 0.644892
vt 0.752709 0.644965
vt 0.752709 0.603097
vt 0.185000 0.572410
vt 0.185000 0.637538
vt 0.183756 0.637558
vt 0.183756 0.572424
vt 0.768320 0.594086
vt 0.767647 0.595456
vt 0.767607 0.595407
vt 0.768274 0.594048
vt 0.764798 0.580266
vt 0.765859 0.580973
vt 0.765833 0.581038
vt 0.764780 0.580336
vt 0.083333 0.861111
vt 0.083333 0.859712
vt 0.763658 0.579907
vt 0.763667 0.579832
vt 0.758181 0.581933
vt 0.759140 0.580973
vt 0.759166 0.581038
vt 0.758215 0.581990
vt 0.888889 0.861111
vt 0.916667 0.861111
vt 0.916667 0.859712
vt 0.888889 0.859712
vt 0.861111 0.859712
vt 0.861111 0.861111
vt 0.757393 0.583164
vt 0.757353 0.583116
vt 0.840859 0.597599
vt 0.839798 0.598306
vt 0.839780 0.598235
vt 0.840833 0.597534
vt 0.841785 0.596581
vt 0.841819 0.596639
vt 0.844219 0.589286
vt 0.844117 0.590953
vt 0.844065 0.590939
vt 0.844166 0.589286
vt 0.844065 0.587632
vt 0.844117 0.587619
vt 0.844219 0.690476
vt 0.844117 0.692143
vt 0.844065 0.692130
vt 0.844167 0.690476
vt 0.250000 0.861111
vt 0.250000 0.859712
vt 0.844065 0.688822
vt 0.844117 0.688809
vt 0.625000 0.500075
vt 0.404412 0.500075
vt 0.404412 0.500000
vt 0.625000 0.500000
vt 0.404412 0.498388
vt 0.625000 0.498383
vt 0.581522 0.347864
vt 0.595399 0.347995
vt 0.595372 0.348047
vt 0.581522 0.347917
vt 0.250000 0.583333
vt 0.234375 0.583333
vt 0.234375 0.584383
vt 0.250000 0.584383
vt 0.265625 0.584383
vt 0.265625 0.583333
vt 0.567671 0.348047
vt 0.567644 0.347995
vt 0.456661 0.362208
vt 0.463803 0.359924
vt 0.464031 0.359953
vt 0.456902 0.362233
vt 0.421875 0.583333
vt 0.406250 0.583333
vt 0.406250 0.584383
vt 0.421875 0.584383
vt 0.437500 0.584383
vt 0.437500 0.583333
vt 0.450974 0.364636
vt 0.450720 0.364615
vt 0.527342 0.400070
vt 0.514782 0.398932
vt 0.514911 0.398885
vt 0.527447 0.400022
vt 0.687500 0.583333
vt 0.671875 0.583333
vt 0.671875 0.584383
vt 0.687500 0.584383
vt 0.703125 0.584383
vt 0.703125 0.583333
vt 0.540503 0.400917
vt 0.540424 0.400967
vt 0.562500 0.748951
vt 0.546875 0.748951
vt 0.546875 0.750000
vt 0.562500 0.750000
vt 0.450974 0.864636
vt 0.446302 0.867138
vt 0.446040 0.867123
vt 0.450720 0.864616
vt 0.446040 0.882878
vt 0.442664 0.880294
vt 0.442933 0.880284
vt 0.446302 0.882862
vt 0.453125 0.750000
vt 0.468750 0.750000
vt 0.468750 0.748951
vt 0.453125 0.748951
vt 0.437500 0.748951
vt 0.437500 0.750000
vt 0.450974 0.885364
vt 0.450720 0.885384
vt 0.478582 0.001574
vt 0.478659 0.000000
vt 0.558159 0.301090
vt 0.558796 0.300594
vt 0.558850 0.300631
vt 0.558219 0.301123
vt 0.395834 0.750000
vt 0.375000 0.750000
vt 0.375000 0.750899
vt 0.395834 0.750899
vt 0.566854 0.299499
vt 0.567721 0.299791
vt 0.567683 0.299837
vt 0.566825 0.299547
vt 0.187500 0.750000
vt 0.166667 0.750000
vt 0.166667 0.750899
vt 0.187500 0.750899
vt 0.487501 0.301639
vt 0.488036 0.301092
vt 0.488098 0.301123
vt 0.487566 0.301667
vt 0.416667 0.750000
vt 0.416667 0.750899
vt 0.557634 0.306712
vt 0.557193 0.306100
vt 0.557264 0.306080
vt 0.557690 0.306669
vt 0.583415 0.750000
vt 0.562500 0.750000
vt 0.562500 0.750899
vt 0.583334 0.750899
vt 0.291667 0.750899
vt 0.312500 0.750899
vt 0.312500 0.750000
vt 0.291667 0.750000
vt 0.492009 0.299337
vt 0.491102 0.299547
vt 0.491073 0.299499
vt 0.491989 0.299286
vt 0.979167 0.750899
vt 0.989583 0.750899
vt 0.989582 0.750000
vt 0.979167 0.750000
vt 0.501157 0.304819
vt 0.501188 0.304493
vt 0.501265 0.304497
vt 0.501233 0.304826
vt 0.562111 0.309047
vt 0.561195 0.308835
vt 0.561224 0.308786
vt 0.562131 0.308996
vt 0.708334 0.750000
vt 0.687500 0.750000
vt 0.687500 0.750899
vt 0.708334 0.750899
vt 0.729167 0.750899
vt 0.729167 0.750000
vt 0.563069 0.309124
vt 0.563059 0.309176
vt 0.571166 0.447141
vt 0.570856 0.447767
vt 0.570785 0.447747
vt 0.571092 0.447127
vt 0.958333 0.750000
vt 0.937500 0.750000
vt 0.937500 0.750899
vt 0.958333 0.750899
vt 0.571279 0.446486
vt 0.571355 0.446493
vt 0.571355 0.445174
vt 0.571419 0.445834
vt 0.571341 0.445833
vt 0.571279 0.445181
vt 0.020834 0.750000
vt 0.000000 0.750000
vt 0.000000 0.750899
vt 0.020834 0.750899
vt 0.041667 0.750899
vt 0.041667 0.750000
vt 0.571092 0.444539
vt 0.571167 0.444526
vt 0.567683 0.441503
vt 0.566825 0.441214
vt 0.566854 0.441165
vt 0.567721 0.441458
vt 0.564025 0.440781
vt 0.564990 0.440824
vt 0.564980 0.440876
vt 0.564024 0.440833
vt 0.250000 0.750000
vt 0.229167 0.750000
vt 0.229167 0.750899
vt 0.250000 0.750899
vt 0.270834 0.750899
vt 0.270834 0.750000
vt 0.563069 0.440876
vt 0.563059 0.440824
vt 0.104167 0.750899
vt 0.125000 0.750899
vt 0.125000 0.750000
vt 0.104167 0.750000
vt 0.499708 0.442790
vt 0.499076 0.442298
vt 0.499131 0.442260
vt 0.499769 0.442758
vt 0.498403 0.441825
vt 0.498357 0.441867
vt 0.145834 0.750000
vt 0.145834 0.750899
vt 0.497561 0.441503
vt 0.497599 0.441458
vt 0.488036 0.448909
vt 0.487499 0.448360
vt 0.487566 0.448333
vt 0.488097 0.448877
vt 0.604167 0.750000
vt 0.583334 0.750000
vt 0.604167 0.750899
vt 0.625000 0.750899
vt 0.625000 0.750000
vt 0.488729 0.449369
vt 0.488674 0.449406
vt 0.437500 0.750899
vt 0.437500 0.750000
vt 0.487142 0.302253
vt 0.487071 0.302234
vt 0.770834 0.750899
vt 0.791667 0.750899
vt 0.791667 0.750000
vt 0.770834 0.750000
vt 0.494858 0.309124
vt 0.495797 0.308997
vt 0.495817 0.309047
vt 0.494868 0.309176
vt 0.854167 0.750899
vt 0.875000 0.750899
vt 0.875000 0.750000
vt 0.854167 0.750000
vt 0.498357 0.449800
vt 0.499077 0.449369
vt 0.499131 0.449406
vt 0.498404 0.449842
vt 0.312500 0.994754
vt 0.296875 0.994754
vt 0.296875 1.000000
vt 0.312500 1.000000
vt 0.557257 0.956997
vt 0.558891 0.957396
vt 0.558869 0.957447
vt 0.557228 0.957046
vt 0.031250 0.994754
vt 0.015625 0.994754
vt 0.015625 1.000000
vt 0.031180 1.000000
vt 0.581369 0.806519
vt 0.581622 0.805351
vt 0.581699 0.805356
vt 0.581451 0.806496
vt 0.859375 0.994754
vt 0.854285 0.994754
vt 0.854287 1.000000
vt 0.859375 1.000000
vt 0.575242 0.794826
vt 0.574788 0.794596
vt 0.574835 0.794554
vt 0.575291 0.794785
vt 0.125000 0.994754
vt 0.109375 0.994754
vt 0.109375 1.000000
vt 0.125000 1.000000
vt 0.576528 0.954377
vt 0.577694 0.953499
vt 0.577753 0.953533
vt 0.576582 0.954415
vt 0.093750 0.994754
vt 0.078125 0.994754
vt 0.078125 1.000000
vt 0.093750 1.000000
vt 0.578727 0.952546
vt 0.579619 0.951529
vt 0.579687 0.951554
vt 0.578791 0.952576
vt 0.062500 0.994754
vt 0.046875 0.994754
vt 0.046875 1.000000
vt 0.062500 1.000000
vt 0.580361 0.950457
vt 0.580946 0.949341
vt 0.581020 0.949356
vt 0.580432 0.950477
vt 0.953125 0.994754
vt 0.937500 0.994754
vt 0.937577 1.000000
vt 0.952941 1.000000
vt 0.580939 0.942313
vt 0.580364 0.941215
vt 0.580459 0.941227
vt 0.580977 0.942217
vt 0.859375 0.994754
vt 0.843750 0.994754
vt 0.843750 1.000000
vt 0.575242 0.936493
vt 0.573849 0.935786
vt 0.573891 0.935741
vt 0.575291 0.936452
vt 0.828125 0.994754
vt 0.828125 1.000000
vt 0.572360 0.935176
vt 0.572397 0.935130
vt 0.796875 0.994754
vt 0.781250 0.994754
vt 0.781250 1.000000
vt 0.796875 1.000000
vt 0.569157 0.934270
vt 0.567474 0.933982
vt 0.567489 0.933931
vt 0.569180 0.934219
vt 0.937500 1.000000
vt 0.953125 1.000000
vt 0.510824 0.942326
vt 0.510239 0.941209
vt 0.510310 0.941189
vt 0.510898 0.942310
vt 0.765625 0.994754
vt 0.765625 1.000000
vt 0.497352 0.933982
vt 0.495636 0.933808
vt 0.495643 0.933756
vt 0.497367 0.933930
vt 0.500000 0.994754
vt 0.484375 0.994754
vt 0.484375 1.000000
vt 0.500000 1.000000
vt 0.476220 0.945833
vt 0.476304 0.947017
vt 0.476228 0.947023
vt 0.476143 0.945833
vt 0.468750 0.994754
vt 0.453125 0.994754
vt 0.453125 1.000000
vt 0.468750 1.000000
vt 0.476559 0.948191
vt 0.476981 0.949340
vt 0.476907 0.949355
vt 0.476484 0.948201
vt 0.375000 0.994754
vt 0.359375 0.994754
vt 0.359375 1.000000
vt 0.375000 1.000000
vt 0.481398 0.954377
vt 0.482684 0.955173
vt 0.482635 0.955214
vt 0.481344 0.954414
vt 0.487136 0.956997
vt 0.488769 0.957397
vt 0.488747 0.957447
vt 0.487106 0.957046
vt 0.156250 0.994754
vt 0.140625 0.994754
vt 0.140625 1.000000
vt 0.156250 1.000000
vt 0.503727 0.814213
vt 0.505121 0.813507
vt 0.505169 0.813548
vt 0.503769 0.814257
vt 0.125000 0.994754
vt 0.109375 0.994754
vt 0.506406 0.812711
vt 0.507571 0.811832
vt 0.507631 0.811866
vt 0.506460 0.812748
vt 0.062500 0.994754
vt 0.046875 0.994754
vt 0.510239 0.808791
vt 0.510824 0.807674
vt 0.510898 0.807690
vt 0.510310 0.808811
vt 0.023069 0.994754
vt 0.023070 1.000000
vt 0.031250 1.000000
vt 0.511245 0.806524
vt 0.511379 0.805910
vt 0.511455 0.805918
vt 0.511321 0.806534
vt 0.187500 0.994754
vt 0.171875 0.994754
vt 0.171875 1.000000
vt 0.187500 1.000000
vt 0.570792 0.815330
vt 0.572360 0.814823
vt 0.572396 0.814870
vt 0.570821 0.815379
vt 0.906250 0.994754
vt 0.890625 0.994754
vt 0.890625 1.000000
vt 0.906250 1.000000
vt 0.508605 0.797453
vt 0.507572 0.796501
vt 0.507631 0.796468
vt 0.508669 0.797424
vt 0.781250 0.994754
vt 0.765625 0.994754
vt 0.497352 0.792315
vt 0.495636 0.792142
vt 0.495643 0.792089
vt 0.497367 0.792264
vt 0.490438 0.957736
vt 0.489744 0.957617
vt 0.489761 0.957566
vt 0.490453 0.957684
vt 0.281250 1.000000
vt 0.287667 1.000000
vt 0.287669 0.994754
vt 0.281250 0.994754
vt 0.265625 0.994754
vt 0.265625 1.000000
vt 0.492169 0.957858
vt 0.492161 0.957910
vt 0.250000 0.994754
vt 0.234375 0.994754
vt 0.234375 1.000000
vt 0.250000 1.000000
vt 0.493902 0.957916
vt 0.495636 0.957858
vt 0.495643 0.957911
vt 0.493903 0.957969
vt 0.218750 0.994754
vt 0.203125 0.994754
vt 0.203125 1.000000
vt 0.218750 1.000000
vt 0.497352 0.957684
vt 0.499036 0.957396
vt 0.499058 0.957447
vt 0.497367 0.957736
vt 0.506406 0.954377
vt 0.507572 0.953499
vt 0.507631 0.953532
vt 0.506461 0.954415
vt 0.468750 0.994754
vt 0.453125 0.994754
vt 0.453117 1.000000
vt 0.468773 1.000000
vt 0.546681 0.948189
vt 0.547103 0.949341
vt 0.547033 0.949363
vt 0.546602 0.948187
vt 0.437500 0.994754
vt 0.421875 0.994754
vt 0.421875 1.000000
vt 0.437500 1.000000
vt 0.547687 0.950458
vt 0.548430 0.951529
vt 0.548362 0.951554
vt 0.547616 0.950478
vt 0.895833 0.806243
vt 0.875000 0.806243
vt 0.875000 0.807143
vt 0.895833 0.807143
vt 0.810456 0.328788
vt 0.820223 0.320223
vt 0.820962 0.320961
vt 0.811092 0.329617
vt 0.729167 0.806243
vt 0.708334 0.806243
vt 0.708334 0.807143
vt 0.729167 0.807143
vt 0.848461 0.237037
vt 0.845926 0.224297
vt 0.846935 0.224026
vt 0.849496 0.236902
vt 0.562500 0.806243
vt 0.541667 0.806243
vt 0.541667 0.807143
vt 0.562500 0.807143
vt 0.788005 0.158249
vt 0.775703 0.154074
vt 0.775973 0.153065
vt 0.788405 0.157285
vt 0.395834 0.806243
vt 0.375000 0.806243
vt 0.375000 0.807143
vt 0.395834 0.807143
vt 0.689544 0.171212
vt 0.679777 0.179777
vt 0.679038 0.179039
vt 0.688908 0.170383
vt 0.229167 0.806243
vt 0.208334 0.806243
vt 0.208334 0.807143
vt 0.229167 0.807143
vt 0.651539 0.262963
vt 0.654074 0.275703
vt 0.653065 0.275973
vt 0.650504 0.263100
vt 0.062500 0.806243
vt 0.041667 0.806243
vt 0.041667 0.807143
vt 0.062500 0.807143
vt 0.711996 0.341751
vt 0.724297 0.345926
vt 0.724027 0.346935
vt 0.711596 0.342716
vt 0.796618 0.484365
vt 0.819366 0.478667
vt 0.819668 0.479665
vt 0.796821 0.485388
vt 0.968750 0.500000
vt 0.953125 0.500000
vt 0.953125 0.505246
vt 0.968750 0.505246
vt 0.862644 0.460741
vt 0.882757 0.448685
vt 0.883336 0.449552
vt 0.863135 0.461660
vt 0.921875 0.500000
vt 0.906250 0.500000
vt 0.906250 0.505246
vt 0.921875 0.505246
vt 0.934716 0.401592
vt 0.948685 0.382757
vt 0.949552 0.383337
vt 0.935522 0.402254
vt 0.859375 0.500000
vt 0.843750 0.500000
vt 0.843750 0.505246
vt 0.859375 0.505246
vt 0.960741 0.362643
vt 0.961661 0.363135
vt 0.828125 0.500000
vt 0.828125 0.505246
vt 0.970767 0.341445
vt 0.978667 0.319365
vt 0.979665 0.319668
vt 0.971730 0.341844
vt 0.812500 0.500000
vt 0.796875 0.500000
vt 0.796875 0.505246
vt 0.812500 0.505246
vt 0.984368 0.296607
vt 0.987804 0.273446
vt 0.988843 0.273531
vt 0.985388 0.296818
vt 0.781248 0.500000
vt 0.765630 0.500000
vt 0.765625 0.505246
vt 0.781250 0.505246
vt 0.984365 0.203382
vt 0.978667 0.180635
vt 0.979665 0.180332
vt 0.985388 0.203178
vt 0.718750 0.500000
vt 0.703125 0.500000
vt 0.703125 0.505246
vt 0.718750 0.505246
vt 0.970767 0.158555
vt 0.971730 0.158156
vt 0.687500 0.500000
vt 0.687500 0.505246
vt 0.960741 0.137357
vt 0.948685 0.117243
vt 0.949552 0.116663
vt 0.961661 0.136865
vt 0.671875 0.500000
vt 0.656250 0.500000
vt 0.656250 0.505246
vt 0.671875 0.505246
vt 0.773421 0.012194
vt 0.750000 0.011043
vt 0.750000 0.010001
vt 0.773524 0.011156
vt 0.515625 0.500000
vt 0.500000 0.500000
vt 0.500000 0.505246
vt 0.515625 0.505246
vt 0.958333 0.806243
vt 0.937500 0.806243
vt 0.937500 0.807143
vt 0.958333 0.807143
vt 0.775704 0.345927
vt 0.788005 0.341751
vt 0.788405 0.342715
vt 0.775973 0.346935
vt 0.791667 0.806243
vt 0.770833 0.806243
vt 0.770833 0.807143
vt 0.791667 0.807143
vt 0.845927 0.275703
vt 0.848461 0.262963
vt 0.849496 0.263098
vt 0.846935 0.275974
vt 0.625000 0.806243
vt 0.604167 0.806243
vt 0.604167 0.807143
vt 0.625000 0.807143
vt 0.820223 0.179777
vt 0.810457 0.171212
vt 0.811092 0.170383
vt 0.820962 0.179039
vt 0.458334 0.806243
vt 0.437500 0.806243
vt 0.437500 0.807143
vt 0.458334 0.807143
vt 0.724296 0.154074
vt 0.711995 0.158249
vt 0.711595 0.157285
vt 0.724027 0.153065
vt 0.291667 0.806243
vt 0.270834 0.806243
vt 0.270834 0.807143
vt 0.291667 0.807143
vt 0.654074 0.224297
vt 0.651539 0.237037
vt 0.650496 0.236959
vt 0.653074 0.224000
vt 0.125000 0.806243
vt 0.104167 0.806243
vt 0.104167 0.807143
vt 0.125000 0.807143
vt 0.679777 0.320223
vt 0.689544 0.328788
vt 0.688908 0.329617
vt 0.679039 0.320962
vt 0.841444 0.470768
vt 0.862644 0.460741
vt 0.863135 0.461660
vt 0.841843 0.471731
vt 0.937500 0.500000
vt 0.921875 0.500000
vt 0.937500 0.505246
vt 0.934716 0.401592
vt 0.948685 0.382757
vt 0.859375 0.500000
vt 0.843750 0.500000
vt 0.948685 0.117243
vt 0.934716 0.098408
vt 0.935522 0.097746
vt 0.640625 0.500000
vt 0.640625 0.505246
vt 0.918967 0.081032
vt 0.919705 0.080295
vt 0.625000 0.500000
vt 0.625000 0.505246
vt 0.819365 0.021333
vt 0.796607 0.015632
vt 0.796818 0.014612
vt 0.819668 0.020335
vt 0.546875 0.500000
vt 0.531248 0.500000
vt 0.531250 0.505246
vt 0.546875 0.505246
vt 0.773446 0.012196
vt 0.773531 0.011157
vt 0.515630 0.500000
vt 0.763100 0.349496
vt 0.750000 0.350355
vt 0.750000 0.349310
vt 0.762963 0.348461
vt 0.979167 0.807143
vt 1.000000 0.807143
vt 1.000000 0.806243
vt 0.979167 0.806243
vt 0.775703 0.345927
vt 0.775973 0.346935
vt 0.833333 0.806243
vt 0.812500 0.806243
vt 0.812500 0.807143
vt 0.833333 0.807143
vt 0.836005 0.299655
vt 0.841751 0.288005
vt 0.842716 0.288405
vt 0.836909 0.300177
vt 0.666667 0.806243
vt 0.645834 0.806243
vt 0.645834 0.807143
vt 0.666667 0.807143
vt 0.836005 0.200345
vt 0.828788 0.189544
vt 0.829617 0.188908
vt 0.836910 0.199823
vt 0.500000 0.806243
vt 0.479167 0.806243
vt 0.479167 0.807143
vt 0.500000 0.807143
vt 0.750000 0.150690
vt 0.737038 0.151539
vt 0.736900 0.150504
vt 0.750000 0.149645
vt 0.333334 0.806243
vt 0.312500 0.806243
vt 0.312500 0.807143
vt 0.333334 0.807143
vt 0.663995 0.200345
vt 0.658249 0.211996
vt 0.657285 0.211596
vt 0.663091 0.199822
vt 0.166667 0.806243
vt 0.145834 0.806243
vt 0.145834 0.807143
vt 0.166667 0.807143
vt 0.663995 0.299655
vt 0.671212 0.310456
vt 0.670383 0.311092
vt 0.663091 0.300178
vt 0.988956 0.249987
vt 0.987806 0.226579
vt 0.988844 0.226476
vt 0.989999 0.249996
vt 0.749997 0.500000
vt 0.734375 0.500000
vt 0.734375 0.505246
vt 0.750000 0.505246
vt 0.901592 0.065284
vt 0.882758 0.051315
vt 0.883337 0.050448
vt 0.902254 0.064478
vt 0.609375 0.500000
vt 0.593750 0.500000
vt 0.593750 0.505246
vt 0.609375 0.505246
vt 0.854167 0.806243
vt 0.854167 0.807143
vt 0.820223 0.320223
vt 0.828788 0.310456
vt 0.829617 0.311092
vt 0.820962 0.320961
vt 0.708334 0.806243
vt 0.687500 0.806243
vt 0.687500 0.807143
vt 0.845926 0.224297
vt 0.841751 0.211996
vt 0.842716 0.211595
vt 0.846935 0.224027
vt 0.520834 0.806243
vt 0.520834 0.807143
vt 0.775703 0.154074
vt 0.762962 0.151539
vt 0.763100 0.150504
vt 0.775973 0.153065
vt 0.354167 0.806243
vt 0.354167 0.807143
vt 0.679777 0.179777
vt 0.671212 0.189544
vt 0.670383 0.188908
vt 0.679039 0.179039
vt 0.187500 0.806243
vt 0.187500 0.807143
vt 0.658249 0.288004
vt 0.657284 0.288404
vt 0.653065 0.275974
vt 0.020834 0.806243
vt 0.020834 0.807143
vt 0.724296 0.345926
vt 0.737037 0.348461
vt 0.736900 0.349496
vt 0.724027 0.346935
vt 0.934716 0.401592
vt 0.948685 0.382758
vt 0.949552 0.383336
vt 0.843750 0.500000
vt 0.984365 0.203382
vt 0.978667 0.180633
vt 0.979665 0.180332
vt 0.985388 0.203179
vt 0.718750 0.500000
vt 0.703125 0.500000
vt 0.593750 0.500000
vt 0.726578 0.012194
vt 0.703382 0.015635
vt 0.703178 0.014612
vt 0.726476 0.011156
vt 0.484375 0.500000
vt 0.468750 0.500000
vt 0.468750 0.505246
vt 0.484375 0.505246
vt 0.637357 0.039259
vt 0.617243 0.051315
vt 0.616663 0.050448
vt 0.636865 0.038340
vt 0.421875 0.500000
vt 0.406250 0.500000
vt 0.406250 0.505246
vt 0.421875 0.505246
vt 0.598407 0.065284
vt 0.597746 0.064478
vt 0.390625 0.500000
vt 0.390625 0.505246
vt 0.565284 0.098408
vt 0.551315 0.117243
vt 0.550448 0.116663
vt 0.564478 0.097746
vt 0.359375 0.500000
vt 0.343750 0.500000
vt 0.343750 0.505246
vt 0.359375 0.505246
vt 0.521333 0.180635
vt 0.515632 0.203393
vt 0.514612 0.203182
vt 0.520335 0.180332
vt 0.296875 0.500000
vt 0.281248 0.500000
vt 0.281250 0.505246
vt 0.296875 0.505246
vt 0.512196 0.226554
vt 0.511044 0.250011
vt 0.510001 0.250003
vt 0.511157 0.226469
vt 0.265630 0.500000
vt 0.249998 0.500000
vt 0.250000 0.505246
vt 0.265625 0.505246
vt 0.512194 0.273422
vt 0.515635 0.296618
vt 0.514612 0.296822
vt 0.511156 0.273524
vt 0.234375 0.500000
vt 0.218750 0.500000
vt 0.218750 0.505246
vt 0.234375 0.505246
vt 0.625000 0.750000
vt 0.625000 0.750052
vt 0.198835 0.649335
vt 0.197701 0.648900
vt 0.197720 0.648830
vt 0.198842 0.649260
vt 0.194181 0.685677
vt 0.194836 0.684342
vt 0.194891 0.684359
vt 0.194227 0.685714
vt 0.138978 0.638889
vt 0.194444 0.640288
vt 0.193735 0.687219
vt 0.193686 0.687193
vt 0.169219 0.690476
vt 0.169117 0.692143
vt 0.169065 0.692130
vt 0.169167 0.690476
vt 0.722222 0.638889
vt 0.169065 0.688822
vt 0.169117 0.688809
vt 0.166819 0.683123
vt 0.167647 0.684306
vt 0.167607 0.684354
vt 0.166785 0.683181
vt 0.861111 0.638889
vt 0.165833 0.682228
vt 0.165860 0.682163
vt 0.168765 0.643138
vt 0.169065 0.641535
vt 0.169117 0.641548
vt 0.168814 0.643164
vt 0.165833 0.631633
vt 0.164780 0.630931
vt 0.164798 0.630861
vt 0.165860 0.631568
vt 0.161345 0.630424
vt 0.162492 0.630281
vt 0.162500 0.630357
vt 0.161343 0.630502
vt 0.027751 0.638889
vt 0.000024 0.638889
vt 0.333333 0.638889
vt 0.194227 0.644643
vt 0.194893 0.646003
vt 0.194853 0.646051
vt 0.194181 0.644681
vt 0.238667 0.649334
vt 0.237500 0.649480
vt 0.237500 0.649405
vt 0.238658 0.649260
vt 0.241819 0.683123
vt 0.241785 0.683181
vt 0.233181 0.683123
vt 0.233215 0.683181
vt 0.111111 0.638889
vt 0.200000 0.649405
vt 0.199999 0.649480
vt 0.203360 0.648194
vt 0.202298 0.648901
vt 0.202280 0.648830
vt 0.203333 0.648129
vt 0.204285 0.647177
vt 0.204319 0.647235
vt 0.805555 0.640288
vt 0.206265 0.636624
vt 0.206314 0.636598
vt 0.204319 0.596639
vt 0.203360 0.597599
vt 0.203333 0.597534
vt 0.204285 0.596581
vt 0.638889 0.640288
vt 0.638889 0.638889
vt 0.205107 0.595408
vt 0.205147 0.595456
vt 0.206719 0.589286
vt 0.206617 0.590953
vt 0.206565 0.590940
vt 0.206667 0.589286
vt 0.206565 0.587632
vt 0.206617 0.587619
vt 0.231186 0.643164
vt 0.231235 0.643138
vt 0.231727 0.644643
vt 0.231681 0.644681
vt 0.233181 0.647234
vt 0.232353 0.646051
vt 0.232393 0.646003
vt 0.233215 0.647177
vt 0.234167 0.648129
vt 0.234140 0.648194
vt 0.352234 0.648925
vt 0.351325 0.649274
vt 0.351329 0.649195
vt 0.352237 0.648847
vt 0.554493 0.638889
vt 0.532008 0.638889
vt 0.532079 0.640288
vt 0.554562 0.640288
vt 0.343686 0.687193
vt 0.344181 0.685677
vt 0.344226 0.685714
vt 0.343735 0.687219
vt 0.255499 0.640288
vt 0.255198 0.638889
vt 0.343352 0.690785
vt 0.343294 0.690687
vt 0.722268 0.638889
vt 0.694339 0.638889
vt 0.318763 0.643144
vt 0.319065 0.641532
vt 0.319119 0.641523
vt 0.318802 0.643210
vt 0.319219 0.589286
vt 0.319117 0.590953
vt 0.319065 0.590939
vt 0.319167 0.589286
vt 0.319065 0.587632
vt 0.319117 0.587619
vt 0.316883 0.582011
vt 0.316793 0.582002
vt 0.888612 0.638889
vt 0.888889 0.640288
vt 0.343280 0.589284
vt 0.343382 0.587621
vt 0.343435 0.587632
vt 0.343333 0.589286
vt 0.343435 0.590940
vt 0.343383 0.590953
vt 0.344227 0.635119
vt 0.343735 0.636624
vt 0.343686 0.636598
vt 0.344181 0.635082
vt 0.348833 0.649334
vt 0.347702 0.648901
vt 0.347720 0.648830
vt 0.348842 0.649260
vt 0.354319 0.683124
vt 0.354285 0.683181
vt 0.352280 0.648830
vt 0.352298 0.648901
vt 0.355147 0.646051
vt 0.355107 0.646003
vt 0.638889 0.638889
vt 0.344853 0.583116
vt 0.345681 0.581933
vt 0.345715 0.581990
vt 0.344893 0.583164
vt 0.111111 0.640288
vt 0.315828 0.581034
vt 0.315818 0.580945
vt 0.233181 0.697829
vt 0.232353 0.696646
vt 0.232393 0.696598
vt 0.233215 0.697772
vt 0.611111 0.638889
vt 0.241785 0.697772
vt 0.242607 0.696598
vt 0.242647 0.696645
vt 0.241819 0.697830
vt 0.275000 0.700075
vt 0.275000 0.700000
vt 0.805539 0.638889
vt 0.281265 0.687219
vt 0.281316 0.687205
vt 0.306235 0.693734
vt 0.306726 0.695238
vt 0.306681 0.695275
vt 0.306186 0.693759
vt 0.317647 0.696646
vt 0.316819 0.697829
vt 0.316785 0.697772
vt 0.317607 0.696598
vt 0.318273 0.695238
vt 0.318319 0.695275
vt 0.312500 0.680952
vt 0.311342 0.681097
vt 0.311333 0.681023
vt 0.312500 0.680877
vt 0.278344 0.648210
vt 0.277328 0.648887
vt 0.277284 0.648828
vt 0.278332 0.648130
vt 0.583285 0.638889
vt 0.555648 0.638889
vt 0.279285 0.647176
vt 0.279319 0.647234
vt 0.281617 0.638214
vt 0.281719 0.639881
vt 0.281666 0.639881
vt 0.281565 0.638227
vt 0.278360 0.631568
vt 0.279319 0.632528
vt 0.279285 0.632586
vt 0.278333 0.631633
vt 0.277280 0.630931
vt 0.277298 0.630861
vt 0.243319 0.594085
vt 0.242645 0.595461
vt 0.242607 0.595408
vt 0.243273 0.594048
vt 0.666667 0.638889
vt 0.243765 0.592543
vt 0.243814 0.592569
vt 0.269893 0.595408
vt 0.270715 0.596581
vt 0.270681 0.596639
vt 0.269853 0.595456
vt 0.311333 0.649334
vt 0.310202 0.648901
vt 0.310220 0.648830
vt 0.311342 0.649260
vt 0.310220 0.598235
vt 0.311342 0.598665
vt 0.311330 0.598738
vt 0.310202 0.598306
vt 0.361111 0.640288
vt 0.306726 0.594048
vt 0.307393 0.595407
vt 0.307353 0.595456
vt 0.306681 0.594085
vt 0.309140 0.597598
vt 0.309167 0.597533
vt 0.194444 0.640288
vt 0.306235 0.636624
vt 0.306186 0.636598
vt 0.279319 0.581933
vt 0.280142 0.583108
vt 0.280107 0.583164
vt 0.279285 0.581990
vt 0.861122 0.638889
vt 0.273833 0.579832
vt 0.275000 0.579687
vt 0.275000 0.579762
vt 0.273842 0.579907
vt 0.272720 0.580336
vt 0.272702 0.580266
vt 0.277298 0.681456
vt 0.278360 0.682163
vt 0.278333 0.682228
vt 0.277280 0.681527
vt 0.270681 0.683123
vt 0.271640 0.682163
vt 0.271667 0.682228
vt 0.270715 0.683181
vt 0.269893 0.684354
vt 0.269853 0.684306
vt 0.239780 0.648830
vt 0.239798 0.648901
vt 0.243319 0.644681
vt 0.242647 0.646051
vt 0.242607 0.646003
vt 0.243273 0.644643
vt 0.243765 0.643138
vt 0.243814 0.643164
vt 0.231186 0.592569
vt 0.231235 0.592543
vt 0.231726 0.594048
vt 0.231681 0.594085
vt 0.238667 0.598739
vt 0.237500 0.598885
vt 0.237500 0.598810
vt 0.238658 0.598665
vt 0.239780 0.598235
vt 0.239798 0.598306
vt 0.270715 0.632585
vt 0.269893 0.633759
vt 0.269853 0.633711
vt 0.270681 0.632527
vt 0.269853 0.646052
vt 0.269181 0.644680
vt 0.269227 0.644643
vt 0.269893 0.646003
vt 0.270715 0.647176
vt 0.270681 0.647234
vt 0.268735 0.693734
vt 0.268686 0.693759
vt 0.234140 0.580973
vt 0.235202 0.580266
vt 0.235220 0.580336
vt 0.234167 0.581038
vt 0.083333 0.640288
vt 0.200000 0.598809
vt 0.200001 0.598885
vt 0.168765 0.592543
vt 0.169065 0.590940
vt 0.169117 0.590953
vt 0.168814 0.592569
vt 0.916667 0.638889
vt 0.165833 0.581038
vt 0.164780 0.580337
vt 0.164798 0.580266
vt 0.165860 0.580973
vt 0.161333 0.579833
vt 0.162500 0.579687
vt 0.162500 0.579762
vt 0.161342 0.579907
vt 0.160220 0.580336
vt 0.160201 0.580266
vt 0.194226 0.594048
vt 0.194893 0.595407
vt 0.194853 0.595456
vt 0.194181 0.594085
vt 0.206314 0.693759
vt 0.206265 0.693734
vt 0.200000 0.700000
vt 0.200000 0.700075
vt 0.204319 0.697830
vt 0.203360 0.698789
vt 0.203333 0.698724
vt 0.204285 0.697772
vt 0.205107 0.696598
vt 0.205147 0.696646
vt 0.160220 0.630932
vt 0.160204 0.630861
vt 0.842607 0.646003
vt 0.842647 0.646051
vt 0.843814 0.643164
vt 0.843765 0.643138
vt 0.316243 0.708333
vt 0.315000 0.708333
vt 0.822292 0.690476
vt 0.822239 0.690476
vt 0.111111 0.859712
vt 0.111111 0.861111
vt 0.805107 0.684354
vt 0.804285 0.683180
vt 0.804319 0.683123
vt 0.805147 0.684306
vt 0.803359 0.648194
vt 0.802298 0.648901
vt 0.802280 0.648830
vt 0.803333 0.648129
vt 0.804285 0.647177
vt 0.804319 0.647234
vt 0.806719 0.639881
vt 0.806617 0.641548
vt 0.806565 0.641535
vt 0.806667 0.639881
vt 0.222222 0.859712
vt 0.806565 0.638227
vt 0.806617 0.638214
vt 0.831681 0.594085
vt 0.831186 0.592569
vt 0.831235 0.592543
vt 0.831726 0.594048
vt 0.832393 0.595407
vt 0.832352 0.595456
vt 0.836337 0.598740
vt 0.835200 0.598304
vt 0.835220 0.598235
vt 0.836342 0.598665
vt 0.831681 0.644680
vt 0.831186 0.643164
vt 0.831236 0.643139
vt 0.831727 0.644643
vt 0.832393 0.646003
vt 0.832353 0.646051
vt 0.836332 0.649334
vt 0.835202 0.648901
vt 0.835220 0.648830
vt 0.836342 0.649260
vt 0.837500 0.649405
vt 0.837503 0.649480
vt 0.804319 0.596639
vt 0.803360 0.597599
vt 0.803334 0.597533
vt 0.804285 0.596581
vt 0.806719 0.589285
vt 0.806617 0.590953
vt 0.806565 0.590940
vt 0.806667 0.589286
vt 0.806565 0.587632
vt 0.806617 0.587621
vt 0.730819 0.685677
vt 0.731314 0.687193
vt 0.731265 0.687219
vt 0.730774 0.685714
vt 0.730107 0.684355
vt 0.730147 0.684306
vt 0.183756 0.708333
vt 0.752708 0.690476
vt 0.752761 0.690476
vt 0.756186 0.643164
vt 0.755876 0.641512
vt 0.755934 0.641530
vt 0.756236 0.643138
vt 0.694444 0.861111
vt 0.722295 0.861111
vt 0.767648 0.646052
vt 0.766819 0.647234
vt 0.766785 0.647177
vt 0.767607 0.646003
vt 0.719893 0.646002
vt 0.720715 0.647177
vt 0.720681 0.647235
vt 0.719853 0.646051
vt 0.718686 0.687193
vt 0.718736 0.687219
vt 0.758174 0.596630
vt 0.757355 0.595461
vt 0.757393 0.595407
vt 0.758214 0.596581
vt 0.611128 0.861111
vt 0.686334 0.681023
vt 0.687500 0.680877
vt 0.687500 0.680952
vt 0.686343 0.681097
vt 0.972222 0.861111
vt 1.000000 0.861111
vt 1.000000 0.859712
vt 0.972222 0.859712
vt 0.685220 0.681526
vt 0.685202 0.681456
vt 0.682409 0.684213
vt 0.683152 0.683152
vt 0.683212 0.683185
vt 0.682402 0.684343
vt 0.861396 0.861111
vt 0.888782 0.861111
vt 0.691817 0.632529
vt 0.692655 0.633726
vt 0.692608 0.633761
vt 0.691785 0.632585
vt 0.138917 0.861111
vt 0.183756 0.555337
vt 0.185000 0.555316
vt 0.715208 0.592108
vt 0.715261 0.592031
vt 0.727298 0.630861
vt 0.728360 0.631568
vt 0.728333 0.631633
vt 0.727280 0.630931
vt 0.055555 0.861111
vt 0.055555 0.859712
vt 0.723833 0.630428
vt 0.725000 0.630282
vt 0.725000 0.630357
vt 0.723842 0.630502
vt 0.972222 0.861111
vt 0.972222 0.859712
vt 0.722720 0.630932
vt 0.722702 0.630861
vt 0.083217 0.861111
vt 0.690829 0.631630
vt 0.690828 0.631540
vt 0.694219 0.589279
vt 0.694117 0.590956
vt 0.694066 0.590940
vt 0.694167 0.589286
vt 0.249999 0.861111
vt 0.654285 0.632585
vt 0.653333 0.631633
vt 0.653360 0.631568
vt 0.654319 0.632528
vt 0.648833 0.630428
vt 0.650000 0.630282
vt 0.650000 0.630357
vt 0.648842 0.630502
vt 0.972222 0.859712
vt 0.647720 0.630931
vt 0.647702 0.630861
vt 0.655819 0.594085
vt 0.655147 0.595456
vt 0.655107 0.595407
vt 0.655774 0.594048
vt 0.681681 0.584486
vt 0.682373 0.583075
vt 0.682396 0.583159
vt 0.681726 0.584523
vt 0.833333 0.859712
vt 0.681235 0.586028
vt 0.681185 0.586002
vt 0.681681 0.644680
vt 0.681186 0.643164
vt 0.681235 0.643138
vt 0.681727 0.644643
vt 0.682393 0.646002
vt 0.682353 0.646051
vt 0.684167 0.648129
vt 0.684140 0.648194
vt 0.719226 0.584524
vt 0.718735 0.586028
vt 0.718686 0.586003
vt 0.719181 0.584485
vt 0.652298 0.580266
vt 0.652280 0.580336
vt 0.651158 0.579907
vt 0.651167 0.579832
vt 0.643686 0.586003
vt 0.643736 0.586029
vt 0.644853 0.595456
vt 0.644893 0.595407
vt 0.644835 0.633747
vt 0.645725 0.632476
vt 0.645721 0.632579
vt 0.644891 0.633764
vt 0.861022 0.861111
vt 0.889072 0.861111
vt 0.644226 0.635119
vt 0.644181 0.635081
vt 0.694065 0.587632
vt 0.694118 0.587622
vt 0.692606 0.583163
vt 0.691785 0.581990
vt 0.691819 0.581932
vt 0.692647 0.583115
vt 0.677761 0.713765
vt 0.677708 0.713691
vt 0.183778 0.744558
vt 0.183757 0.712673
vt 0.185000 0.712674
vt 0.677708 0.693267
vt 0.677761 0.693273
vt 0.689799 0.699496
vt 0.688667 0.699929
vt 0.688657 0.699855
vt 0.689780 0.699425
vt 0.472222 0.859712
vt 0.690833 0.698724
vt 0.690859 0.698789
vt 0.694117 0.692143
vt 0.693814 0.693759
vt 0.693765 0.693733
vt 0.694065 0.692130
vt 0.722720 0.699426
vt 0.722702 0.699497
vt 0.726167 0.699930
vt 0.725000 0.700076
vt 0.725000 0.700000
vt 0.726158 0.699855
vt 0.795681 0.697829
vt 0.794853 0.696647
vt 0.794893 0.696598
vt 0.795715 0.697772
vt 0.804285 0.697772
vt 0.804319 0.697829
vt 0.831681 0.695276
vt 0.831187 0.693762
vt 0.831235 0.693734
vt 0.831726 0.695238
vt 0.832393 0.696598
vt 0.832353 0.696646
vt 0.836333 0.699929
vt 0.835202 0.699496
vt 0.835220 0.699426
vt 0.836342 0.699855
vt 0.837500 0.700000
vt 0.837500 0.700075
vt 0.755881 0.587636
vt 0.756187 0.585999
vt 0.756235 0.586028
vt 0.755935 0.587633
vt 0.777752 0.861111
vt 0.805555 0.861111
vt 0.805555 0.859712
vt 0.723833 0.579832
vt 0.725000 0.579687
vt 0.725000 0.579762
vt 0.723842 0.579907
vt 0.722720 0.580336
vt 0.722702 0.580265
vt 0.719852 0.583116
vt 0.719893 0.583164
vt 0.794181 0.584486
vt 0.794853 0.583116
vt 0.794893 0.583164
vt 0.794226 0.584524
vt 0.793736 0.586028
vt 0.793686 0.586003
vt 0.316244 0.524554
vt 0.316244 0.572597
vt 0.315000 0.572616
vt 0.315000 0.524563
vt 0.784791 0.572338
vt 0.784792 0.603230
vt 0.784739 0.603303
vt 0.784739 0.572371
vt 0.764798 0.630860
vt 0.765859 0.631568
vt 0.765833 0.631633
vt 0.764780 0.630931
vt 0.759140 0.631568
vt 0.760202 0.630861
vt 0.760220 0.630932
vt 0.759166 0.631633
vt 0.944444 0.861111
vt 0.944444 0.859712
vt 0.758215 0.632585
vt 0.758181 0.632528
vt 0.763667 0.598739
vt 0.762500 0.598885
vt 0.762500 0.598810
vt 0.763658 0.598665
vt 0.444444 0.859712
vt 0.444444 0.861111
vt 0.764780 0.598235
vt 0.764798 0.598306
vt 0.768320 0.584489
vt 0.768814 0.586001
vt 0.768765 0.586028
vt 0.768273 0.584524
vt 0.316222 0.505442
vt 0.316244 0.537468
vt 0.315000 0.537461
vt 0.315000 0.505556
vt 0.747292 0.560119
vt 0.747291 0.580630
vt 0.747239 0.580603
vt 0.747239 0.560044
vt 0.715261 0.560044
vt 0.715261 0.561316
vt 0.715208 0.561289
vt 0.715208 0.560119
vt 0.185000 0.505556
vt 0.185000 0.507376
vt 0.183756 0.507368
vt 0.183778 0.505442
vt 0.231378 0.505440
vt 0.231814 0.505556
vt 0.713258 0.560119
vt 0.713152 0.560044
vt 0.316222 0.505442
vt 0.784791 0.560119
vt 0.784739 0.560044
vt 0.767607 0.583164
vt 0.767646 0.583114
vt 0.806617 0.692143
vt 0.806314 0.693759
vt 0.806264 0.693734
vt 0.806565 0.692130
vt 0.806667 0.690476
vt 0.806719 0.690476
vt 0.837500 0.598809
vt 0.837498 0.598885
vt 0.842607 0.595408
vt 0.842647 0.595456
vt 0.843814 0.592569
vt 0.843319 0.594085
vt 0.843273 0.594047
vt 0.843764 0.592543
vt 0.843764 0.687219
vt 0.843814 0.687193
vt 0.841819 0.683123
vt 0.842647 0.684306
vt 0.842607 0.684354
vt 0.841785 0.683181
vt 0.840833 0.682228
vt 0.840860 0.682163
vt 0.404412 0.249925
vt 0.404412 0.250000
vt 0.625000 0.251617
vt 0.404412 0.251612
vt 0.622620 0.400967
vt 0.622540 0.400917
vt 0.796875 0.583333
vt 0.796875 0.584383
vt 0.553901 0.348386
vt 0.553955 0.348437
vt 0.281250 0.583333
vt 0.281250 0.584383
vt 0.540424 0.349033
vt 0.540503 0.349083
vt 0.296875 0.583333
vt 0.296875 0.584383
vt 0.312500 0.584383
vt 0.312500 0.583333
vt 0.527447 0.349978
vt 0.527342 0.349930
vt 0.446040 0.367123
vt 0.446302 0.367138
vt 0.453125 0.583333
vt 0.453125 0.584383
vt 0.468750 0.584383
vt 0.468750 0.583333
vt 0.442932 0.369716
vt 0.442664 0.369706
vt 0.456661 0.387792
vt 0.450720 0.385385
vt 0.450974 0.385364
vt 0.456902 0.387767
vt 0.578125 0.583333
vt 0.562500 0.583333
vt 0.562500 0.584383
vt 0.578125 0.584383
vt 0.593750 0.584383
vt 0.593750 0.583333
vt 0.464031 0.390047
vt 0.463804 0.390076
vt 0.514782 0.851068
vt 0.527342 0.849930
vt 0.527447 0.849978
vt 0.514911 0.851115
vt 0.671875 0.750000
vt 0.687500 0.750000
vt 0.687500 0.748951
vt 0.671875 0.748951
vt 0.656250 0.748951
vt 0.656250 0.750000
vt 0.503017 0.852481
vt 0.502865 0.852437
vt 0.463804 0.859924
vt 0.472080 0.857785
vt 0.472292 0.857819
vt 0.464031 0.859953
vt 0.593750 0.750000
vt 0.609375 0.750000
vt 0.609375 0.748951
vt 0.593750 0.748951
vt 0.421875 0.748951
vt 0.421875 0.750000
vt 0.456902 0.887767
vt 0.456661 0.887792
vt 0.567645 0.902005
vt 0.553901 0.901615
vt 0.553955 0.901563
vt 0.567671 0.901953
vt 0.265625 0.750000
vt 0.281250 0.750000
vt 0.281250 0.748951
vt 0.265625 0.748951
vt 0.250000 0.748951
vt 0.250000 0.750000
vt 0.581522 0.902083
vt 0.581522 0.902136
vt 0.354167 0.750899
vt 0.354167 0.750000
vt 0.559570 0.300200
vt 0.559523 0.300158
vt 0.560327 0.299791
vt 0.560366 0.299837
vt 0.333334 0.750000
vt 0.333334 0.750899
vt 1.000000 0.750899
vt 1.000000 0.750000
vt 0.501220 0.304167
vt 0.501297 0.304167
vt 0.500306 0.301640
vt 0.500734 0.302233
vt 0.500663 0.302253
vt 0.500239 0.301667
vt 0.083334 0.750000
vt 0.062500 0.750000
vt 0.062500 0.750899
vt 0.083334 0.750899
vt 0.499707 0.301123
vt 0.499768 0.301091
vt 0.495816 0.299286
vt 0.496732 0.299499
vt 0.496702 0.299547
vt 0.495796 0.299337
vt 0.208334 0.750000
vt 0.208334 0.750899
vt 0.564025 0.309219
vt 0.564024 0.309167
vt 0.750000 0.750000
vt 0.750000 0.750899
vt 0.564979 0.309124
vt 0.564990 0.309176
vt 0.916667 0.750899
vt 0.916667 0.750000
vt 0.570361 0.306667
vt 0.570784 0.306080
vt 0.570855 0.306100
vt 0.570428 0.306693
vt 0.569891 0.301091
vt 0.570428 0.301640
vt 0.570361 0.301667
vt 0.569829 0.301123
vt 0.083334 0.750899
vt 0.562131 0.441004
vt 0.562110 0.440953
vt 0.556882 0.444525
vt 0.557193 0.443900
vt 0.557264 0.443920
vt 0.556957 0.444539
vt 0.458334 0.750000
vt 0.458334 0.750899
vt 0.541667 0.750899
vt 0.562400 0.750000
vt 0.541705 0.750000
vt 0.556957 0.447129
vt 0.557263 0.447744
vt 0.557179 0.447744
vt 0.556886 0.447153
vt 0.490206 0.441458
vt 0.491073 0.441165
vt 0.491102 0.441214
vt 0.490244 0.441503
vt 0.486572 0.445174
vt 0.486760 0.444526
vt 0.486835 0.444539
vt 0.486648 0.445181
vt 0.479167 0.750000
vt 0.479167 0.750899
vt 0.500000 0.750899
vt 0.500000 0.750000
vt 0.486585 0.445833
vt 0.486508 0.445833
vt 0.491992 0.450714
vt 0.491071 0.450501
vt 0.491102 0.450453
vt 0.492009 0.450663
vt 0.708334 0.750899
vt 0.489401 0.308175
vt 0.488674 0.307739
vt 0.488729 0.307702
vt 0.489448 0.308134
vt 0.645834 0.750000
vt 0.645834 0.750899
vt 0.666667 0.750899
vt 0.666667 0.750000
vt 0.490244 0.308497
vt 0.490205 0.308542
vt 0.812500 0.750899
vt 0.812500 0.750000
vt 0.496702 0.308786
vt 0.496732 0.308835
vt 0.492947 0.450791
vt 0.492936 0.450843
vt 0.499768 0.448909
vt 0.499707 0.448877
vt 0.895833 0.750000
vt 0.895833 0.750899
vt 0.559523 0.449842
vt 0.558796 0.449406
vt 0.558850 0.449369
vt 0.559570 0.449800
vt 0.560366 0.450164
vt 0.560327 0.450209
vt 0.671875 0.994754
vt 0.656250 0.994754
vt 0.656250 1.000000
vt 0.671875 1.000000
vt 0.555689 0.793510
vt 0.554200 0.794120
vt 0.554158 0.794076
vt 0.555652 0.793464
vt 0.581784 0.945833
vt 0.581699 0.947024
vt 0.581622 0.947018
vt 0.581707 0.945833
vt 0.000000 1.000000
vt 0.000000 0.994754
vt 1.000000 0.994754
vt 0.984375 0.994754
vt 0.984375 1.000000
vt 1.000000 1.000000
vt 0.581622 0.944649
vt 0.581699 0.944644
vt 0.750000 0.994754
vt 0.750000 1.000000
vt 0.565758 0.933809
vt 0.564024 0.933750
vt 0.564025 0.933698
vt 0.565765 0.933757
vt 0.687500 0.994754
vt 0.671875 0.994754
vt 0.687500 1.000000
vt 0.557258 0.934670
vt 0.555689 0.935176
vt 0.555653 0.935131
vt 0.557228 0.934621
vt 0.593750 0.994754
vt 0.578125 0.994754
vt 0.578125 1.000000
vt 0.593750 1.000000
vt 0.549322 0.939120
vt 0.548429 0.940137
vt 0.548362 0.940113
vt 0.549258 0.939091
vt 0.562500 0.994754
vt 0.546875 0.994754
vt 0.546875 1.000000
vt 0.562500 1.000000
vt 0.547688 0.941209
vt 0.547103 0.942326
vt 0.547029 0.942310
vt 0.547617 0.941189
vt 0.531250 0.994754
vt 0.515625 0.994754
vt 0.515625 1.000000
vt 0.531250 1.000000
vt 0.546681 0.943476
vt 0.546427 0.944649
vt 0.546350 0.944644
vt 0.546606 0.943466
vt 0.546341 0.945834
vt 0.546264 0.945833
vt 0.875000 0.994754
vt 0.875000 1.000000
vt 0.506406 0.937289
vt 0.505120 0.936493
vt 0.505169 0.936452
vt 0.506460 0.937251
vt 0.812500 0.994754
vt 0.796875 0.994754
vt 0.812500 1.000000
vt 0.500669 0.934670
vt 0.499036 0.934270
vt 0.499058 0.934220
vt 0.500699 0.934622
vt 0.703125 0.994754
vt 0.687500 0.994754
vt 0.703125 1.000000
vt 0.488769 0.934270
vt 0.487135 0.934669
vt 0.487106 0.934622
vt 0.488747 0.934220
vt 0.485567 0.935176
vt 0.484078 0.935787
vt 0.484035 0.935743
vt 0.485531 0.935131
vt 0.609375 0.994754
vt 0.609375 1.000000
vt 0.480233 0.938168
vt 0.479200 0.939120
vt 0.479135 0.939091
vt 0.480174 0.938134
vt 0.562500 0.994754
vt 0.478307 0.940137
vt 0.477565 0.941209
vt 0.477494 0.941189
vt 0.478239 0.940112
vt 0.531250 0.994754
vt 0.476981 0.942326
vt 0.476560 0.943476
vt 0.476484 0.943466
vt 0.476907 0.942310
vt 0.546875 0.994754
vt 0.476981 0.800659
vt 0.476559 0.801809
vt 0.476484 0.801799
vt 0.476907 0.800643
vt 0.406250 0.994754
vt 0.390625 0.994754
vt 0.390625 1.000000
vt 0.406250 1.000000
vt 0.479200 0.810880
vt 0.480233 0.811832
vt 0.480174 0.811866
vt 0.479136 0.810910
vt 0.481399 0.812711
vt 0.481345 0.812748
vt 0.359375 0.994754
vt 0.482685 0.813507
vt 0.482636 0.813548
vt 0.281250 0.994754
vt 0.490453 0.816017
vt 0.492169 0.816192
vt 0.492162 0.816244
vt 0.490438 0.816069
vt 0.493902 0.816250
vt 0.493902 0.816302
vt 0.234375 0.994754
vt 0.495636 0.816192
vt 0.495643 0.816244
vt 0.497352 0.816018
vt 0.499036 0.815730
vt 0.499058 0.815780
vt 0.497367 0.816069
vt 0.953125 0.994754
vt 0.937500 0.994754
vt 0.510824 0.800659
vt 0.510239 0.799543
vt 0.510310 0.799522
vt 0.510898 0.800644
vt 0.921875 0.994754
vt 0.921875 1.000000
vt 0.509497 0.798471
vt 0.509565 0.798446
vt 0.499035 0.792604
vt 0.499058 0.792553
vt 0.493902 0.792083
vt 0.493902 0.792031
vt 0.703125 0.994754
vt 0.488769 0.792604
vt 0.487135 0.793003
vt 0.487106 0.792955
vt 0.488747 0.792553
vt 0.515625 0.994754
vt 0.500000 0.994754
vt 0.546426 0.802983
vt 0.546341 0.804167
vt 0.546264 0.804167
vt 0.546350 0.802977
vt 0.828789 0.310456
vt 0.829617 0.311092
vt 0.841751 0.211996
vt 0.842716 0.211596
vt 0.762963 0.151539
vt 0.763100 0.150504
vt 0.671212 0.189544
vt 0.670383 0.188908
vt 0.658249 0.288004
vt 0.657285 0.288405
vt 0.020834 0.806243
vt 0.020834 0.807143
vt 0.737037 0.348461
vt 0.736900 0.349496
vt 0.901592 0.434717
vt 0.918967 0.418968
vt 0.919705 0.419705
vt 0.902254 0.435522
vt 0.890625 0.500000
vt 0.875000 0.500000
vt 0.875000 0.505246
vt 0.890625 0.505246
vt 0.988956 0.249989
vt 0.989999 0.249997
vt 0.749998 0.500000
vt 0.680633 0.021333
vt 0.658556 0.029232
vt 0.658157 0.028269
vt 0.680332 0.020335
vt 0.453125 0.500000
vt 0.437500 0.500000
vt 0.437500 0.505246
vt 0.453125 0.505246
vt 0.637356 0.039259
vt 0.617242 0.051315
vt 0.616664 0.050448
vt 0.636865 0.038340
vt 0.421875 0.500000
vt 0.406250 0.500000
vt 0.598407 0.065284
vt 0.581032 0.081032
vt 0.580295 0.080295
vt 0.597746 0.064478
vt 0.390625 0.500000
vt 0.375000 0.505246
vt 0.565284 0.098408
vt 0.551315 0.117242
vt 0.550448 0.116663
vt 0.359375 0.500000
vt 0.512196 0.226554
vt 0.511044 0.250013
vt 0.510001 0.250004
vt 0.265630 0.500000
vt 0.249997 0.500000
vt 0.512194 0.273421
vt 0.515635 0.296618
vt 0.514612 0.296821
vt 0.511156 0.273524
vt 0.234375 0.500000
vt 0.218750 0.500000
vt 0.521333 0.319367
vt 0.529232 0.341444
vt 0.528269 0.341843
vt 0.520335 0.319668
vt 0.203125 0.500000
vt 0.187500 0.500000
vt 0.187500 0.505246
vt 0.203125 0.505246
vt 0.539259 0.362644
vt 0.551315 0.382758
vt 0.550448 0.383337
vt 0.538340 0.363135
vt 0.171875 0.500000
vt 0.156250 0.500000
vt 0.156250 0.505246
vt 0.171875 0.505246
vt 0.916667 0.806243
vt 0.916667 0.807143
vt 0.799655 0.336005
vt 0.800177 0.336910
vt 0.750000 0.806243
vt 0.750000 0.807143
vt 0.849311 0.250000
vt 0.850355 0.250000
vt 0.583334 0.806243
vt 0.583334 0.807143
vt 0.799655 0.163995
vt 0.800177 0.163090
vt 0.416667 0.806243
vt 0.416667 0.807143
vt 0.700345 0.163995
vt 0.699823 0.163090
vt 0.250000 0.806243
vt 0.250000 0.807143
vt 0.650690 0.250000
vt 0.649643 0.249972
vt 0.083334 0.806243
vt 0.083334 0.807143
vt 0.700345 0.336005
vt 0.699823 0.336910
vt 0.750000 0.488957
vt 0.773421 0.487806
vt 0.773524 0.488844
vt 0.750000 0.489999
vt 0.999990 0.500000
vt 0.984375 0.500000
vt 0.984375 0.505246
vt 1.000000 0.505246
vt 0.882757 0.448685
vt 0.901593 0.434716
vt 0.902254 0.435522
vt 0.883337 0.449552
vt 0.906250 0.500000
vt 0.890625 0.500000
vt 0.918967 0.418968
vt 0.919705 0.419705
vt 0.875000 0.500000
vt 0.978667 0.319365
vt 0.984365 0.296619
vt 0.985388 0.296822
vt 0.796875 0.500000
vt 0.781250 0.500000
vt 0.726578 0.012194
vt 0.703382 0.015635
vt 0.484375 0.500000
vt 0.468750 0.500000
vt 0.680634 0.021333
vt 0.658555 0.029233
vt 0.658156 0.028270
vt 0.680332 0.020335
vt 0.453125 0.500000
vt 0.437500 0.500000
vt 0.637357 0.039259
vt 0.617242 0.051315
vt 0.636865 0.038340
vt 0.421875 0.500000
vt 0.598408 0.065284
vt 0.581032 0.081032
vt 0.375000 0.500000
vt 0.521333 0.180633
vt 0.515632 0.203393
vt 0.514612 0.203182
vt 0.520335 0.180332
vt 0.296875 0.500000
vt 0.281248 0.500000
vt 0.511044 0.250013
vt 0.512194 0.273421
vt 0.515635 0.296618
vt 0.234375 0.500000
vt 0.218750 0.500000
vt 0.521333 0.319367
vt 0.529232 0.341444
vt 0.203125 0.500000
vt 0.187500 0.500000
vt 0.637356 0.460741
vt 0.658556 0.470768
vt 0.658157 0.471730
vt 0.636865 0.461660
vt 0.078125 0.500000
vt 0.062500 0.500000
vt 0.062500 0.505246
vt 0.078125 0.505246
vt 0.000000 0.505246
vt 0.015625 0.505246
vt 0.015625 0.500000
vt 0.000010 0.500000
vt 0.726476 0.488844
vt 0.726579 0.487806
vt 0.845926 0.275703
vt 0.846926 0.276000
vt 0.820223 0.179777
vt 0.820962 0.179039
vt 0.724297 0.154074
vt 0.724027 0.153065
vt 0.654074 0.224297
vt 0.653074 0.223999
vt 0.679777 0.320223
vt 0.679039 0.320962
vt 0.736900 0.349496
vt 0.737038 0.348461
vt 0.000000 0.807143
vt 0.000000 0.806243
vt 0.750000 0.488957
vt 0.773423 0.487806
vt 0.773524 0.488844
vt 0.999990 0.500000
vt 0.901591 0.434717
vt 0.918968 0.418968
vt 0.919705 0.419705
vt 0.902254 0.435522
vt 0.890625 0.500000
vt 0.875000 0.500000
vt 0.862644 0.039259
vt 0.863135 0.038340
vt 0.578125 0.500000
vt 0.578125 0.505246
vt 0.726579 0.012194
vt 0.703383 0.015635
vt 0.703179 0.014612
vt 0.726476 0.011156
vt 0.484375 0.500000
vt 0.468750 0.500000
vt 0.680635 0.021333
vt 0.658556 0.029232
vt 0.658157 0.028269
vt 0.680332 0.020335
vt 0.437500 0.500000
vt 0.637356 0.039259
vt 0.636865 0.038340
vt 0.421875 0.500000
vt 0.296875 0.500000
vt 0.281248 0.500000
vt 0.512194 0.273422
vt 0.234375 0.500000
vt 0.218750 0.500000
vt 0.539259 0.362643
vt 0.551315 0.382757
vt 0.550448 0.383337
vt 0.538339 0.363135
vt 0.171875 0.500000
vt 0.156250 0.500000
vt 0.598408 0.434716
vt 0.617242 0.448685
vt 0.616664 0.449552
vt 0.597746 0.435522
vt 0.109375 0.500000
vt 0.093750 0.500000
vt 0.093750 0.505246
vt 0.109375 0.505246
vt 0.015625 0.500000
vt 0.726476 0.488844
vt 0.726577 0.487806
vt 0.836005 0.299655
vt 0.836909 0.300177
vt 0.836005 0.200345
vt 0.836910 0.199823
vt 0.750000 0.150690
vt 0.750000 0.149645
vt 0.663995 0.200345
vt 0.663090 0.199822
vt 0.663995 0.299655
vt 0.663091 0.300178
vt 0.796618 0.484365
vt 0.819367 0.478667
vt 0.819668 0.479665
vt 0.796821 0.485388
vt 0.953125 0.500000
vt 0.841444 0.470767
vt 0.841843 0.471730
vt 0.970768 0.341444
vt 0.978667 0.319367
vt 0.979665 0.319668
vt 0.971731 0.341843
vt 0.812500 0.500000
vt 0.796875 0.500000
vt 0.565284 0.401592
vt 0.581032 0.418968
vt 0.580295 0.419705
vt 0.564478 0.402254
vt 0.140625 0.500000
vt 0.125000 0.500000
vt 0.125000 0.505246
vt 0.140625 0.505246
vt 0.598407 0.434716
vt 0.617243 0.448685
vt 0.616663 0.449552
vt 0.597746 0.435522
vt 0.109375 0.500000
vt 0.093750 0.500000
vt 0.680635 0.478667
vt 0.703382 0.484365
vt 0.703179 0.485388
vt 0.680332 0.479665
vt 0.046875 0.500000
vt 0.031250 0.500000
vt 0.031250 0.505246
vt 0.046875 0.505246
vt 0.625000 0.499946
vt 0.625000 0.500075
vt 0.156681 0.695276
vt 0.156186 0.693759
vt 0.156235 0.693734
vt 0.156727 0.695238
vt 0.305555 0.638889
vt 0.157393 0.696598
vt 0.157353 0.696646
vt 0.161333 0.699929
vt 0.160201 0.699496
vt 0.160220 0.699426
vt 0.161342 0.699855
vt 0.162500 0.700000
vt 0.162500 0.700075
vt 0.194181 0.635081
vt 0.194852 0.633711
vt 0.194893 0.633759
vt 0.194226 0.635119
vt 0.138889 0.638889
vt 0.805466 0.638889
vt 0.206266 0.687224
vt 0.206322 0.687235
vt 0.242647 0.684306
vt 0.243309 0.685655
vt 0.243272 0.685712
vt 0.242607 0.684354
vt 0.861111 0.638889
vt 0.833382 0.638889
vt 0.234140 0.682163
vt 0.234167 0.682228
vt 0.230883 0.692143
vt 0.230935 0.692130
vt 0.198833 0.681023
vt 0.200000 0.680877
vt 0.200000 0.680953
vt 0.198842 0.681097
vt 0.197720 0.681527
vt 0.197702 0.681456
vt 0.206265 0.643138
vt 0.206314 0.643164
vt 0.202299 0.598305
vt 0.202280 0.598235
vt 0.306187 0.687190
vt 0.306681 0.685677
vt 0.306726 0.685714
vt 0.306235 0.687219
vt 0.276166 0.649332
vt 0.276158 0.649260
vt 0.344853 0.684307
vt 0.345681 0.683123
vt 0.345715 0.683181
vt 0.344893 0.684355
vt 0.315833 0.597534
vt 0.316785 0.596581
vt 0.316819 0.596639
vt 0.315860 0.597599
vt 0.343686 0.592569
vt 0.343735 0.592543
vt 0.344227 0.594048
vt 0.344181 0.594086
vt 0.351165 0.598740
vt 0.350001 0.598885
vt 0.350000 0.598810
vt 0.351158 0.598665
vt 0.350000 0.630357
vt 0.350000 0.630282
vt 0.345715 0.647176
vt 0.345681 0.647234
vt 0.354321 0.697828
vt 0.353356 0.698792
vt 0.353333 0.698724
vt 0.354286 0.697772
vt 0.355107 0.696598
vt 0.355147 0.696646
vt 0.356565 0.638227
vt 0.356265 0.636624
vt 0.356314 0.636598
vt 0.356617 0.638214
vt 0.352280 0.598235
vt 0.352299 0.598305
vt 0.355819 0.594085
vt 0.355147 0.595456
vt 0.355107 0.595408
vt 0.355773 0.594047
vt 0.638889 0.640288
vt 0.356265 0.592543
vt 0.356314 0.592569
vt 0.346641 0.580973
vt 0.347702 0.580266
vt 0.347720 0.580336
vt 0.346667 0.581038
vt 0.306681 0.584486
vt 0.307353 0.583116
vt 0.307393 0.583164
vt 0.306726 0.584524
vt 0.239798 0.699497
vt 0.239780 0.699425
vt 0.583333 0.638889
vt 0.240833 0.698724
vt 0.240860 0.698789
vt 0.273833 0.699929
vt 0.273842 0.699855
vt 0.279319 0.697830
vt 0.279285 0.697772
vt 0.280107 0.696598
vt 0.280147 0.696646
vt 0.281314 0.693759
vt 0.281265 0.693733
vt 0.315860 0.698789
vt 0.315833 0.698724
vt 0.319117 0.688809
vt 0.319065 0.688822
vt 0.280147 0.646051
vt 0.280107 0.646003
vt 0.280147 0.633711
vt 0.280819 0.635081
vt 0.280773 0.635119
vt 0.280107 0.633759
vt 0.861111 0.640288
vt 0.272720 0.630932
vt 0.272702 0.630861
vt 0.306186 0.643164
vt 0.306235 0.643139
vt 0.306727 0.644643
vt 0.306681 0.644681
vt 0.314798 0.648901
vt 0.313667 0.649334
vt 0.313658 0.649260
vt 0.314780 0.648830
vt 0.343434 0.692130
vt 0.343383 0.692143
vt 0.500002 0.638889
vt 0.312500 0.598809
vt 0.312505 0.598885
vt 0.272702 0.681456
vt 0.273833 0.681023
vt 0.273842 0.681097
vt 0.272720 0.681527
vt 0.268687 0.687190
vt 0.268735 0.687219
vt 0.238667 0.630428
vt 0.239798 0.630861
vt 0.239780 0.630932
vt 0.238658 0.630502
vt 0.972222 0.638889
vt 0.237500 0.630357
vt 0.237500 0.630282
vt 0.233215 0.596581
vt 0.234167 0.597534
vt 0.234140 0.597599
vt 0.233181 0.596639
vt 0.198833 0.579833
vt 0.200000 0.579687
vt 0.200000 0.579762
vt 0.198842 0.579907
vt 0.197720 0.580336
vt 0.197702 0.580266
vt 0.243319 0.584485
vt 0.243812 0.585997
vt 0.243765 0.586029
vt 0.243274 0.584524
vt 0.805555 0.638889
vt 0.242607 0.583164
vt 0.242647 0.583116
vt 0.238667 0.579833
vt 0.239798 0.580266
vt 0.239780 0.580336
vt 0.238658 0.579907
vt 0.972222 0.640288
vt 0.237500 0.579762
vt 0.237500 0.579687
vt 0.202280 0.630932
vt 0.202298 0.630861
vt 0.194181 0.584486
vt 0.194852 0.583116
vt 0.194893 0.583164
vt 0.194226 0.584524
vt 0.195715 0.697772
vt 0.195681 0.697830
vt 0.202298 0.699497
vt 0.202280 0.699426
vt 0.841785 0.632585
vt 0.840833 0.631633
vt 0.840861 0.631569
vt 0.841819 0.632528
vt 0.843765 0.636624
vt 0.843814 0.636598
vt 0.806565 0.688822
vt 0.806617 0.688809
vt 0.803359 0.682163
vt 0.803333 0.682228
vt 0.802280 0.681527
vt 0.802298 0.681456
vt 0.795681 0.683123
vt 0.795715 0.683181
vt 0.860953 0.861111
vt 0.794889 0.684362
vt 0.794817 0.684357
vt 0.798842 0.649260
vt 0.800000 0.649405
vt 0.800000 0.649480
vt 0.798833 0.649334
vt 0.805107 0.646003
vt 0.805147 0.646051
vt 0.806314 0.643164
vt 0.805819 0.644680
vt 0.805773 0.644643
vt 0.806265 0.643138
vt 0.833168 0.632547
vt 0.833213 0.632587
vt 0.888838 0.861111
vt 0.836333 0.681023
vt 0.837500 0.680877
vt 0.837500 0.680952
vt 0.836342 0.681097
vt 0.835220 0.681527
vt 0.835202 0.681456
vt 0.833181 0.683123
vt 0.833215 0.683180
vt 0.833117 0.582011
vt 0.833206 0.582002
vt 0.888612 0.861111
vt 0.784739 0.639881
vt 0.784792 0.639881
vt 0.315000 0.629630
vt 0.316244 0.629630
vt 0.794181 0.594085
vt 0.793686 0.592569
vt 0.793736 0.592543
vt 0.794226 0.594047
vt 0.666667 0.861111
vt 0.666667 0.859712
vt 0.794893 0.595408
vt 0.794853 0.595456
vt 0.798833 0.598739
vt 0.797702 0.598306
vt 0.797720 0.598235
vt 0.798842 0.598665
vt 0.800000 0.598810
vt 0.800000 0.598885
vt 0.794181 0.644681
vt 0.793686 0.643164
vt 0.793735 0.643138
vt 0.794226 0.644643
vt 0.794893 0.646003
vt 0.794853 0.646051
vt 0.797702 0.648901
vt 0.797719 0.648830
vt 0.316244 0.708333
vt 0.784792 0.690476
vt 0.784739 0.690476
vt 1.000000 0.859712
vt 1.000000 0.861111
vt 0.762500 0.680952
vt 0.761342 0.681097
vt 0.761333 0.681023
vt 0.762500 0.680877
vt 0.709739 0.690476
vt 0.709792 0.690476
vt 0.316244 0.708333
vt 0.718735 0.643139
vt 0.718686 0.643164
vt 0.688667 0.681023
vt 0.689798 0.681456
vt 0.689780 0.681527
vt 0.688658 0.681098
vt 0.693319 0.635081
vt 0.693814 0.636598
vt 0.693765 0.636624
vt 0.693273 0.635119
vt 0.166666 0.861111
vt 0.194444 0.859712
vt 0.166666 0.859712
vt 0.718281 0.589286
vt 0.718382 0.587619
vt 0.718434 0.587632
vt 0.718333 0.589286
vt 0.718434 0.590939
vt 0.718382 0.590953
vt 0.721640 0.597599
vt 0.720681 0.596639
vt 0.720715 0.596581
vt 0.721667 0.597534
vt 0.183756 0.546586
vt 0.185000 0.546585
vt 0.715208 0.586495
vt 0.715261 0.586489
vt 0.690859 0.597599
vt 0.689800 0.598305
vt 0.689780 0.598235
vt 0.690833 0.597533
vt 0.691785 0.596581
vt 0.691819 0.596638
vt 0.693813 0.592568
vt 0.693319 0.594085
vt 0.693274 0.594048
vt 0.693764 0.592543
vt 0.250001 0.861111
vt 0.656667 0.690476
vt 0.656565 0.688822
vt 0.656617 0.688806
vt 0.656719 0.690483
vt 0.655107 0.684354
vt 0.654285 0.683181
vt 0.654319 0.683123
vt 0.655147 0.684306
vt 0.656565 0.638227
vt 0.656265 0.636624
vt 0.656314 0.636598
vt 0.656617 0.638214
vt 0.652298 0.630861
vt 0.652280 0.630931
vt 0.651158 0.630502
vt 0.651167 0.630428
vt 0.651167 0.598739
vt 0.649999 0.598885
vt 0.650000 0.598810
vt 0.651158 0.598665
vt 0.472222 0.861111
vt 0.472222 0.859712
vt 0.652281 0.598235
vt 0.652298 0.598306
vt 0.681680 0.594085
vt 0.681186 0.592569
vt 0.681235 0.592543
vt 0.681726 0.594047
vt 0.682393 0.595407
vt 0.682352 0.595456
vt 0.686333 0.598739
vt 0.685201 0.598306
vt 0.685220 0.598235
vt 0.686342 0.598665
vt 0.687500 0.598809
vt 0.687502 0.598885
vt 0.688667 0.630428
vt 0.689820 0.630869
vt 0.689782 0.630933
vt 0.688658 0.630502
vt 0.027777 0.861111
vt 0.055618 0.861111
vt 0.027777 0.859712
vt 0.687500 0.630357
vt 0.687500 0.630282
vt 0.681681 0.635081
vt 0.682353 0.633711
vt 0.682393 0.633759
vt 0.681727 0.635119
vt 0.681236 0.636624
vt 0.681186 0.636598
vt 0.680781 0.690476
vt 0.680883 0.688809
vt 0.680934 0.688822
vt 0.680833 0.690476
vt 0.722198 0.861111
vt 0.680935 0.692132
vt 0.680884 0.692160
vt 0.655819 0.584486
vt 0.655773 0.584524
vt 0.655107 0.583164
vt 0.655147 0.583115
vt 0.646640 0.580973
vt 0.647702 0.580265
vt 0.647720 0.580336
vt 0.646666 0.581038
vt 0.916667 0.859712
vt 0.645715 0.581990
vt 0.645681 0.581932
vt 0.643736 0.592543
vt 0.643686 0.592569
vt 0.643686 0.636598
vt 0.643735 0.636624
vt 0.643435 0.638227
vt 0.643383 0.638214
vt 0.646667 0.648129
vt 0.646641 0.648194
vt 0.645681 0.647234
vt 0.645715 0.647177
vt 0.656618 0.692140
vt 0.656565 0.692130
vt 0.683180 0.697829
vt 0.683215 0.697772
vt 0.684166 0.698724
vt 0.684140 0.698789
vt 0.693319 0.695276
vt 0.692647 0.696647
vt 0.692607 0.696598
vt 0.693274 0.695238
vt 0.718686 0.693759
vt 0.718735 0.693733
vt 0.729319 0.697830
vt 0.729285 0.697772
vt 0.756681 0.695276
vt 0.756185 0.693759
vt 0.756235 0.693733
vt 0.756727 0.695238
vt 0.757393 0.696598
vt 0.757353 0.696647
vt 0.800000 0.700075
vt 0.798833 0.699929
vt 0.798843 0.699855
vt 0.800000 0.700000
vt 0.839798 0.699496
vt 0.838667 0.699929
vt 0.838658 0.699855
vt 0.839780 0.699426
vt 0.731565 0.587632
vt 0.731264 0.586028
vt 0.731314 0.586003
vt 0.731618 0.587621
vt 0.729285 0.581990
vt 0.728333 0.581038
vt 0.728359 0.580972
vt 0.729319 0.581932
vt 0.728359 0.682163
vt 0.728333 0.682228
vt 0.721640 0.682164
vt 0.722702 0.681456
vt 0.722720 0.681527
vt 0.721666 0.682228
vt 0.720711 0.683185
vt 0.720652 0.683152
vt 0.727298 0.648901
vt 0.726167 0.649334
vt 0.726158 0.649260
vt 0.727280 0.648831
vt 0.416666 0.859712
vt 0.728334 0.648129
vt 0.728360 0.648194
vt 0.731720 0.639881
vt 0.731617 0.641548
vt 0.731565 0.641535
vt 0.731667 0.639881
vt 0.731565 0.638227
vt 0.731617 0.638214
vt 0.766819 0.596639
vt 0.766785 0.596581
vt 0.762500 0.579762
vt 0.762500 0.579687
vt 0.760202 0.580266
vt 0.760220 0.580336
vt 0.944444 0.859712
vt 0.766819 0.697829
vt 0.766043 0.698605
vt 0.765937 0.698621
vt 0.766785 0.697772
vt 0.413653 0.861111
vt 0.414036 0.859712
vt 0.767607 0.696598
vt 0.767647 0.696646
vt 0.316222 0.505442
vt 0.822292 0.560119
vt 0.822239 0.560044
vt 0.194444 0.859712
vt 0.806265 0.586028
vt 0.806314 0.586002
vt 0.804319 0.581933
vt 0.805147 0.583115
vt 0.805107 0.583164
vt 0.804285 0.581990
vt 0.083295 0.861111
vt 0.803332 0.581037
vt 0.803347 0.580960
vt 0.836333 0.579832
vt 0.837500 0.579687
vt 0.837500 0.579762
vt 0.836342 0.579906
vt 0.972222 0.859712
vt 0.835220 0.580336
vt 0.835202 0.580266
vt 0.822239 0.693663
vt 0.822292 0.693655
vt 0.315000 0.713278
vt 0.316243 0.713276
vt 0.841785 0.581990
vt 0.840833 0.581038
vt 0.840858 0.580972
vt 0.841819 0.581933
vt 0.836333 0.630428
vt 0.837500 0.630282
vt 0.837500 0.630357
vt 0.836342 0.630502
vt 0.944402 0.861111
vt 0.835219 0.630933
vt 0.835186 0.630867
vt 0.843814 0.693759
vt 0.843765 0.693733
vt 0.305555 0.861111
vt 0.305555 0.859712
vt 0.502865 0.352437
vt 0.514782 0.351068
vt 0.514911 0.351115
vt 0.503017 0.352481
vt 0.343750 0.583333
vt 0.328125 0.583333
vt 0.328125 0.584383
vt 0.343750 0.584383
vt 0.359375 0.584383
vt 0.359375 0.583333
vt 0.491879 0.354064
vt 0.491705 0.354024
vt 0.609375 0.584383
vt 0.609375 0.583333
vt 0.472292 0.392181
vt 0.472080 0.392215
vt 0.718750 0.584383
vt 0.718750 0.583333
vt 0.553955 0.401563
vt 0.553901 0.401614
vt 0.640625 0.748951
vt 0.640625 0.750000
vt 0.491879 0.854064
vt 0.491705 0.854024
vt 0.481411 0.855812
vt 0.481604 0.855849
vt 0.625000 0.748951
vt 0.514782 0.898932
vt 0.502865 0.897563
vt 0.503017 0.897519
vt 0.514911 0.898885
vt 0.328125 0.750000
vt 0.343750 0.750000
vt 0.343750 0.748951
vt 0.328125 0.748951
vt 0.312500 0.748951
vt 0.312500 0.750000
vt 0.527447 0.900022
vt 0.527342 0.900070
vt 0.234375 0.748951
vt 0.234375 0.750000
vt 0.595372 0.901953
vt 0.595399 0.902005
vt 0.561195 0.299499
vt 0.561224 0.299547
vt 0.488674 0.300594
vt 0.488729 0.300631
vt 0.556882 0.305474
vt 0.556694 0.304826
vt 0.556770 0.304819
vt 0.556957 0.305461
vt 0.541667 0.750000
vt 0.520834 0.750000
vt 0.520834 0.750899
vt 0.489401 0.300158
vt 0.490206 0.299791
vt 0.490244 0.299837
vt 0.489448 0.300200
vt 0.570856 0.302233
vt 0.571167 0.302859
vt 0.571092 0.302873
vt 0.570785 0.302253
vt 0.568479 0.449800
vt 0.569198 0.449369
vt 0.569253 0.449406
vt 0.568526 0.449842
vt 0.570784 0.443920
vt 0.570855 0.443900
vt 0.565938 0.440953
vt 0.565918 0.441004
vt 0.501233 0.445172
vt 0.501296 0.445836
vt 0.501220 0.445833
vt 0.501157 0.445181
vt 0.020834 0.750899
vt 0.500970 0.444539
vt 0.501044 0.444526
vt 0.496702 0.441214
vt 0.496732 0.441166
vt 0.493903 0.440781
vt 0.494868 0.440824
vt 0.494857 0.440876
vt 0.493903 0.440833
vt 0.492947 0.440876
vt 0.492938 0.440824
vt 0.486648 0.446486
vt 0.486835 0.447128
vt 0.486760 0.447141
vt 0.486572 0.446493
vt 0.487072 0.447767
vt 0.487143 0.447747
vt 0.486585 0.304167
vt 0.486648 0.304819
vt 0.486572 0.304826
vt 0.486508 0.304167
vt 0.487499 0.306693
vt 0.487071 0.306100
vt 0.487142 0.306080
vt 0.487566 0.306667
vt 0.488097 0.307210
vt 0.488036 0.307243
vt 0.497600 0.308542
vt 0.497561 0.308497
vt 0.833333 0.750000
vt 0.833333 0.750899
vt 0.498357 0.308134
vt 0.498404 0.308175
vt 0.493903 0.450886
vt 0.493902 0.450833
vt 0.494858 0.450791
vt 0.494868 0.450843
vt 0.567721 0.450209
vt 0.567683 0.450163
vt 0.569157 0.792604
vt 0.567474 0.792316
vt 0.567489 0.792264
vt 0.569180 0.792554
vt 0.580946 0.800659
vt 0.580361 0.799543
vt 0.580432 0.799523
vt 0.581020 0.800644
vt 0.921875 0.994754
vt 0.579620 0.798471
vt 0.579687 0.798446
vt 0.576528 0.795623
vt 0.576582 0.795585
vt 0.875000 0.994754
vt 0.576528 0.937289
vt 0.576583 0.937253
vt 0.734375 0.994754
vt 0.718750 0.994754
vt 0.718750 1.000000
vt 0.734375 1.000000
vt 0.562291 0.933808
vt 0.560575 0.933982
vt 0.560560 0.933931
vt 0.562284 0.933756
vt 0.640625 0.994754
vt 0.625000 0.994754
vt 0.640625 1.000000
vt 0.552807 0.936493
vt 0.551521 0.937289
vt 0.551466 0.937252
vt 0.552758 0.936452
vt 0.550355 0.938168
vt 0.550295 0.938134
vt 0.640625 0.994754
vt 0.482684 0.936493
vt 0.482636 0.936451
vt 0.481399 0.937289
vt 0.481345 0.937252
vt 0.476305 0.802982
vt 0.476228 0.802977
vt 0.476220 0.804167
vt 0.476142 0.804167
vt 0.476305 0.805351
vt 0.476228 0.805356
vt 0.437500 0.994754
vt 0.477566 0.808791
vt 0.478308 0.809863
vt 0.478240 0.809888
vt 0.477495 0.808810
vt 0.343750 0.994754
vt 0.343750 1.000000
vt 0.484078 0.814214
vt 0.484036 0.814258
vt 0.488769 0.815729
vt 0.488747 0.815779
vt 0.492169 0.792141
vt 0.492162 0.792089
vt 0.718750 0.994754
vt 0.490453 0.792316
vt 0.490438 0.792264
vt 0.482684 0.794826
vt 0.481399 0.795622
vt 0.481344 0.795585
vt 0.482636 0.794785
vt 0.548429 0.798470
vt 0.547687 0.799543
vt 0.547616 0.799522
vt 0.548362 0.798446
vt 0.547103 0.800659
vt 0.547029 0.800644
vt 0.546681 0.801810
vt 0.546606 0.801799
vt 0.836005 0.299655
vt 0.836909 0.300178
vt 0.836005 0.200345
vt 0.836910 0.199822
vt 0.750000 0.150690
vt 0.750000 0.149645
vt 0.663995 0.200345
vt 0.663090 0.199823
vt 0.663995 0.299655
vt 0.663091 0.300177
vt 0.484375 0.500000
vt 0.539259 0.137356
vt 0.529232 0.158556
vt 0.528270 0.158157
vt 0.538340 0.136865
vt 0.328125 0.500000
vt 0.312500 0.500000
vt 0.312500 0.505246
vt 0.328125 0.505246
vt 0.521333 0.180633
vt 0.515632 0.203393
vt 0.296875 0.500000
vt 0.281248 0.500000
vt 0.565284 0.401592
vt 0.581032 0.418968
vt 0.580295 0.419705
vt 0.140625 0.500000
vt 0.125000 0.500000
vt 0.598408 0.434717
vt 0.617242 0.448685
vt 0.616663 0.449552
vt 0.597746 0.435522
vt 0.109375 0.500000
vt 0.093750 0.500000
vt 0.637356 0.460741
vt 0.658555 0.470767
vt 0.658156 0.471730
vt 0.636865 0.461660
vt 0.078125 0.500000
vt 0.062500 0.500000
vt 0.680635 0.478667
vt 0.703383 0.484365
vt 0.680332 0.479665
vt 0.046875 0.500000
vt 0.031250 0.500000
vt 0.810457 0.328788
vt 0.811092 0.329617
vt 0.848461 0.237037
vt 0.849496 0.236902
vt 0.788004 0.158249
vt 0.788405 0.157285
vt 0.689544 0.171212
vt 0.688908 0.170383
vt 0.651539 0.262963
vt 0.650504 0.263100
vt 0.711996 0.341751
vt 0.711595 0.342715
vt 0.796618 0.484365
vt 0.968750 0.500000
vt 0.565284 0.098408
vt 0.551315 0.117242
vt 0.359375 0.500000
vt 0.343750 0.500000
vt 0.539259 0.137356
vt 0.529232 0.158556
vt 0.328125 0.500000
vt 0.312500 0.500000
vt 0.539259 0.362644
vt 0.171875 0.500000
vt 0.565283 0.401592
vt 0.581032 0.418968
vt 0.580295 0.419705
vt 0.125000 0.500000
vt 0.598408 0.434716
vt 0.617242 0.448685
vt 0.597746 0.435522
vt 0.093750 0.500000
vt 0.680633 0.478667
vt 0.703382 0.484365
vt 0.680332 0.479665
vt 0.046875 0.500000
vt 0.031250 0.500000
vt 0.788005 0.341751
vt 0.788405 0.342716
vt 0.849504 0.263041
vt 0.810457 0.171212
vt 0.811092 0.170383
vt 0.711995 0.158249
vt 0.711595 0.157285
vt 0.651539 0.237037
vt 0.650496 0.236959
vt 0.689544 0.328788
vt 0.688908 0.329617
vt 0.862644 0.460741
vt 0.882758 0.448685
vt 0.883337 0.449552
vt 0.863135 0.461660
vt 0.960741 0.362644
vt 0.970768 0.341444
vt 0.961660 0.363135
vt 0.828125 0.500000
vt 0.960741 0.137356
vt 0.948685 0.117242
vt 0.949552 0.116664
vt 0.961660 0.136865
vt 0.671875 0.500000
vt 0.934716 0.098408
vt 0.640625 0.500000
vt 0.581032 0.081032
vt 0.580295 0.080295
vt 0.375000 0.500000
vt 0.343750 0.500000
vt 0.539259 0.137357
vt 0.529233 0.158555
vt 0.528270 0.158156
vt 0.538339 0.136865
vt 0.312500 0.500000
vt 0.511044 0.250011
vt 0.521332 0.319365
vt 0.529233 0.341445
vt 0.528270 0.341844
vt 0.520335 0.319668
vt 0.203125 0.500000
vt 0.187500 0.500000
vt 0.581032 0.418968
vt 0.580295 0.419705
vt 0.125000 0.500000
vt 0.637356 0.460741
vt 0.658555 0.470767
vt 0.636865 0.461660
vt 0.078125 0.500000
vt 0.062500 0.500000
vt 0.680635 0.478667
vt 0.703383 0.484365
vt 0.046875 0.500000
vt 0.763100 0.349496
vt 0.750000 0.350355
vt 0.750000 0.349310
vt 0.762963 0.348461
vt 0.775973 0.346935
vt 0.841751 0.288004
vt 0.842716 0.288405
vt 0.828789 0.189544
vt 0.829617 0.188908
vt 0.737038 0.151539
vt 0.736900 0.150504
vt 0.658249 0.211995
vt 0.657285 0.211596
vt 0.671212 0.310456
vt 0.882758 0.448685
vt 0.901592 0.434716
vt 0.902254 0.435522
vt 0.883337 0.449552
vt 0.906250 0.500000
vt 0.984368 0.296606
vt 0.985388 0.296818
vt 0.781248 0.500000
vt 0.970767 0.158556
vt 0.971731 0.158157
vt 0.687500 0.500000
vt 0.656250 0.500000
vt 0.637356 0.460741
vt 0.658556 0.470768
vt 0.658157 0.471731
vt 0.636865 0.461660
vt 0.078125 0.500000
vt 0.062500 0.500000
vt 0.126574 0.511905
vt 0.126574 0.738095
vt 0.125000 0.738095
vt 0.125000 0.511905
vt 0.375000 0.238095
vt 0.375000 0.011905
vt 0.376574 0.011905
vt 0.376574 0.238095
vt 0.625000 0.999948
vt 0.625000 0.000000
vt 0.625000 0.000075
vt 0.376574 0.758333
vt 0.376574 0.991667
vt 0.375000 0.991667
vt 0.375000 0.758333
vt 0.366667 0.750000
vt 0.133333 0.750000
vt 0.133333 0.749925
vt 0.366667 0.749925
vt 0.375000 0.750000
vt 0.158215 0.697772
vt 0.159167 0.698724
vt 0.159142 0.698791
vt 0.158180 0.697829
vt 0.155781 0.690476
vt 0.155833 0.690476
vt 0.155935 0.692130
vt 0.155883 0.692143
vt 0.165860 0.698789
vt 0.164798 0.699496
vt 0.164780 0.699426
vt 0.165833 0.698724
vt 0.166785 0.697772
vt 0.166819 0.697830
vt 0.168319 0.695276
vt 0.167647 0.696646
vt 0.167607 0.696598
vt 0.168274 0.695238
vt 0.168765 0.693734
vt 0.168814 0.693760
vt 0.235202 0.681456
vt 0.235220 0.681527
vt 0.205147 0.684305
vt 0.205107 0.684354
vt 0.206314 0.592569
vt 0.206265 0.592543
vt 0.231186 0.636598
vt 0.231236 0.636624
vt 0.235202 0.648901
vt 0.235220 0.648831
vt 0.444444 0.638889
vt 0.236342 0.649260
vt 0.236333 0.649335
vt 0.318765 0.592543
vt 0.318814 0.592569
vt 0.388889 0.640288
vt 0.345715 0.596581
vt 0.346667 0.597534
vt 0.346640 0.597599
vt 0.345681 0.596639
vt 0.916597 0.638889
vt 0.353336 0.631636
vt 0.353382 0.631583
vt 0.343281 0.639881
vt 0.343383 0.638214
vt 0.343435 0.638227
vt 0.343333 0.639881
vt 0.343434 0.641535
vt 0.343383 0.641548
vt 0.355147 0.684306
vt 0.355107 0.684354
vt 0.355773 0.635119
vt 0.355819 0.635082
vt 0.351167 0.579832
vt 0.352298 0.580265
vt 0.352280 0.580336
vt 0.351158 0.579907
vt 0.350000 0.579762
vt 0.350000 0.579687
vt 0.311333 0.579832
vt 0.311342 0.579907
vt 0.310220 0.580336
vt 0.310202 0.580265
vt 0.243273 0.695238
vt 0.243319 0.695276
vt 0.318814 0.693759
vt 0.318765 0.693734
vt 0.319065 0.692130
vt 0.319117 0.692143
vt 0.314798 0.681456
vt 0.315860 0.682163
vt 0.315833 0.682229
vt 0.314780 0.681527
vt 0.313657 0.681097
vt 0.313666 0.681023
vt 0.310220 0.681527
vt 0.310202 0.681456
vt 0.281617 0.641547
vt 0.281565 0.641535
vt 0.244220 0.589277
vt 0.244117 0.590953
vt 0.244065 0.590940
vt 0.244167 0.589286
vt 0.750005 0.638889
vt 0.777752 0.638889
vt 0.244065 0.587633
vt 0.244119 0.587636
vt 0.268333 0.589286
vt 0.268435 0.590940
vt 0.268383 0.590954
vt 0.268281 0.589282
vt 0.196091 0.640288
vt 0.195972 0.638889
vt 0.306219 0.636712
vt 0.305934 0.638227
vt 0.305883 0.638214
vt 0.306176 0.636652
vt 0.318329 0.644662
vt 0.317647 0.646051
vt 0.317607 0.646003
vt 0.318274 0.644641
vt 0.666705 0.638889
vt 0.347701 0.699496
vt 0.346641 0.698790
vt 0.346667 0.698725
vt 0.347719 0.699425
vt 0.308181 0.632528
vt 0.309141 0.631568
vt 0.309167 0.631633
vt 0.308215 0.632586
vt 0.307393 0.633759
vt 0.307353 0.633711
vt 0.308215 0.596581
vt 0.308181 0.596639
vt 0.268382 0.587621
vt 0.268435 0.587632
vt 0.270681 0.581933
vt 0.270715 0.581990
vt 0.279352 0.683156
vt 0.280091 0.684211
vt 0.280098 0.684342
vt 0.279289 0.683186
vt 0.888766 0.638889
vt 0.861400 0.638889
vt 0.275000 0.680877
vt 0.276167 0.681023
vt 0.276158 0.681097
vt 0.275000 0.680952
vt 1.000000 0.638889
vt 1.000000 0.640288
vt 0.243319 0.635081
vt 0.243814 0.636598
vt 0.243765 0.636623
vt 0.243273 0.635119
vt 0.242607 0.633759
vt 0.242647 0.633711
vt 0.240860 0.631568
vt 0.241819 0.632528
vt 0.241785 0.632586
vt 0.240833 0.631633
vt 0.269226 0.635119
vt 0.269181 0.635081
vt 0.269226 0.695238
vt 0.269181 0.695276
vt 0.231186 0.586002
vt 0.231235 0.586028
vt 0.240860 0.580973
vt 0.241819 0.581933
vt 0.241785 0.581990
vt 0.240833 0.581038
vt 0.200000 0.630282
vt 0.200000 0.630357
vt -0.000000 0.638889
vt -0.000000 0.640288
vt 0.158180 0.581933
vt 0.158215 0.581990
vt 0.158181 0.632527
vt 0.158215 0.632585
vt 0.839796 0.630860
vt 0.839780 0.630931
vt 0.843319 0.644681
vt 0.843273 0.644643
vt 0.806265 0.687219
vt 0.806314 0.687193
vt 0.801167 0.681023
vt 0.801158 0.681097
vt 0.800000 0.680952
vt 0.800000 0.680877
vt 0.830780 0.589286
vt 0.830882 0.587619
vt 0.830934 0.587632
vt 0.830833 0.589286
vt 0.830934 0.590940
vt 0.830883 0.590953
vt 0.834141 0.597599
vt 0.833181 0.596639
vt 0.833215 0.596581
vt 0.834167 0.597534
vt 0.830781 0.639881
vt 0.830883 0.638214
vt 0.830935 0.638227
vt 0.830833 0.639881
vt 0.750000 0.859712
vt 0.830935 0.641535
vt 0.830883 0.641548
vt 0.833181 0.647234
vt 0.833215 0.647177
vt 0.834167 0.648129
vt 0.834140 0.648194
vt 0.838658 0.681097
vt 0.838667 0.681023
vt 0.830781 0.690476
vt 0.830883 0.688811
vt 0.830935 0.688822
vt 0.830833 0.690476
vt 0.802298 0.598306
vt 0.801167 0.598739
vt 0.801158 0.598665
vt 0.802280 0.598235
vt 0.806314 0.592569
vt 0.806265 0.592543
vt 0.803333 0.631633
vt 0.803360 0.631568
vt 0.798833 0.630428
vt 0.800000 0.630282
vt 0.800000 0.630357
vt 0.798842 0.630502
vt 0.797720 0.630931
vt 0.797702 0.630861
vt 0.747239 0.690476
vt 0.747239 0.653898
vt 0.747292 0.653825
vt 0.747292 0.690476
vt 0.315000 0.651320
vt 0.316244 0.651301
vt 0.316244 0.708333
vt 0.769167 0.690476
vt 0.769065 0.688822
vt 0.769117 0.688809
vt 0.769219 0.690476
vt 0.766819 0.683123
vt 0.767648 0.684306
vt 0.767607 0.684355
vt 0.766785 0.683181
vt 0.765833 0.682228
vt 0.765860 0.682163
vt 0.756681 0.685676
vt 0.757353 0.684306
vt 0.757393 0.684354
vt 0.756727 0.685714
vt 0.756235 0.687219
vt 0.756186 0.687193
vt 0.693319 0.685677
vt 0.693273 0.685714
vt 0.730147 0.595456
vt 0.730107 0.595408
vt 0.088057 0.859712
vt 0.088107 0.861111
vt 0.728497 0.631797
vt 0.728537 0.631746
vt 0.718686 0.636598
vt 0.719181 0.635081
vt 0.719226 0.635119
vt 0.718736 0.636624
vt 0.718436 0.638222
vt 0.718391 0.638170
vt 0.651167 0.649334
vt 0.651157 0.649260
vt 0.652280 0.648831
vt 0.652298 0.648901
vt 0.654319 0.596639
vt 0.654285 0.596581
vt 0.683117 0.582011
vt 0.683207 0.582002
vt 0.888612 0.861111
vt 0.683214 0.647176
vt 0.683181 0.647234
vt 0.681186 0.687193
vt 0.681235 0.687219
vt 0.183756 0.538234
vt 0.185000 0.538244
vt 0.715208 0.581133
vt 0.715261 0.581171
vt 0.650000 0.579762
vt 0.650000 0.579686
vt 0.644181 0.695276
vt 0.643686 0.693759
vt 0.643735 0.693734
vt 0.644227 0.695238
vt 0.644893 0.696598
vt 0.644853 0.696646
vt 0.686333 0.579832
vt 0.687500 0.579686
vt 0.687500 0.579762
vt 0.686342 0.579906
vt 0.685219 0.580336
vt 0.685202 0.580266
vt 0.644853 0.646051
vt 0.644893 0.646003
vt 0.656265 0.693734
vt 0.656314 0.693759
vt 0.715261 0.713766
vt 0.709739 0.713765
vt 0.709792 0.713690
vt 0.715208 0.713691
vt 0.316222 0.744558
vt 0.183778 0.744557
vt 0.760202 0.699496
vt 0.759140 0.698789
vt 0.759167 0.698724
vt 0.760220 0.699426
vt 0.527778 0.859712
vt 0.527778 0.861111
vt 0.761342 0.699855
vt 0.761333 0.699929
vt 0.500000 0.859712
vt 0.500000 0.861111
vt 0.762500 0.700000
vt 0.762500 0.700075
vt 0.797702 0.699496
vt 0.797720 0.699426
vt 0.833181 0.697829
vt 0.833215 0.697772
vt 0.834167 0.698724
vt 0.834140 0.698789
vt 0.648833 0.699929
vt 0.647700 0.699496
vt 0.647720 0.699425
vt 0.648842 0.699855
vt 0.650000 0.700000
vt 0.650000 0.700075
vt 0.653359 0.698789
vt 0.652298 0.699496
vt 0.652280 0.699426
vt 0.653333 0.698724
vt 0.655819 0.695276
vt 0.655774 0.695238
vt 0.727298 0.580265
vt 0.727280 0.580336
vt 0.726158 0.579907
vt 0.726167 0.579833
vt 0.720681 0.581932
vt 0.721640 0.580973
vt 0.721666 0.581038
vt 0.720715 0.581990
vt 0.798833 0.579833
vt 0.800000 0.579687
vt 0.800000 0.579762
vt 0.798842 0.579907
vt 0.797720 0.580336
vt 0.797702 0.580266
vt 0.795681 0.581933
vt 0.795715 0.581990
vt 0.729285 0.647177
vt 0.729319 0.647234
vt 0.731314 0.643164
vt 0.730819 0.644681
vt 0.730774 0.644643
vt 0.731265 0.643139
vt 0.729319 0.632528
vt 0.729286 0.632585
vt 0.752761 0.560044
vt 0.752761 0.583933
vt 0.752708 0.583906
vt 0.752708 0.560119
vt 0.185000 0.542557
vt 0.183756 0.542550
vt 0.183778 0.505442
vt 0.769118 0.692143
vt 0.769066 0.692130
vt 0.839799 0.580266
vt 0.839780 0.580336
vt 0.838658 0.579907
vt 0.838667 0.579832
vt 0.830935 0.692130
vt 0.830882 0.692139
vt 0.838658 0.630502
vt 0.838668 0.630428
vt 0.843764 0.586028
vt 0.843814 0.586003
vt 0.839798 0.681456
vt 0.839780 0.681527
vt 0.843319 0.695276
vt 0.842647 0.696647
vt 0.842607 0.696598
vt 0.843274 0.695238
vt 0.543933 0.751574
vt 0.624815 0.511830
vt 0.544118 0.751574
vt 0.404412 0.751574
vt 0.404412 0.750000
vt 0.404412 0.749925
vt 0.609142 0.401614
vt 0.609089 0.401563
vt 0.781250 0.583333
vt 0.781250 0.584383
vt 0.609142 0.348385
vt 0.609089 0.348437
vt 0.218750 0.583333
vt 0.218750 0.584383
vt 0.481411 0.394188
vt 0.481604 0.394151
vt 0.625000 0.583333
vt 0.625000 0.584383
vt 0.640625 0.584383
vt 0.640625 0.583333
vt 0.491879 0.395936
vt 0.491705 0.395976
vt 0.540424 0.849033
vt 0.553901 0.848385
vt 0.553955 0.848437
vt 0.540503 0.849083
vt 0.703125 0.750000
vt 0.718750 0.750000
vt 0.718750 0.748951
vt 0.703125 0.748951
vt 0.440625 0.877660
vt 0.439943 0.875000
vt 0.440217 0.875000
vt 0.440898 0.877655
vt 0.484375 0.750000
vt 0.500000 0.750000
vt 0.500000 0.748951
vt 0.484375 0.748951
vt 0.491705 0.895977
vt 0.491879 0.895936
vt 0.359375 0.750000
vt 0.359375 0.748951
vt 0.540424 0.900967
vt 0.540503 0.900917
vt 0.296875 0.750000
vt 0.296875 0.748951
vt 0.568526 0.300158
vt 0.568479 0.300200
vt 0.563059 0.299157
vt 0.564024 0.299114
vt 0.564024 0.299167
vt 0.563069 0.299209
vt 0.562131 0.299337
vt 0.562111 0.299286
vt 0.556694 0.303507
vt 0.556882 0.302859
vt 0.556957 0.302873
vt 0.556770 0.303514
vt 0.556707 0.304167
vt 0.556631 0.304167
vt 0.499076 0.300631
vt 0.499131 0.300594
vt 0.498404 0.300158
vt 0.498357 0.300200
vt 0.497561 0.299837
vt 0.497600 0.299791
vt 0.565918 0.308996
vt 0.565938 0.309047
vt 0.571166 0.305474
vt 0.571092 0.305461
vt 0.571279 0.304819
vt 0.571355 0.304826
vt 0.561224 0.441214
vt 0.561195 0.441165
vt 0.557621 0.443307
vt 0.558158 0.442758
vt 0.558219 0.442789
vt 0.557688 0.443333
vt 0.492009 0.441004
vt 0.491989 0.440953
vt 0.487071 0.443900
vt 0.487142 0.443920
vt 0.491102 0.308786
vt 0.491073 0.308835
vt 0.499769 0.307242
vt 0.499131 0.307739
vt 0.499076 0.307702
vt 0.499707 0.307210
vt 0.500239 0.306667
vt 0.500306 0.306693
vt 0.500970 0.447127
vt 0.501157 0.446486
vt 0.501234 0.446492
vt 0.501045 0.447141
vt 0.557631 0.448370
vt 0.557689 0.448334
vt 0.583374 0.750000
vt 0.558219 0.448877
vt 0.558159 0.448910
vt 0.500734 0.447767
vt 0.500663 0.447747
vt 0.561224 0.450453
vt 0.561195 0.450501
vt 0.572360 0.956490
vt 0.573848 0.955880
vt 0.573891 0.955924
vt 0.572396 0.956536
vt 0.218750 0.994754
vt 0.565758 0.957858
vt 0.567474 0.957685
vt 0.567489 0.957736
vt 0.565765 0.957911
vt 0.625000 0.994754
vt 0.552806 0.794826
vt 0.551521 0.795623
vt 0.551466 0.795586
vt 0.552758 0.794786
vt 0.550355 0.796501
vt 0.550296 0.796468
vt 0.047015 1.000000
vt 0.580941 0.807684
vt 0.580987 0.807761
vt 0.581368 0.948191
vt 0.581443 0.948201
vt 0.579620 0.940137
vt 0.578727 0.939120
vt 0.578791 0.939091
vt 0.579687 0.940112
vt 0.890625 0.994754
vt 0.577693 0.938167
vt 0.577752 0.938134
vt 0.558891 0.934270
vt 0.558869 0.934219
vt 0.484375 0.994754
vt 0.484367 1.000000
vt 0.546427 0.947018
vt 0.546351 0.947030
vt 0.968750 0.994754
vt 0.968750 1.000000
vt 0.511246 0.943476
vt 0.511321 0.943466
vt 0.734375 0.994754
vt 0.492169 0.933808
vt 0.490453 0.933982
vt 0.490438 0.933930
vt 0.492162 0.933756
vt 0.477565 0.950457
vt 0.477494 0.950477
vt 0.328125 0.994754
vt 0.328125 1.000000
vt 0.485567 0.956490
vt 0.485531 0.956536
vt 0.477566 0.799543
vt 0.477495 0.799522
vt 0.187500 0.994754
vt 0.500669 0.815330
vt 0.500699 0.815379
vt 0.502238 0.814823
vt 0.502275 0.814870
vt 0.078125 0.994754
vt 0.509498 0.809863
vt 0.509565 0.809888
vt 0.375000 0.994754
vt 0.550355 0.811832
vt 0.551521 0.812711
vt 0.551467 0.812748
vt 0.550296 0.811866
vt 0.552807 0.813507
vt 0.554200 0.814213
vt 0.554157 0.814257
vt 0.552758 0.813548
vt 0.250000 0.994754
vt 0.562291 0.816192
vt 0.564024 0.816251
vt 0.564025 0.816303
vt 0.562284 0.816244
vt 0.565758 0.816192
vt 0.567474 0.816018
vt 0.567489 0.816069
vt 0.565765 0.816244
vt 0.569157 0.815730
vt 0.569180 0.815780
vt 0.573848 0.814214
vt 0.573891 0.814257
vt 0.062441 1.000000
vt 0.579619 0.809863
vt 0.580364 0.808787
vt 0.580453 0.808781
vt 0.579687 0.809887
vt 0.511577 0.805356
vt 0.511500 0.805351
vt 0.015625 0.994754
vt 0.968750 0.994754
vt 0.511500 0.802982
vt 0.511246 0.801809
vt 0.511321 0.801799
vt 0.511577 0.802977
vt 0.505120 0.794826
vt 0.503727 0.794120
vt 0.503769 0.794076
vt 0.505169 0.794786
vt 0.828125 0.994754
vt 0.502238 0.793510
vt 0.502274 0.793464
vt 0.587051 0.994754
vt 0.587053 1.000000
vt 0.479200 0.797454
vt 0.478817 0.797889
vt 0.478752 0.797862
vt 0.479136 0.797424
vt 0.546426 0.805351
vt 0.546681 0.806524
vt 0.546606 0.806534
vt 0.546350 0.805356
vt 0.500669 0.956997
vt 0.500699 0.957045
vt 0.502238 0.956490
vt 0.503727 0.955880
vt 0.503769 0.955924
vt 0.502274 0.956536
vt 0.140625 0.994754
vt 0.505120 0.955174
vt 0.505169 0.955214
vt 0.509497 0.951529
vt 0.510239 0.950457
vt 0.510310 0.950477
vt 0.509565 0.951554
vt 0.008492 0.994754
vt 0.008494 1.000000
vt 0.511500 0.947018
vt 0.511539 0.946477
vt 0.511616 0.946481
vt 0.511577 0.947023
vt 0.763100 0.349496
vt 0.750000 0.350355
vt 0.750000 0.349310
vt 0.762963 0.348461
vt 0.775704 0.345927
vt 0.775974 0.346935
vt 0.841751 0.288005
vt 0.842716 0.288404
vt 0.828788 0.189544
vt 0.829617 0.188908
vt 0.737038 0.151539
vt 0.736900 0.150504
vt 0.658249 0.211996
vt 0.657285 0.211595
vt 0.671212 0.310456
vt 0.670383 0.311092
vt 0.820223 0.320223
vt 0.820962 0.320962
vt 0.845926 0.224297
vt 0.846935 0.224026
vt 0.775704 0.154074
vt 0.776000 0.153074
vt 0.679777 0.179777
vt 0.679038 0.179039
vt 0.654074 0.275703
vt 0.653065 0.275973
vt 0.724297 0.345926
vt 0.724027 0.346935
vt 0.819365 0.478667
vt 0.819668 0.479665
vt 0.953125 0.500000
vt 0.960741 0.362643
vt 0.828125 0.500000
vt 0.970767 0.341445
vt 0.799655 0.336005
vt 0.800177 0.336910
vt 0.849310 0.250000
vt 0.850356 0.250028
vt 0.800177 0.163090
vt 0.700345 0.163995
vt 0.699823 0.163090
vt 0.650690 0.250000
vt 0.649643 0.249972
vt 0.083334 0.806243
vt 0.700345 0.336005
vt 0.699823 0.336910
vt 0.796617 0.484365
vt 0.819365 0.478667
vt 0.819668 0.479665
vt 0.968750 0.500000
vt 0.841445 0.470767
vt 0.841844 0.471730
vt 0.937500 0.500000
vt 0.703125 0.500000
vt 0.687500 0.500000
vt 0.918968 0.081032
vt 0.919705 0.080295
vt 0.625000 0.500000
vt 0.845926 0.275703
vt 0.846926 0.276000
vt 0.820223 0.179777
vt 0.820962 0.179039
vt 0.724297 0.154074
vt 0.724027 0.153065
vt 0.654074 0.224297
vt 0.653074 0.223999
vt 0.679777 0.320223
vt 0.679039 0.320961
vt 0.773421 0.487806
vt 0.984375 0.500000
vt 0.987804 0.273446
vt 0.765630 0.500000
vt 0.156681 0.685677
vt 0.157353 0.684306
vt 0.157393 0.684354
vt 0.156726 0.685714
vt 0.195725 0.683071
vt 0.195721 0.683174
vt 0.110928 0.638889
vt 0.193281 0.690476
vt 0.193383 0.688809
vt 0.193435 0.688822
vt 0.193333 0.690476
vt 0.193435 0.692130
vt 0.193383 0.692143
vt 0.168765 0.687219
vt 0.168814 0.687193
vt 0.168319 0.644681
vt 0.167647 0.646051
vt 0.167607 0.646003
vt 0.168273 0.644643
vt 0.236333 0.681023
vt 0.237500 0.680877
vt 0.237500 0.680952
vt 0.236342 0.681097
vt 0.230781 0.690476
vt 0.230833 0.690476
vt 0.307393 0.684354
vt 0.307352 0.684306
vt 0.351167 0.649334
vt 0.351158 0.649260
vt 0.318319 0.635081
vt 0.318273 0.635119
vt 0.317607 0.633760
vt 0.317647 0.633711
vt 0.317607 0.595408
vt 0.317647 0.595456
vt 0.343686 0.643164
vt 0.343735 0.643138
vt 0.346667 0.648129
vt 0.346640 0.648194
vt 0.355819 0.695276
vt 0.355774 0.695239
vt 0.356265 0.693734
vt 0.356314 0.693760
vt 0.354319 0.647234
vt 0.354285 0.647177
vt 0.355819 0.584486
vt 0.356314 0.586003
vt 0.356265 0.586028
vt 0.355774 0.584524
vt 0.355107 0.583164
vt 0.355147 0.583116
vt 0.353359 0.580973
vt 0.354319 0.581933
vt 0.354285 0.581990
vt 0.353333 0.581038
vt 0.343686 0.586001
vt 0.343735 0.586028
vt 0.231686 0.695286
vt 0.231755 0.695296
vt 0.334521 0.638889
vt 0.334706 0.640288
vt 0.243814 0.693759
vt 0.243765 0.693734
vt 0.244065 0.692130
vt 0.244117 0.692143
vt 0.311342 0.699856
vt 0.311333 0.699930
vt 0.319219 0.690476
vt 0.319167 0.690476
vt 0.316819 0.683123
vt 0.316785 0.683180
vt 0.308181 0.683122
vt 0.308215 0.683180
vt 0.276167 0.630428
vt 0.276158 0.630502
vt 0.083333 0.640288
vt 0.271667 0.631633
vt 0.271640 0.631568
vt 0.611128 0.638889
vt 0.241786 0.596581
vt 0.241826 0.596630
vt 0.268686 0.592569
vt 0.268735 0.592543
vt 0.269227 0.594048
vt 0.269181 0.594085
vt 0.276167 0.598739
vt 0.276158 0.598665
vt 0.309140 0.648194
vt 0.309167 0.648129
vt 0.343686 0.693759
vt 0.343735 0.693733
vt 0.344226 0.695238
vt 0.344181 0.695276
vt 0.348833 0.699930
vt 0.348842 0.699856
vt 0.350000 0.700000
vt 0.350000 0.700076
vt 0.310202 0.630861
vt 0.310220 0.630932
vt 0.694475 0.638889
vt 0.666622 0.638889
vt 0.280773 0.594050
vt 0.281265 0.592542
vt 0.281318 0.592551
vt 0.280810 0.594106
vt 0.280143 0.595465
vt 0.280107 0.595408
vt 0.638879 0.638889
vt 0.271641 0.580973
vt 0.271667 0.581038
vt 0.269181 0.685677
vt 0.269227 0.685714
vt 0.241819 0.647234
vt 0.240860 0.648194
vt 0.240833 0.648129
vt 0.241785 0.647177
vt 0.244219 0.639881
vt 0.244117 0.641548
vt 0.244065 0.641535
vt 0.244167 0.639881
vt 0.244065 0.638227
vt 0.244117 0.638214
vt 0.232393 0.595408
vt 0.232353 0.595456
vt 0.235202 0.598306
vt 0.235220 0.598235
vt 0.236342 0.598665
vt 0.236333 0.598739
vt 0.240855 0.597602
vt 0.240833 0.597534
vt 0.583333 0.638889
vt 0.195681 0.581932
vt 0.195715 0.581990
vt 0.195681 0.632527
vt 0.195715 0.632585
vt 0.168319 0.594085
vt 0.167647 0.595456
vt 0.167607 0.595408
vt 0.168274 0.594048
vt 0.159142 0.580972
vt 0.159167 0.581038
vt 0.155781 0.589286
vt 0.155883 0.587619
vt 0.155935 0.587632
vt 0.155833 0.589286
vt 0.155935 0.590940
vt 0.155883 0.590953
vt 0.159136 0.631572
vt 0.159167 0.631633
vt 0.083334 0.638889
vt 0.155781 0.639881
vt 0.155883 0.638215
vt 0.155935 0.638228
vt 0.155833 0.639881
vt 0.155935 0.641535
vt 0.155883 0.641548
vt 0.838666 0.649335
vt 0.838658 0.649260
vt 0.472222 0.859712
vt 0.843319 0.635082
vt 0.843274 0.635119
vt 0.842607 0.633759
vt 0.842647 0.633711
vt 0.806265 0.636624
vt 0.806314 0.636598
vt 0.769167 0.639881
vt 0.769065 0.638227
vt 0.769118 0.638214
vt 0.769220 0.639881
vt 0.793334 0.589297
vt 0.793435 0.590935
vt 0.793376 0.590917
vt 0.793281 0.589371
vt 0.795681 0.596640
vt 0.795715 0.596582
vt 0.796667 0.597533
vt 0.796640 0.597599
vt 0.805819 0.594085
vt 0.805147 0.595456
vt 0.805107 0.595408
vt 0.805774 0.594048
vt 0.802298 0.630861
vt 0.802280 0.630931
vt 0.801158 0.630502
vt 0.801167 0.630428
vt 0.794181 0.635081
vt 0.794853 0.633711
vt 0.794893 0.633759
vt 0.794227 0.635119
vt 0.833333 0.859712
vt 0.793735 0.636624
vt 0.793686 0.636598
vt 0.796641 0.648194
vt 0.795681 0.647234
vt 0.795715 0.647177
vt 0.796667 0.648129
vt 0.765860 0.648194
vt 0.765833 0.648129
vt 0.769117 0.641548
vt 0.769065 0.641534
vt 0.763667 0.681023
vt 0.764798 0.681456
vt 0.764780 0.681526
vt 0.763658 0.681097
vt 0.760220 0.681527
vt 0.760202 0.681456
vt 0.755781 0.690476
vt 0.755883 0.688809
vt 0.755934 0.688822
vt 0.755833 0.690476
vt 0.684140 0.682163
vt 0.684167 0.682228
vt 0.694220 0.639881
vt 0.694117 0.641548
vt 0.694066 0.641535
vt 0.694167 0.639881
vt 0.694065 0.638227
vt 0.694117 0.638214
vt 0.726167 0.598739
vt 0.726158 0.598665
vt 0.648833 0.681023
vt 0.648842 0.681097
vt 0.655819 0.635082
vt 0.655774 0.635119
vt 0.655107 0.633759
vt 0.655147 0.633711
vt 0.646618 0.631583
vt 0.646664 0.631635
vt 0.916597 0.861111
vt 0.183757 0.541390
vt 0.185000 0.541388
vt 0.677708 0.583154
vt 0.677761 0.583144
vt 0.680780 0.589285
vt 0.680883 0.587619
vt 0.680935 0.587632
vt 0.680833 0.589285
vt 0.680934 0.590939
vt 0.680883 0.590952
vt 0.683181 0.596639
vt 0.683214 0.596581
vt 0.684166 0.597533
vt 0.684140 0.597598
vt 0.683181 0.632528
vt 0.683215 0.632585
vt 0.677761 0.560044
vt 0.677708 0.560119
vt 0.316222 0.505442
vt 0.672292 0.560119
vt 0.672239 0.560044
vt 0.643383 0.641548
vt 0.643281 0.639881
vt 0.643334 0.639881
vt 0.643435 0.641535
vt 0.714857 0.859712
vt 0.713880 0.861111
vt 0.643525 0.642016
vt 0.643536 0.642365
vt 0.644181 0.685677
vt 0.644832 0.684349
vt 0.644890 0.684360
vt 0.644226 0.685714
vt 0.860999 0.861111
vt 0.643736 0.687219
vt 0.643686 0.687193
vt 0.693764 0.586028
vt 0.693814 0.586002
vt 0.691820 0.697830
vt 0.691786 0.697772
vt 0.755934 0.692130
vt 0.755883 0.692143
vt 0.764799 0.699497
vt 0.763667 0.699929
vt 0.763658 0.699855
vt 0.764780 0.699426
vt 0.765833 0.698724
vt 0.765860 0.698789
vt 0.794181 0.695276
vt 0.793686 0.693760
vt 0.793735 0.693734
vt 0.794227 0.695238
vt 0.827761 0.713766
vt 0.822239 0.713766
vt 0.822292 0.713691
vt 0.827708 0.713691
vt 0.316222 0.744558
vt 0.183778 0.744558
vt 0.183756 0.711791
vt 0.185000 0.711789
vt 0.827708 0.692698
vt 0.827761 0.692690
vt 0.730819 0.584486
vt 0.730773 0.584524
vt 0.730107 0.583164
vt 0.730147 0.583115
vt 0.801150 0.579831
vt 0.802331 0.580283
vt 0.802284 0.580339
vt 0.801156 0.579907
vt 0.027732 0.861111
vt 0.055660 0.861111
vt 0.793391 0.587575
vt 0.793436 0.587626
vt 0.747239 0.609586
vt 0.747292 0.609533
vt 0.315000 0.582421
vt 0.316244 0.582407
vt 0.725000 0.649480
vt 0.723834 0.649334
vt 0.723842 0.649260
vt 0.725000 0.649405
vt 0.756681 0.635081
vt 0.757353 0.633711
vt 0.757393 0.633759
vt 0.756727 0.635119
vt 0.769219 0.589286
vt 0.769117 0.590953
vt 0.769065 0.590940
vt 0.769167 0.589286
vt 0.769066 0.587632
vt 0.769118 0.587619
vt 0.766786 0.581990
vt 0.766819 0.581933
vt 0.183756 0.708333
vt 0.790208 0.690476
vt 0.790261 0.690476
vt 0.784739 0.694185
vt 0.784792 0.694175
vt 0.315000 0.714087
vt 0.316244 0.714084
vt 0.768815 0.693760
vt 0.768765 0.693734
vt 0.827708 0.690476
vt 0.827761 0.690476
vt 0.805819 0.695275
vt 0.805773 0.695238
vt 0.838666 0.598739
vt 0.838657 0.598665
vt 0.843319 0.685677
vt 0.843273 0.685714
vt 0.622620 0.349033
vt 0.622540 0.349083
vt 0.203125 0.583333
vt 0.203125 0.584383
vt 0.375000 0.584383
vt 0.375000 0.583333
vt 0.481604 0.355849
vt 0.481411 0.355812
vt 0.439943 0.375000
vt 0.440625 0.372340
vt 0.440898 0.372345
vt 0.440217 0.375000
vt 0.500000 0.583333
vt 0.484375 0.583333
vt 0.484375 0.584383
vt 0.500000 0.584383
vt 0.515625 0.584383
vt 0.515625 0.583333
vt 0.440898 0.377655
vt 0.440625 0.377660
vt 0.656250 0.584383
vt 0.656250 0.583333
vt 0.503017 0.397519
vt 0.502865 0.397563
vt 0.581522 0.402136
vt 0.567645 0.402005
vt 0.567671 0.401953
vt 0.581522 0.402083
vt 0.750000 0.583333
vt 0.734375 0.583333
vt 0.734375 0.584383
vt 0.750000 0.584383
vt 0.765625 0.584383
vt 0.765625 0.583333
vt 0.595372 0.401953
vt 0.595399 0.402005
vt 0.625000 0.758333
vt 0.624726 0.758281
vt 0.440625 0.872340
vt 0.442664 0.869706
vt 0.442933 0.869716
vt 0.440898 0.872345
vt 0.515625 0.750000
vt 0.531250 0.750000
vt 0.531250 0.748951
vt 0.515625 0.748951
vt 0.481411 0.894188
vt 0.481604 0.894151
vt 0.375000 0.748951
vt 0.218750 0.748951
vt 0.218750 0.750000
vt 0.609089 0.901563
vt 0.609142 0.901614
vt 0.564990 0.299157
vt 0.564979 0.299209
vt 0.559523 0.308175
vt 0.558822 0.307755
vt 0.558854 0.307704
vt 0.559570 0.308133
vt 0.625095 0.750000
vt 0.560366 0.308497
vt 0.560327 0.308542
vt 0.566825 0.308786
vt 0.566854 0.308835
vt 0.571355 0.303507
vt 0.571418 0.304167
vt 0.571341 0.304167
vt 0.571279 0.303514
vt 0.569890 0.448909
vt 0.569830 0.448877
vt 0.570361 0.448333
vt 0.570428 0.448360
vt 0.570428 0.443307
vt 0.570361 0.443333
vt 0.569829 0.442790
vt 0.569890 0.442758
vt 0.500663 0.443920
vt 0.500733 0.443900
vt 0.495816 0.440953
vt 0.495796 0.441004
vt 0.486572 0.303507
vt 0.486760 0.302859
vt 0.486835 0.302873
vt 0.486648 0.303514
vt 0.495796 0.450663
vt 0.495816 0.450714
vt 0.566854 0.450501
vt 0.566825 0.450453
vt 0.552806 0.955174
vt 0.554200 0.955880
vt 0.554157 0.955924
vt 0.552758 0.955215
vt 0.328125 0.994754
vt 0.555689 0.956490
vt 0.555652 0.956536
vt 0.560575 0.957685
vt 0.560560 0.957736
vt 0.562291 0.957858
vt 0.564024 0.957917
vt 0.564025 0.957969
vt 0.562284 0.957911
vt 0.569157 0.957396
vt 0.570791 0.956997
vt 0.570821 0.957045
vt 0.569180 0.957447
vt 0.570791 0.793003
vt 0.570821 0.792955
vt 0.565757 0.792142
vt 0.565765 0.792089
vt 0.750000 0.994754
vt 0.564024 0.792083
vt 0.564024 0.792031
vt 0.575291 0.955215
vt 0.574835 0.955446
vt 0.574788 0.955404
vt 0.575243 0.955174
vt 0.145713 1.000000
vt 0.145715 0.994754
vt 0.812500 0.994754
vt 0.570791 0.934670
vt 0.570821 0.934622
vt 0.656250 0.994754
vt 0.554200 0.935786
vt 0.554157 0.935742
vt 0.511662 0.945833
vt 0.511585 0.945833
vt 0.511500 0.944649
vt 0.511577 0.944644
vt 0.509497 0.940138
vt 0.509565 0.940113
vt 0.508605 0.939120
vt 0.507572 0.938168
vt 0.507630 0.938134
vt 0.508669 0.939090
vt 0.503727 0.935787
vt 0.503770 0.935743
vt 0.493902 0.933749
vt 0.493903 0.933697
vt 0.476305 0.944649
vt 0.476228 0.944644
vt 0.478307 0.951529
vt 0.479199 0.952546
vt 0.479136 0.952575
vt 0.478240 0.951554
vt 0.480233 0.953499
vt 0.480174 0.953532
vt 0.484078 0.955880
vt 0.484036 0.955924
vt 0.478240 0.798445
vt 0.478307 0.798470
vt 0.578125 0.994754
vt 0.476559 0.806524
vt 0.476484 0.806535
vt 0.476981 0.807674
vt 0.476907 0.807689
vt 0.485567 0.814823
vt 0.485531 0.814870
vt 0.487135 0.815330
vt 0.487106 0.815378
vt 0.093750 0.994754
vt 0.508605 0.810880
vt 0.508669 0.810909
vt 0.406250 0.994754
vt 0.406217 1.000000
vt 0.421946 1.000000
vt 0.548426 0.809858
vt 0.549324 0.810882
vt 0.549275 0.810925
vt 0.548335 0.809853
vt 0.555689 0.814823
vt 0.557257 0.815330
vt 0.557228 0.815379
vt 0.555652 0.814870
vt 0.296875 0.994754
vt 0.558891 0.815730
vt 0.560575 0.816018
vt 0.560560 0.816069
vt 0.558869 0.815780
vt 0.575243 0.813507
vt 0.576528 0.812711
vt 0.576583 0.812748
vt 0.575291 0.813548
vt 0.577694 0.811832
vt 0.578727 0.810880
vt 0.578791 0.810909
vt 0.577753 0.811866
vt 0.437470 1.000000
vt 0.547103 0.807675
vt 0.547689 0.808793
vt 0.547625 0.808828
vt 0.547029 0.807690
vt 0.511662 0.804166
vt 0.511585 0.804167
vt 0.500669 0.793003
vt 0.500699 0.792955
vt 0.508605 0.952547
vt 0.508669 0.952576
vt 0.510824 0.949341
vt 0.511246 0.948191
vt 0.511321 0.948201
vt 0.510898 0.949356
vt 0.549321 0.952546
vt 0.549257 0.952575
vt 0.378686 0.994754
vt 0.378685 1.000000
vt 0.550355 0.953499
vt 0.551246 0.954170
vt 0.551189 0.954206
vt 0.550296 0.953532
vt 0.845927 0.275703
vt 0.846926 0.276001
vt 0.820223 0.179777
vt 0.820962 0.179039
vt 0.724296 0.154074
vt 0.724027 0.153065
vt 0.654074 0.224297
vt 0.653074 0.224000
vt 0.679039 0.320961
vt 0.841445 0.470767
vt 0.841844 0.471730
vt 0.828789 0.310457
vt 0.829617 0.311092
vt 0.842716 0.211596
vt 0.762963 0.151539
vt 0.763041 0.150496
vt 0.671212 0.189544
vt 0.670383 0.188908
vt 0.658249 0.288004
vt 0.657285 0.288405
vt 0.737037 0.348461
vt 0.736900 0.349496
vt 0.810456 0.328788
vt 0.811092 0.329617
vt 0.849496 0.236900
vt 0.788005 0.158249
vt 0.788405 0.157285
vt 0.689544 0.171212
vt 0.688908 0.170383
vt 0.651539 0.262963
vt 0.650504 0.263099
vt 0.711995 0.341751
vt 0.711596 0.342715
vt 0.978667 0.319367
vt 0.788005 0.341751
vt 0.788405 0.342716
vt 0.848461 0.262963
vt 0.849504 0.263041
vt 0.810457 0.171212
vt 0.711996 0.158249
vt 0.711596 0.157285
vt 0.651539 0.237037
vt 0.650496 0.236959
vt 0.689544 0.328788
vt 0.688908 0.329617
vt 0.750000 0.488957
vt 0.862644 0.460741
vt 0.863135 0.461660
vt 0.921875 0.500000
vt 0.960741 0.362644
vt 0.671875 0.500000
vt 0.625000 0.500000
vt 0.015625 0.500000
vt 0.000010 0.500000
vt 0.726579 0.487806
vt 0.376574 0.511905
vt 0.375000 0.511905
vt 0.374948 0.511905
vt 0.193686 0.693758
vt 0.193735 0.693733
vt 0.163667 0.699929
vt 0.163658 0.699855
vt 0.163667 0.649334
vt 0.163658 0.649260
vt 0.163653 0.598740
vt 0.163656 0.598665
vt 0.527743 0.638889
vt 0.193281 0.639881
vt 0.193333 0.639881
vt 0.193435 0.641535
vt 0.193383 0.641548
vt 0.195681 0.647234
vt 0.195715 0.647177
vt 0.196667 0.648129
vt 0.196640 0.648194
vt 0.231681 0.695275
vt 0.231726 0.695237
vt 0.238667 0.681023
vt 0.238658 0.681097
vt 0.230883 0.688809
vt 0.230935 0.688822
vt 0.196618 0.682178
vt 0.196664 0.682231
vt 0.083403 0.638889
vt 0.205819 0.644681
vt 0.205147 0.646051
vt 0.205107 0.646003
vt 0.205774 0.644643
vt 0.231681 0.635081
vt 0.232353 0.633711
vt 0.232393 0.633759
vt 0.231727 0.635119
vt 0.348848 0.681020
vt 0.350005 0.680876
vt 0.350000 0.680953
vt 0.348844 0.681096
vt 0.027740 0.638889
vt 0.055579 0.638889
vt 0.347719 0.681527
vt 0.347691 0.681463
vt 0.346667 0.682228
vt 0.346640 0.682163
vt 0.344893 0.595408
vt 0.344853 0.595456
vt 0.347702 0.598306
vt 0.347720 0.598235
vt 0.348842 0.598665
vt 0.348833 0.598739
vt 0.305781 0.589278
vt 0.305833 0.589285
vt 0.249999 0.638889
vt 0.280817 0.584486
vt 0.280773 0.584524
vt 0.355819 0.685677
vt 0.355774 0.685715
vt 0.353360 0.648194
vt 0.353333 0.648129
vt 0.354319 0.596639
vt 0.353359 0.597599
vt 0.353333 0.597534
vt 0.354285 0.596581
vt 0.356719 0.589286
vt 0.356617 0.590952
vt 0.356565 0.590939
vt 0.356667 0.589286
vt 0.356565 0.587632
vt 0.356617 0.587619
vt 0.308181 0.581932
vt 0.308214 0.581990
vt 0.235202 0.699496
vt 0.234140 0.698788
vt 0.234167 0.698724
vt 0.235220 0.699425
vt 0.236342 0.699855
vt 0.236333 0.699930
vt 0.243826 0.687242
vt 0.244116 0.688786
vt 0.244065 0.688820
vt 0.243766 0.687225
vt 0.805445 0.638889
vt 0.777818 0.638889
vt 0.308181 0.697829
vt 0.307353 0.696647
vt 0.307393 0.696598
vt 0.308215 0.697772
vt 0.312500 0.700075
vt 0.312500 0.700000
vt 0.313658 0.699855
vt 0.313667 0.699929
vt 0.317647 0.684306
vt 0.317607 0.684354
vt 0.309167 0.682228
vt 0.309140 0.682163
vt 0.271667 0.597534
vt 0.271640 0.597599
vt 0.307393 0.646003
vt 0.307353 0.646051
vt 0.312500 0.649480
vt 0.312500 0.649405
vt 0.316819 0.647234
vt 0.315859 0.648194
vt 0.315833 0.648128
vt 0.316785 0.647176
vt 0.311333 0.630427
vt 0.312500 0.630282
vt 0.312500 0.630358
vt 0.311342 0.630502
vt 0.305934 0.590940
vt 0.305883 0.590956
vt 0.276167 0.579833
vt 0.277298 0.580266
vt 0.277280 0.580337
vt 0.276158 0.579907
vt 0.236333 0.630428
vt 0.236342 0.630502
vt 0.268281 0.639881
vt 0.268333 0.639881
vt 0.268434 0.641535
vt 0.268383 0.641548
vt 0.272702 0.648901
vt 0.271640 0.648194
vt 0.271667 0.648129
vt 0.272720 0.648831
vt 0.273842 0.649260
vt 0.273833 0.649335
vt 0.269893 0.696598
vt 0.269853 0.696646
vt 0.231726 0.584524
vt 0.231681 0.584486
vt 0.196640 0.580973
vt 0.196667 0.581038
vt 0.193281 0.589286
vt 0.193333 0.589286
vt 0.193435 0.590940
vt 0.193383 0.590953
vt 0.201158 0.699855
vt 0.201167 0.699930
vt 0.156235 0.592543
vt 0.156186 0.592569
vt 0.158181 0.596639
vt 0.157353 0.595456
vt 0.157393 0.595408
vt 0.158215 0.596582
vt 0.159167 0.597534
vt 0.159140 0.597599
vt 0.156235 0.643138
vt 0.156186 0.643164
vt 0.158181 0.647234
vt 0.157353 0.646051
vt 0.157393 0.646003
vt 0.158215 0.647177
vt 0.159167 0.648129
vt 0.159140 0.648194
vt 0.805773 0.685714
vt 0.805819 0.685677
vt 0.794253 0.685507
vt 0.794238 0.685691
vt 0.833801 0.861111
vt 0.801167 0.649334
vt 0.801157 0.649260
vt 0.183756 0.554466
vt 0.185000 0.554445
vt 0.827708 0.591548
vt 0.827761 0.591470
vt 0.916780 0.861111
vt 0.834171 0.631630
vt 0.834173 0.631542
vt 0.834140 0.682163
vt 0.834167 0.682228
vt 0.766820 0.632529
vt 0.766785 0.632585
vt 0.795681 0.632528
vt 0.796640 0.631568
vt 0.796667 0.631633
vt 0.795715 0.632585
vt 0.793281 0.639881
vt 0.793383 0.638214
vt 0.793435 0.638227
vt 0.793333 0.639881
vt 0.183756 0.629630
vt 0.185000 0.629630
vt 0.790208 0.639881
vt 0.790261 0.639881
vt 0.793435 0.641535
vt 0.793383 0.641548
vt 0.731667 0.690476
vt 0.731565 0.688822
vt 0.731617 0.688809
vt 0.731720 0.690476
vt 0.756681 0.644681
vt 0.756726 0.644643
vt 0.757393 0.646003
vt 0.757353 0.646051
vt 0.761333 0.649334
vt 0.761342 0.649260
vt 0.768765 0.687219
vt 0.768814 0.687193
vt 0.758181 0.683123
vt 0.759140 0.682163
vt 0.759167 0.682228
vt 0.758214 0.683180
vt 0.719227 0.644643
vt 0.719181 0.644680
vt 0.719161 0.685739
vt 0.719909 0.684213
vt 0.719902 0.684343
vt 0.719224 0.685722
vt 0.833182 0.861111
vt 0.861396 0.861111
vt 0.756681 0.594085
vt 0.756726 0.594048
vt 0.688667 0.649334
vt 0.688658 0.649260
vt 0.689780 0.648830
vt 0.689798 0.648901
vt 0.693814 0.643164
vt 0.693765 0.643138
vt 0.747239 0.588224
vt 0.747292 0.588221
vt 0.315000 0.549270
vt 0.316244 0.549270
vt 0.726167 0.630428
vt 0.726158 0.630502
vt 0.688663 0.598740
vt 0.688658 0.598665
vt 0.692647 0.595456
vt 0.692607 0.595407
vt 0.361111 0.859712
vt 0.656265 0.687219
vt 0.656314 0.687193
vt 0.653333 0.682229
vt 0.653360 0.682163
vt 0.656720 0.589285
vt 0.656617 0.590953
vt 0.656565 0.590939
vt 0.656667 0.589286
vt 0.686333 0.630428
vt 0.686342 0.630502
vt 0.685220 0.630931
vt 0.685202 0.630860
vt 0.680781 0.639881
vt 0.680883 0.638214
vt 0.680935 0.638227
vt 0.680833 0.639881
vt 0.680935 0.641535
vt 0.680883 0.641548
vt 0.316244 0.543174
vt 0.672292 0.584304
vt 0.672239 0.584313
vt 0.644181 0.584486
vt 0.644853 0.583116
vt 0.644893 0.583164
vt 0.644226 0.584524
vt 0.643281 0.690476
vt 0.643383 0.688809
vt 0.643435 0.688822
vt 0.643333 0.690476
vt 0.643435 0.692130
vt 0.643383 0.692143
vt 0.646644 0.698792
vt 0.645680 0.697828
vt 0.645715 0.697772
vt 0.646667 0.698724
vt 0.643735 0.643138
vt 0.643686 0.643164
vt 0.728360 0.698789
vt 0.728333 0.698724
vt 0.731617 0.692142
vt 0.731565 0.692130
vt 0.747239 0.713766
vt 0.747292 0.713691
vt 0.316222 0.744558
vt 0.752761 0.713766
vt 0.752709 0.713691
vt 0.183778 0.744558
vt 0.805123 0.696681
vt 0.805045 0.696686
vt 0.363184 0.861111
vt 0.363419 0.859712
vt 0.761333 0.598739
vt 0.760202 0.598306
vt 0.760220 0.598235
vt 0.761342 0.598665
vt 0.765860 0.597599
vt 0.765833 0.597534
vt 0.768814 0.592569
vt 0.768765 0.592543
vt 0.834182 0.580945
vt 0.834172 0.581034
vt 0.916813 0.861111
vt 0.827761 0.560044
vt 0.827761 0.583145
vt 0.827708 0.583154
vt 0.827709 0.560119
vt 0.183756 0.541390
vt 0.183778 0.505442
vt 0.805819 0.584486
vt 0.805773 0.584524
vt 0.805107 0.696598
vt 0.805147 0.696647
vt 0.843319 0.584486
vt 0.843273 0.584524
vt 0.842607 0.583164
vt 0.842647 0.583116
vt 0.544118 0.998426
vt 0.544118 0.000075
vt 0.404412 0.000075
vt 0.404412 0.000000
vt 0.404412 1.000000
vt 0.404412 0.998426
vt 0.622620 0.900967
vt 0.622540 0.900917
vt 0.203125 0.750000
vt 0.203125 0.748951
vt 0.581522 0.847864
vt 0.595399 0.847995
vt 0.595372 0.848047
vt 0.581522 0.847917
vt 0.750000 0.750000
vt 0.765625 0.750000
vt 0.765625 0.748951
vt 0.750000 0.748951
vt 0.734375 0.748951
vt 0.734375 0.750000
vt 0.567671 0.848047
vt 0.567645 0.847995
vt 0.472080 0.892215
vt 0.472292 0.892182
vt 0.390625 0.750000
vt 0.390625 0.748951
vt 0.557193 0.302233
vt 0.557264 0.302253
vt 0.501233 0.303507
vt 0.501157 0.303514
vt 0.500970 0.302873
vt 0.501045 0.302859
vt 0.493902 0.299114
vt 0.494868 0.299157
vt 0.494858 0.299210
vt 0.493902 0.299167
vt 0.492948 0.299210
vt 0.492938 0.299157
vt 0.567721 0.308542
vt 0.567683 0.308497
vt 0.568479 0.308133
vt 0.568525 0.308175
vt 0.569253 0.300594
vt 0.569198 0.300631
vt 0.559523 0.441825
vt 0.560327 0.441458
vt 0.560366 0.441503
vt 0.559570 0.441867
vt 0.558850 0.442298
vt 0.558796 0.442261
vt 0.487499 0.443307
vt 0.488036 0.442758
vt 0.488097 0.442790
vt 0.487566 0.443333
vt 0.489401 0.449842
vt 0.489448 0.449800
vt 0.490244 0.450164
vt 0.490205 0.450209
vt 0.486835 0.305461
vt 0.486760 0.305474
vt 0.491989 0.309047
vt 0.492009 0.308996
vt 0.492947 0.309124
vt 0.492937 0.309176
vt 0.500662 0.306080
vt 0.500734 0.306100
vt 0.496703 0.450453
vt 0.496732 0.450501
vt 0.562111 0.450714
vt 0.562131 0.450663
vt 0.563069 0.450791
vt 0.563059 0.450843
vt 0.573891 0.794076
vt 0.573848 0.794120
vt 0.572360 0.793510
vt 0.572396 0.793464
vt 0.560575 0.792316
vt 0.558891 0.792604
vt 0.558869 0.792554
vt 0.560560 0.792264
vt 0.557257 0.793003
vt 0.557228 0.792955
vt 0.581367 0.801809
vt 0.581443 0.801799
vt 0.506406 0.795623
vt 0.506460 0.795585
vt 0.485567 0.793510
vt 0.485531 0.793464
vt 0.484078 0.794120
vt 0.484036 0.794076
vt 0.788005 0.341751
vt 0.788405 0.342716
vt 0.848460 0.262963
vt 0.849503 0.263041
vt 0.810457 0.171212
vt 0.711996 0.158249
vt 0.711596 0.157285
vt 0.651539 0.237037
vt 0.650496 0.236959
vt 0.689544 0.328788
vt 0.750000 0.488956
vt 0.773423 0.487806
vt 0.984375 0.500000
vt 0.934716 0.098408
vt 0.901593 0.065284
vt 0.882757 0.051315
vt 0.902254 0.064478
vt 0.609375 0.500000
vt 0.862644 0.039259
vt 0.863135 0.038340
vt 0.578125 0.500000
vt 0.841443 0.029232
vt 0.841843 0.028269
vt 0.562500 0.500000
vt 0.562500 0.505246
vt 0.819365 0.021333
vt 0.796618 0.015635
vt 0.796821 0.014612
vt 0.819668 0.020335
vt 0.531250 0.500000
vt 0.015625 0.500000
vt 0.000010 0.500000
vt 0.726577 0.487806
vt 0.836005 0.299655
vt 0.836909 0.300178
vt 0.836005 0.200345
vt 0.836909 0.199822
vt 0.750000 0.150690
vt 0.750028 0.149644
vt 0.663995 0.200345
vt 0.663090 0.199823
vt 0.663995 0.299655
vt 0.663090 0.300177
vt 0.988957 0.250000
vt 0.987806 0.226578
vt 0.988844 0.226476
vt 0.989999 0.250000
vt 0.750000 0.500000
vt 0.734375 0.500000
vt 0.984365 0.203382
vt 0.978667 0.180634
vt 0.970767 0.158555
vt 0.960741 0.137357
vt 0.687500 0.500000
vt 0.671875 0.500000
vt 0.901593 0.065284
vt 0.882757 0.051315
vt 0.862643 0.039259
vt 0.841445 0.029233
vt 0.841844 0.028270
vt 0.863135 0.038340
vt 0.578125 0.500000
vt 0.562500 0.500000
vt 0.749989 0.011044
vt 0.749997 0.010001
vt 0.499998 0.500000
vt 0.820223 0.320223
vt 0.820962 0.320961
vt 0.845926 0.224297
vt 0.846935 0.224027
vt 0.775703 0.154074
vt 0.775973 0.153065
vt 0.679777 0.179777
vt 0.679039 0.179039
vt 0.654074 0.275703
vt 0.653065 0.275974
vt 0.724296 0.345926
vt 0.724027 0.346935
vt 0.841444 0.029232
vt 0.841843 0.028269
vt 0.562500 0.500000
vt 0.773421 0.012194
vt 0.799655 0.336005
vt 0.800177 0.336910
vt 0.849311 0.250000
vt 0.850356 0.250028
vt 0.799655 0.163995
vt 0.800177 0.163090
vt 0.700345 0.163995
vt 0.699823 0.163090
vt 0.650690 0.250000
vt 0.649643 0.249972
vt 0.700345 0.336005
vt 0.699823 0.336910
vt 0.918968 0.418968
vt 0.919705 0.419705
vt 0.875000 0.500000
vt 0.862643 0.039259
vt 0.841445 0.029233
vt 0.841844 0.028270
vt 0.863135 0.038340
vt 0.578125 0.500000
vt 0.562500 0.500000
vt 0.819365 0.021333
vt 0.546875 0.500000
vt 0.796618 0.015635
vt 0.773422 0.012194
vt 0.773524 0.011156
vt 0.796822 0.014612
vt 0.531250 0.500000
vt 0.515625 0.500000
vt 0.680634 0.021333
vt 0.453125 0.500000
vt 0.658555 0.029233
vt 0.658156 0.028270
vt 0.437500 0.500000
vt 0.312500 0.500000
vt 0.539259 0.362643
vt 0.551315 0.382757
vt 0.156250 0.500000
vt 0.158181 0.683123
vt 0.158215 0.683181
vt 0.164780 0.681527
vt 0.164798 0.681456
vt 0.168319 0.635081
vt 0.168274 0.635119
vt 0.167607 0.633759
vt 0.167647 0.633711
vt 0.163667 0.630428
vt 0.163658 0.630502
vt 0.193686 0.643164
vt 0.193735 0.643138
vt 0.231186 0.687193
vt 0.231235 0.687219
vt 0.201167 0.649334
vt 0.201158 0.649260
vt 0.201158 0.598665
vt 0.201165 0.598739
vt 0.205819 0.594085
vt 0.205774 0.594048
vt 0.350000 0.649480
vt 0.350000 0.649405
vt 0.314798 0.598305
vt 0.313665 0.598740
vt 0.313658 0.598665
vt 0.314780 0.598235
vt 0.318319 0.594085
vt 0.318274 0.594048
vt 0.346640 0.631568
vt 0.346667 0.631633
vt 0.345715 0.632585
vt 0.345681 0.632528
vt 0.356719 0.690476
vt 0.356617 0.692144
vt 0.356566 0.692131
vt 0.356667 0.690476
vt 0.351159 0.681020
vt 0.351157 0.681097
vt 0.972233 0.638889
vt 0.999995 0.638889
vt 0.356617 0.641548
vt 0.356565 0.641535
vt 0.356667 0.639881
vt 0.356719 0.639881
vt 0.344181 0.584486
vt 0.344227 0.584524
vt 0.309140 0.580973
vt 0.309167 0.581038
vt 0.244219 0.690476
vt 0.244167 0.690476
vt 0.280819 0.695276
vt 0.280773 0.695238
vt 0.314798 0.699497
vt 0.314780 0.699426
vt 0.281314 0.636597
vt 0.281265 0.636624
vt 0.088057 0.640288
vt 0.088107 0.638889
vt 0.271503 0.631797
vt 0.271463 0.631746
vt 0.308181 0.647234
vt 0.308215 0.647177
vt 0.281719 0.589286
vt 0.281617 0.590953
vt 0.281565 0.590939
vt 0.281667 0.589286
vt 0.306186 0.592569
vt 0.306235 0.592543
vt 0.278360 0.580973
vt 0.278333 0.581038
vt 0.268686 0.643164
vt 0.268735 0.643138
vt 0.236333 0.579833
vt 0.236342 0.579907
vt 0.168319 0.584486
vt 0.168274 0.584524
vt 0.167607 0.583164
vt 0.167647 0.583116
vt 0.163667 0.579833
vt 0.163658 0.579907
vt 0.193686 0.592569
vt 0.193735 0.592543
vt 0.195681 0.596639
vt 0.195715 0.596581
vt 0.205819 0.695276
vt 0.205774 0.695238
vt 0.162500 0.680877
vt 0.162500 0.680952
vt 0.798842 0.681097
vt 0.798833 0.681023
vt 0.805819 0.635081
vt 0.805773 0.635119
vt 0.183756 0.558854
vt 0.185000 0.558835
vt 0.790208 0.594370
vt 0.790261 0.594297
vt 0.793281 0.690476
vt 0.793333 0.690476
vt 0.729320 0.683124
vt 0.729286 0.683181
vt 0.764798 0.648901
vt 0.764780 0.648831
vt 0.768814 0.643164
vt 0.768765 0.643138
vt 0.768319 0.685677
vt 0.768273 0.685714
vt 0.721640 0.648194
vt 0.721667 0.648129
vt 0.722720 0.648831
vt 0.722702 0.648901
vt 0.690833 0.648129
vt 0.690859 0.648194
vt 0.721640 0.631568
vt 0.721667 0.631633
vt 0.720715 0.632586
vt 0.720681 0.632528
vt 0.652298 0.681456
vt 0.652280 0.681527
vt 0.648843 0.598665
vt 0.648836 0.598740
vt 0.653360 0.597599
vt 0.653333 0.597534
vt 0.656314 0.592569
vt 0.656265 0.592543
vt 0.684140 0.631568
vt 0.684167 0.631633
vt 0.684182 0.580944
vt 0.684172 0.581034
vt 0.916813 0.861111
vt 0.644181 0.594085
vt 0.644226 0.594048
vt 0.888997 0.861111
vt 0.645719 0.683177
vt 0.645710 0.683095
vt 0.693319 0.584486
vt 0.693274 0.584524
vt 0.688667 0.579832
vt 0.688658 0.579907
vt 0.719180 0.695275
vt 0.719226 0.695238
vt 0.723834 0.699930
vt 0.723843 0.699856
vt 0.758181 0.697829
vt 0.758215 0.697772
vt 0.752761 0.587848
vt 0.752708 0.587851
vt 0.185000 0.548694
vt 0.183756 0.548695
vt 0.316222 0.505442
vt 0.316244 0.531110
vt 0.315000 0.531100
vt 0.709791 0.560119
vt 0.709792 0.576540
vt 0.709739 0.576502
vt 0.709739 0.560044
vt 0.796640 0.580973
vt 0.796667 0.581038
vt 0.730147 0.646051
vt 0.730107 0.646003
vt 0.761333 0.630428
vt 0.762500 0.630282
vt 0.762500 0.630357
vt 0.761342 0.630502
vt 0.756682 0.584484
vt 0.756726 0.584524
vt 0.790261 0.560044
vt 0.790261 0.568296
vt 0.790208 0.568329
vt 0.790208 0.560119
vt 0.185000 0.518327
vt 0.183756 0.518336
vt 0.183778 0.505442
vt 0.761333 0.579833
vt 0.761342 0.579907
vt 0.793435 0.692130
vt 0.793383 0.692142
vt 0.390625 0.584383
vt 0.390625 0.583333
vt 0.472292 0.357819
vt 0.472080 0.357785
vt 0.446040 0.382877
vt 0.442664 0.380294
vt 0.442933 0.380284
vt 0.446302 0.382862
vt 0.546875 0.583333
vt 0.531250 0.583333
vt 0.531250 0.584383
vt 0.546875 0.584383
vt 0.622620 0.849033
vt 0.622540 0.849083
vt 0.796875 0.750000
vt 0.796875 0.748951
vt 0.781250 0.748951
vt 0.781250 0.750000
vt 0.609089 0.848437
vt 0.609142 0.848386
vt 0.463804 0.890076
vt 0.464031 0.890047
vt 0.406250 0.750000
vt 0.406250 0.748951
vt 0.565938 0.299286
vt 0.565918 0.299337
vt 0.558117 0.307206
vt 0.558214 0.307205
vt 0.603967 0.750000
vt 0.500970 0.305461
vt 0.501045 0.305474
vt 0.569198 0.442298
vt 0.569253 0.442261
vt 0.568525 0.441825
vt 0.568479 0.441867
vt 0.500306 0.443307
vt 0.500239 0.443334
vt 0.493903 0.309219
vt 0.493903 0.309167
vt 0.497599 0.450209
vt 0.497561 0.450163
vt 0.500306 0.448360
vt 0.500239 0.448333
vt 0.478659 0.501574
vt 0.478659 0.500000
vt 0.478659 0.499946
vt 0.565938 0.450714
vt 0.564990 0.450843
vt 0.564980 0.450791
vt 0.565918 0.450663
vt 0.562291 0.792142
vt 0.562283 0.792089
vt 0.581622 0.802982
vt 0.581698 0.802977
vt 0.577693 0.796501
vt 0.577753 0.796467
vt 0.502238 0.935177
vt 0.502274 0.935130
vt 0.799655 0.336005
vt 0.800177 0.336910
vt 0.849310 0.250000
vt 0.850356 0.250028
vt 0.799655 0.163995
vt 0.800177 0.163090
vt 0.700345 0.163995
vt 0.699823 0.163090
vt 0.649643 0.249972
vt 0.700345 0.336005
vt 0.699823 0.336910
vt 0.918967 0.081032
vt 0.750000 0.349310
vt 0.762963 0.348461
vt 0.763100 0.349496
vt 0.750000 0.350355
vt 0.841751 0.288005
vt 0.842716 0.288404
vt 0.828788 0.189544
vt 0.829617 0.188908
vt 0.737038 0.151539
vt 0.736901 0.150504
vt 0.658249 0.211996
vt 0.670383 0.311092
vt 0.987806 0.273422
vt 0.988844 0.273524
vt 0.765625 0.500000
vt 0.854167 0.806243
vt 0.854167 0.807143
vt 0.828788 0.310456
vt 0.829617 0.311092
vt 0.841751 0.211996
vt 0.762963 0.151539
vt 0.763100 0.150504
vt 0.671212 0.189544
vt 0.670383 0.188908
vt 0.187500 0.806243
vt 0.658249 0.288004
vt 0.657284 0.288404
vt 0.948685 0.382758
vt 0.819367 0.021333
vt 0.819668 0.020335
vt 0.546875 0.500000
vt 0.848460 0.237037
vt 0.849496 0.236900
vt 0.788005 0.158249
vt 0.788405 0.157285
vt 0.689544 0.171212
vt 0.688908 0.170383
vt 0.651539 0.262963
vt 0.650504 0.263098
vt 0.711995 0.341751
vt 0.711595 0.342715
vt 0.750000 0.011043
vt 0.328125 0.500000
vt 0.521333 0.319365
vt 0.203125 0.500000
vt 0.529233 0.341445
vt 0.187500 0.500000
vt 0.168319 0.685676
vt 0.168273 0.685714
vt 0.163668 0.681023
vt 0.163658 0.681097
vt 0.169219 0.639881
vt 0.169167 0.639881
vt 0.166819 0.632528
vt 0.166785 0.632585
vt 0.205804 0.685645
vt 0.205772 0.685710
vt 0.833409 0.638889
vt 0.201167 0.681023
vt 0.201158 0.681097
vt 0.205819 0.635081
vt 0.205773 0.635119
vt 0.833231 0.638889
vt 0.280775 0.685720
vt 0.280832 0.685722
vt 0.319219 0.639881
vt 0.319167 0.639881
vt 0.344853 0.633711
vt 0.344893 0.633759
vt 0.348833 0.579832
vt 0.348842 0.579906
vt 0.305882 0.692143
vt 0.305934 0.692130
vt 0.272702 0.598306
vt 0.272720 0.598235
vt 0.279327 0.596631
vt 0.279286 0.596581
vt 0.611128 0.638889
vt 0.313678 0.630430
vt 0.313659 0.630502
vt 0.972198 0.638889
vt 0.274990 0.649479
vt 0.274999 0.649405
vt 0.499982 0.638889
vt 0.201167 0.579833
vt 0.201158 0.579907
vt 0.201167 0.630427
vt 0.201158 0.630501
vt 0.169219 0.589286
vt 0.169167 0.589286
vt 0.166819 0.581932
vt 0.166785 0.581990
vt 0.160220 0.598235
vt 0.160202 0.598306
vt 0.156681 0.594085
vt 0.156726 0.594048
vt 0.160220 0.648830
vt 0.160202 0.648901
vt 0.156681 0.644680
vt 0.156726 0.644643
vt 0.755834 0.639893
vt 0.755781 0.639966
vt 0.758182 0.647234
vt 0.758215 0.647177
vt 0.768319 0.644680
vt 0.768274 0.644643
vt 0.694166 0.690476
vt 0.694219 0.690476
vt 0.755780 0.589276
vt 0.755833 0.589285
vt 0.750007 0.861111
vt 0.731719 0.589282
vt 0.731666 0.589285
vt 0.719853 0.633711
vt 0.719893 0.633759
vt 0.655819 0.685677
vt 0.655773 0.685714
vt 0.653360 0.648194
vt 0.653333 0.648129
vt 0.656719 0.639881
vt 0.656667 0.639881
vt 0.681661 0.685739
vt 0.681724 0.685723
vt 0.833182 0.861111
vt 0.648833 0.579832
vt 0.648842 0.579907
vt 0.644181 0.644680
vt 0.644227 0.644643
vt 0.727298 0.699497
vt 0.727280 0.699426
vt 0.796640 0.698789
vt 0.796666 0.698724
vt 0.651167 0.699929
vt 0.651158 0.699855
vt 0.723833 0.681023
vt 0.723842 0.681097
vt 0.763667 0.630428
vt 0.763658 0.630502
vt 0.759145 0.597602
vt 0.759167 0.597534
vt 0.583333 0.861111
vt 0.768319 0.695276
vt 0.768274 0.695238
vt 0.456661 0.862208
vt 0.456902 0.862233
vt 0.578125 0.750000
vt 0.578125 0.748951
vt 0.478659 0.250054
vt 0.478659 0.250000
vt 0.478659 0.248426
vt 0.557621 0.301641
vt 0.557688 0.301667
vt 0.569198 0.307702
vt 0.569253 0.307739
vt 0.569891 0.307243
vt 0.569830 0.307211
vt 0.556694 0.445174
vt 0.556770 0.445181
vt 0.556708 0.445833
vt 0.556630 0.445833
vt 0.556693 0.446493
vt 0.556770 0.446486
vt 0.489401 0.441825
vt 0.489448 0.441867
vt 0.488729 0.442298
vt 0.488674 0.442261
vt 0.564024 0.450886
vt 0.564024 0.450833
vt 0.551466 0.954415
vt 0.551521 0.954377
vt 0.605311 0.994754
vt 0.605314 1.000000
vt 0.550086 0.796749
vt 0.550026 0.796716
vt 0.581784 0.804167
vt 0.581708 0.804167
vt 0.906250 0.994754
vt 0.578727 0.797454
vt 0.578791 0.797424
vt 0.968845 1.000000
vt 0.581369 0.943483
vt 0.581454 0.943517
vt 0.480233 0.796501
vt 0.480174 0.796468
vt 0.549258 0.797424
vt 0.549322 0.797454
vt 0.593750 0.994754
vt 0.987806 0.226578
vt 0.734375 0.500000
vt 0.984368 0.296606
vt 0.581032 0.081032
vt 0.622947 0.002053
vt 0.625000 0.002070
vt 0.625000 0.011905
vt 0.387500 0.238095
vt 0.387470 0.238124
vt 0.374584 0.500396
vt 0.375000 0.500397
vt 0.478659 0.103658
vt 0.366667 0.738095
vt 0.623990 0.750977
vt 0.625000 0.750980
vt 0.404412 0.002070
vt 0.544118 0.011905
vt 0.404412 0.011905
vt 0.620956 0.238095
vt 0.404412 0.238095
vt 0.540636 0.845612
vt 0.544118 0.841667
vt 0.404412 0.779412
vt 0.538480 0.750000
vt 0.478659 0.258333
vt 0.478659 0.491667
vt 0.387195 0.491667
vt 0.387195 0.258333
vt 0.624392 0.500579
vt 0.625000 0.500581
vt 0.383621 0.491667
vt 0.383586 0.491700
vt 0.133333 0.511905
vt 0.133333 0.500397
vt 0.404412 0.738095
vt 0.404412 0.511905
vt 0.404412 0.740166
vt 0.618424 0.242902
vt 0.625000 0.243031
vt 0.404933 0.500591
vt 0.404412 0.500581
vt 0.616667 0.991667
vt 0.418478 0.991667
vt 0.418478 0.793478
vt 0.418478 0.758333
s 0
usemtl 
f 1368/1/1 1369/2/1 1372/3/1 1371/4/1
f 1357/5/2 1361/6/2 1376/7/2
f 1353/8/3 1351/9/3 1352/10/3 1354/11/3
f 1398/12/4 1385/13/4 1384/14/4 1396/15/4
f 1377/16/4 1379/17/4 1366/18/4 1364/19/4
f 1400/20/4 1387/21/4 1386/22/4 1399/23/4
f 1379/24/4 1378/25/4 1367/26/4 1366/27/4
f 505/28/3 506/29/3 508/30/3 511/31/3 512/32/3 515/33/3 516/34/3 519/35/3 520/36/3 523/37/3 524/38/3 526/39/3 529/40/3 530/41/3 533/42/3 534/43/3 537/44/3 538/45/3 540/46/3 542/47/3 543/48/3 546/49/3 547/50/3 550/51/3 551/52/3 553/53/3 555/54/3 557/55/3 558/56/3 559/57/3 562/58/3 564/59/3 565/60/3 568/61/3 570/62/3 572/63/3 573/64/3 576/65/3 577/66/3 579/67/3 581/68/3 583/69/3 585/70/3 494/71/3 496/72/3 498/73/3 500/74/3 502/75/3
f 397/76/3 398/77/3 394/78/3
f 327/79/3 328/80/3 330/81/3 333/82/3 334/83/3 336/84/3 338/85/3 341/86/3 342/87/3 345/88/3 346/89/3 348/90/3 349/91/3 351/92/3 352/93/3 354/94/3 356/95/3 358/96/3 360/97/3 363/98/3 364/99/3 366/100/3 369/101/3 371/102/3 373/103/3 374/104/3 377/105/3
f 708/106/3 706/107/3 701/108/3
f 706/107/3 705/109/3 701/108/3
f 702/110/3 701/108/3 705/109/3
f 695/111/3 694/112/3 714/113/3
f 694/112/3 691/114/3 717/115/3
f 714/113/3 694/112/3 717/115/3
f 695/111/3 714/113/3 696/116/3
f 714/113/3 712/117/3 696/116/3
f 699/118/3 696/116/3 712/117/3
f 712/117/3 710/119/3 699/118/3
f 701/108/3 699/118/3 710/119/3
f 708/106/3 701/108/3 710/119/3
f 682/120/3 724/121/3 684/122/3
f 724/121/3 722/123/3 684/122/3
f 684/122/3 722/123/3 686/124/3
f 721/125/3 686/124/3 722/123/3
f 678/126/3 726/127/3 680/128/3
f 675/129/3 730/130/3 729/131/3
f 675/129/3 729/131/3 678/126/3
f 726/127/3 678/126/3 729/131/3
f 724/121/3 682/120/3 680/128/3
f 680/128/3 726/127/3 724/121/3
f 686/124/3 721/125/3 687/132/3
f 689/133/3 687/132/3 721/125/3
f 721/125/3 719/134/3 689/133/3
f 691/114/3 689/133/3 719/134/3
f 717/115/3 691/114/3 719/134/3
f 732/135/3 674/136/3 672/137/3
f 734/138/3 732/135/3 672/137/3
f 734/138/3 672/137/3 669/139/3
f 735/140/3 734/138/3 669/139/3
f 669/139/3 668/141/3 735/140/3
f 738/142/3 735/140/3 668/141/3
f 668/141/3 666/143/3 738/142/3
f 740/144/3 738/142/3 666/143/3
f 740/144/3 666/143/3 664/145/3
f 742/146/3 740/144/3 664/145/3
f 664/145/3 662/147/3 742/146/3
f 744/148/3 742/146/3 662/147/3
f 662/147/3 660/149/3 744/148/3
f 746/150/5 744/148/5 660/149/5
f 660/149/3 658/151/3 746/150/3
f 747/152/3 746/150/3 658/151/3
f 658/151/3 657/153/3 747/152/3
f 749/154/3 747/152/3 657/153/3
f 657/153/3 655/155/3 749/154/3
f 751/156/3 749/154/3 655/155/3
f 655/155/3 653/157/3 751/156/3
f 751/156/3 653/157/3 651/158/3
f 730/130/3 675/129/3 674/136/3
f 674/136/3 732/135/3 730/130/3
f 450/159/3 579/67/3 452/160/3
f 577/66/3 452/160/3 579/67/3
f 452/160/3 577/66/3 455/161/3
f 576/65/3 455/161/3 577/66/3
f 447/162/3 585/70/3 583/69/3
f 447/162/3 583/69/3 448/163/3
f 581/68/3 448/163/3 583/69/3
f 443/164/3 498/73/3 496/72/3
f 443/164/3 496/72/3 444/165/3
f 494/71/3 444/165/3 496/72/3
f 444/165/3 494/71/3 447/162/3
f 585/70/3 447/162/3 494/71/3
f 448/163/3 581/68/3 450/159/3
f 579/67/3 450/159/3 581/68/3
f 500/74/3 441/166/3 438/167/3
f 502/75/3 500/74/3 438/167/3
f 438/167/3 436/168/3 502/75/3
f 498/73/3 443/164/3 441/166/3
f 441/166/3 500/74/3 498/73/3
f 392/169/3 391/170/3 394/78/3
f 455/161/3 576/65/3 457/171/3
f 576/65/3 573/64/3 457/171/3
f 458/172/3 457/171/3 573/64/3
f 573/64/3 572/63/3 458/172/3
f 460/173/3 458/172/3 572/63/3
f 572/63/3 570/62/3 460/173/3
f 462/174/3 460/173/3 570/62/3
f 644/175/3 642/176/3 757/177/3
f 753/178/3 751/156/3 651/158/3
f 753/178/3 651/158/3 648/179/3
f 755/180/3 753/178/3 648/179/3
f 755/180/3 648/179/3 646/181/3
f 462/174/3 570/62/3 568/61/3
f 757/177/3 755/180/3 646/181/3
f 463/182/3 462/174/3 568/61/3
f 433/183/3 431/184/3 508/30/3
f 320/185/3 318/186/3 316/187/3
f 433/183/3 508/30/3 506/29/3
f 387/188/3 385/189/3 382/190/3
f 392/169/3 394/78/3 381/191/3
f 505/28/3 436/168/3 434/192/3
f 771/193/3 768/194/3 633/195/3
f 772/196/3 771/193/3 633/195/3
f 633/195/3 632/197/3 772/196/3
f 775/198/3 772/196/3 632/197/3
f 632/197/3 630/199/3 775/198/3
f 777/200/3 775/198/3 630/199/3
f 630/199/3 627/201/3 777/200/3
f 778/202/3 777/200/3 627/201/3
f 627/201/3 625/203/3 778/202/3
f 781/204/3 778/202/3 625/203/3
f 625/203/3 624/205/3 781/204/3
f 782/206/3 781/204/3 624/205/3
f 761/207/3 640/208/3 763/209/3
f 640/208/3 637/210/3 763/209/3
f 617/211/3 615/212/3 790/213/3
f 615/212/3 791/214/3 790/213/3
f 793/215/3 613/216/3 611/217/3
f 793/215/3 611/217/3 609/218/3
f 604/219/3 799/220/3 798/221/3
f 604/219/3 798/221/3 607/222/3
f 796/223/3 607/222/3 798/221/3
f 607/222/3 796/223/3 609/218/3
f 793/215/3 609/218/3 796/223/3
f 759/224/3 641/225/3 761/207/3
f 640/208/3 761/207/3 641/225/3
f 791/214/3 615/212/3 613/216/3
f 613/216/3 793/215/3 791/214/3
f 763/209/3 637/210/3 765/226/3
f 767/227/3 765/226/3 637/210/3
f 637/210/3 636/228/3 767/227/3
f 768/194/3 767/227/3 636/228/3
f 633/195/3 768/194/3 636/228/3
f 782/206/3 624/205/3 621/229/3
f 784/230/3 782/206/3 621/229/3
f 621/229/3 619/231/3 784/230/3
f 786/232/3 784/230/3 619/231/3
f 619/231/3 618/233/3 786/232/3
f 788/234/3 786/232/3 618/233/3
f 618/233/3 617/211/3 788/234/3
f 617/211/3 790/213/3 788/234/3
f 805/235/3 804/236/3 600/237/3
f 602/238/3 600/237/3 804/236/3
f 801/239/3 602/238/3 804/236/3
f 592/240/3 815/241/3 594/242/3
f 815/241/3 812/243/3 594/242/3
f 594/242/3 812/243/3 596/244/3
f 812/243/3 811/245/3 596/244/3
f 811/245/3 809/246/3 596/244/3
f 599/247/3 596/244/3 809/246/3
f 809/246/3 807/248/3 599/247/3
f 600/237/3 599/247/3 807/248/3
f 805/235/3 600/237/3 807/248/3
f 820/249/3 819/250/3 586/251/3
f 565/60/3 465/252/3 1401/253/3 463/182/3
f 558/56/3 557/55/3 475/254/3
f 476/255/3 475/254/3 557/55/3
f 565/60/3 564/59/3 465/252/3
f 467/256/3 465/252/3 564/59/3
f 564/59/3 562/58/3 467/256/3
f 469/257/3 467/256/3 562/58/3
f 471/258/3 469/257/3 562/58/3
f 562/58/3 559/57/3 471/258/3
f 473/259/3 471/258/3 559/57/3
f 559/57/3 558/56/3 473/259/3
f 558/56/3 475/254/3 473/259/3
f 586/251/3 819/250/3 588/260/3
f 590/261/3 588/260/3 819/250/3
f 592/240/3 590/261/3 819/250/3
f 819/250/3 817/262/3 592/240/3
f 815/241/3 592/240/3 817/262/3
f 641/225/3 759/224/3 642/176/3
f 602/238/3 801/239/3 604/219/3
f 799/220/3 604/219/3 801/239/3
f 547/50/3 546/49/3 487/263/3
f 546/49/3 488/264/3 487/263/3
f 550/51/3 547/50/3 485/265/3
f 547/50/3 487/263/3 485/265/3
f 490/266/3 543/48/3 542/47/3
f 538/45/3 401/267/3 492/268/3
f 401/267/3 538/45/3 537/44/3
f 537/44/3 403/269/3 401/267/3
f 538/45/3 492/268/3 540/46/3
f 542/47/3 540/46/3 492/268/3
f 490/266/3 542/47/3 492/268/3
f 488/264/3 546/49/3 543/48/3
f 543/48/3 490/266/3 488/264/3
f 533/42/3 404/270/3 534/43/3
f 529/40/3 408/271/3 530/41/3
f 408/271/3 407/272/3 530/41/3
f 533/42/3 530/41/3 407/272/3
f 404/270/3 533/42/3 407/272/3
f 429/273/3 427/274/3 512/32/3
f 515/33/3 512/32/3 427/274/3
f 427/274/3 425/275/3 515/33/3
f 516/34/3 515/33/3 425/275/3
f 519/35/3 516/34/3 420/276/3
f 420/276/3 419/277/3 519/35/3
f 520/36/3 519/35/3 419/277/3
f 419/277/3 417/278/3 520/36/3
f 523/37/3 520/36/3 417/278/3
f 417/278/3 415/279/3 523/37/3
f 511/31/3 508/30/3 431/184/3
f 431/184/3 429/273/3 511/31/3
f 429/273/3 512/32/3 511/31/3
f 523/37/3 415/279/3 524/38/3
f 415/279/3 412/280/3 524/38/3
f 526/39/3 524/38/3 412/280/3
f 412/280/3 410/281/3 526/39/3
f 529/40/3 526/39/3 410/281/3
f 408/271/3 529/40/3 410/281/3
f 403/269/3 537/44/3 534/43/3
f 534/43/3 404/270/3 403/269/3
f 381/191/3 394/78/3 382/190/3
f 398/77/3 382/190/3 394/78/3
f 397/76/3 394/78/3 391/170/3
f 388/282/3 397/76/3 391/170/3
f 373/103/3 324/283/3 374/104/3
f 377/105/3 316/187/3 314/284/3
f 314/284/3 327/79/3 377/105/3
f 312/285/3 330/81/3 328/80/3
f 330/81/3 312/285/3 310/286/3
f 310/286/3 333/82/3 330/81/3
f 269/287/3 371/102/3 369/101/3
f 327/79/3 314/284/3 312/285/3
f 312/285/3 328/80/3 327/79/3
f 324/283/3 373/103/3 371/102/3
f 371/102/3 269/287/3 324/283/3
f 377/105/3 374/104/3 322/288/3
f 374/104/3 324/283/3 322/288/3
f 306/289/3 304/290/3 336/84/3
f 338/85/3 336/84/3 304/290/3
f 304/290/3 303/291/3 338/85/3
f 341/86/3 338/85/3 303/291/3
f 303/291/3 300/292/3 341/86/3
f 342/87/3 341/86/3 300/292/3
f 300/292/3 299/293/3 342/87/3
f 345/88/3 342/87/3 299/293/3
f 299/293/3 297/294/3 345/88/3
f 346/89/3 345/88/3 297/294/3
f 297/294/3 295/295/3 346/89/3
f 295/295/3 292/296/3 346/89/3
f 348/90/3 346/89/3 292/296/3
f 292/296/3 291/297/3 348/90/3
f 349/91/3 348/90/3 291/297/3
f 291/297/3 289/298/3 349/91/3
f 351/92/3 349/91/3 289/298/3
f 352/93/3 351/92/3 289/298/3
f 289/298/3 288/299/3 352/93/3
f 354/94/3 352/93/3 288/299/3
f 288/299/3 286/300/3 354/94/3
f 356/95/3 354/94/3 286/300/3
f 286/300/3 283/301/3 356/95/3
f 283/301/3 281/302/3 356/95/3
f 358/96/3 356/95/3 281/302/3
f 281/302/3 280/303/3 358/96/3
f 360/97/3 358/96/3 280/303/3
f 280/303/3 278/304/3 360/97/3
f 363/98/3 360/97/3 278/304/3
f 278/304/3 276/305/3 363/98/3
f 364/99/3 363/98/3 276/305/3
f 274/306/3 364/99/3 276/305/3
f 333/82/3 310/286/3 308/307/3
f 334/83/3 333/82/3 308/307/3
f 308/307/3 306/289/3 334/83/3
f 306/289/3 336/84/3 334/83/3
f 364/99/3 274/306/3 366/100/3
f 274/306/3 271/308/3 366/100/3
f 369/101/3 366/100/3 271/308/3
f 269/287/3 369/101/3 271/308/3
f 516/34/3 425/275/3 422/309/3
f 420/276/3 516/34/3 422/309/3
f 476/255/3 557/55/3 555/54/3
f 478/310/3 476/255/3 555/54/3
f 555/54/3 553/53/3 478/310/3
f 480/311/3 478/310/3 553/53/3
f 553/53/3 551/52/3 480/311/3
f 482/312/3 480/311/3 551/52/3
f 551/52/3 550/51/3 482/312/3
f 550/51/3 485/265/3 482/312/3
f 1402/313/3 387/188/3 398/77/3 388/282/3
f 397/76/3 388/282/3 398/77/3
f 320/185/3 377/105/3 322/288/3
f 646/181/3 644/175/3 757/177/3
f 568/61/3 565/60/3 463/182/3
f 434/192/3 506/29/3 505/28/3
f 506/29/3 434/192/3 433/183/3
f 316/187/3 377/105/3 320/185/3
f 382/190/3 398/77/3 387/188/3
f 381/191/3 379/314/3 392/169/3
f 505/28/3 502/75/3 436/168/3
f 642/176/3 759/224/3 757/177/3
f 103/315/6 149/316/6 221/317/6 192/318/6
f 149/316/7 656/319/7 688/320/7 221/317/7
f 156/321/8 192/318/8 325/322/8 249/323/8
f 192/318/9 221/317/9 375/324/9 325/322/9
f 221/317/10 688/320/10 720/325/10 375/324/10
f 34/326/11 400/327/11 598/328/11 560/329/11
f 400/327/12 501/330/12 608/331/12 598/328/12
f 501/332/13 856/333/13 873/334/13 608/335/13
f 560/329/14 598/328/14 688/336/14 656/337/14
f 598/328/15 608/331/15 720/338/15 688/336/15
f 608/335/16 873/334/16 889/339/16 720/340/16
f 71/341/17 750/342/17 825/343/17 792/344/17
f 750/342/18 758/345/18 842/346/18 825/343/18
f 758/347/19 249/323/19 325/322/19 842/348/19
f 792/344/20 825/343/20 873/334/20 856/333/20
f 825/343/21 842/346/21 889/339/21 873/334/21
f 842/348/22 325/322/22 375/324/22 889/349/22
f 375/324/23 720/325/23 889/349/23
f 896/350/24 917/351/24 940/352/24 934/353/24
f 917/351/25 927/354/25 947/355/25 940/352/25
f 927/354/26 1005/356/26 1016/357/26 947/355/26
f 934/353/27 940/352/27 959/358/27 953/359/27
f 940/352/28 947/355/28 963/360/28 959/358/28
f 947/355/29 1016/357/29 1020/361/29 963/360/29
f 905/362/30 971/363/30 993/364/30 988/365/30
f 971/363/31 980/366/31 999/367/31 993/364/31
f 980/368/32 1063/369/32 1067/370/32 999/371/32
f 988/365/33 993/364/33 1016/372/33 1005/373/33
f 993/364/34 999/367/34 1020/374/34 1016/372/34
f 999/371/35 1067/370/35 1077/375/35 1020/376/35
f 907/377/36 1027/378/36 1046/379/36 1042/380/36
f 1027/378/37 1036/381/37 1058/382/37 1046/379/37
f 1036/381/38 953/383/38 959/384/38 1058/382/38
f 1042/380/39 1046/379/39 1067/370/39 1063/369/39
f 1046/379/40 1058/382/40 1077/375/40 1067/370/40
f 1058/382/41 959/384/41 963/385/41 1077/375/41
f 963/385/42 1020/376/42 1077/375/42
f 1088/386/43 1092/387/43 1101/388/43 1098/389/43
f 1092/387/44 1127/390/44 1131/391/44 1101/388/44
f 1096/392/45 1098/389/45 1108/393/45 1105/394/45
f 1098/389/46 1101/388/46 1110/395/46 1108/393/46
f 1101/388/47 1131/391/47 1134/396/47 1110/395/47
f 1083/397/48 1113/398/48 1123/399/48 1120/400/48
f 1113/398/49 1116/401/49 1126/402/49 1123/399/49
f 1116/401/50 1153/403/50 1155/404/50 1126/402/50
f 1120/400/51 1123/399/51 1131/405/51 1127/406/51
f 1123/399/52 1126/402/52 1134/407/52 1131/405/52
f 1126/402/53 1155/404/53 1158/408/53 1134/407/53
f 1085/409/54 1136/410/54 1146/411/54 1142/412/54
f 1136/410/55 1141/413/55 1149/414/55 1146/411/55
f 1141/415/56 1105/394/56 1108/393/56 1149/416/56
f 1142/412/57 1146/411/57 1155/404/57 1153/403/57
f 1146/411/58 1149/414/58 1158/408/58 1155/404/58
f 1149/416/59 1108/393/59 1110/395/59 1158/417/59
f 1110/395/60 1134/396/60 1158/417/60
f 1160/418/61 1170/419/61 1177/420/61 1174/421/61
f 1170/419/62 1171/422/62 1181/423/62 1177/420/62
f 1171/424/63 1209/425/63 1210/426/63 1181/427/63
f 1174/421/64 1177/420/64 1188/428/64 1184/429/64
f 1177/420/65 1181/423/65 1191/430/65 1188/428/65
f 1181/427/66 1210/426/66 1213/431/66 1191/432/66
f 1163/433/67 1194/434/67 1203/435/67 1200/436/67
f 1194/434/68 1196/437/68 1206/438/68 1203/435/68
f 1196/437/69 1231/439/69 1234/440/69 1206/438/69
f 1200/436/70 1203/435/70 1210/426/70 1209/425/70
f 1203/435/71 1206/438/71 1213/431/71 1210/426/71
f 1206/438/72 1234/440/72 1238/441/72 1213/431/72
f 1167/442/73 1217/443/73 1226/444/73 1223/445/73
f 1217/443/74 1220/446/74 1228/447/74 1226/444/74
f 1220/446/75 1184/448/75 1188/449/75 1228/447/75
f 1223/445/76 1226/444/76 1234/440/76 1231/439/76
f 1226/444/77 1228/447/77 1238/441/77 1234/440/77
f 1228/447/78 1188/449/78 1191/432/78 1238/441/78
f 1191/432/79 1213/431/79 1238/441/79
f 1242/450/80 1243/451/80 1246/452/80 1245/453/80
f 1243/451/81 1255/454/81 1256/455/81 1246/452/81
f 1244/456/82 1245/453/82 1248/457/82 1247/458/82
f 1245/453/83 1246/452/83 1249/459/83 1248/457/83
f 1246/452/84 1256/455/84 1257/460/84 1249/459/84
f 1240/461/85 1250/462/85 1253/463/85 1252/464/85
f 1250/462/86 1251/465/86 1254/466/86 1253/463/86
f 1251/465/87 1263/467/87 1264/468/87 1254/466/87
f 1252/464/88 1253/463/88 1256/455/88 1255/454/88
f 1253/463/89 1254/466/89 1257/460/89 1256/455/89
f 1254/466/90 1264/468/90 1265/469/90 1257/460/90
f 1241/470/91 1258/471/91 1261/472/91 1260/473/91
f 1258/471/92 1259/474/92 1262/475/92 1261/472/92
f 1259/474/93 1247/458/93 1248/457/93 1262/475/93
f 1260/473/94 1261/472/94 1264/468/94 1263/467/94
f 1261/472/95 1262/475/95 1265/469/95 1264/468/95
f 1262/475/96 1248/457/96 1249/459/96 1265/469/96
f 1249/459/97 1257/460/97 1265/469/97
f 1266/476/98 1269/477/98 1272/478/98 1271/479/98
f 1269/477/99 1270/480/99 1273/481/99 1272/478/99
f 1270/480/100 1282/482/100 1283/483/100 1273/481/100
f 1271/479/101 1272/478/101 1275/484/101 1274/485/101
f 1272/478/102 1273/481/102 1276/486/102 1275/484/102
f 1273/481/103 1283/483/103 1284/487/103 1276/486/103
f 1267/488/104 1277/489/104 1280/490/104 1279/491/104
f 1277/489/105 1278/492/105 1281/493/105 1280/490/105
f 1278/492/106 1290/494/106 1291/495/106 1281/493/106
f 1279/491/107 1280/490/107 1283/483/107 1282/482/107
f 1280/490/108 1281/493/108 1284/487/108 1283/483/108
f 1281/493/109 1291/495/109 1292/496/109 1284/487/109
f 1268/497/110 1285/498/110 1288/499/110 1287/500/110
f 1285/498/111 1286/501/111 1289/502/111 1288/499/111
f 1286/501/112 1274/485/112 1275/484/112 1289/502/112
f 1287/500/113 1288/499/113 1291/495/113 1290/494/113
f 1288/499/114 1289/502/114 1292/496/114 1291/495/114
f 1289/502/115 1275/484/115 1276/486/115 1292/496/115
f 1276/486/116 1284/487/116 1292/496/116
f 1296/503/117 1297/504/117 1300/505/117 1299/506/117
f 1297/504/118 1309/507/118 1310/508/118 1300/505/118
f 1298/509/119 1299/506/119 1302/510/119 1301/511/119
f 1299/506/120 1300/505/120 1303/512/120 1302/510/120
f 1300/505/121 1310/508/121 1311/513/121 1303/512/121
f 1293/514/122 1304/515/122 1307/516/122 1306/517/122
f 1304/515/123 1305/518/123 1308/519/123 1307/516/123
f 1305/518/124 1317/520/124 1318/521/124 1308/519/124
f 1306/517/125 1307/516/125 1310/508/125 1309/507/125
f 1307/516/126 1308/519/126 1311/513/126 1310/508/126
f 1308/519/127 1318/521/127 1319/522/127 1311/513/127
f 1295/523/128 1312/524/128 1315/525/128 1314/526/128
f 1312/524/129 1313/527/129 1316/528/129 1315/525/129
f 1313/527/130 1301/511/130 1302/510/130 1316/528/130
f 1314/526/131 1315/525/131 1318/521/131 1317/520/131
f 1315/525/132 1316/528/132 1319/522/132 1318/521/132
f 1316/528/133 1302/510/133 1303/512/133 1319/522/133
f 1303/512/134 1311/513/134 1319/522/134
f 1320/529/135 1323/530/135 1326/531/135 1325/532/135
f 1323/530/136 1324/533/136 1327/534/136 1326/531/136
f 1324/533/137 1336/535/137 1337/536/137 1327/534/137
f 1325/532/138 1326/531/138 1329/537/138 1328/538/138
f 1326/531/139 1327/534/139 1330/539/139 1329/537/139
f 1327/534/140 1337/536/140 1338/540/140 1330/539/140
f 1321/541/141 1331/542/141 1334/543/141 1333/544/141
f 1331/542/142 1332/545/142 1335/546/142 1334/543/142
f 1332/545/143 1344/547/143 1345/548/143 1335/546/143
f 1333/544/144 1334/543/144 1337/536/144 1336/535/144
f 1334/543/145 1335/546/145 1338/540/145 1337/536/145
f 1335/546/146 1345/548/146 1346/549/146 1338/540/146
f 1322/550/147 1339/551/147 1342/552/147 1341/553/147
f 1339/551/148 1340/554/148 1343/555/148 1342/552/148
f 1340/554/149 1328/538/149 1329/537/149 1343/555/149
f 1341/553/150 1342/552/150 1345/548/150 1344/547/150
f 1342/552/151 1343/555/151 1346/549/151 1345/548/151
f 1343/555/152 1329/537/152 1330/539/152 1346/549/152
f 1330/539/153 1338/540/153 1346/549/153
f 1088/386/154 156/321/154 249/323/154 1092/387/154
f 1092/387/155 249/323/155 758/347/155 1127/390/155
f 1127/406/156 758/345/156 750/342/156 1120/400/156
f 1120/400/157 750/342/157 71/341/157 1083/397/157
f 34/326/158 896/350/158 934/353/158 400/327/158
f 400/327/159 934/353/159 953/359/159 501/330/159
f 501/332/160 953/383/160 1036/381/160 856/333/160
f 856/333/161 1036/381/161 1027/378/161 792/344/161
f 792/344/162 1027/378/162 907/377/162 71/341/162
f 905/362/163 1160/418/163 1174/421/163 971/363/163
f 971/363/164 1174/421/164 1184/429/164 980/366/164
f 980/368/165 1184/448/165 1220/446/165 1063/369/165
f 1063/369/166 1220/446/166 1217/443/166 1042/380/166
f 1042/380/167 1217/443/167 1167/442/167 907/377/167
f 1163/433/168 1085/409/168 1142/412/168 1194/434/168
f 1194/434/169 1142/412/169 1153/403/169 1196/437/169
f 1196/437/170 1153/403/170 1116/401/170 1231/439/170
f 1231/439/171 1116/401/171 1113/398/171 1223/445/171
f 1223/445/172 1113/398/172 1083/397/172 1167/442/172
f 1296/503/173 1096/392/173 1105/394/173 1297/504/173
f 1297/504/174 1105/394/174 1141/415/174 1309/507/174
f 1309/507/175 1141/413/175 1136/410/175 1306/517/175
f 1306/517/176 1136/410/176 1085/409/176 1293/514/176
f 1160/418/177 1320/529/177 1325/532/177 1170/419/177
f 1170/419/178 1325/532/178 1328/538/178 1171/422/178
f 1171/424/179 1328/538/179 1340/554/179 1209/425/179
f 1209/425/180 1340/554/180 1339/551/180 1200/436/180
f 1200/436/181 1339/551/181 1322/550/181 1163/433/181
f 1321/541/182 1295/523/182 1314/526/182 1331/542/182
f 1331/542/183 1314/526/183 1317/520/183 1332/545/183
f 1332/545/184 1317/520/184 1305/518/184 1344/547/184
f 1344/547/185 1305/518/185 1304/515/185 1341/553/185
f 1341/553/186 1304/515/186 1293/514/186 1322/550/186
f 1242/450/187 1298/509/187 1301/511/187 1243/451/187
f 1243/451/188 1301/511/188 1313/527/188 1255/454/188
f 1255/454/189 1313/527/189 1312/524/189 1252/464/189
f 1252/464/190 1312/524/190 1295/523/190 1240/461/190
f 1320/529/191 1266/476/191 1271/479/191 1323/530/191
f 1323/530/192 1271/479/192 1274/485/192 1324/533/192
f 1324/533/193 1274/485/193 1286/501/193 1336/535/193
f 1336/535/194 1286/501/194 1285/498/194 1333/544/194
f 1333/544/195 1285/498/195 1268/497/195 1321/541/195
f 1267/488/196 1241/470/196 1260/473/196 1277/489/196
f 1277/489/197 1260/473/197 1263/467/197 1278/492/197
f 1278/492/198 1263/467/198 1251/465/198 1290/494/198
f 1290/494/199 1251/465/199 1250/462/199 1287/500/199
f 1287/500/200 1250/462/200 1240/461/200 1268/497/200
f 103/315/201 1244/456/201 1247/458/201 149/316/201
f 149/316/202 1247/458/202 1259/474/202 656/319/202
f 656/337/203 1259/474/203 1258/471/203 560/329/203
f 560/329/204 1258/471/204 1241/470/204 34/326/204
f 1266/476/205 905/362/205 988/365/205 1269/477/205
f 1269/477/206 988/365/206 1005/373/206 1270/480/206
f 1270/480/207 1005/356/207 927/354/207 1282/482/207
f 1282/482/208 927/354/208 917/351/208 1279/491/208
f 1279/491/209 917/351/209 896/350/209 1267/488/209
f 71/341/210 907/377/210 1167/442/210 1083/397/210
f 1241/470/3 1267/488/3 896/350/3 34/326/3
f 1320/529/211 1160/418/211 905/362/211 1266/476/211
f 1085/409/212 1163/433/212 1322/550/212 1293/514/212
f 1295/523/1 1321/541/1 1268/497/1 1240/461/1
f 48/315/6 62/316/6 108/317/6 94/318/6
f 62/316/7 245/319/7 262/320/7 108/317/7
f 74/321/8 94/318/8 138/322/8 126/323/8
f 94/318/9 108/317/9 160/324/9 138/322/9
f 108/317/10 262/320/10 301/325/10 160/324/10
f 25/326/11 169/327/11 217/328/11 202/329/11
f 169/327/12 181/330/12 233/331/12 217/328/12
f 181/332/13 483/333/13 518/334/13 233/335/13
f 202/329/14 217/328/14 262/336/14 245/337/14
f 217/328/15 233/331/15 301/338/15 262/336/15
f 233/335/16 518/334/16 556/339/16 301/340/16
f 41/341/17 321/342/17 421/343/17 399/344/17
f 321/342/18 355/345/18 432/346/18 421/343/18
f 355/347/19 126/323/19 138/322/19 432/348/19
f 399/344/20 421/343/20 518/334/20 483/333/20
f 421/343/21 432/346/21 556/339/21 518/334/21
f 432/348/22 138/322/22 160/324/22 556/349/22
f 160/324/213 301/325/213 556/349/213
f 567/350/24 612/351/24 654/352/24 635/353/24
f 612/351/25 628/354/25 676/355/25 654/352/25
f 628/354/26 814/356/26 818/357/26 676/355/26
f 635/353/27 654/352/27 703/358/27 679/359/27
f 654/352/28 676/355/28 711/360/28 703/358/28
f 676/355/29 818/357/29 831/361/29 711/360/29
f 578/362/30 733/363/30 773/364/30 770/365/30
f 733/363/31 745/366/31 802/367/31 773/364/31
f 745/368/32 876/369/32 883/370/32 802/371/32
f 770/365/214 773/364/214 818/372/214 814/373/214
f 773/364/215 802/367/215 831/374/215 818/372/215
f 802/371/35 883/370/35 894/375/35 831/376/35
f 593/377/36 839/378/36 861/379/36 853/380/36
f 839/378/37 846/381/37 868/382/37 861/379/37
f 846/381/38 679/383/38 703/384/38 868/382/38
f 853/380/39 861/379/39 883/370/39 876/369/39
f 861/379/216 868/382/216 894/375/216 883/370/216
f 868/382/41 703/384/41 711/385/41 894/375/41
f 711/385/217 831/376/217 894/375/217
f 903/386/43 909/387/43 920/388/43 914/389/43
f 909/387/44 950/390/44 955/391/44 920/388/44
f 912/392/45 914/389/45 925/393/45 922/394/45
f 914/389/218 920/388/218 928/395/218 925/393/218
f 920/388/219 955/391/219 956/396/219 928/395/219
f 898/397/48 932/398/48 943/399/48 939/400/48
f 932/398/49 936/401/49 946/402/49 943/399/49
f 936/401/50 977/403/50 983/404/50 946/402/50
f 939/400/51 943/399/51 955/405/51 950/406/51
f 943/399/220 946/402/220 956/407/220 955/405/220
f 946/402/53 983/404/53 985/408/53 956/407/53
f 901/409/54 962/410/54 973/411/54 968/412/54
f 962/410/55 966/413/55 974/414/55 973/411/55
f 966/415/56 922/394/56 925/393/56 974/416/56
f 968/412/57 973/411/57 983/404/57 977/403/57
f 973/411/58 974/414/58 985/408/58 983/404/58
f 974/416/59 925/393/59 928/395/59 985/417/59
f 928/395/221 956/396/221 985/417/221
f 987/418/61 997/419/61 1008/420/61 1007/421/61
f 997/419/62 1001/422/62 1012/423/62 1008/420/62
f 1001/424/63 1044/425/63 1049/426/63 1012/427/63
f 1007/421/64 1008/420/64 1018/428/64 1015/429/64
f 1008/420/65 1012/423/65 1022/430/65 1018/428/65
f 1012/427/66 1049/426/66 1051/431/66 1022/432/66
f 990/433/67 1026/434/67 1037/435/67 1033/436/67
f 1026/434/68 1030/437/68 1040/438/68 1037/435/68
f 1030/437/69 1073/439/69 1075/440/69 1040/438/69
f 1033/436/70 1037/435/70 1049/426/70 1044/425/70
f 1037/435/222 1040/438/222 1051/431/222 1049/426/222
f 1040/438/72 1075/440/72 1078/441/72 1051/431/72
f 995/442/73 1054/443/73 1065/444/73 1060/445/73
f 1054/443/74 1056/446/74 1070/447/74 1065/444/74
f 1056/446/75 1015/448/75 1018/449/75 1070/447/75
f 1060/445/76 1065/444/76 1075/440/76 1073/439/76
f 1065/444/77 1070/447/77 1078/441/77 1075/440/77
f 1070/447/78 1018/449/78 1022/432/78 1078/441/78
f 1022/432/223 1051/431/223 1078/441/223
f 1084/450/80 1086/451/80 1090/452/80 1089/453/80
f 1086/451/81 1103/454/81 1104/455/81 1090/452/81
f 1087/456/82 1089/453/82 1093/457/82 1091/458/82
f 1089/453/224 1090/452/224 1094/459/224 1093/457/224
f 1090/452/225 1104/455/225 1106/460/225 1094/459/225
f 1081/461/85 1095/462/85 1100/463/85 1099/464/85
f 1095/462/86 1097/465/86 1102/466/86 1100/463/86
f 1097/465/87 1115/467/87 1117/468/87 1102/466/87
f 1099/464/88 1100/463/88 1104/455/88 1103/454/88
f 1100/463/226 1102/466/226 1106/460/226 1104/455/226
f 1102/466/90 1117/468/90 1118/469/90 1106/460/90
f 1082/470/91 1107/471/91 1112/472/91 1111/473/91
f 1107/471/92 1109/474/92 1114/475/92 1112/472/92
f 1109/474/93 1091/458/93 1093/457/93 1114/475/93
f 1111/473/94 1112/472/94 1117/468/94 1115/467/94
f 1112/472/95 1114/475/95 1118/469/95 1117/468/95
f 1114/475/96 1093/457/96 1094/459/96 1118/469/96
f 1094/459/227 1106/460/227 1118/469/227
f 1119/476/98 1124/477/98 1129/478/98 1128/479/98
f 1124/477/99 1125/480/99 1130/481/99 1129/478/99
f 1125/480/100 1144/482/100 1145/483/100 1130/481/100
f 1128/479/101 1129/478/101 1133/484/101 1132/485/101
f 1129/478/102 1130/481/102 1135/486/102 1133/484/102
f 1130/481/103 1145/483/103 1147/487/103 1135/486/103
f 1121/488/104 1137/489/104 1140/490/104 1139/491/104
f 1137/489/105 1138/492/105 1143/493/105 1140/490/105
f 1138/492/106 1156/494/106 1157/495/106 1143/493/106
f 1139/491/107 1140/490/107 1145/483/107 1144/482/107
f 1140/490/108 1143/493/108 1147/487/108 1145/483/108
f 1143/493/109 1157/495/109 1159/496/109 1147/487/109
f 1122/497/110 1148/498/110 1152/499/110 1151/500/110
f 1148/498/111 1150/501/111 1154/502/111 1152/499/111
f 1150/501/112 1132/485/112 1133/484/112 1154/502/112
f 1151/500/113 1152/499/113 1157/495/113 1156/494/113
f 1152/499/228 1154/502/228 1159/496/228 1157/495/228
f 1154/502/115 1133/484/115 1135/486/115 1159/496/115
f 1135/486/229 1147/487/229 1159/496/229
f 1164/503/117 1165/504/117 1169/505/117 1168/506/117
f 1165/504/118 1183/507/118 1185/508/118 1169/505/118
f 1166/509/119 1168/506/119 1173/510/119 1172/511/119
f 1168/506/120 1169/505/120 1175/512/120 1173/510/120
f 1169/505/121 1185/508/121 1186/513/121 1175/512/121
f 1161/514/122 1176/515/122 1180/516/122 1179/517/122
f 1176/515/123 1178/518/123 1182/519/123 1180/516/123
f 1178/518/124 1195/520/124 1197/521/124 1182/519/124
f 1179/517/125 1180/516/125 1185/508/125 1183/507/125
f 1180/516/126 1182/519/126 1186/513/126 1185/508/126
f 1182/519/127 1197/521/127 1198/522/127 1186/513/127
f 1162/523/128 1187/524/128 1192/525/128 1190/526/128
f 1187/524/129 1189/527/129 1193/528/129 1192/525/129
f 1189/527/130 1172/511/130 1173/510/130 1193/528/130
f 1190/526/131 1192/525/131 1197/521/131 1195/520/131
f 1192/525/230 1193/528/230 1198/522/230 1197/521/230
f 1193/528/133 1173/510/133 1175/512/133 1198/522/133
f 1175/512/231 1186/513/231 1198/522/231
f 1199/529/135 1204/530/135 1208/531/135 1207/532/135
f 1204/530/136 1205/533/136 1211/534/136 1208/531/136
f 1205/533/137 1224/535/137 1225/536/137 1211/534/137
f 1207/532/232 1208/531/232 1214/537/232 1212/538/232
f 1208/531/233 1211/534/233 1215/539/233 1214/537/233
f 1211/534/234 1225/536/234 1227/540/234 1215/539/234
f 1201/541/141 1216/542/141 1221/543/141 1219/544/141
f 1216/542/142 1218/545/142 1222/546/142 1221/543/142
f 1218/545/143 1236/547/143 1237/548/143 1222/546/143
f 1219/544/144 1221/543/144 1225/536/144 1224/535/144
f 1221/543/145 1222/546/145 1227/540/145 1225/536/145
f 1222/546/146 1237/548/146 1239/549/146 1227/540/146
f 1202/550/147 1229/551/147 1233/552/147 1232/553/147
f 1229/551/148 1230/554/148 1235/555/148 1233/552/148
f 1230/554/149 1212/538/149 1214/537/149 1235/555/149
f 1232/553/150 1233/552/150 1237/548/150 1236/547/150
f 1233/552/151 1235/555/151 1239/549/151 1237/548/151
f 1235/555/152 1214/537/152 1215/539/152 1239/549/152
f 1215/539/235 1227/540/235 1239/549/235
f 903/386/154 74/321/154 126/323/154 909/387/154
f 909/387/155 126/323/155 355/347/155 950/390/155
f 950/406/156 355/345/156 321/342/156 939/400/156
f 939/400/157 321/342/157 41/341/157 898/397/157
f 25/326/158 567/350/158 635/353/158 169/327/158
f 169/327/159 635/353/159 679/359/159 181/330/159
f 181/332/160 679/383/160 846/381/160 483/333/160
f 483/333/161 846/381/161 839/378/161 399/344/161
f 399/344/162 839/378/162 593/377/162 41/341/162
f 578/362/163 987/418/163 1007/421/163 733/363/163
f 733/363/164 1007/421/164 1015/429/164 745/366/164
f 745/368/165 1015/448/165 1056/446/165 876/369/165
f 876/369/166 1056/446/166 1054/443/166 853/380/166
f 853/380/167 1054/443/167 995/442/167 593/377/167
f 990/433/168 901/409/168 968/412/168 1026/434/168
f 1026/434/169 968/412/169 977/403/169 1030/437/169
f 1030/437/170 977/403/170 936/401/170 1073/439/170
f 1073/439/171 936/401/171 932/398/171 1060/445/171
f 1060/445/172 932/398/172 898/397/172 995/442/172
f 1164/503/173 912/392/173 922/394/173 1165/504/173
f 1165/504/174 922/394/174 966/415/174 1183/507/174
f 1183/507/175 966/413/175 962/410/175 1179/517/175
f 1179/517/176 962/410/176 901/409/176 1161/514/176
f 987/418/177 1199/529/177 1207/532/177 997/419/177
f 997/419/178 1207/532/178 1212/538/178 1001/422/178
f 1001/424/179 1212/538/179 1230/554/179 1044/425/179
f 1044/425/180 1230/554/180 1229/551/180 1033/436/180
f 1033/436/181 1229/551/181 1202/550/181 990/433/181
f 1201/541/182 1162/523/182 1190/526/182 1216/542/182
f 1216/542/183 1190/526/183 1195/520/183 1218/545/183
f 1218/545/184 1195/520/184 1178/518/184 1236/547/184
f 1236/547/185 1178/518/185 1176/515/185 1232/553/185
f 1232/553/186 1176/515/186 1161/514/186 1202/550/186
f 1084/450/187 1166/509/187 1172/511/187 1086/451/187
f 1086/451/188 1172/511/188 1189/527/188 1103/454/188
f 1103/454/189 1189/527/189 1187/524/189 1099/464/189
f 1099/464/190 1187/524/190 1162/523/190 1081/461/190
f 1199/529/191 1119/476/191 1128/479/191 1204/530/191
f 1204/530/192 1128/479/192 1132/485/192 1205/533/192
f 1205/533/193 1132/485/193 1150/501/193 1224/535/193
f 1224/535/194 1150/501/194 1148/498/194 1219/544/194
f 1219/544/195 1148/498/195 1122/497/195 1201/541/195
f 1121/488/196 1082/470/196 1111/473/196 1137/489/196
f 1137/489/197 1111/473/197 1115/467/197 1138/492/197
f 1138/492/198 1115/467/198 1097/465/198 1156/494/198
f 1156/494/199 1097/465/199 1095/462/199 1151/500/199
f 1151/500/200 1095/462/200 1081/461/200 1122/497/200
f 48/315/201 1087/456/201 1091/458/201 62/316/201
f 62/316/202 1091/458/202 1109/474/202 245/319/202
f 245/337/203 1109/474/203 1107/471/203 202/329/203
f 202/329/204 1107/471/204 1082/470/204 25/326/204
f 1119/476/205 578/362/205 770/365/205 1124/477/205
f 1124/477/206 770/365/206 814/373/206 1125/480/206
f 1125/480/207 814/356/207 628/354/207 1144/482/207
f 1144/482/208 628/354/208 612/351/208 1139/491/208
f 1139/491/209 612/351/209 567/350/209 1121/488/209
f 41/341/210 593/377/210 995/442/210 898/397/210
f 1082/470/3 1121/488/3 567/350/3 25/326/3
f 1199/529/211 987/418/211 578/362/211 1119/476/211
f 901/409/212 990/433/212 1202/550/212 1161/514/212
f 1162/523/1 1201/541/1 1122/497/1 1081/461/1
f 21/315/6 27/316/6 52/317/6 46/318/6
f 27/316/7 123/319/7 132/320/7 52/317/7
f 35/321/8 46/318/8 67/322/8 59/323/8
f 46/318/9 52/317/9 79/324/9 67/322/9
f 52/317/10 132/320/10 134/325/10 79/324/10
f 7/326/11 85/327/11 107/328/11 98/329/11
f 85/327/12 90/330/12 113/331/12 107/328/12
f 90/332/13 186/333/13 193/334/13 113/335/13
f 98/329/14 107/328/14 132/336/14 123/337/14
f 107/328/15 113/331/15 134/338/15 132/336/15
f 113/335/16 193/334/16 197/339/16 134/340/16
f 12/341/17 143/342/17 173/343/17 162/344/17
f 143/342/18 153/345/18 177/346/18 173/343/18
f 153/347/19 59/323/19 67/322/19 177/348/19
f 162/344/20 173/343/20 193/334/20 186/333/20
f 173/343/21 177/346/21 197/339/21 193/334/21
f 177/348/22 67/322/22 79/324/22 197/349/22
f 79/324/236 134/325/236 197/349/236
f 205/350/24 228/351/24 254/352/24 242/353/24
f 228/351/25 240/354/25 257/355/25 254/352/25
f 240/354/26 390/356/26 409/357/26 257/355/26
f 242/353/27 254/352/27 282/358/27 268/359/27
f 254/352/237 257/355/237 296/360/237 282/358/237
f 257/355/29 409/357/29 426/361/29 296/360/29
f 210/362/30 311/363/30 362/364/30 344/365/30
f 311/363/31 331/366/31 380/367/31 362/364/31
f 331/368/32 514/369/32 527/370/32 380/371/32
f 344/365/33 362/364/33 409/372/33 390/373/33
f 362/364/34 380/367/34 426/374/34 409/372/34
f 380/371/35 527/370/35 548/375/35 426/376/35
f 222/377/36 442/378/36 493/379/36 470/380/36
f 442/378/37 451/381/37 507/382/37 493/379/37
f 451/381/38 268/383/38 282/384/38 507/382/38
f 470/380/39 493/379/39 527/370/39 514/369/39
f 493/379/40 507/382/40 548/375/40 527/370/40
f 507/382/41 282/384/41 296/385/41 548/375/41
f 296/385/217 426/376/217 548/375/217
f 582/386/43 589/387/43 616/388/43 605/389/43
f 589/387/44 685/390/44 693/391/44 616/388/44
f 595/392/45 605/389/45 631/393/45 623/394/45
f 605/389/218 616/388/218 638/395/218 631/393/218
f 616/388/219 693/391/219 700/396/219 638/395/219
f 563/397/48 645/398/48 670/399/48 663/400/48
f 645/398/49 649/401/49 671/402/49 670/399/49
f 649/401/50 743/403/50 756/404/50 671/402/50
f 663/400/51 670/399/51 693/405/51 685/406/51
f 670/399/52 671/402/52 700/407/52 693/405/52
f 671/402/53 756/404/53 762/408/53 700/407/53
f 574/409/54 709/410/54 727/411/54 725/412/54
f 709/410/55 716/413/55 739/414/55 727/411/55
f 716/415/56 623/394/56 631/393/56 739/416/56
f 725/412/57 727/411/57 756/404/57 743/403/57
f 727/411/58 739/414/58 762/408/58 756/404/58
f 739/416/59 631/393/59 638/395/59 762/417/59
f 638/395/238 700/396/238 762/417/238
f 766/418/61 789/419/61 813/420/61 806/421/61
f 789/419/62 795/422/62 823/423/62 813/420/62
f 795/424/63 854/425/63 859/426/63 823/427/63
f 806/421/64 813/420/64 830/428/64 827/429/64
f 813/420/65 823/423/65 834/430/65 830/428/65
f 823/427/66 859/426/66 864/431/66 834/432/66
f 779/433/67 837/434/67 848/435/67 844/436/67
f 837/434/68 841/437/68 850/438/68 848/435/68
f 841/437/69 884/439/69 887/440/69 850/438/69
f 844/436/70 848/435/70 859/426/70 854/425/70
f 848/435/222 850/438/222 864/431/222 859/426/222
f 850/438/72 887/440/72 891/441/72 864/431/72
f 785/442/73 866/443/73 878/444/73 874/445/73
f 866/443/74 870/446/74 881/447/74 878/444/74
f 870/446/75 827/448/75 830/449/75 881/447/75
f 874/445/76 878/444/76 887/440/76 884/439/76
f 878/444/77 881/447/77 891/441/77 887/440/77
f 881/447/78 830/449/78 834/432/78 891/441/78
f 834/432/239 864/431/239 891/441/239
f 899/450/80 900/451/80 906/452/80 904/453/80
f 900/451/81 921/454/81 923/455/81 906/452/81
f 902/456/82 904/453/82 910/457/82 908/458/82
f 904/453/240 906/452/240 911/459/240 910/457/240
f 906/452/225 923/455/225 924/460/225 911/459/225
f 895/461/85 913/462/85 918/463/85 916/464/85
f 913/462/86 915/465/86 919/466/86 918/463/86
f 915/465/87 935/467/87 937/468/87 919/466/87
f 916/464/88 918/463/88 923/455/88 921/454/88
f 918/463/89 919/466/89 924/460/89 923/455/89
f 919/466/90 937/468/90 938/469/90 924/460/90
f 897/470/91 926/471/91 931/472/91 930/473/91
f 926/471/92 929/474/92 933/475/92 931/472/92
f 929/474/93 908/458/93 910/457/93 933/475/93
f 930/473/94 931/472/94 937/468/94 935/467/94
f 931/472/241 933/475/241 938/469/241 937/468/241
f 933/475/96 910/457/96 911/459/96 938/469/96
f 911/459/227 924/460/227 938/469/227
f 941/476/98 945/477/98 951/478/98 949/479/98
f 945/477/99 948/480/99 952/481/99 951/478/99
f 948/480/100 969/482/100 970/483/100 952/481/100
f 949/479/101 951/478/101 957/484/101 954/485/101
f 951/478/102 952/481/102 958/486/102 957/484/102
f 952/481/103 970/483/103 972/487/103 958/486/103
f 942/488/104 960/489/104 965/490/104 964/491/104
f 960/489/105 961/492/105 967/493/105 965/490/105
f 961/492/106 982/494/106 984/495/106 967/493/106
f 964/491/107 965/490/107 970/483/107 969/482/107
f 965/490/108 967/493/108 972/487/108 970/483/108
f 967/493/109 984/495/109 986/496/109 972/487/109
f 944/497/110 975/498/110 979/499/110 978/500/110
f 975/498/111 976/501/111 981/502/111 979/499/111
f 976/501/112 954/485/112 957/484/112 981/502/112
f 978/500/113 979/499/113 984/495/113 982/494/113
f 979/499/114 981/502/114 986/496/114 984/495/114
f 981/502/115 957/484/115 958/486/115 986/496/115
f 958/486/242 972/487/242 986/496/242
f 992/503/117 994/504/117 1000/505/117 998/506/117
f 994/504/118 1014/507/118 1017/508/118 1000/505/118
f 996/509/119 998/506/119 1003/510/119 1002/511/119
f 998/506/120 1000/505/120 1004/512/120 1003/510/120
f 1000/505/121 1017/508/121 1019/513/121 1004/512/121
f 989/514/122 1006/515/122 1011/516/122 1010/517/122
f 1006/515/123 1009/518/123 1013/519/123 1011/516/123
f 1009/518/124 1029/520/124 1031/521/124 1013/519/124
f 1010/517/125 1011/516/125 1017/508/125 1014/507/125
f 1011/516/126 1013/519/126 1019/513/126 1017/508/126
f 1013/519/127 1031/521/127 1032/522/127 1019/513/127
f 991/523/128 1021/524/128 1025/525/128 1024/526/128
f 1021/524/129 1023/527/129 1028/528/129 1025/525/129
f 1023/527/130 1002/511/130 1003/510/130 1028/528/130
f 1024/526/131 1025/525/131 1031/521/131 1029/520/131
f 1025/525/132 1028/528/132 1032/522/132 1031/521/132
f 1028/528/133 1003/510/133 1004/512/133 1032/522/133
f 1004/512/243 1019/513/243 1032/522/243
f 1034/529/135 1039/530/135 1045/531/135 1043/532/135
f 1039/530/136 1041/533/136 1047/534/136 1045/531/136
f 1041/533/137 1062/535/137 1064/536/137 1047/534/137
f 1043/532/138 1045/531/138 1050/537/138 1048/538/138
f 1045/531/233 1047/534/233 1052/539/233 1050/537/233
f 1047/534/234 1064/536/234 1066/540/234 1052/539/234
f 1035/541/141 1053/542/141 1059/543/141 1057/544/141
f 1053/542/142 1055/545/142 1061/546/142 1059/543/142
f 1055/545/143 1076/547/143 1079/548/143 1061/546/143
f 1057/544/144 1059/543/144 1064/536/144 1062/535/144
f 1059/543/244 1061/546/244 1066/540/244 1064/536/244
f 1061/546/146 1079/548/146 1080/549/146 1066/540/146
f 1038/550/147 1068/551/147 1072/552/147 1071/553/147
f 1068/551/148 1069/554/148 1074/555/148 1072/552/148
f 1069/554/149 1048/538/149 1050/537/149 1074/555/149
f 1071/553/150 1072/552/150 1079/548/150 1076/547/150
f 1072/552/151 1074/555/151 1080/549/151 1079/548/151
f 1074/555/152 1050/537/152 1052/539/152 1080/549/152
f 1052/539/245 1066/540/245 1080/549/245
f 582/386/154 35/321/154 59/323/154 589/387/154
f 589/387/155 59/323/155 153/347/155 685/390/155
f 685/406/156 153/345/156 143/342/156 663/400/156
f 663/400/157 143/342/157 12/341/157 563/397/157
f 7/326/158 205/350/158 242/353/158 85/327/158
f 85/327/159 242/353/159 268/359/159 90/330/159
f 90/332/160 268/383/160 451/381/160 186/333/160
f 186/333/161 451/381/161 442/378/161 162/344/161
f 162/344/162 442/378/162 222/377/162 12/341/162
f 210/362/163 766/418/163 806/421/163 311/363/163
f 311/363/164 806/421/164 827/429/164 331/366/164
f 331/368/165 827/448/165 870/446/165 514/369/165
f 514/369/166 870/446/166 866/443/166 470/380/166
f 470/380/167 866/443/167 785/442/167 222/377/167
f 779/433/168 574/409/168 725/412/168 837/434/168
f 837/434/169 725/412/169 743/403/169 841/437/169
f 841/437/170 743/403/170 649/401/170 884/439/170
f 884/439/171 649/401/171 645/398/171 874/445/171
f 874/445/172 645/398/172 563/397/172 785/442/172
f 992/503/173 595/392/173 623/394/173 994/504/173
f 994/504/174 623/394/174 716/415/174 1014/507/174
f 1014/507/175 716/413/175 709/410/175 1010/517/175
f 1010/517/176 709/410/176 574/409/176 989/514/176
f 766/418/177 1034/529/177 1043/532/177 789/419/177
f 789/419/178 1043/532/178 1048/538/178 795/422/178
f 795/424/179 1048/538/179 1069/554/179 854/425/179
f 854/425/180 1069/554/180 1068/551/180 844/436/180
f 844/436/181 1068/551/181 1038/550/181 779/433/181
f 1035/541/182 991/523/182 1024/526/182 1053/542/182
f 1053/542/183 1024/526/183 1029/520/183 1055/545/183
f 1055/545/184 1029/520/184 1009/518/184 1076/547/184
f 1076/547/185 1009/518/185 1006/515/185 1071/553/185
f 1071/553/186 1006/515/186 989/514/186 1038/550/186
f 899/450/187 996/509/187 1002/511/187 900/451/187
f 900/451/188 1002/511/188 1023/527/188 921/454/188
f 921/454/189 1023/527/189 1021/524/189 916/464/189
f 916/464/190 1021/524/190 991/523/190 895/461/190
f 1034/529/191 941/476/191 949/479/191 1039/530/191
f 1039/530/192 949/479/192 954/485/192 1041/533/192
f 1041/533/193 954/485/193 976/501/193 1062/535/193
f 1062/535/194 976/501/194 975/498/194 1057/544/194
f 1057/544/195 975/498/195 944/497/195 1035/541/195
f 942/488/196 897/470/196 930/473/196 960/489/196
f 960/489/197 930/473/197 935/467/197 961/492/197
f 961/492/198 935/467/198 915/465/198 982/494/198
f 982/494/199 915/465/199 913/462/199 978/500/199
f 978/500/200 913/462/200 895/461/200 944/497/200
f 21/315/201 902/456/201 908/458/201 27/316/201
f 27/316/202 908/458/202 929/474/202 123/319/202
f 123/337/203 929/474/203 926/471/203 98/329/203
f 98/329/204 926/471/204 897/470/204 7/326/204
f 941/476/205 210/362/205 344/365/205 945/477/205
f 945/477/206 344/365/206 390/373/206 948/480/206
f 948/480/207 390/356/207 240/354/207 969/482/207
f 969/482/208 240/354/208 228/351/208 964/491/208
f 964/491/209 228/351/209 205/350/209 942/488/209
f 12/341/210 222/377/210 785/442/210 563/397/210
f 897/470/3 942/488/3 205/350/3 7/326/3
f 1034/529/211 766/418/211 210/362/211 941/476/211
f 574/409/212 779/433/212 1038/550/212 989/514/212
f 991/523/1 1035/541/1 944/497/1 895/461/1
f 10/315/6 15/316/6 23/317/6 19/318/6
f 15/316/7 60/319/7 64/320/7 23/317/7
f 17/321/8 19/318/8 32/322/8 29/323/8
f 19/318/9 23/317/9 38/324/9 32/322/9
f 23/317/10 64/320/10 68/325/10 38/324/10
f 3/326/11 40/327/11 54/328/11 50/329/11
f 40/327/12 43/330/12 56/331/12 54/328/12
f 43/332/13 91/333/13 95/334/13 56/335/13
f 50/329/14 54/328/14 64/336/14 60/337/14
f 54/328/15 56/331/15 68/338/15 64/336/15
f 56/335/16 95/334/16 99/339/16 68/340/16
f 5/341/17 73/342/17 83/343/17 81/344/17
f 73/342/18 77/345/18 87/346/18 83/343/18
f 77/347/19 29/323/19 32/322/19 87/348/19
f 81/344/20 83/343/20 95/334/20 91/333/20
f 83/343/246 87/346/246 99/339/246 95/334/246
f 87/348/22 32/322/22 38/324/22 99/349/22
f 38/324/213 68/325/213 99/349/213
f 101/350/24 114/351/24 124/352/24 120/353/24
f 114/351/25 118/354/25 129/355/25 124/352/25
f 118/354/26 164/356/26 166/357/26 129/355/26
f 120/353/27 124/352/27 137/358/27 130/359/27
f 124/352/28 129/355/28 141/360/28 137/358/28
f 129/355/29 166/357/29 170/361/29 141/360/29
f 104/362/30 145/363/30 155/364/30 150/365/30
f 145/363/31 147/366/31 159/367/31 155/364/31
f 147/368/32 196/369/32 199/370/32 159/371/32
f 150/365/214 155/364/214 166/372/214 164/373/214
f 155/364/215 159/367/215 170/374/215 166/372/215
f 159/371/35 199/370/35 204/375/35 170/376/35
f 111/377/36 176/378/36 188/379/36 184/380/36
f 176/378/37 180/381/37 190/382/37 188/379/37
f 180/381/38 130/383/38 137/384/38 190/382/38
f 184/380/39 188/379/39 199/370/39 196/369/39
f 188/379/216 190/382/216 204/375/216 199/370/216
f 190/382/41 137/384/41 141/385/41 204/375/41
f 141/385/217 170/376/217 204/375/217
f 215/386/43 218/387/43 230/388/43 226/389/43
f 218/387/44 266/390/44 272/391/44 230/388/44
f 224/392/45 226/389/45 237/393/45 235/394/45
f 226/389/218 230/388/218 244/395/218 237/393/218
f 230/388/219 272/391/219 277/396/219 244/395/219
f 208/397/48 247/398/48 259/399/48 255/400/48
f 247/398/49 251/401/49 264/402/49 259/399/49
f 251/401/50 329/403/50 337/404/50 264/402/50
f 255/400/51 259/399/51 272/405/51 266/406/51
f 259/399/220 264/402/220 277/407/220 272/405/220
f 264/402/53 337/404/53 339/408/53 277/407/53
f 213/409/54 284/410/54 309/411/54 302/412/54
f 284/410/55 293/413/55 315/414/55 309/411/55
f 293/415/56 235/394/56 237/393/56 315/416/56
f 302/412/57 309/411/57 337/404/57 329/403/57
f 309/411/58 315/414/58 339/408/58 337/404/58
f 315/416/59 237/393/59 244/395/59 339/417/59
f 244/395/221 277/396/221 339/417/221
f 347/418/61 370/419/61 395/420/61 386/421/61
f 370/419/62 376/422/62 406/423/62 395/420/62
f 376/424/63 474/425/63 481/426/63 406/427/63
f 386/421/64 395/420/64 418/428/64 413/429/64
f 395/420/65 406/423/65 430/430/65 418/428/65
f 406/427/66 481/426/66 486/431/66 430/432/66
f 357/433/67 437/434/67 461/435/67 454/436/67
f 437/434/68 446/437/68 466/438/68 461/435/68
f 446/437/69 535/439/69 541/440/69 466/438/69
f 454/436/70 461/435/70 481/426/70 474/425/70
f 461/435/222 466/438/222 486/431/222 481/426/222
f 466/438/72 541/440/72 549/441/72 486/431/72
f 367/442/73 497/443/73 522/444/73 510/445/73
f 497/443/74 503/446/74 532/447/74 522/444/74
f 503/446/75 413/448/75 418/449/75 532/447/75
f 510/445/76 522/444/76 541/440/76 535/439/76
f 522/444/247 532/447/247 549/441/247 541/440/247
f 532/447/78 418/449/78 430/432/78 549/441/78
f 430/432/223 486/431/223 549/441/223
f 569/450/80 571/451/80 584/452/80 580/453/80
f 571/451/81 620/454/81 622/455/81 584/452/81
f 575/456/82 580/453/82 591/457/82 587/458/82
f 580/453/240 584/452/240 597/459/240 591/457/240
f 584/452/225 622/455/225 626/460/225 597/459/225
f 561/461/85 601/462/85 610/463/85 606/464/85
f 601/462/86 603/465/86 614/466/86 610/463/86
f 603/465/87 650/467/87 652/468/87 614/466/87
f 606/464/88 610/463/88 622/455/88 620/454/88
f 610/463/226 614/466/226 626/460/226 622/455/226
f 614/466/90 652/468/90 659/469/90 626/460/90
f 566/470/91 629/471/91 643/472/91 639/473/91
f 629/471/92 634/474/92 647/475/92 643/472/92
f 634/474/93 587/458/93 591/457/93 647/475/93
f 639/473/94 643/472/94 652/468/94 650/467/94
f 643/472/95 647/475/95 659/469/95 652/468/95
f 647/475/96 591/457/96 597/459/96 659/469/96
f 597/459/227 626/460/227 659/469/227
f 661/476/98 673/477/98 683/478/98 681/479/98
f 673/477/99 677/480/99 690/481/99 683/478/99
f 677/480/100 723/482/100 728/483/100 690/481/100
f 681/479/101 683/478/101 697/484/101 692/485/101
f 683/478/102 690/481/102 698/486/102 697/484/102
f 690/481/103 728/483/103 731/487/103 698/486/103
f 665/488/104 704/489/104 715/490/104 713/491/104
f 704/489/105 707/492/105 718/493/105 715/490/105
f 707/492/106 754/494/106 760/495/106 718/493/106
f 713/491/107 715/490/107 728/483/107 723/482/107
f 715/490/108 718/493/108 731/487/108 728/483/108
f 718/493/109 760/495/109 764/496/109 731/487/109
f 667/497/110 736/498/110 748/499/110 741/500/110
f 736/498/111 737/501/111 752/502/111 748/499/111
f 737/501/112 692/485/112 697/484/112 752/502/112
f 741/500/113 748/499/113 760/495/113 754/494/113
f 748/499/114 752/502/114 764/496/114 760/495/114
f 752/502/115 697/484/115 698/486/115 764/496/115
f 698/486/229 731/487/229 764/496/229
f 776/503/117 780/504/117 794/505/117 787/506/117
f 780/504/118 824/507/118 826/508/118 794/505/118
f 783/509/119 787/506/119 800/510/119 797/511/119
f 787/506/120 794/505/120 803/512/120 800/510/120
f 794/505/121 826/508/121 828/513/121 803/512/121
f 769/514/122 808/515/122 821/516/122 816/517/122
f 808/515/123 810/518/123 822/519/123 821/516/123
f 810/518/124 838/520/124 840/521/124 822/519/124
f 816/517/125 821/516/125 826/508/125 824/507/125
f 821/516/126 822/519/126 828/513/126 826/508/126
f 822/519/127 840/521/127 843/522/127 828/513/127
f 774/523/128 829/524/128 835/525/128 833/526/128
f 829/524/129 832/527/129 836/528/129 835/525/129
f 832/527/130 797/511/130 800/510/130 836/528/130
f 833/526/131 835/525/131 840/521/131 838/520/131
f 835/525/132 836/528/132 843/522/132 840/521/132
f 836/528/133 800/510/133 803/512/133 843/522/133
f 803/512/231 828/513/231 843/522/231
f 845/529/135 851/530/135 857/531/135 855/532/135
f 851/530/136 852/533/136 858/534/136 857/531/136
f 852/533/137 875/535/137 877/536/137 858/534/137
f 855/532/232 857/531/232 862/537/232 860/538/232
f 857/531/233 858/534/233 863/539/233 862/537/233
f 858/534/234 877/536/234 879/540/234 863/539/234
f 847/541/141 865/542/141 871/543/141 869/544/141
f 865/542/142 867/545/142 872/546/142 871/543/142
f 867/545/143 890/547/143 892/548/143 872/546/143
f 869/544/144 871/543/144 877/536/144 875/535/144
f 871/543/145 872/546/145 879/540/145 877/536/145
f 872/546/146 892/548/146 893/549/146 879/540/146
f 849/550/147 880/551/147 886/552/147 885/553/147
f 880/551/148 882/554/148 888/555/148 886/552/148
f 882/554/149 860/538/149 862/537/149 888/555/149
f 885/553/150 886/552/150 892/548/150 890/547/150
f 886/552/151 888/555/151 893/549/151 892/548/151
f 888/555/152 862/537/152 863/539/152 893/549/152
f 863/539/235 879/540/235 893/549/235
f 215/386/154 17/321/154 29/323/154 218/387/154
f 218/387/155 29/323/155 77/347/155 266/390/155
f 266/406/156 77/345/156 73/342/156 255/400/156
f 255/400/157 73/342/157 5/341/157 208/397/157
f 3/326/158 101/350/158 120/353/158 40/327/158
f 40/327/159 120/353/159 130/359/159 43/330/159
f 43/332/160 130/383/160 180/381/160 91/333/160
f 91/333/161 180/381/161 176/378/161 81/344/161
f 81/344/162 176/378/162 111/377/162 5/341/162
f 104/362/163 347/418/163 386/421/163 145/363/163
f 145/363/164 386/421/164 413/429/164 147/366/164
f 147/368/165 413/448/165 503/446/165 196/369/165
f 196/369/166 503/446/166 497/443/166 184/380/166
f 184/380/167 497/443/167 367/442/167 111/377/167
f 357/433/168 213/409/168 302/412/168 437/434/168
f 437/434/169 302/412/169 329/403/169 446/437/169
f 446/437/170 329/403/170 251/401/170 535/439/170
f 535/439/171 251/401/171 247/398/171 510/445/171
f 510/445/172 247/398/172 208/397/172 367/442/172
f 776/503/173 224/392/173 235/394/173 780/504/173
f 780/504/174 235/394/174 293/415/174 824/507/174
f 824/507/175 293/413/175 284/410/175 816/517/175
f 816/517/176 284/410/176 213/409/176 769/514/176
f 347/418/177 845/529/177 855/532/177 370/419/177
f 370/419/178 855/532/178 860/538/178 376/422/178
f 376/424/179 860/538/179 882/554/179 474/425/179
f 474/425/180 882/554/180 880/551/180 454/436/180
f 454/436/181 880/551/181 849/550/181 357/433/181
f 847/541/182 774/523/182 833/526/182 865/542/182
f 865/542/183 833/526/183 838/520/183 867/545/183
f 867/545/184 838/520/184 810/518/184 890/547/184
f 890/547/185 810/518/185 808/515/185 885/553/185
f 885/553/186 808/515/186 769/514/186 849/550/186
f 569/450/187 783/509/187 797/511/187 571/451/187
f 571/451/188 797/511/188 832/527/188 620/454/188
f 620/454/189 832/527/189 829/524/189 606/464/189
f 606/464/190 829/524/190 774/523/190 561/461/190
f 845/529/191 661/476/191 681/479/191 851/530/191
f 851/530/192 681/479/192 692/485/192 852/533/192
f 852/533/193 692/485/193 737/501/193 875/535/193
f 875/535/194 737/501/194 736/498/194 869/544/194
f 869/544/195 736/498/195 667/497/195 847/541/195
f 665/488/196 566/470/196 639/473/196 704/489/196
f 704/489/197 639/473/197 650/467/197 707/492/197
f 707/492/198 650/467/198 603/465/198 754/494/198
f 754/494/199 603/465/199 601/462/199 741/500/199
f 741/500/200 601/462/200 561/461/200 667/497/200
f 10/315/201 575/456/201 587/458/201 15/316/201
f 15/316/202 587/458/202 634/474/202 60/319/202
f 60/337/203 634/474/203 629/471/203 50/329/203
f 50/329/204 629/471/204 566/470/204 3/326/204
f 661/476/205 104/362/205 150/365/205 673/477/205
f 673/477/206 150/365/206 164/373/206 677/480/206
f 677/480/207 164/356/207 118/354/207 723/482/207
f 723/482/208 118/354/208 114/351/208 713/491/208
f 713/491/209 114/351/209 101/350/209 665/488/209
f 5/341/210 111/377/210 367/442/210 208/397/210
f 566/470/3 665/488/3 101/350/3 3/326/3
f 845/529/211 347/418/211 104/362/211 661/476/211
f 213/409/212 357/433/212 849/550/212 769/514/212
f 774/523/1 847/541/1 667/497/1 561/461/1
f 4/315/6 6/316/6 11/317/6 9/318/6
f 6/316/7 28/319/7 30/320/7 11/317/7
f 8/321/8 9/318/8 14/322/8 13/323/8
f 9/318/9 11/317/9 16/324/9 14/322/9
f 11/317/10 30/320/10 31/325/10 16/324/10
f 1/326/11 18/327/11 24/328/11 22/329/11
f 18/327/12 20/330/12 26/331/12 24/328/12
f 20/332/13 44/333/13 45/334/13 26/335/13
f 22/329/14 24/328/14 30/336/14 28/337/14
f 24/328/15 26/331/15 31/338/15 30/336/15
f 26/335/16 45/334/16 47/339/16 31/340/16
f 2/341/17 33/342/17 39/343/17 37/344/17
f 33/342/18 36/345/18 42/346/18 39/343/18
f 36/347/19 13/323/19 14/322/19 42/348/19
f 37/344/20 39/343/20 45/334/20 44/333/20
f 39/343/21 42/346/21 47/339/21 45/334/21
f 42/348/22 14/322/22 16/324/22 47/349/22
f 16/324/23 31/325/23 47/349/23
f 49/350/24 55/351/24 61/352/24 58/353/24
f 55/351/25 57/354/25 63/355/25 61/352/25
f 57/354/26 80/356/26 82/357/26 63/355/26
f 58/353/27 61/352/27 66/358/27 65/359/27
f 61/352/28 63/355/28 69/360/28 66/358/28
f 63/355/29 82/357/29 84/361/29 69/360/29
f 51/362/30 70/363/30 76/364/30 75/365/30
f 70/363/31 72/366/31 78/367/31 76/364/31
f 72/368/32 96/369/32 97/370/32 78/371/32
f 75/365/33 76/364/33 82/372/33 80/373/33
f 76/364/34 78/367/34 84/374/34 82/372/34
f 78/371/35 97/370/35 100/375/35 84/376/35
f 53/377/36 86/378/36 92/379/36 89/380/36
f 86/378/37 88/381/37 93/382/37 92/379/37
f 88/381/38 65/383/38 66/384/38 93/382/38
f 89/380/39 92/379/39 97/370/39 96/369/39
f 92/379/40 93/382/40 100/375/40 97/370/40
f 93/382/41 66/384/41 69/385/41 100/375/41
f 69/385/42 84/376/42 100/375/42
f 106/386/43 109/387/43 115/388/43 112/389/43
f 109/387/44 131/390/44 133/391/44 115/388/44
f 110/392/45 112/389/45 117/393/45 116/394/45
f 112/389/46 115/388/46 119/395/46 117/393/46
f 115/388/47 133/391/47 135/396/47 119/395/47
f 102/397/48 121/398/48 127/399/48 125/400/48
f 121/398/49 122/401/49 128/402/49 127/399/49
f 122/401/50 146/403/50 148/404/50 128/402/50
f 125/400/51 127/399/51 133/405/51 131/406/51
f 127/399/52 128/402/52 135/407/52 133/405/52
f 128/402/53 148/404/53 151/408/53 135/407/53
f 105/409/54 136/410/54 142/411/54 140/412/54
f 136/410/55 139/413/55 144/414/55 142/411/55
f 139/415/56 116/394/56 117/393/56 144/416/56
f 140/412/57 142/411/57 148/404/57 146/403/57
f 142/411/58 144/414/58 151/408/58 148/404/58
f 144/416/59 117/393/59 119/395/59 151/417/59
f 119/395/60 135/396/60 151/417/60
f 152/418/61 158/419/61 165/420/61 163/421/61
f 158/419/62 161/422/62 167/423/62 165/420/62
f 161/424/63 183/425/63 185/426/63 167/427/63
f 163/421/64 165/420/64 171/428/64 168/429/64
f 165/420/65 167/423/65 172/430/65 171/428/65
f 167/427/66 185/426/66 187/431/66 172/432/66
f 154/433/67 174/434/67 179/435/67 178/436/67
f 174/434/68 175/437/68 182/438/68 179/435/68
f 175/437/69 200/439/69 201/440/69 182/438/69
f 178/436/70 179/435/70 185/426/70 183/425/70
f 179/435/222 182/438/222 187/431/222 185/426/222
f 182/438/72 201/440/72 203/441/72 187/431/72
f 157/442/73 189/443/73 195/444/73 194/445/73
f 189/443/74 191/446/74 198/447/74 195/444/74
f 191/446/75 168/448/75 171/449/75 198/447/75
f 194/445/76 195/444/76 201/440/76 200/439/76
f 195/444/77 198/447/77 203/441/77 201/440/77
f 198/447/78 171/449/78 172/432/78 203/441/78
f 172/432/79 187/431/79 203/441/79
f 209/450/80 211/451/80 216/452/80 214/453/80
f 211/451/81 234/454/81 236/455/81 216/452/81
f 212/456/82 214/453/82 220/457/82 219/458/82
f 214/453/83 216/452/83 223/459/83 220/457/83
f 216/452/84 236/455/84 238/460/84 223/459/84
f 206/461/85 225/462/85 231/463/85 229/464/85
f 225/462/86 227/465/86 232/466/86 231/463/86
f 227/465/87 250/467/87 252/468/87 232/466/87
f 229/464/88 231/463/88 236/455/88 234/454/88
f 231/463/89 232/466/89 238/460/89 236/455/89
f 232/466/90 252/468/90 253/469/90 238/460/90
f 207/470/91 239/471/91 246/472/91 243/473/91
f 239/471/92 241/474/92 248/475/92 246/472/92
f 241/474/93 219/458/93 220/457/93 248/475/93
f 243/473/94 246/472/94 252/468/94 250/467/94
f 246/472/95 248/475/95 253/469/95 252/468/95
f 248/475/96 220/457/96 223/459/96 253/469/96
f 223/459/97 238/460/97 253/469/97
f 256/476/98 261/477/98 267/478/98 265/479/98
f 261/477/99 263/480/99 270/481/99 267/478/99
f 263/480/100 305/482/100 307/483/100 270/481/100
f 265/479/101 267/478/101 275/484/101 273/485/101
f 267/478/102 270/481/102 279/486/102 275/484/102
f 270/481/103 307/483/103 313/487/103 279/486/103
f 258/488/104 285/489/104 294/490/104 290/491/104
f 285/489/105 287/492/105 298/493/105 294/490/105
f 287/492/106 335/494/106 340/495/106 298/493/106
f 290/491/107 294/490/107 307/483/107 305/482/107
f 294/490/108 298/493/108 313/487/108 307/483/108
f 298/493/109 340/495/109 343/496/109 313/487/109
f 260/497/110 317/498/110 326/499/110 323/500/110
f 317/498/111 319/501/111 332/502/111 326/499/111
f 319/501/112 273/485/112 275/484/112 332/502/112
f 323/500/113 326/499/113 340/495/113 335/494/113
f 326/499/114 332/502/114 343/496/114 340/495/114
f 332/502/115 275/484/115 279/486/115 343/496/115
f 279/486/116 313/487/116 343/496/116
f 359/503/117 361/504/117 372/505/117 368/506/117
f 361/504/118 411/507/118 414/508/118 372/505/118
f 365/509/119 368/506/119 383/510/119 378/511/119
f 368/506/120 372/505/120 384/512/120 383/510/120
f 372/505/121 414/508/121 416/513/121 384/512/121
f 350/514/122 389/515/122 402/516/122 396/517/122
f 389/515/123 393/518/123 405/519/123 402/516/123
f 393/518/124 440/520/124 445/521/124 405/519/124
f 396/517/125 402/516/125 414/508/125 411/507/125
f 402/516/126 405/519/126 416/513/126 414/508/126
f 405/519/127 445/521/127 449/522/127 416/513/127
f 353/523/128 423/524/128 435/525/128 428/526/128
f 423/524/129 424/527/129 439/528/129 435/525/129
f 424/527/130 378/511/130 383/510/130 439/528/130
f 428/526/131 435/525/131 445/521/131 440/520/131
f 435/525/132 439/528/132 449/522/132 445/521/132
f 439/528/133 383/510/133 384/512/133 449/522/133
f 384/512/134 416/513/134 449/522/134
f 453/529/135 464/530/135 477/531/135 472/532/135
f 464/530/136 468/533/136 479/534/136 477/531/136
f 468/533/137 517/535/137 521/536/137 479/534/137
f 472/532/138 477/531/138 489/537/138 484/538/138
f 477/531/139 479/534/139 491/539/139 489/537/139
f 479/534/140 521/536/140 525/540/140 491/539/140
f 456/541/141 495/542/141 509/543/141 504/544/141
f 495/542/142 499/545/142 513/546/142 509/543/142
f 499/545/143 545/547/143 552/548/143 513/546/143
f 504/544/144 509/543/144 521/536/144 517/535/144
f 509/543/145 513/546/145 525/540/145 521/536/145
f 513/546/146 552/548/146 554/549/146 525/540/146
f 459/550/147 528/551/147 539/552/147 536/553/147
f 528/551/148 531/554/148 544/555/148 539/552/148
f 531/554/149 484/538/149 489/537/149 544/555/149
f 536/553/150 539/552/150 552/548/150 545/547/150
f 539/552/151 544/555/151 554/549/151 552/548/151
f 544/555/152 489/537/152 491/539/152 554/549/152
f 491/539/153 525/540/153 554/549/153
f 106/386/154 8/321/154 13/323/154 109/387/154
f 109/387/155 13/323/155 36/347/155 131/390/155
f 131/406/156 36/345/156 33/342/156 125/400/156
f 125/400/157 33/342/157 2/341/157 102/397/157
f 1/326/158 49/350/158 58/353/158 18/327/158
f 18/327/159 58/353/159 65/359/159 20/330/159
f 20/332/160 65/383/160 88/381/160 44/333/160
f 44/333/161 88/381/161 86/378/161 37/344/161
f 37/344/162 86/378/162 53/377/162 2/341/162
f 51/362/163 152/418/163 163/421/163 70/363/163
f 70/363/164 163/421/164 168/429/164 72/366/164
f 72/368/165 168/448/165 191/446/165 96/369/165
f 96/369/166 191/446/166 189/443/166 89/380/166
f 89/380/167 189/443/167 157/442/167 53/377/167
f 154/433/168 105/409/168 140/412/168 174/434/168
f 174/434/169 140/412/169 146/403/169 175/437/169
f 175/437/170 146/403/170 122/401/170 200/439/170
f 200/439/171 122/401/171 121/398/171 194/445/171
f 194/445/172 121/398/172 102/397/172 157/442/172
f 359/503/173 110/392/173 116/394/173 361/504/173
f 361/504/174 116/394/174 139/415/174 411/507/174
f 411/507/175 139/413/175 136/410/175 396/517/175
f 396/517/176 136/410/176 105/409/176 350/514/176
f 152/418/177 453/529/177 472/532/177 158/419/177
f 158/419/178 472/532/178 484/538/178 161/422/178
f 161/424/179 484/538/179 531/554/179 183/425/179
f 183/425/180 531/554/180 528/551/180 178/436/180
f 178/436/181 528/551/181 459/550/181 154/433/181
f 456/541/182 353/523/182 428/526/182 495/542/182
f 495/542/183 428/526/183 440/520/183 499/545/183
f 499/545/184 440/520/184 393/518/184 545/547/184
f 545/547/185 393/518/185 389/515/185 536/553/185
f 536/553/186 389/515/186 350/514/186 459/550/186
f 209/450/187 365/509/187 378/511/187 211/451/187
f 211/451/188 378/511/188 424/527/188 234/454/188
f 234/454/189 424/527/189 423/524/189 229/464/189
f 229/464/190 423/524/190 353/523/190 206/461/190
f 453/529/191 256/476/191 265/479/191 464/530/191
f 464/530/192 265/479/192 273/485/192 468/533/192
f 468/533/193 273/485/193 319/501/193 517/535/193
f 517/535/194 319/501/194 317/498/194 504/544/194
f 504/544/195 317/498/195 260/497/195 456/541/195
f 258/488/196 207/470/196 243/473/196 285/489/196
f 285/489/197 243/473/197 250/467/197 287/492/197
f 287/492/198 250/467/198 227/465/198 335/494/198
f 335/494/199 227/465/199 225/462/199 323/500/199
f 323/500/200 225/462/200 206/461/200 260/497/200
f 4/315/201 212/456/201 219/458/201 6/316/201
f 6/316/202 219/458/202 241/474/202 28/319/202
f 28/337/203 241/474/203 239/471/203 22/329/203
f 22/329/204 239/471/204 207/470/204 1/326/204
f 256/476/205 51/362/205 75/365/205 261/477/205
f 261/477/206 75/365/206 80/373/206 263/480/206
f 263/480/207 80/356/207 57/354/207 305/482/207
f 305/482/208 57/354/208 55/351/208 290/491/208
f 290/491/209 55/351/209 49/350/209 258/488/209
f 2/341/210 53/377/210 157/442/210 102/397/210
f 207/470/3 258/488/3 49/350/3 1/326/3
f 453/529/211 152/418/211 51/362/211 256/476/211
f 105/409/212 154/433/212 459/550/212 350/514/212
f 353/523/1 456/541/1 260/497/1 206/461/1
f 1451/556/248 1454/557/248 1455/558/248 1457/559/248
f 1452/560/249 1456/561/249 1455/562/249 1454/563/249
f 1453/564/250 1457/565/250 1455/566/250 1456/567/250
f 1584/568/251 1587/569/251 1588/570/251 1590/571/251
f 1585/572/252 1589/573/252 1588/574/252 1587/575/252
f 1586/576/253 1590/577/253 1588/578/253 1589/579/253
f 1795/580/254 1798/581/254 1799/582/254 1801/583/254
f 1796/584/255 1800/585/255 1799/586/255 1798/587/255
f 1797/588/256 1801/589/256 1799/586/256 1800/585/256
f 1925/590/257 1928/591/257 1929/592/257 1931/593/257
f 1926/594/258 1930/595/258 1929/592/258 1928/591/258
f 1927/596/259 1931/593/259 1929/592/259 1930/595/259
f 2007/597/260 2010/598/260 2011/599/260 2013/600/260
f 2008/601/261 2012/602/261 2011/603/261 2010/604/261
f 2009/605/262 2013/606/262 2011/607/262 2012/608/262
f 2104/609/263 2107/610/263 2108/611/263 2110/612/263
f 2105/613/264 2109/614/264 2108/611/264 2107/610/264
f 2106/615/265 2110/612/265 2108/611/265 2109/614/265
f 2228/616/266 2231/598/266 2232/599/266 2234/600/266
f 2229/601/261 2233/602/261 2232/603/261 2231/604/261
f 2230/617/267 2234/606/267 2232/607/267 2233/608/267
f 2289/618/268 2292/619/268 2293/620/268 2295/621/268
f 2290/622/269 2294/623/269 2293/620/269 2292/619/269
f 2291/624/270 2295/625/270 2293/626/270 2294/627/270
f 2392/628/271 2395/629/271 2396/630/271 2398/631/271
f 2393/632/272 2397/633/272 2396/630/272 2395/629/272
f 2394/634/273 2398/631/273 2396/630/273 2397/633/273
f 2438/635/274 2441/636/274 2442/637/274 2444/638/274
f 2439/639/275 2443/640/275 2442/637/275 2441/636/275
f 2440/641/276 2444/638/276 2442/637/276 2443/640/276
f 2544/634/273 2547/631/273 2548/630/273 2550/633/273
f 2545/642/277 2549/629/277 2548/630/277 2547/631/277
f 2546/632/278 2550/633/278 2548/630/278 2549/629/278
f 2569/643/279 2572/644/279 2573/645/279 2575/646/279
f 2570/647/280 2574/648/280 2573/645/280 2572/644/280
f 2571/649/281 2575/646/281 2573/645/281 2574/648/281
f 2765/650/282 2768/651/282 2769/652/282 2771/653/282
f 2766/654/283 2770/655/283 2769/656/283 2768/657/283
f 2767/658/284 2771/659/284 2769/660/284 2770/661/284
f 2778/662/285 2781/663/285 2782/664/285 2784/665/285
f 2779/666/286 2783/667/286 2782/668/286 2781/669/286
f 2780/670/287 2784/671/287 2782/672/287 2783/673/287
f 2791/674/288 2794/675/288 2795/675/288 2797/675/288
f 2792/676/289 2796/677/289 2795/678/289 2794/679/289
f 2793/680/290 2797/681/290 2795/681/290 2796/682/290
f 2822/683/291 2825/9/291 2826/9/291 2828/9/291
f 2823/684/292 2827/685/292 2826/686/292 2825/687/292
f 2824/688/293 2828/689/293 2826/689/293 2827/690/293
f 2841/691/294 2844/692/294 2845/693/294 2847/694/294
f 2842/695/295 2846/696/295 2845/696/295 2844/697/295
f 2843/698/296 2847/699/296 2845/699/296 2846/699/296
f 2854/700/297 2857/701/297 2858/702/297 2860/703/297
f 2855/704/298 2859/705/298 2858/705/298 2857/706/298
f 2856/707/299 2860/708/299 2858/708/299 2859/708/299
f 2993/709/300 2996/710/300 2997/711/300 2999/712/300
f 2994/713/301 2998/714/301 2997/715/301 2996/716/301
f 2995/717/302 2999/718/302 2997/719/302 2998/720/302
f 3003/721/303 3006/722/303 3007/723/303 3009/724/303
f 3004/725/304 3008/726/304 3007/727/304 3006/728/304
f 3005/729/305 3009/730/305 3007/731/305 3008/732/305
f 3016/733/306 3019/734/306 3020/735/306 3022/736/306
f 3017/737/307 3021/738/307 3020/735/307 3019/734/307
f 3018/739/308 3022/740/308 3020/740/308 3021/741/308
f 3023/742/309 3026/743/309 3027/743/309 3029/743/309
f 3024/744/310 3028/745/310 3027/746/310 3026/747/310
f 3025/748/311 3029/749/311 3027/749/311 3028/750/311
f 3036/744/312 3039/751/312 3040/752/312 3042/753/312
f 3037/754/313 3041/755/313 3040/755/313 3039/756/313
f 3038/757/314 3042/758/314 3040/759/314 3041/743/314
f 3049/733/315 3052/760/315 3053/736/315 3055/761/315
f 3050/762/316 3054/763/316 3053/764/316 3052/765/316
f 3051/766/317 3055/767/317 3053/764/317 3054/763/317
f 7229/768/318 7232/769/318 7233/770/318 7235/771/318
f 7230/772/319 7234/773/319 7233/774/319 7232/775/319
f 7231/776/320 7235/777/320 7233/778/320 7234/779/320
f 7242/780/321 7245/781/321 7246/782/321 7248/783/321
f 7243/784/322 7247/785/322 7246/786/322 7245/787/322
f 7244/788/323 7248/789/323 7246/790/323 7247/791/323
f 7336/792/324 7339/793/324 7340/794/324 7342/795/324
f 7337/796/325 7341/797/325 7340/798/325 7339/799/325
f 7338/800/326 7342/801/326 7340/802/326 7341/803/326
f 7343/804/327 7346/805/327 7347/806/327 7349/807/327
f 7344/808/328 7348/809/328 7347/810/328 7346/811/328
f 7345/812/329 7349/813/329 7347/814/329 7348/815/329
f 2289/618/330 2362/816/330 2364/817/330 2292/619/330
f 2292/619/331 2364/817/331 2363/818/331 2290/622/331
f 2060/819/332 2582/820/332 2584/821/332 2061/822/332
f 2061/823/333 2584/824/333 2583/825/333 2059/826/333
f 2059/826/333 2570/647/333 2572/644/333 2061/823/333
f 2061/822/332 2572/644/332 2569/643/332 2060/819/332
f 2290/622/333 2583/827/333 2584/828/333 2294/623/333
f 2294/627/332 2584/828/332 2582/829/332 2291/624/332
f 2266/830/334 2439/639/334 2441/636/334 2267/27/334
f 2267/27/335 2441/636/335 2438/635/335 2265/831/335
f 3180/832/336 3197/833/336 3199/834/336 3181/835/336
f 3181/836/337 3199/837/337 3198/838/337 3179/839/337
f 3179/839/338 3207/840/338 3208/841/338 3181/836/338
f 3181/835/339 3208/842/339 3206/843/339 3180/832/339
f 3131/844/340 3161/845/340 3163/846/340 3133/847/340
f 3133/848/341 3163/849/341 3162/850/341 3132/851/341
f 3492/852/342 3497/853/342 3499/854/342 3493/855/342
f 3493/856/343 3499/857/343 3498/858/343 3491/859/343
f 3491/859/344 3530/860/344 3532/861/344 3493/856/344
f 3493/855/345 3532/862/345 3531/863/345 3492/852/345
f 3516/864/346 3525/865/346 3526/866/346 3517/867/346
f 3517/868/347 3526/869/347 3524/870/347 3515/871/347
f 4091/872/340 4100/873/340 4102/874/340 4093/875/340
f 4093/848/348 4102/849/348 4101/850/348 4092/876/348
f 4595/877/349 4598/878/349 4600/879/349 4597/880/349
f 4597/881/350 4600/882/350 4599/883/350 4596/884/350
f 4571/885/351 4574/886/351 4576/887/351 4573/888/351
f 4573/889/352 4576/890/352 4575/891/352 4572/892/352
f 4548/893/353 4553/894/353 4555/895/353 4549/896/353
f 4549/897/354 4555/898/354 4554/899/354 4547/900/354
f 3924/901/355 3932/902/355 3934/903/355 3925/904/355
f 3925/882/356 3934/905/356 3933/906/356 3923/907/356
f 3923/907/350 3939/908/350 3940/909/350 3925/882/350
f 3925/904/349 3940/910/349 3938/911/349 3924/901/349
f 4164/912/357 4172/913/357 4174/914/357 4165/915/357
f 4165/916/358 4174/917/358 4173/918/358 4163/919/358
f 4163/919/359 4166/864/359 4168/867/359 4165/916/359
f 4165/915/360 4168/920/360 4167/921/360 4164/912/360
f 4140/922/361 4178/923/361 4180/924/361 4141/925/361
f 4141/926/362 4180/927/362 4179/928/362 4139/906/362
f 4380/929/363 4391/930/363 4393/931/363 4381/932/363
f 4381/933/364 4393/934/364 4392/935/364 4379/936/364
f 4740/937/365 4748/938/365 4750/939/365 4741/940/365
f 4741/941/366 4750/848/366 4749/876/366 4739/942/366
f 4739/942/367 4745/943/367 4747/944/367 4741/941/367
f 4741/940/368 4747/945/368 4746/946/368 4740/937/368
f 6564/851/366 6566/942/366 6568/947/366 6565/848/366
f 6565/948/369 6568/949/369 6567/950/369 6563/951/369
f 6084/864/346 6093/865/346 6094/866/346 6085/867/346
f 6085/952/347 6094/953/347 6092/954/347 6083/955/347
f 6060/956/355 6095/957/355 6097/958/355 6061/959/355
f 6061/960/356 6097/905/356 6096/906/356 6059/883/356
f 6059/883/370 6062/884/370 6064/961/370 6061/960/370
f 6061/959/371 6064/962/371 6063/963/371 6060/956/371
f 6348/964/363 6362/965/363 6364/966/363 6349/967/363
f 6349/933/372 6364/934/372 6363/935/372 6347/936/372
f 6347/936/373 6365/968/373 6367/969/373 6349/933/373
f 6349/967/374 6367/970/374 6366/971/374 6348/964/374
f 6756/908/375 6761/972/375 6763/973/375 6757/909/375
f 6757/974/376 6763/975/376 6762/976/376 6755/977/376
f 6804/838/377 6810/839/377 6811/978/377 6805/979/377
f 6805/980/378 6811/981/378 6809/982/378 6803/983/378
f 6780/984/379 6785/985/379 6787/986/379 6781/987/379
f 6781/988/380 6787/989/380 6786/990/380 6779/991/380
f 6275/992/340 6287/993/340 6289/994/340 6277/995/340
f 6277/996/348 6289/997/348 6288/998/348 6276/851/348
f 6516/864/346 6519/865/346 6520/866/346 6517/867/346
f 6517/999/347 6520/1000/347 6518/1001/347 6515/1002/347
f 6491/1003/349 6494/1004/349 6496/1005/349 6493/1006/349
f 6493/909/350 6496/882/350 6495/907/350 6492/884/350
f 6707/1007/381 6710/1008/381 6712/1009/381 6709/1010/381
f 6709/1011/382 6712/1012/382 6711/1013/382 6708/1014/382
f 6732/968/383 6740/906/383 6742/926/383 6733/1015/383
f 6733/1016/361 6742/1017/361 6741/1018/361 6731/1019/361
f 6324/1020/376 6338/1021/376 6340/1022/376 6325/1023/376
f 6325/973/384 6340/909/384 6339/908/384 6323/972/384
f 6323/972/385 6368/1024/385 6370/1025/385 6325/973/385
f 6325/1023/386 6370/1026/386 6369/1027/386 6324/1020/386
f 6539/1028/387 6557/1029/387 6559/1030/387 6541/1031/387
f 6541/857/388 6559/1032/388 6558/1033/388 6540/858/388
f 3948/1034/389 3950/1035/389 3952/1036/389 3949/1037/389
f 3949/1038/390 3952/917/390 3951/918/390 3947/1039/390
f 3947/1039/391 3953/864/391 3955/1040/391 3949/1038/391
f 3949/1037/392 3955/1041/392 3954/1042/392 3948/1034/392
f 4524/1043/393 4532/1033/393 4534/1044/393 4525/1045/393
f 4525/1046/394 4534/1047/394 4533/1048/394 4523/1049/394
f 5195/1050/395 5264/1051/395 5266/1052/395 5197/1053/395
f 5197/1054/396 5266/1055/396 5265/1056/396 5196/1057/396
f 5268/1058/397 5279/1059/397 5281/1060/397 5269/1061/397
f 5269/1062/398 5281/1063/398 5280/1064/398 5267/1065/398
f 5220/1066/399 5270/1067/399 5272/1068/399 5221/1069/399
f 5221/1070/400 5272/1044/400 5271/1033/400 5219/858/400
f 5219/858/401 5231/859/401 5233/856/401 5221/1070/401
f 5221/1069/402 5233/1071/402 5232/1072/402 5220/1066/402
f 5244/1073/357 5249/1074/357 5251/1075/357 5245/1076/357
f 5245/1077/403 5251/917/403 5250/918/403 5243/919/403
f 5243/919/404 5246/864/404 5248/1078/404 5245/1077/404
f 5245/1076/360 5248/1079/360 5247/1080/360 5244/1073/360
f 5867/1081/405 5876/1082/405 5878/1083/405 5869/1084/405
f 5869/947/406 5878/1085/406 5877/876/406 5868/942/406
f 5892/1058/397 5903/1059/397 5905/1060/397 5893/1061/397
f 5893/1086/407 5905/1087/407 5904/1088/407 5891/1089/407
f 5843/1090/363 5849/1091/363 5851/1092/363 5845/1093/363
f 5845/1094/364 5851/866/364 5850/865/364 5844/936/364
f 5435/1095/381 5441/1096/381 5443/1097/381 5437/1098/381
f 5437/1099/382 5443/1012/382 5442/1013/382 5436/1014/382
f 5412/1100/408 5417/838/408 5419/979/408 5413/1101/408
f 5413/1102/409 5419/1103/409 5418/1104/409 5411/1105/409
f 5652/1106/410 5717/1043/410 5719/1107/410 5653/1108/410
f 5653/1109/411 5719/1110/411 5718/1111/411 5651/1112/411
f 5675/1113/342 5681/1114/342 5683/1115/342 5677/1116/342
f 5677/856/343 5683/1070/343 5682/858/343 5676/859/343
f 6132/942/412 6140/943/412 6142/1117/412 6133/947/412
f 6133/1118/368 6142/1119/368 6141/1120/368 6131/1121/368
f 6588/985/413 6591/1051/413 6592/1122/413 6589/986/413
f 6589/1123/414 6592/1124/414 6590/1125/414 6587/1126/414
f 6108/892/415 6110/1127/415 6112/1128/415 6109/1129/415
f 6109/1130/416 6112/1131/416 6111/1132/416 6107/1133/416
f 5700/864/417 5702/865/417 5704/1134/417 5701/1135/417
f 5701/1136/418 5704/1137/418 5703/1138/418 5699/1139/418
f 5628/1140/419 5636/1141/419 5638/1142/419 5629/1143/419
f 5629/889/420 5638/1144/420 5637/1145/420 5627/892/420
f 5627/892/415 5634/998/415 5635/997/415 5629/889/415
f 5629/1143/416 5635/1146/416 5633/1147/416 5628/1140/416
f 4764/1148/339 4784/1149/339 4786/1150/339 4765/1151/339
f 4765/1152/338 4786/836/338 4785/839/338 4763/840/338
f 4763/840/421 4769/1153/421 4771/1154/421 4765/1152/421
f 4765/1151/422 4771/1155/422 4770/1156/422 4764/1148/422
f 4379/936/423 4397/928/423 4399/1157/423 4381/933/423
f 4381/932/374 4399/1158/374 4398/1159/374 4380/929/374
f 4956/1160/424 4964/1161/424 4966/1162/424 4957/1163/424
f 4957/941/425 4966/996/425 4965/876/425 4955/942/425
f 4955/942/412 4961/943/412 4963/944/412 4957/941/412
f 4957/1163/368 4963/1164/368 4962/1165/368 4956/1160/368
f 5459/1166/340 5471/1167/340 5473/1168/340 5461/1169/340
f 5461/848/348 5473/849/348 5472/850/348 5460/851/348
f 5172/1170/405 5177/1171/405 5179/1172/405 5173/1173/405
f 5173/941/406 5179/1174/406 5178/876/406 5171/942/406
f 5171/942/367 5174/943/367 5176/944/367 5173/941/367
f 5173/1173/368 5176/1175/368 5175/1176/368 5172/1170/368
f 4356/1177/426 4364/1178/426 4366/1179/426 4357/1180/426
f 4357/1181/427 4366/1182/427 4365/906/427 4355/883/427
f 4355/883/428 4371/884/428 4372/909/428 4357/1181/428
f 4357/1180/429 4372/1183/429 4370/1184/429 4356/1177/429
f 4979/1185/430 4988/1186/430 4990/1187/430 4981/1188/430
f 4981/1144/431 4990/1154/431 4989/1153/431 4980/1145/431
f 4139/906/432 4145/883/432 4147/1189/432 4141/926/432
f 4141/925/433 4147/1190/433 4146/1191/433 4140/922/433
f 4116/1192/378 4124/1193/378 4126/1194/378 4117/1195/378
f 4117/978/377 4126/837/377 4125/838/377 4115/839/377
f 4115/839/338 4128/840/338 4129/841/338 4117/978/338
f 4117/1195/339 4129/1196/339 4127/1197/339 4116/1192/339
f 3708/1198/434 3713/1199/434 3715/1200/434 3709/1201/434
f 3709/1202/435 3715/1203/435 3714/858/435 3707/859/435
f 3707/859/436 3746/860/436 3748/861/436 3709/1202/436
f 3709/1201/345 3748/1204/345 3747/1205/345 3708/1198/345
f 3732/864/346 3741/935/346 3742/934/346 3733/867/346
f 3733/1206/347 3742/1207/347 3740/1208/347 3731/1209/347
f 4307/1210/437 4316/1211/437 4318/1212/437 4309/1213/437
f 4309/996/348 4318/997/348 4317/998/348 4308/851/348
f 4332/1214/438 4340/1215/438 4342/1216/438 4333/1217/438
f 4333/1060/439 4342/1218/439 4341/1219/439 4331/1059/439
f 4331/1059/440 4334/1106/440 4336/1108/440 4333/1060/440
f 4333/1217/441 4336/1220/441 4335/1221/441 4332/1214/441
f 3876/984/442 3881/985/442 3883/1222/442 3877/987/442
f 3877/1223/443 3883/1224/443 3882/1225/443 3875/1226/443
f 3900/1227/407 3908/1228/407 3910/1229/407 3901/1230/407
f 3901/1060/397 3910/1061/397 3909/1219/397 3899/1059/397
f 3899/1059/444 3902/1106/444 3904/1108/444 3901/1060/444
f 3901/1230/441 3904/1231/441 3903/1232/441 3900/1227/441
f 3684/1233/445 3749/1043/445 3751/1107/445 3685/1234/445
f 3685/1235/446 3751/1236/446 3750/1237/446 3683/1238/446
f 3660/1239/419 3668/1240/419 3670/1241/419 3661/1242/419
f 3661/889/352 3670/1144/352 3669/1243/352 3659/892/352
f 3659/892/447 3666/998/447 3667/997/447 3661/889/447
f 3661/1242/416 3667/1244/416 3665/1245/416 3660/1239/416
f 3468/1106/410 3533/1043/410 3535/1107/410 3469/1234/410
f 3469/1246/411 3535/1247/411 3534/1248/411 3467/1249/411
f 3444/1250/351 3452/1251/351 3454/1252/351 3445/1253/351
f 3445/889/352 3454/1144/352 3453/1145/352 3443/892/352
f 3443/892/415 3450/850/415 3451/849/415 3445/889/415
f 3445/1253/416 3451/1254/416 3449/1255/416 3444/1250/416
f 3564/1256/448 3578/1257/448 3580/1258/448 3565/1259/448
f 3565/1260/449 3580/1261/449 3579/1262/449 3563/1263/449
f 3563/1263/450 3566/1264/450 3568/1265/450 3565/1260/450
f 3565/1259/451 3568/1266/451 3567/1267/451 3564/1256/451
f 3540/1268/452 3542/1269/452 3544/1270/452 3541/1271/452
f 3541/1272/453 3544/1273/453 3543/1274/453 3539/1275/453
f 3539/1275/454 3545/1276/454 3547/1277/454 3541/1272/454
f 3541/1271/455 3547/1278/455 3546/1279/455 3540/1268/455
f 4044/1280/456 4053/1281/456 4054/1282/456 4045/1283/456
f 4045/1284/457 4054/1285/457 4052/1286/457 4043/1287/457
f 4212/1288/458 4220/1289/458 4222/1290/458 4213/1291/458
f 4213/1292/459 4222/1293/459 4221/1294/459 4211/1295/459
f 3828/1296/460 3846/1297/460 3847/1298/460 3829/1299/460
f 3829/1300/461 3847/1301/461 3845/1302/461 3827/1303/461
f 3612/1304/462 3617/1305/462 3619/1306/462 3613/1307/462
f 3613/1308/463 3619/1309/463 3618/1310/463 3611/1311/463
f 3611/1311/464 3633/1312/464 3634/1313/464 3613/1308/464
f 3613/1307/461 3634/1314/461 3632/1315/461 3612/1304/461
f 3396/1316/462 3401/1317/462 3403/1318/462 3397/1319/462
f 3397/1308/465 3403/1309/465 3402/1320/465 3395/1311/465
f 3395/1311/464 3417/1321/464 3418/1313/464 3397/1308/464
f 3397/1319/461 3418/1322/461 3416/1323/461 3396/1316/461
f 3827/1303/462 3833/1324/462 3835/1325/462 3829/1300/462
f 3829/1299/465 3835/1326/465 3834/1310/465 3828/1296/465
f 4860/1327/466 4868/1328/466 4870/1329/466 4861/1330/466
f 4861/1331/467 4870/1332/467 4869/1333/467 4859/1334/467
f 4859/1334/468 4895/1288/468 4897/1291/468 4861/1331/468
f 4861/1330/469 4897/1335/469 4896/1336/469 4860/1327/469
f 8595/1337/470 8598/1338/470 8600/1339/470 8597/1340/470
f 8597/1341/471 8600/1342/471 8599/1343/471 8596/1344/471
f 4067/1345/472 4073/1346/472 4075/1347/472 4069/1348/472
f 4069/1349/473 4075/1350/473 4074/1351/473 4068/1352/473
f 4908/1353/474 4913/1354/474 4915/1355/474 4909/1356/474
f 4909/1357/475 4915/1358/475 4914/1359/475 4907/1360/475
f 4883/1361/476 4946/1362/476 4948/1363/476 4885/1364/476
f 4885/1365/477 4948/1366/477 4947/1367/477 4884/1368/477
f 5940/1369/478 5958/1370/478 5959/1371/478 5941/1372/478
f 5941/1373/479 5959/1374/479 5957/1375/479 5939/1376/479
f 5964/1377/480 5984/1378/480 5986/1379/480 5965/1380/480
f 5965/1290/481 5986/1291/481 5985/1288/481 5963/1289/481
f 8667/1381/482 8670/1382/482 8672/1383/482 8669/1384/482
f 8669/1385/483 8672/1386/483 8671/1387/483 8668/1388/483
f 5532/1389/484 5537/1390/484 5539/1391/484 5533/1392/484
f 5533/1393/485 5539/1394/485 5538/1395/485 5531/1396/485
f 5364/1397/486 5366/1398/486 5368/1399/486 5365/1400/486
f 5365/1401/487 5368/1349/487 5367/1352/487 5363/1389/487
f 5148/1402/488 5160/1403/488 5161/1404/488 5149/1405/488
f 5149/1406/489 5161/1407/489 5159/1408/489 5147/1409/489
f 8692/1410/470 8700/1411/470 8702/1412/470 8693/1413/470
f 8693/1414/490 8702/1415/490 8701/1416/490 8691/1417/490
f 5963/1289/491 5982/1418/491 5983/1419/491 5965/1290/491
f 5965/1380/492 5983/1420/492 5981/1421/492 5964/1377/492
f 6252/1422/493 6257/1367/493 6259/1366/493 6253/1423/493
f 6253/1424/494 6259/1425/494 6258/1426/494 6251/1427/494
f 6228/1428/495 6263/1429/495 6265/1430/495 6229/1431/495
f 6229/1432/496 6265/1265/496 6264/1264/496 6227/1433/496
f 6227/1433/497 6230/1434/497 6232/1435/497 6229/1432/497
f 6229/1431/498 6232/1436/498 6231/1437/498 6228/1428/498
f 5796/1438/499 5816/1439/499 5818/1440/499 5797/1441/499
f 5797/1442/500 5818/1404/500 5817/1403/500 5795/1443/500
f 5795/1443/501 5814/1444/501 5815/1445/501 5797/1442/501
f 5797/1441/502 5815/1446/502 5813/1447/502 5796/1438/502
f 5772/1448/503 5789/1449/503 5791/1450/503 5773/1451/503
f 5773/1423/504 5791/1355/504 5790/1354/504 5771/1422/504
f 5771/1422/505 5825/1367/505 5827/1366/505 5773/1423/505
f 5773/1451/506 5827/1452/506 5826/1453/506 5772/1448/506
f 5748/1454/448 5765/1455/448 5767/1456/448 5749/1457/448
f 5749/1260/449 5767/1261/449 5766/1262/449 5747/1263/449
f 5747/1263/507 5750/1264/507 5752/1265/507 5749/1260/507
f 5749/1457/451 5752/1458/451 5751/1459/451 5748/1454/451
f 5724/1460/508 5732/1461/508 5734/1462/508 5725/1463/508
f 5725/1464/509 5734/1465/509 5733/1466/509 5723/1467/509
f 5723/1467/510 5727/1468/510 5728/1469/510 5725/1464/510
f 5725/1463/511 5728/1470/511 5726/1471/511 5724/1460/511
f 8691/1417/490 8695/1472/490 8696/1473/490 8693/1414/490
f 8693/1413/470 8696/1474/470 8694/1475/470 8692/1410/470
f 6636/1476/512 6695/1477/512 6697/1478/512 6637/1479/512
f 6637/1480/513 6697/1481/513 6696/1482/513 6635/1483/513
f 6660/1484/514 6665/1485/514 6667/1486/514 6661/1487/514
f 6661/1488/515 6667/1489/515 6666/1280/515 6659/1490/515
f 6876/1422/516 6920/1367/516 6922/1366/516 6877/1423/516
f 6877/1491/517 6922/1492/517 6921/1493/517 6875/1494/517
f 6852/1264/518 6873/1495/518 6874/1496/518 6853/1265/518
f 6853/1497/495 6874/1498/495 6872/1499/495 6851/1500/495
f 6828/1501/508 6836/1502/508 6838/1503/508 6829/1504/508
f 6829/1464/509 6838/1465/509 6837/1466/509 6827/1467/509
f 6827/1467/519 6831/1274/519 6832/1273/519 6829/1464/519
f 6829/1504/511 6832/1505/511 6830/1506/511 6828/1501/511
f 6251/1427/520 6260/1507/520 6262/1508/520 6253/1424/520
f 6253/1423/521 6262/1355/521 6261/1354/521 6252/1422/521
f 7044/1509/522 7056/1370/522 7057/1371/522 7045/1372/522
f 7045/1510/523 7057/1511/523 7055/1512/523 7043/1513/523
f 7068/1289/524 7082/1418/524 7084/1419/524 7069/1290/524
f 7069/1514/525 7084/1515/525 7083/1516/525 7067/1517/525
f 7116/1518/526 7118/1519/526 7120/1520/526 7117/1521/526
f 7117/1522/487 7120/1523/487 7119/1524/487 7115/1525/487
f 7115/1525/527 7121/1390/527 7123/1526/527 7117/1522/527
f 7117/1521/528 7123/1527/528 7122/1528/528 7116/1518/528
f 7092/1529/529 7094/1530/529 7096/1531/529 7093/1532/529
f 7093/1533/530 7096/1534/530 7095/1535/530 7091/1536/530
f 7091/1536/474 7101/1537/474 7102/1538/474 7093/1533/474
f 7093/1532/475 7102/1539/475 7100/1540/475 7092/1529/475
f 6419/1541/531 6422/1542/531 6424/1543/531 6421/1544/531
f 6421/1545/532 6424/1419/532 6423/1546/532 6420/1547/532
f 6875/1494/533 6890/1548/533 6892/1549/533 6877/1491/533
f 6877/1423/534 6892/1538/534 6891/1354/534 6876/1422/534
f 1439/1550/535 8713/1551/535 8714/1552/535 1441/1553/535
f 1441/1554/536 8714/1555/536 8712/1556/536 1440/1557/536
f 6012/1558/537 6023/1559/537 6025/1560/537 6013/1561/537
f 6013/1562/538 6025/1563/538 6024/1564/538 6011/1443/538
f 6011/1443/539 6033/1444/539 6034/1445/539 6013/1562/539
f 6013/1561/502 6034/1565/502 6032/1566/502 6012/1558/502
f 5988/1567/503 6002/1568/503 6004/1569/503 5989/1570/503
f 5989/1423/540 6004/1355/540 6003/1354/540 5987/1422/540
f 5987/1422/541 6035/1367/541 6037/1366/541 5989/1423/541
f 5989/1570/506 6037/1571/506 6036/1572/506 5988/1567/506
f 5363/1389/527 5372/1390/527 5374/1526/527 5365/1401/527
f 5365/1400/542 5374/1573/542 5373/1574/542 5364/1397/542
f 5340/1575/543 5378/1576/543 5380/1577/543 5341/1578/543
f 5341/1579/544 5380/1445/544 5379/1444/544 5339/1580/544
f 5339/1580/545 5342/1536/545 5344/1533/545 5341/1579/545
f 5341/1578/529 5344/1581/529 5343/1582/529 5340/1575/529
f 5292/1583/498 5297/1584/498 5299/1585/498 5293/1586/498
f 5293/1465/497 5299/1496/497 5298/1495/497 5291/1466/497
f 5291/1466/509 5301/1467/509 5302/1464/509 5293/1465/509
f 5293/1586/508 5302/1587/508 5300/1588/508 5292/1583/508
f 1404/1589/546 1621/1590/546 1623/1591/546 1405/1592/546
f 1405/1593/547 1623/1554/547 1622/1594/547 1403/1595/547
f 1403/1595/548 8607/1596/548 8609/1597/548 1405/1593/548
f 1405/1592/549 8609/1598/549 8608/1599/549 1404/1589/549
f 3972/1600/550 3983/1601/550 3985/1602/550 3973/1603/550
f 3973/1261/551 3985/1365/551 3984/1368/551 3971/1262/551
f 3971/1262/552 3974/1604/552 3976/1605/552 3973/1261/552
f 3973/1603/553 3976/1606/553 3975/1607/553 3972/1600/553
f 3348/1608/554 3365/1609/554 3367/1610/554 3349/1611/554
f 3349/1612/555 3367/1605/555 3366/1613/555 3347/1264/555
f 6611/1614/556 6623/1615/556 6625/1616/556 6613/1617/556
f 6613/1496/557 6625/1265/557 6624/1264/557 6612/1618/557
f 5316/1619/558 5321/1620/558 5323/1621/558 5317/1622/558
f 5317/1479/559 5323/1545/559 5322/1547/559 5315/1476/559
f 5315/1476/560 5388/1477/560 5389/1478/560 5317/1479/560
f 5317/1622/561 5389/1623/561 5387/1624/561 5316/1619/561
f 5580/1625/466 5582/1626/466 5584/1627/466 5581/1628/466
f 5581/1331/467 5584/1332/467 5583/1333/467 5579/1334/467
f 5555/1629/469 5580/1625/469 5581/1628/469 5557/1630/469
f 5557/1291/468 5581/1331/468 5579/1334/468 5556/1288/468
f 4931/1631/472 4940/1632/472 4942/1633/472 4933/1634/472
f 4933/1635/562 4942/1298/562 4941/1351/562 4932/1352/562
f 8644/1636/483 8649/1637/483 8651/1638/483 8645/1639/483
f 8645/1640/563 8651/1641/563 8650/1642/563 8643/1643/563
f 5075/1644/498 5081/1645/498 5083/1646/498 5077/1647/498
f 5077/1465/564 5083/1496/564 5082/1618/564 5076/1466/564
f 5100/1648/531 5111/1649/531 5113/1650/531 5101/1651/531
f 5101/1545/532 5113/1652/532 5112/1653/532 5099/1547/532
f 5099/1547/559 5105/1476/559 5107/1479/559 5101/1545/559
f 5101/1651/558 5107/1654/558 5106/1655/558 5100/1648/558
f 5124/1656/565 5129/1657/565 5131/1658/565 5125/1659/565
f 5125/1660/566 5131/1661/566 5130/1662/566 5123/1663/566
f 5123/1663/567 5163/1664/567 5164/1665/567 5125/1660/567
f 5125/1659/568 5164/1666/568 5162/1667/568 5124/1656/568
f 3780/1668/553 3797/1669/553 3799/1670/553 3781/1671/553
f 3781/1260/552 3799/1261/552 3798/1262/552 3779/1263/552
f 3779/1263/450 3782/1264/450 3784/1265/450 3781/1260/450
f 3781/1671/451 3784/1672/451 3783/1673/451 3780/1668/451
f 3756/1674/452 3761/1675/452 3763/1676/452 3757/1677/452
f 3757/1272/453 3763/1273/453 3762/1274/453 3755/1275/453
f 3755/1275/454 3764/1369/454 3766/1372/454 3757/1272/454
f 3757/1677/455 3766/1678/455 3765/1679/455 3756/1674/455
f 3324/1680/452 3329/1681/452 3331/1682/452 3325/1683/452
f 3325/1684/453 3331/1469/453 3330/1468/453 3323/1685/453
f 3323/1685/454 3327/1276/454 3328/1277/454 3325/1684/454
f 3325/1683/455 3328/1686/455 3326/1687/455 3324/1680/455
f 2009/605/569 2841/691/569 2847/694/569 2013/606/569
f 2013/600/570 2847/699/570 2843/698/570 2007/597/570
f 2008/601/571 3036/744/571 3042/753/571 2012/602/571
f 2012/608/572 3042/758/572 3038/757/572 2009/605/572
f 2488/1688/573 2609/1689/573 2611/1690/573 2489/1691/573
f 2489/1691/574 2611/1690/574 2610/1692/574 2487/1693/574
f 2007/597/575 2392/628/575 2398/631/575 2010/598/575
f 2010/604/576 2398/631/576 2394/634/576 2008/601/576
f 7212/1694/577 7220/1695/577 7222/1696/577 7213/1697/577
f 7213/1698/578 7222/1699/578 7221/1700/578 7211/1701/578
f 7211/1701/579 7217/1702/579 7219/1703/579 7213/1698/579
f 7213/1697/580 7219/1704/580 7218/1705/580 7212/1694/580
f 7164/1706/581 7172/1707/581 7174/1708/581 7165/1709/581
f 7165/1710/582 7174/1711/582 7173/1712/582 7163/1713/582
f 7163/1713/583 7169/1714/583 7171/1715/583 7165/1710/583
f 7165/1709/584 7171/1716/584 7170/1717/584 7164/1706/584
f 7240/1718/585 7270/1719/585 7272/1720/585 7241/1721/585
f 7241/1722/586 7272/1723/586 7271/1724/586 7239/1725/586
f 7239/1725/587 7249/1726/587 7251/1727/587 7241/1722/587
f 7241/1721/588 7251/1728/588 7250/1729/588 7240/1718/588
f 7316/1730/589 7324/1731/589 7326/1732/589 7317/1733/589
f 7317/1734/590 7326/1735/590 7325/1736/590 7315/1737/590
f 7292/1738/591 7327/1739/591 7329/1740/591 7293/1741/591
f 7293/1742/592 7329/1743/592 7328/1744/592 7291/1745/592
f 7291/1745/593 7294/1746/593 7296/1747/593 7293/1742/593
f 7293/1741/594 7296/1748/594 7295/1749/594 7292/1738/594
f 1586/576/595 3023/1750/595 3029/1751/595 1590/577/595
f 1590/571/596 3029/749/596 3025/748/596 1584/568/596
f 1585/572/597 1795/580/597 1801/583/597 1589/573/597
f 1589/579/572 1801/589/572 1797/588/572 1586/576/572
f 7444/1752/598 7470/1753/598 7472/1754/598 7445/1755/598
f 7445/1756/599 7472/1757/599 7471/1758/599 7443/1759/599
f 7419/1760/600 7428/1761/600 7430/1762/600 7421/1763/600
f 7421/1764/601 7430/1765/601 7429/1766/601 7420/1767/601
f 7732/1768/602 7737/1769/602 7739/1770/602 7733/1771/602
f 7733/1772/603 7739/1756/603 7738/1759/603 7731/1773/603
f 7491/1774/604 7497/1775/604 7499/1776/604 7493/1777/604
f 7493/1778/605 7499/1779/605 7498/1780/605 7492/1781/605
f 7708/1782/606 7725/1783/606 7727/1784/606 7709/1785/606
f 7709/1786/607 7727/1787/607 7726/1788/607 7707/1789/607
f 7780/1790/608 7782/1791/608 7784/1792/608 7781/1793/608
f 7781/1794/609 7784/1795/609 7783/1796/609 7779/1797/609
f 7516/1798/610 7533/1799/610 7535/1800/610 7517/1801/610
f 7517/1802/611 7535/1803/611 7534/1804/611 7515/1805/611
f 7515/1805/612 7521/1806/612 7523/1807/612 7517/1802/612
f 7517/1801/613 7523/1808/613 7522/1809/613 7516/1798/613
f 8068/1810/614 8091/1811/614 8093/1812/614 8069/1813/614
f 8069/1814/615 8093/1815/615 8092/1816/615 8067/1817/615
f 8067/1817/616 8073/1790/616 8075/1793/616 8069/1814/616
f 8069/1813/617 8075/1818/617 8074/1819/617 8068/1810/617
f 8044/1820/618 8133/1821/618 8135/1822/618 8045/1823/618
f 8045/1824/619 8135/1825/619 8134/1826/619 8043/1827/619
f 8043/1827/620 8049/1828/620 8051/1829/620 8045/1824/620
f 8045/1823/621 8051/1830/621 8050/1831/621 8044/1820/621
f 8020/1766/622 8026/1767/622 8027/1764/622 8021/1765/622
f 8021/1832/623 8027/1833/623 8025/1834/623 8019/1835/623
f 7996/1836/624 8001/1837/624 8003/1838/624 7997/1839/624
f 7997/1840/625 8003/1841/625 8002/1842/625 7995/1843/625
f 7995/1843/626 7998/1844/626 8000/1845/626 7997/1840/626
f 7997/1839/627 8000/1846/627 7999/1847/627 7996/1836/627
f 8332/1848/628 8358/1849/628 8360/1850/628 8333/1851/628
f 8333/1852/629 8360/1853/629 8359/1854/629 8331/1855/629
f 8308/1856/630 8359/1854/630 8360/1853/630 8309/1857/630
f 8309/1858/631 8360/1850/631 8358/1849/631 8307/1859/631
f 8307/1859/632 8313/1766/632 8315/1765/632 8309/1858/632
f 8309/1857/633 8315/1860/633 8314/1861/633 8308/1856/633
f 8380/1862/634 8385/1863/634 8387/1864/634 8381/1865/634
f 8381/1866/635 8387/1867/635 8386/1781/635 8379/1868/635
f 8379/1868/636 8428/1869/636 8429/1870/636 8381/1866/636
f 8381/1865/637 8429/1871/637 8427/1872/637 8380/1862/637
f 7731/1773/638 7756/1873/638 7757/1874/638 7733/1772/638
f 7733/1771/639 7757/1875/639 7755/1876/639 7732/1768/639
f 7828/1877/640 7830/1878/640 7832/1879/640 7829/1880/640
f 7829/1881/641 7832/1882/641 7831/1883/641 7827/1884/641
f 8404/1885/642 8430/1886/642 8432/1887/642 8405/1888/642
f 8405/1889/643 8432/1890/643 8431/1891/643 8403/1892/643
f 3099/1893/644 3105/1894/644 3106/1895/644 3100/1896/644
f 3100/1897/645 3106/1898/645 3104/1899/645 3098/1900/645
f 2637/1901/646 2646/1902/646 2647/1903/646 2638/1904/646
f 2638/1905/647 2647/1906/647 2645/1907/647 2636/1908/647
f 1691/1909/648 8283/1910/648 8285/1911/648 1692/1912/648
f 1692/1913/649 8285/1914/649 8284/1915/649 1690/1916/649
f 1584/568/650 1925/590/650 1931/593/650 1587/569/650
f 1587/575/651 1931/593/651 1927/596/651 1585/572/651
f 3228/1917/652 3240/1918/652 3241/1919/652 3229/1920/652
f 3229/1921/653 3241/1922/653 3239/1923/653 3227/1924/653
f 3252/1925/654 3264/1926/654 3265/1927/654 3253/1928/654
f 3253/1929/655 3265/1930/655 3263/1931/655 3251/1932/655
f 3276/1933/656 3285/1934/656 3286/1935/656 3277/1936/656
f 3277/1937/657 3286/1938/657 3284/1939/657 3275/1940/657
f 1848/1941/658 1933/1942/658 1934/1943/658 1849/1944/658
f 1849/1945/659 1934/1946/659 1932/1947/659 1847/1948/659
f 2339/1949/660 2383/1950/660 2385/1951/660 2340/1912/660
f 2340/1952/649 2385/1953/649 2384/1954/649 2338/1955/649
f 2383/1950/661 2427/1956/661 2428/1957/661 2385/1951/661
f 2385/1953/662 2428/1958/662 2426/1959/662 2384/1954/662
f 2536/1960/663 2604/1961/663 2605/1962/663 2537/1963/663
f 2537/1964/664 2605/1965/664 2603/1966/664 2535/1967/664
f 1643/1941/665 1682/1942/665 1683/1968/665 1644/1969/665
f 1644/1970/666 1683/1971/666 1681/1972/666 1642/1973/666
f 2190/1961/667 2253/1974/667 2255/1975/667 2191/1962/667
f 2191/1976/668 2255/1977/668 2254/1978/668 2189/1979/668
f 2658/1980/669 2667/1981/669 2668/1982/669 2659/1983/669
f 2659/1984/670 2668/1985/670 2666/1986/670 2657/1987/670
f 2676/1988/592 2685/1989/592 2686/1990/592 2677/1991/592
f 2677/1992/671 2686/1993/671 2684/1994/671 2675/1995/671
f 2730/1996/672 2739/1997/672 2740/1998/672 2731/1999/672
f 2731/2000/673 2740/2001/673 2738/2002/673 2729/2003/673
f 2773/1893/644 2786/1894/644 2787/1895/644 2774/1896/644
f 2774/2004/645 2787/2005/645 2785/2006/645 2772/2007/645
f 2142/2008/674 2154/2009/674 2155/2010/674 2143/2011/674
f 2143/2012/675 2155/2013/675 2153/2014/675 2141/2015/675
f 2166/2016/676 2178/2017/676 2179/1919/676 2167/1920/676
f 2167/2018/653 2179/2019/653 2177/2020/653 2165/2021/653
f 2214/2022/677 2226/2023/677 2227/1935/677 2215/1936/677
f 2215/2024/678 2227/2025/678 2225/2026/678 2213/2027/678
f 2242/1901/679 8580/2028/679 8582/2029/679 2243/2030/679
f 2243/2031/680 8582/2032/680 8581/2033/680 2241/2034/680
f 2512/2035/681 2521/2036/681 2522/2037/681 2513/2038/681
f 2513/2039/682 2522/2040/682 2520/2041/682 2511/2042/682
f 1531/2043/683 1542/2044/683 1544/2045/683 1532/2046/683
f 1532/2047/684 1544/2048/684 1543/2049/684 1530/2050/684
f 1637/2051/685 1651/2052/685 1653/1975/685 1638/1962/685
f 1638/2053/686 1653/2054/686 1652/2055/686 1636/2056/686
f 2805/2057/687 7990/2058/687 7991/2059/687 2806/2060/687
f 2806/2061/688 7991/2062/688 7989/2063/688 2804/2064/688
f 2804/2064/689 2814/2065/689 2815/2066/689 2806/2061/689
f 2806/2060/690 2815/2067/690 2813/2068/690 2805/2057/690
f 2830/2069/691 2839/2070/691 2840/2071/691 2831/2072/691
f 2831/2073/692 2840/2074/692 2838/2075/692 2829/2076/692
f 2862/2077/693 2868/2078/693 2869/2079/693 2863/2080/693
f 2863/2081/694 2869/2082/694 2867/2083/694 2861/2084/694
f 2916/1917/695 2925/1918/695 2926/1919/695 2917/1920/695
f 2917/2085/653 2926/2086/653 2924/2087/653 2915/2088/653
f 3011/2089/696 3031/2090/696 3032/2091/696 3012/2092/696
f 3012/2093/697 3032/2094/697 3030/2095/697 3010/2096/697
f 3044/2097/698 3057/2098/698 3058/2099/698 3045/2100/698
f 3045/2101/699 3058/2102/699 3056/2103/699 3043/2104/699
f 7564/2105/700 7566/2106/700 7568/2107/700 7565/2108/700
f 7565/2109/701 7568/2110/701 7567/2111/701 7563/2112/701
f 7588/2113/702 7591/2114/702 7592/2115/702 7589/2116/702
f 7589/2117/703 7592/2118/703 7590/2119/703 7587/2120/703
f 7612/2121/704 7614/2122/704 7616/2123/704 7613/2124/704
f 7613/2125/705 7616/2126/705 7615/2127/705 7611/2128/705
f 7636/2129/706 7639/2130/706 7640/2131/706 7637/2132/706
f 7637/2133/707 7640/2134/707 7638/2135/707 7635/2136/707
f 7660/2137/708 7662/2138/708 7664/2139/708 7661/2140/708
f 7661/2141/709 7664/2142/709 7663/2143/709 7659/2144/709
f 7684/2145/710 7686/2146/710 7688/2147/710 7685/2148/710
f 7685/2149/711 7688/2150/711 7687/2151/711 7683/2152/711
f 1660/2153/712 1768/2154/712 1770/2155/712 1662/2156/712
f 1662/2157/713 1770/2158/713 1769/2159/713 1661/2160/713
f 1995/2161/714 2089/2162/714 2091/2163/714 1997/2164/714
f 1997/2165/715 2091/2166/715 2090/2167/715 1996/2168/715
f 2317/2169/716 2359/2170/716 2361/2171/716 2319/2172/716
f 2319/2173/717 2361/2174/717 2360/2175/717 2318/2176/717
f 2359/2170/662 2420/2177/662 2422/2178/662 2361/2171/662
f 2361/2174/718 2422/2179/718 2421/2180/718 2360/2175/718
f 2463/2181/719 2502/2182/719 2504/2183/719 2465/2184/719
f 2465/2185/720 2504/2186/720 2503/2187/720 2464/2188/720
f 2563/2189/721 2618/2190/721 2620/2191/721 2565/2192/721
f 2565/2193/722 2620/2194/722 2619/2195/722 2564/2196/722
f 2693/2197/723 2711/2198/723 2713/2199/723 2695/2200/723
f 2695/2201/724 2713/2202/724 2712/2203/724 2694/2204/724
f 2711/2198/725 2726/2205/725 2728/2206/725 2713/2199/725
f 2713/2202/726 2728/2207/726 2727/2208/726 2712/2203/726
f 2747/2209/727 2759/2210/727 2761/2211/727 2749/2212/727
f 2749/2213/728 2761/2214/728 2760/2215/728 2748/2216/728
f 2969/2217/729 2981/2218/729 2983/2219/729 2971/2220/729
f 2971/2221/730 2983/2222/730 2982/2223/730 2970/2224/730
f 7852/2225/731 7854/2226/731 7856/2227/731 7853/2228/731
f 7853/2229/732 7856/2230/732 7855/2231/732 7851/2232/732
f 7876/2233/733 7879/2234/733 7880/2235/733 7877/2236/733
f 7877/2237/734 7880/2238/734 7878/2239/734 7875/2240/734
f 7900/2241/735 7902/2242/735 7904/2243/735 7901/2244/735
f 7901/2245/736 7904/2246/736 7903/2247/736 7899/2248/736
f 7924/2249/737 7927/2250/737 7928/2251/737 7925/2252/737
f 7925/2253/738 7928/2254/738 7926/2255/738 7923/2256/738
f 7948/2257/739 7950/2258/739 7952/2259/739 7949/2260/739
f 7949/2261/740 7952/2262/740 7951/2263/740 7947/2264/740
f 7972/2265/741 7974/2266/741 7976/2267/741 7973/2268/741
f 7973/2269/742 7976/2270/742 7975/2271/742 7971/2272/742
f 1672/2273/743 1726/2274/743 1728/2275/743 1674/2276/743
f 1674/2277/744 1728/2278/744 1727/2168/744 1673/2279/744
f 1907/2280/716 1977/2281/716 1979/2171/716 1909/2172/716
f 1909/2282/717 1979/2283/717 1978/2175/717 1908/2176/717
f 2411/2284/745 2435/2285/745 2437/2286/745 2413/2211/745
f 2413/2214/746 2437/2287/746 2436/2288/746 2412/2215/746
f 2435/2285/747 2454/2289/747 2456/2290/747 2437/2286/747
f 2437/2287/748 2456/2291/748 2455/2292/748 2436/2288/748
f 2591/2293/749 2615/2294/749 2617/2295/749 2593/2296/749
f 2593/2297/750 2617/2298/750 2616/2299/750 2592/2300/750
f 2615/2294/751 2630/2301/751 2632/2302/751 2617/2295/751
f 2617/2298/752 2632/2303/752 2631/2224/752 2616/2299/752
f 8140/2304/753 8142/2305/753 8144/2306/753 8141/2307/753
f 8141/2308/754 8144/2309/754 8143/2310/754 8139/2311/754
f 8139/2311/755 8146/2225/755 8147/2228/755 8141/2308/755
f 8141/2307/756 8147/2312/756 8145/2313/756 8140/2304/756
f 8164/2314/757 8166/2315/757 8168/2316/757 8165/2317/757
f 8165/2318/758 8168/2319/758 8167/2320/758 8163/2321/758
f 8188/2322/759 8191/2323/759 8192/2324/759 8189/2325/759
f 8189/2326/760 8192/2327/760 8190/2328/760 8187/2329/760
f 8212/2330/761 8214/2331/761 8216/2332/761 8213/2333/761
f 8213/2334/762 8216/2335/762 8215/2336/762 8211/2337/762
f 8236/2338/763 8239/2339/763 8240/2340/763 8237/2341/763
f 8237/2342/764 8240/2343/764 8238/2344/764 8235/2345/764
f 8260/2346/765 8262/2347/765 8264/2348/765 8261/2349/765
f 8261/2350/766 8264/2351/766 8263/2352/766 8259/2353/766
f 1859/2354/767 1886/2355/767 1888/2356/767 1861/2357/767
f 1861/2358/768 1888/2359/768 1887/2360/768 1860/2361/768
f 2083/2362/769 2114/2363/769 2116/2364/769 2085/2365/769
f 2085/2366/770 2116/2367/770 2115/2368/770 2084/2369/770
f 8452/2106/771 8455/2370/771 8456/2371/771 8453/2107/771
f 8453/2372/772 8456/2373/772 8454/2374/772 8451/2375/772
f 8476/2376/773 8478/2377/773 8480/2378/773 8477/2115/773
f 8477/2379/774 8480/2380/774 8479/2381/774 8475/2382/774
f 8500/2122/775 8502/2383/775 8504/2384/775 8501/2123/775
f 8501/2385/776 8504/2386/776 8503/2387/776 8499/2388/776
f 8524/2130/777 8526/2389/777 8528/2390/777 8525/2131/777
f 8525/2391/778 8528/2392/778 8527/2393/778 8523/2394/778
f 8548/2138/779 8550/2395/779 8552/2396/779 8549/2139/779
f 8549/2142/780 8552/2397/780 8551/2398/780 8547/2399/780
f 8572/2146/781 8575/2400/781 8576/2401/781 8573/2147/781
f 8573/2402/782 8576/2403/782 8574/2404/782 8571/2405/782
f 1557/2406/783 1569/2407/783 1571/2408/783 1559/2172/783
f 1559/2173/784 1571/2409/784 1570/2175/784 1558/2176/784
f 1678/2410/785 1693/2411/785 1695/2412/785 1680/2413/785
f 1680/2414/786 1695/2415/786 1694/2203/786 1679/2204/786
f 1765/2362/769 1777/2363/769 1779/2364/769 1767/2365/769
f 1767/2366/770 1779/2416/770 1778/2368/770 1766/2369/770
f 1871/2417/787 1880/2418/787 1882/2419/787 1873/2420/787
f 1873/2421/788 1882/2422/788 1881/2423/788 1872/2424/788
f 1919/2425/789 1935/2426/789 1937/2427/789 1921/2428/789
f 1921/2429/790 1937/2430/790 1936/2431/790 1920/2432/790
f 1935/2426/791 1947/2433/791 1949/2434/791 1937/2427/791
f 1937/2430/792 1949/2435/792 1948/2436/792 1936/2431/792
f 1971/2437/793 1980/2438/793 1982/2439/793 1973/2440/793
f 1973/2441/794 1982/2442/794 1981/2443/794 1972/2444/794
f 2023/2445/795 2035/2446/795 2037/2447/795 2025/2448/795
f 2025/2449/796 2037/2450/796 2036/2451/796 2024/2452/796
f 2048/2453/797 2056/2454/797 2058/2455/797 2049/2456/797
f 2049/2457/798 2058/2458/798 2057/2459/798 2047/2460/798
f 2071/2461/799 2080/2462/799 2082/2463/799 2073/2464/799
f 2073/2465/800 2082/2466/800 2081/2467/800 2072/2468/800
f 2439/639/801 2523/633/801 2525/2469/801 2443/640/801
f 2443/640/802 2525/2469/802 2524/2470/802 2440/641/802
f 4119/2471/803 4121/2472/803 4123/2473/803 4120/2474/803
f 4120/1108/804 4123/1060/804 4122/1059/804 4118/1106/804
f 3879/2475/351 3887/2476/351 3889/2477/351 3880/2478/351
f 3880/1129/805 3889/2479/805 3888/1145/805 3878/892/805
f 3878/892/806 3885/2480/806 3886/997/806 3880/1129/806
f 3880/2478/416 3886/2481/416 3884/2482/416 3879/2475/416
f 3279/2483/807 3299/2484/807 3301/2485/807 3280/2486/807
f 3280/916/403 3301/2487/403 3300/918/403 3278/919/403
f 3278/919/404 3287/864/404 3289/867/404 3280/916/404
f 3280/2486/808 3289/2488/808 3288/2489/808 3279/2483/808
f 3231/2490/809 3311/2491/809 3313/2492/809 3232/2493/809
f 3232/905/810 3313/2494/810 3312/968/810 3230/906/810
f 3230/906/356 3245/883/356 3247/882/356 3232/905/356
f 3232/2493/811 3247/2495/811 3246/2496/811 3231/2490/811
f 3519/1014/812 3522/918/812 3523/917/812 3520/1011/812
f 3520/2497/813 3523/2498/813 3521/2499/813 3518/2500/813
f 3495/883/814 3501/884/814 3502/909/814 3496/882/814
f 3496/2501/429 3502/2502/429 3500/2503/429 3494/2504/429
f 3471/2505/815 3536/2506/815 3538/2507/815 3472/2508/815
f 3472/2509/816 3538/2510/816 3537/1100/816 3470/838/816
f 4095/984/379 4130/985/379 4132/1222/379 4096/2511/379
f 4096/2512/380 4132/2513/380 4131/2514/380 4094/2515/380
f 4791/2516/817 4841/2517/817 4843/2518/817 4792/2519/817
f 4792/1032/818 4843/1107/818 4842/1043/818 4790/1033/818
f 4598/878/355 4604/2520/355 4606/2521/355 4600/879/355
f 4600/882/819 4606/905/819 4605/906/819 4599/883/819
f 4574/886/430 4577/2522/430 4579/2523/430 4576/887/430
f 4576/890/431 4579/2524/431 4578/1153/431 4575/891/431
f 4118/1106/820 4184/1043/820 4186/1107/820 4120/1108/820
f 4120/2474/821 4186/2525/821 4185/2526/821 4119/2471/821
f 4143/2527/342 4148/2528/342 4150/2529/342 4144/2530/342
f 4144/856/822 4150/1070/822 4149/858/822 4142/859/822
f 4142/859/436 4181/860/436 4183/861/436 4144/856/436
f 4144/2530/345 4183/2531/345 4182/2532/345 4143/2527/345
f 4166/864/823 4176/2533/823 4177/866/823 4168/867/823
f 4168/920/347 4177/2534/347 4175/2535/347 4167/921/347
f 4359/2536/345 4361/2537/345 4363/2538/345 4360/2539/345
f 4360/861/436 4363/856/436 4362/859/436 4358/860/436
f 4358/860/824 4376/2540/824 4378/2541/824 4360/861/824
f 4360/2539/825 4378/2542/825 4377/2543/825 4359/2536/825
f 4383/2544/357 4388/2545/357 4390/2546/357 4384/2547/357
f 4384/916/403 4390/917/403 4389/918/403 4382/919/403
f 4382/919/404 4385/864/404 4387/867/404 4384/916/404
f 4384/2547/360 4387/2548/360 4386/2549/360 4383/2544/360
f 4743/2550/826 4746/946/826 4747/945/826 4744/2551/826
f 4744/898/827 4747/944/827 4745/943/827 4742/899/827
f 4742/899/354 4751/984/354 4753/2511/354 4744/898/354
f 4744/2551/353 4753/2552/353 4752/2553/353 4743/2550/353
f 4767/2554/396 4787/2555/396 4789/2556/396 4768/2557/396
f 4768/1122/395 4789/986/395 4788/985/395 4766/1051/395
f 4766/1051/828 4781/1058/828 4783/1218/828 4768/1122/828
f 4768/2557/829 4783/2558/829 4782/2559/829 4767/2554/829
f 6735/2560/830 6743/2561/830 6745/2562/830 6736/2563/830
f 6736/2564/388 6745/2565/388 6744/2566/388 6734/2567/388
f 6543/2568/416 6548/2569/416 6550/2570/416 6544/2571/416
f 6544/849/415 6550/889/415 6549/892/415 6542/850/415
f 6542/850/341 6564/851/341 6565/848/341 6544/849/341
f 6544/2571/340 6565/948/340 6563/951/340 6543/2568/340
f 6566/942/831 6569/2572/831 6571/2573/831 6568/947/831
f 6568/949/832 6571/2574/832 6570/2575/832 6567/950/832
f 6087/1014/833 6090/918/833 6091/2576/833 6088/2577/833
f 6088/2578/834 6091/2579/834 6089/2580/834 6086/2581/834
f 6351/2582/357 6359/2583/357 6361/2584/357 6352/2585/357
f 6352/916/403 6361/917/403 6360/918/403 6350/919/403
f 6350/919/404 6353/864/404 6355/867/404 6352/916/404
f 6352/2585/360 6355/2586/360 6354/2587/360 6351/2582/360
f 6327/2588/835 6366/971/835 6367/970/835 6328/2589/835
f 6328/2590/836 6367/969/836 6365/968/836 6326/2591/836
f 6927/2592/424 6935/2593/424 6937/2594/424 6928/2595/424
f 6928/947/425 6937/848/425 6936/851/425 6926/942/425
f 6926/942/837 6932/943/837 6934/1117/837 6928/947/837
f 6928/2595/368 6934/2596/368 6933/2597/368 6927/2592/368
f 6783/892/415 6789/850/415 6790/849/415 6784/889/415
f 6784/2598/416 6790/2599/416 6788/2600/416 6782/2601/416
f 6758/2602/441 6806/2603/441 6808/2604/441 6760/2605/441
f 6760/1234/440 6808/1060/440 6807/1059/440 6759/1106/440
f 6494/1004/811 6500/2606/811 6502/2607/811 6496/1005/811
f 6496/882/356 6502/905/356 6501/906/356 6495/907/356
f 6734/2567/838 6738/858/838 6739/857/838 6736/2564/838
f 6736/2563/399 6739/2608/399 6737/2609/399 6735/2560/399
f 6710/1008/839 6719/2610/839 6721/2611/839 6712/1009/839
f 6712/1012/840 6721/2612/840 6720/2540/840 6711/1013/840
f 6950/2613/430 6959/2614/430 6961/2615/430 6952/2616/430
f 6952/1144/841 6961/1154/841 6960/2617/841 6951/1243/841
f 6326/2591/842 6332/883/842 6334/1181/842 6328/2590/842
f 6328/2589/426 6334/2618/426 6333/2619/426 6327/2588/426
f 4526/2620/396 4535/2621/396 4537/2622/396 4528/2623/396
f 4528/1052/843 4537/986/843 4536/985/843 4527/1051/843
f 4551/860/844 4556/2540/844 4558/2612/844 4552/2624/844
f 4552/2625/825 4558/2626/825 4557/2627/825 4550/2628/825
f 5270/1067/845 5273/2629/845 5275/2630/845 5272/1068/845
f 5272/1044/818 5275/1045/818 5274/1043/818 5271/1033/818
f 5246/864/823 5253/865/823 5254/2631/823 5248/1078/823
f 5248/1079/347 5254/2632/347 5252/2633/347 5247/1080/347
f 5871/899/846 5895/984/846 5896/987/846 5872/898/846
f 5872/2634/353 5896/2635/353 5894/2636/353 5870/2637/353
f 5919/2638/847 5921/2639/847 5923/2640/847 5920/2641/847
f 5920/2612/848 5923/2624/848 5922/860/848 5918/2540/848
f 5918/2540/849 5933/1013/849 5935/1012/849 5920/2612/849
f 5920/2641/839 5935/2642/839 5934/2643/839 5919/2638/839
f 5847/1100/850 5852/838/850 5854/837/850 5848/1101/850
f 5848/2644/409 5854/2645/409 5853/2646/409 5846/2647/409
f 5487/2648/851 5489/2649/851 5491/2650/851 5488/2651/851
f 5488/2652/852 5491/2653/852 5490/858/852 5486/859/852
f 5486/859/436 5493/860/436 5494/861/436 5488/2652/436
f 5488/2651/345 5494/2654/345 5492/2655/345 5487/2648/345
f 5414/2656/360 5420/2657/360 5422/2658/360 5416/2659/360
f 5416/1078/404 5422/1077/404 5421/919/404 5415/864/404
f 5391/2660/355 5396/2661/355 5398/2662/355 5392/2663/355
f 5392/882/819 5398/905/819 5397/906/819 5390/883/819
f 5390/883/814 5402/884/814 5404/909/814 5392/882/814
f 5392/2663/429 5404/2664/429 5403/2665/429 5391/2660/429
f 5031/2666/839 5048/2667/839 5050/2668/839 5032/2669/839
f 5032/2670/840 5050/2612/840 5049/2540/840 5030/1013/840
f 5030/1013/853 5052/1014/853 5053/1011/853 5032/2670/853
f 5032/2669/381 5053/2671/381 5051/2672/381 5031/2666/381
f 5631/985/843 5642/1051/843 5644/1122/843 5632/986/843
f 5632/2673/396 5644/2674/396 5643/2675/396 5630/2676/396
f 6134/2677/441 6143/2678/441 6145/2679/441 6136/2680/441
f 6136/1108/440 6145/1060/440 6144/1059/440 6135/1106/440
f 6303/1059/440 6305/1106/440 6307/1108/440 6304/1060/440
f 6304/2681/441 6307/2682/441 6306/2683/441 6302/2684/441
f 6279/984/379 6284/2685/379 6286/1222/379 6280/987/379
f 6280/2686/380 6286/2687/380 6285/2688/380 6278/2689/380
f 6302/2684/438 6311/2690/438 6313/2691/438 6304/2681/438
f 6304/1060/439 6313/1218/439 6312/1219/439 6303/1059/439
f 6110/1127/415 6119/2692/415 6121/849/415 6112/1128/415
f 6112/1131/416 6121/2693/416 6120/2694/416 6111/1132/416
f 5678/2695/854 5711/2696/854 5713/2697/854 5680/2698/854
f 5680/905/855 5713/2699/855 5712/968/855 5679/906/855
f 5655/2700/409 5714/2701/409 5716/2702/409 5656/2703/409
f 5656/979/408 5716/1101/408 5715/1100/408 5654/838/408
f 5654/838/377 5661/839/377 5662/978/377 5656/979/377
f 5656/2703/378 5662/2704/378 5660/2705/378 5655/2700/378
f 5222/2706/856 5234/2707/856 5236/2708/856 5224/2709/856
f 5224/909/350 5236/882/350 5235/883/350 5223/884/350
f 5199/2710/857 5210/2711/857 5212/2712/857 5200/2713/857
f 5200/2524/858 5212/841/858 5211/840/858 5198/1153/858
f 5198/1153/431 5213/891/431 5215/890/431 5200/2524/431
f 5200/2713/430 5215/2714/430 5214/2715/430 5199/2710/430
f 4790/1033/400 4808/858/400 4810/1070/400 4792/1032/400
f 4792/2519/859 4810/2716/859 4809/2717/859 4791/2516/859
f 4815/2718/839 4817/2719/839 4819/2720/839 4816/2721/839
f 4816/2670/840 4819/2612/840 4818/2540/840 4814/1013/840
f 4814/1013/853 4836/1014/853 4837/1099/853 4816/2670/853
f 4816/2721/381 4837/2722/381 4835/2723/381 4815/2718/381
f 4959/2724/826 4962/1165/826 4963/1164/826 4960/2725/826
f 4960/898/827 4963/944/827 4961/943/827 4958/899/827
f 4958/899/354 4967/984/354 4969/987/354 4960/898/354
f 4960/2725/353 4969/2726/353 4968/2727/353 4959/2724/353
f 5007/2728/845 5060/2729/845 5062/2730/845 5008/2731/845
f 5008/1032/860 5062/1107/860 5061/1043/860 5006/1033/860
f 5006/1033/861 5024/858/861 5026/1070/861 5008/1032/861
f 5008/2731/399 5026/2732/399 5025/2733/399 5007/2728/399
f 5439/1153/862 5444/1145/862 5446/1144/862 5440/2524/862
f 5440/2734/430 5446/2735/430 5445/2736/430 5438/2737/430
f 5463/2738/380 5465/2739/380 5467/2740/380 5464/2741/380
f 5464/986/379 5467/2511/379 5466/984/379 5462/2685/379
f 5462/2685/395 5499/1051/395 5500/1122/395 5464/986/395
f 5464/2741/396 5500/2742/396 5498/2743/396 5463/2738/396
f 5174/943/827 5180/899/827 5182/898/827 5176/944/827
f 5176/1175/826 5182/2744/826 5181/2745/826 5175/1176/826
f 4983/2746/339 5003/2747/339 5005/2748/339 4984/2749/339
f 4984/1152/338 5005/978/338 5004/839/338 4982/2750/338
f 4982/2750/863 4989/1153/863 4990/1154/863 4984/1152/863
f 4984/2749/857 4990/1187/857 4988/1186/857 4983/2746/857
f 4334/1106/410 4400/1043/410 4402/1107/410 4336/1108/410
f 4336/1220/411 4402/2751/411 4401/2752/411 4335/1221/411
f 3735/1014/812 3738/918/812 3739/917/812 3736/1011/812
f 3736/2753/813 3739/2754/813 3737/2755/813 3734/2756/813
f 3711/883/350 3717/884/350 3718/909/350 3712/2757/350
f 3712/2758/349 3718/2759/349 3716/2760/349 3710/2761/349
f 3687/2762/409 3752/2763/409 3754/2764/409 3688/2765/409
f 3688/979/408 3754/1101/408 3753/1100/408 3686/838/408
f 3686/838/864 3693/839/864 3694/836/864 3688/979/864
f 3688/2765/378 3694/2766/378 3692/2767/378 3687/2762/378
f 4311/984/379 4347/985/379 4348/1222/379 4312/987/379
f 4312/2768/380 4348/2769/380 4346/2770/380 4310/2771/380
f 3950/1035/865 3962/2772/865 3964/2773/865 3952/1036/865
f 3952/917/866 3964/1011/866 3963/1014/866 3951/918/866
f 3902/1106/867 3914/1043/867 3916/1045/867 3904/1108/867
f 3904/1231/411 3916/2774/411 3915/2775/411 3903/1232/411
f 3927/2776/345 3929/2777/345 3931/2778/345 3928/2779/345
f 3928/2624/344 3931/856/344 3930/859/344 3926/860/344
f 3926/860/868 3960/2540/868 3961/2612/868 3928/2624/868
f 3928/2779/869 3961/2780/869 3959/2781/869 3927/2776/869
f 3470/838/870 3476/839/870 3478/836/870 3472/2509/870
f 3472/2508/871 3478/2782/871 3477/2783/871 3471/2505/871
f 3566/1264/518 3587/1618/518 3589/1496/518 3568/1265/518
f 3568/1266/495 3589/2784/495 3588/2785/495 3567/1267/495
f 3542/1269/511 3554/2786/511 3556/2787/511 3544/1270/511
f 3544/1273/519 3556/1464/519 3555/1467/519 3543/1274/519
f 8598/1338/470 8604/2788/470 8606/2789/470 8600/1339/470
f 8600/1342/471 8606/2790/471 8605/2791/471 8599/1343/471
f 4023/1288/872 4034/2792/872 4036/2793/872 4024/1291/872
f 4024/2794/873 4036/2795/873 4035/2796/873 4022/2797/873
f 4215/2798/448 4232/2799/448 4234/2800/448 4216/2801/448
f 4216/1260/874 4234/1261/874 4233/1262/874 4214/1263/874
f 4214/1263/875 4217/1264/875 4219/1265/875 4216/1260/875
f 4216/2801/451 4219/2802/451 4218/2803/451 4215/2798/451
f 4191/2804/876 4196/2805/876 4198/2806/876 4192/2807/876
f 4192/1272/877 4198/1273/877 4197/1274/877 4190/1275/877
f 4190/1275/878 4200/2808/878 4201/1277/878 4192/1272/878
f 4192/2807/879 4201/2809/879 4199/2810/879 4191/2804/879
f 3831/2811/499 3848/2812/499 3850/2813/499 3832/2814/499
f 3832/1442/880 3850/1404/880 3849/1403/880 3830/1443/880
f 3830/1443/881 3851/1444/881 3853/1445/881 3832/1442/881
f 3832/2814/882 3853/2815/882 3852/2816/882 3831/2811/882
f 3807/2817/533 3821/2818/533 3823/2819/533 3808/2820/533
f 3808/1423/534 3823/1538/534 3822/1537/534 3806/1422/534
f 3615/2821/499 3626/2822/499 3628/2823/499 3616/2824/499
f 3616/1442/500 3628/1404/500 3627/1403/500 3614/1443/500
f 3614/1443/881 3635/1444/881 3637/1445/881 3616/1442/881
f 3616/2824/502 3637/2825/502 3636/2826/502 3615/2821/502
f 3591/2827/503 3605/2828/503 3607/2829/503 3592/2830/503
f 3592/1423/883 3607/1538/883 3606/1537/883 3590/1422/883
f 3590/1422/884 3641/1367/884 3643/1366/884 3592/1423/884
f 3592/2830/885 3643/2831/885 3642/2832/885 3591/2827/885
f 4431/2833/451 4448/2834/451 4450/2835/451 4432/2836/451
f 4432/1265/875 4450/1260/875 4449/1263/875 4430/1264/875
f 4407/2837/876 4412/2838/876 4414/2839/876 4408/2840/876
f 4408/1684/886 4414/1469/886 4413/1468/886 4406/1685/886
f 4406/1685/887 4409/1369/887 4411/1372/887 4408/1684/887
f 4408/2840/888 4411/2841/888 4410/2842/888 4407/2837/888
f 5295/2843/466 5303/2844/466 5305/2845/466 5296/2846/466
f 5296/1331/467 5305/1371/467 5304/1370/467 5294/1334/467
f 5294/1334/468 5330/1288/468 5332/1291/468 5296/1331/468
f 5296/2846/469 5332/2847/469 5331/2848/469 5295/2843/469
f 8646/2849/563 8650/1642/563 8651/1641/563 8648/1384/563
f 8648/2850/483 8651/1638/483 8649/1637/483 8647/2851/483
f 4934/2852/489 4937/2853/489 4939/2854/489 4936/2855/489
f 4936/2856/488 4939/2857/488 4938/1402/488 4935/1564/488
f 4862/2858/495 4871/2859/495 4873/2860/495 4864/2861/495
f 4864/1496/889 4873/1265/889 4872/1264/889 4863/1618/889
f 5559/1444/890 5604/1535/890 5605/1534/890 5560/1445/890
f 5560/2862/543 5605/2863/543 5603/2864/543 5558/2865/543
f 5366/1398/472 5375/2866/472 5377/2867/472 5368/1399/472
f 5368/1349/562 5377/1298/562 5376/1297/562 5367/1352/562
f 5127/2868/891 5156/2869/891 5158/2870/891 5128/2871/891
f 5128/2872/892 5158/1445/892 5157/1444/892 5126/1535/892
f 5991/2873/893 6041/2874/893 6043/2875/893 5992/2876/893
f 5992/2877/894 6043/2878/894 6042/2879/894 5990/2880/894
f 5990/2880/895 6006/1280/895 6007/1283/895 5992/2877/895
f 5992/2876/896 6007/2881/896 6005/2882/896 5991/2873/896
f 6015/2883/897 6038/2884/897 6040/2885/897 6016/2886/897
f 6016/2887/898 6040/2888/898 6039/1663/898 6014/1310/898
f 6159/2889/899 6239/2890/899 6241/2891/899 6160/2892/899
f 6160/1290/900 6241/2893/900 6240/1288/900 6158/1289/900
f 8670/1382/563 8673/2894/563 8675/2895/563 8672/1383/563
f 8672/1386/483 8675/2896/483 8674/2897/483 8671/1387/483
f 5534/2898/531 5543/2899/531 5545/2900/531 5536/2901/531
f 5536/2902/532 5545/1419/532 5544/1653/532 5535/2903/532
f 5511/2904/893 5522/2905/893 5524/2906/893 5512/2907/893
f 5512/2908/901 5524/2878/901 5523/2879/901 5510/2909/901
f 5510/2909/902 5514/1280/902 5515/1283/902 5512/2908/902
f 5512/2907/896 5515/2910/896 5513/2911/896 5511/2904/896
f 6158/1289/903 6167/1418/903 6169/2912/903 6160/1290/903
f 6160/2892/904 6169/2913/904 6168/2914/904 6159/2889/904
f 6375/2915/905 6380/2916/905 6382/2917/905 6376/2918/905
f 6376/2919/906 6382/1469/906 6381/1468/906 6374/1685/906
f 6855/2792/907 6869/1418/907 6871/1419/907 6856/2793/907
f 6856/2920/525 6871/2921/525 6870/2922/525 6854/2923/525
f 6879/2924/893 6923/2925/893 6925/2926/893 6880/2927/893
f 6880/2877/901 6925/2878/901 6924/2879/901 6878/2928/901
f 6878/2928/902 6894/1280/902 6895/1283/902 6880/2877/902
f 6880/2927/896 6895/2929/896 6893/2930/896 6879/2924/896
f 7046/2931/908 7052/2932/908 7054/2933/908 7048/2934/908
f 7048/1465/497 7054/1496/497 7053/1618/497 7047/1466/497
f 6446/2935/462 6452/2936/462 6454/2937/462 6448/2938/462
f 6448/1299/465 6454/1326/465 6453/1310/465 6447/2939/465
f 6447/2939/460 6467/1297/460 6469/1298/460 6448/1299/460
f 6448/2938/461 6469/2940/461 6468/2941/461 6446/2935/461
f 6183/2942/499 6200/2943/499 6202/2944/499 6184/2945/499
f 6184/1442/500 6202/1404/500 6201/1403/500 6182/1443/500
f 6182/1443/881 6188/1444/881 6190/1445/881 6184/1442/881
f 6184/2945/502 6190/2946/502 6189/2947/502 6183/2942/502
f 6255/1536/474 6261/1354/474 6262/1355/474 6256/1533/474
f 6256/2948/475 6262/1508/475 6260/1507/475 6254/2949/475
f 5799/1311/909 5810/1351/909 5812/1298/909 5800/1308/909
f 5800/2950/910 5812/2951/910 5811/2952/910 5798/2953/910
f 7071/2954/911 7083/1516/911 7084/1515/911 7072/2955/911
f 7072/2902/912 7084/1419/912 7082/1418/912 7070/2903/912
f 7070/2903/913 7076/1476/913 7078/1479/913 7072/2902/913
f 7072/2955/558 7078/2956/558 7077/2957/558 7071/2954/558
f 7118/1519/472 7124/2958/472 7126/2959/472 7120/1520/472
f 7120/1523/473 7126/1298/473 7125/1297/473 7119/1524/473
f 7094/1530/543 7130/2960/543 7132/2961/543 7096/1531/543
f 7096/1534/914 7132/1445/914 7131/1444/914 7095/1535/914
f 6902/2962/915 6917/2963/915 6919/2964/915 6904/2965/915
f 6904/2966/916 6919/2967/916 6918/1663/916 6903/1310/916
f 6903/1310/465 6914/1311/465 6916/1308/465 6904/2966/465
f 6904/2965/462 6916/2968/462 6915/2969/462 6902/2962/462
f 6374/1685/917 6384/1369/917 6385/1372/917 6376/2919/917
f 6376/2918/918 6385/2970/918 6383/2971/918 6375/2915/918
f 6399/1288/872 6408/1289/872 6409/1290/872 6400/1291/872
f 6400/2972/873 6409/2973/873 6407/2974/873 6398/2975/873
f 1407/2976/919 1439/1550/919 1441/1553/919 1408/2977/919
f 1408/1593/920 1441/1554/920 1440/1557/920 1406/2978/920
f 1406/2978/921 8703/2979/921 8705/2980/921 1408/1593/921
f 1408/2977/549 8705/2981/549 8704/2982/549 1407/2976/549
f 5967/2983/550 5972/2984/550 5974/2985/550 5968/2986/550
f 5968/1261/551 5974/1365/551 5973/2987/551 5966/1262/551
f 5966/1262/552 5979/1613/552 5980/1605/552 5968/1261/552
f 5968/2986/553 5980/2988/553 5978/2989/553 5967/2983/553
f 5943/2990/511 5954/2991/511 5956/2992/511 5944/2993/511
f 5944/1469/510 5956/1464/510 5955/1467/510 5942/1468/510
f 5342/1536/922 5349/1354/922 5350/1355/922 5344/1533/922
f 5344/1581/923 5350/2994/923 5348/2995/923 5343/1582/923
f 5318/2996/476 5381/2997/476 5383/2998/476 5320/2999/476
f 5320/1365/924 5383/1366/924 5382/1367/924 5319/1368/924
f 4046/3000/925 4076/3001/925 4078/3002/925 4048/3003/925
f 4048/1579/926 4078/1445/926 4077/1444/926 4047/1580/926
f 3974/1604/450 3989/1264/450 3991/1265/450 3976/1605/450
f 3976/1606/451 3991/3004/451 3990/3005/451 3975/1607/451
f 3399/3006/499 3410/3007/499 3412/3008/499 3400/3009/499
f 3400/1442/880 3412/2856/880 3411/1564/880 3398/1443/880
f 3398/1443/539 3419/1444/539 3421/1445/539 3400/1442/539
f 3400/3009/502 3421/3010/502 3420/3011/502 3399/3006/502
f 3375/3012/503 3389/3013/503 3391/3014/503 3376/3015/503
f 3376/1423/540 3391/1538/540 3390/1537/540 3374/1422/540
f 3374/1422/505 3425/1367/505 3427/1366/505 3376/1423/505
f 3376/3015/927 3427/3016/927 3426/3017/927 3375/3012/927
f 5151/3018/928 5153/3019/928 5155/3020/928 5152/3021/928
f 5152/3022/929 5155/3023/929 5154/3024/929 5150/1352/929
f 5775/3025/893 5822/3026/893 5824/3027/893 5776/3028/893
f 5776/2877/901 5824/2878/901 5823/2879/901 5774/2880/901
f 5774/2880/902 5793/1280/902 5794/1283/902 5776/2877/902
f 5776/3028/896 5794/3029/896 5792/3030/896 5775/3025/896
f 5798/2953/930 5819/3031/930 5821/3032/930 5800/2950/930
f 5800/1308/931 5821/1309/931 5820/1310/931 5799/1311/931
f 4478/3033/462 4484/3034/462 4486/3035/462 4480/3036/462
f 4480/1299/932 4486/1665/932 4485/1664/932 4479/1296/932
f 4479/1296/464 4500/1297/464 4501/1298/464 4480/1299/464
f 4480/3036/461 4501/3037/461 4499/3038/461 4478/3033/461
f 8622/3039/470 8628/3040/470 8630/3041/470 8624/3042/470
f 8624/3043/490 8630/3044/490 8629/3045/490 8623/3046/490
f 4887/3047/531 4892/3048/531 4894/3049/531 4888/3050/531
f 4888/2902/532 4894/1652/532 4893/1653/532 4886/2903/532
f 4911/3051/933 4916/3052/933 4918/3053/933 4912/3054/933
f 4912/1282/934 4918/3055/934 4917/3056/934 4910/1281/934
f 4910/1281/935 4949/1663/935 4951/1660/935 4912/1282/935
f 4912/3054/565 4951/3057/565 4950/3058/565 4911/3051/565
f 5103/3059/476 5168/3060/476 5170/3061/476 5104/3062/476
f 5104/1365/477 5170/1366/477 5169/1367/477 5102/1368/477
f 5102/1368/936 5109/3063/936 5110/3064/936 5104/1365/936
f 5104/3062/550 5110/3065/550 5108/3066/550 5103/3059/550
f 5079/3067/937 5084/3068/937 5086/3069/937 5080/3070/937
f 5080/1331/938 5086/1371/938 5085/1370/938 5078/1334/938
f 1573/3071/939 8664/3072/939 8666/3073/939 1574/3074/939
f 1574/3075/940 8666/3076/940 8665/3077/940 1572/3078/940
f 1443/3079/941 8682/3080/941 8684/3081/941 1444/3082/941
f 1444/3083/942 8684/3084/942 8683/3085/942 1442/3086/942
f 1442/3086/943 8685/3087/943 8687/3088/943 1444/3083/943
f 1444/3082/944 8687/3089/944 8686/3090/944 1443/3079/944
f 1706/3091/945 8622/3039/945 8624/3042/945 1707/3074/945
f 1707/3092/946 8624/3043/946 8623/3046/946 1705/3093/946
f 5078/1334/947 5088/1288/947 5089/1291/947 5080/1331/947
f 5080/3070/948 5089/3094/948 5087/3095/948 5079/3067/948
f 3999/3096/511 4007/3097/511 4009/3098/511 4000/3099/511
f 4000/1469/510 4009/1464/510 4008/1467/510 3998/1468/510
f 3998/1468/886 4001/1685/886 4003/1684/886 4000/1469/886
f 4000/3099/452 4003/3100/452 4002/3101/452 3999/3096/452
f 3806/1422/516 3857/1367/516 3859/1366/516 3808/1423/516
f 3808/2820/517 3859/3102/517 3858/3103/517 3807/2817/517
f 3782/1264/518 3803/1618/518 3805/1496/518 3784/1265/518
f 3784/1672/495 3805/3104/495 3804/3105/495 3783/1673/495
f 3759/3106/508 3767/3107/508 3769/3108/508 3760/3109/508
f 3760/1464/949 3769/1465/949 3768/1466/949 3758/1467/949
f 3758/1467/519 3762/1274/519 3763/1273/519 3760/1464/519
f 3760/3109/511 3763/1676/511 3761/1675/511 3759/3106/511
f 3327/1276/950 3345/1333/950 3346/1332/950 3328/1277/950
f 3328/1686/479 3346/3110/479 3344/3111/479 3326/1687/479
f 3351/3112/951 3371/3113/951 3373/3114/951 3352/3115/951
f 3352/2793/952 3373/1291/952 3372/1288/952 3350/2792/952
f 3350/2792/524 3369/1418/524 3370/1419/524 3352/2793/524
f 3352/3115/953 3370/3116/953 3368/3117/953 3351/3112/953
f 2362/3118/954 2402/816/954 2404/817/954 2364/3119/954
f 2364/3119/955 2404/817/955 2403/3120/955 2363/3121/955
f 7242/780/956 7252/3122/956 7254/3123/956 7245/781/956
f 7245/787/957 7254/3124/957 7253/3125/957 7243/784/957
f 7215/3126/958 7218/1705/958 7219/1704/958 7216/3127/958
f 7216/3128/959 7219/1703/959 7217/1702/959 7214/3129/959
f 7143/3130/960 7215/3126/960 7216/3127/960 7144/3131/960
f 7144/3132/961 7216/3128/961 7214/3129/961 7142/3133/961
f 7142/3133/962 7154/3134/962 7156/3135/962 7144/3132/962
f 7144/3131/963 7156/3136/963 7155/3137/963 7143/3130/963
f 7167/3138/964 7170/1717/964 7171/1716/964 7168/3139/964
f 7168/3140/965 7171/1715/965 7169/1714/965 7166/3141/965
f 7166/3141/966 7208/3142/966 7210/3143/966 7168/3140/966
f 7168/3139/967 7210/3144/967 7209/3145/967 7167/3138/967
f 7191/3146/968 7205/3147/968 7207/3148/968 7192/3149/968
f 7192/3150/969 7207/3151/969 7206/3152/969 7190/3153/969
f 7190/3153/970 7193/3154/970 7195/3155/970 7192/3150/970
f 7192/3149/971 7195/3156/971 7194/3157/971 7191/3146/971
f 7375/3158/972 7383/3159/972 7385/3160/972 7376/3161/972
f 7376/3162/973 7385/3163/973 7384/3164/973 7374/3165/973
f 7374/3165/974 7377/3166/974 7379/3167/974 7376/3162/974
f 7376/3161/727 7379/3168/727 7378/3169/727 7375/3158/727
f 7318/3170/975 7321/3171/975 7323/3172/975 7320/3173/975
f 7320/3174/976 7323/3175/976 7322/3176/976 7319/3177/976
f 7294/1746/977 7298/3178/977 7299/3179/977 7296/1747/977
f 7296/1748/978 7299/3180/978 7297/3181/978 7295/1749/978
f 7351/3182/690 7356/3183/690 7358/3184/690 7352/3185/690
f 7352/3186/979 7358/3187/979 7357/3188/979 7350/3189/979
f 7350/3189/980 7354/3190/980 7355/3191/980 7352/3186/980
f 7352/3185/981 7355/3192/981 7353/3193/981 7351/3182/981
f 7243/784/982 7336/792/982 7342/795/982 7247/785/982
f 7247/791/983 7342/801/983 7338/800/983 7244/788/983
f 7423/3194/984 7471/1758/984 7472/1757/984 7424/3195/984
f 7424/3196/985 7472/1754/985 7470/1753/985 7422/3197/985
f 7422/3197/986 7425/3198/986 7427/3199/986 7424/3196/986
f 7424/3195/987 7427/3200/987 7426/3201/987 7423/3194/987
f 7782/1791/988 7804/3202/988 7805/3203/988 7784/1792/988
f 7784/1795/989 7805/3204/989 7803/3205/989 7783/1796/989
f 7735/3206/990 7758/3207/990 7760/3208/990 7736/3209/990
f 7736/3210/991 7760/3211/991 7759/3212/991 7734/3213/991
f 7734/3213/992 7740/1848/992 7742/1851/992 7736/3210/992
f 7736/3209/993 7742/3214/993 7741/3215/993 7735/3206/993
f 7710/3216/994 7728/3217/994 7730/3218/994 7712/3219/994
f 7712/3220/995 7730/1764/995 7729/1767/995 7711/3221/995
f 7519/3222/996 7522/1809/996 7523/1808/996 7520/3223/996
f 7520/3224/997 7523/1807/997 7521/1806/997 7518/3225/997
f 7518/3225/998 7524/1877/998 7526/1880/998 7520/3224/998
f 7520/3223/999 7526/3226/999 7525/3227/999 7519/3222/999
f 7495/3228/1000 7500/1816/1000 7502/1815/1000 7496/3229/1000
f 7496/3230/1001 7502/3231/1001 7501/3232/1001 7494/3233/1001
f 7446/3234/993 7467/3235/993 7469/3236/993 7448/3237/993
f 7448/1851/1002 7469/3210/1002 7468/3238/1002 7447/1848/1002
f 7998/1844/1003 8004/1782/1003 8006/1785/1003 8000/1845/1003
f 8000/1846/1004 8006/3239/1004 8005/3240/1004 7999/1847/1004
f 8046/3241/1005 8052/3242/1005 8054/3243/1005 8048/3244/1005
f 8048/3245/1006 8054/1874/1006 8053/1873/1006 8047/3246/1006
f 8071/3247/1007 8088/1780/1007 8090/3248/1007 8072/3249/1007
f 8072/3250/1008 8090/3251/1008 8089/3252/1008 8070/3253/1008
f 8310/3254/1009 8316/3255/1009 8318/3256/1009 8312/3257/1009
f 8312/3200/1010 8318/1784/1010 8317/1783/1010 8311/3201/1010
f 8335/3258/1011 8340/3259/1011 8342/3260/1011 8336/3261/1011
f 8336/3262/1012 8342/3245/1012 8341/3246/1012 8334/3263/1012
f 8334/3263/1013 8352/3264/1013 8354/3265/1013 8336/3262/1013
f 8336/3261/1014 8354/3266/1014 8353/3267/1014 8335/3258/1014
f 8407/3268/1015 8424/3269/1015 8426/3270/1015 8408/3271/1015
f 8408/1802/1016 8426/1803/1016 8425/1804/1016 8406/3272/1016
f 7807/3273/1017 7839/3274/1017 7841/3275/1017 7808/3276/1017
f 7808/3277/1018 7841/1870/1018 7840/1869/1018 7806/3278/1018
f 7806/3278/1019 7812/3279/1019 7814/3280/1019 7808/3277/1019
f 7808/3276/1020 7814/3281/1020 7813/3282/1020 7807/3273/1020
f 7830/1878/1021 7836/3283/1021 7838/3284/1021 7832/1879/1021
f 7832/1882/1022 7838/3285/1022 7837/3286/1022 7831/1883/1022
f 8406/3272/1023 8412/1806/1023 8414/1807/1023 8408/1802/1023
f 8408/3271/1024 8414/3287/1024 8413/3288/1024 8407/3268/1024
f 8382/3289/1025 8431/1891/1025 8432/1890/1025 8384/3290/1025
f 8384/3291/1026 8432/1887/1026 8430/1886/1026 8383/3292/1026
f 8095/3293/1027 8127/3294/1027 8129/3295/1027 8096/3296/1027
f 8096/3277/1018 8129/1870/1018 8128/1869/1018 8094/3278/1018
f 8094/3278/1019 8100/3279/1019 8102/3280/1019 8096/3277/1019
f 8096/3296/1020 8102/3297/1020 8101/3298/1020 8095/3293/1020
f 1999/3299/1028 2021/3300/1028 2022/3301/1028 2000/3302/1028
f 2000/3303/727 2022/3304/727 2020/3305/727 1998/3306/727
f 1537/3307/1029 3308/3308/1029 3310/3309/1029 1538/3310/1029
f 1538/3311/1030 3310/1903/1030 3309/1902/1030 1536/3312/1030
f 1536/3313/1031 1630/3314/1031 1632/3315/1031 1538/3316/1031
f 1538/3310/1032 1632/3317/1032 1631/3318/1032 1537/3307/1032
f 2640/1974/1033 2663/3319/1033 2665/3320/1033 2641/1975/1033
f 2641/3321/1034 2665/3322/1034 2664/3323/1034 2639/3324/1034
f 2733/3325/973 2757/3326/973 2758/3302/973 2734/3327/973
f 2734/3328/1035 2758/3329/1035 2756/3330/1035 2732/3331/1035
f 2883/3332/1036 2906/3333/1036 2908/3334/1036 2884/3335/1036
f 2884/3336/1037 2908/3337/1037 2907/3338/1037 2882/3339/1037
f 2919/3340/1038 2939/3341/1038 2941/3342/1038 2920/3343/1038
f 2920/3344/1039 2941/3345/1039 2940/3346/1039 2918/3347/1039
f 2955/3348/1040 2973/3349/1040 2974/3350/1040 2956/3351/1040
f 2956/3352/1041 2974/3353/1041 2972/3354/1041 2954/3355/1041
f 2973/3349/1042 2985/1980/1042 2986/1983/1042 2974/3350/1042
f 2974/3353/1043 2986/3356/1043 2984/3357/1043 2972/3354/1043
f 1899/3358/1044 1954/1949/1044 1955/1912/1044 1900/3359/1044
f 1900/3360/1045 1955/3361/1045 1953/3362/1045 1898/3363/1045
f 2099/3364/720 2139/3365/720 2140/1963/720 2100/3366/720
f 2100/3367/1046 2140/3368/1046 2138/3369/1046 2098/3370/1046
f 2342/3371/1047 2371/3372/1047 2373/3327/1047 2343/3373/1047
f 2343/3374/725 2373/3375/725 2372/3376/725 2341/3377/725
f 2387/3299/1048 2418/3300/1048 2419/3301/1048 2388/3302/1048
f 2388/3378/727 2419/3379/727 2417/3380/727 2386/3381/727
f 2491/3382/1049 2517/3332/1049 2519/3335/1049 2492/3383/1049
f 2492/3384/1050 2519/3385/1050 2518/3386/1050 2490/3387/1050
f 2539/3333/1051 2576/3388/1051 2578/3343/1051 2540/3334/1051
f 2540/3389/1052 2578/3390/1052 2577/3391/1052 2538/3392/1052
f 2595/3341/1053 2628/3393/1053 2629/3351/1053 2596/3342/1053
f 2596/3394/749 2629/3395/749 2627/3396/749 2594/3397/749
f 1827/3398/1053 1838/3393/1053 1840/3351/1053 1828/3342/1053
f 1828/3399/749 1840/3400/749 1839/3401/749 1826/3402/749
f 1939/3403/1054 1950/3404/1054 1952/3405/1054 1940/3406/1054
f 1940/3407/1055 1952/3408/1055 1951/3409/1055 1938/3410/1055
f 1950/3404/1056 1962/1996/1056 1964/1999/1056 1952/3405/1056
f 1952/3408/1057 1964/3411/1057 1963/3412/1057 1951/3409/1057
f 1962/1996/1058 1975/3413/1058 1976/1998/1058 1964/1999/1058
f 1964/3411/1059 1976/3414/1059 1974/3415/1059 1963/3412/1059
f 2039/3416/1060 2051/2065/1060 2052/2066/1060 2040/2061/1060
f 2040/3417/1061 2052/3418/1061 2050/3419/1061 2038/3420/1061
f 2051/2065/980 2062/2069/980 2064/2072/980 2052/2066/980
f 2052/3418/981 2064/3421/981 2063/3422/981 2050/3419/981
f 2062/2069/691 2075/3423/691 2076/2071/691 2064/2072/691
f 2064/3421/692 2076/3424/692 2074/3425/692 2063/3422/692
f 2087/2077/1062 2101/2078/1062 2103/2079/1062 2088/2080/1062
f 2088/3426/694 2103/3427/694 2102/3428/694 2086/3429/694
f 1483/3430/1063 1497/3431/1063 1499/1968/1063 1484/1969/1063
f 1484/3432/1064 1499/3433/1064 1498/3434/1064 1482/3435/1064
f 1497/3431/1065 1513/3436/1065 1514/3437/1065 1499/1968/1065
f 1499/3433/743 1514/3438/743 1512/3439/743 1498/3434/743
f 1628/3365/1066 1637/2051/1066 1638/1962/1066 1629/1963/1066
f 1629/3440/664 1638/2053/664 1636/2056/664 1627/3441/664
f 1651/2052/1033 1663/3319/1033 1665/3320/1033 1653/1975/1033
f 1653/2054/1034 1665/3442/1034 1664/3443/1034 1652/2055/1034
f 1700/3444/1067 1712/3325/1067 1713/3327/1067 1701/3373/1067
f 1701/3445/1068 1713/3446/1068 1711/3447/1068 1699/3448/1068
f 2245/3449/1042 2263/3450/1042 2264/1983/1042 2246/3350/1042
f 2246/3451/1043 2264/3452/1043 2262/3453/1043 2244/3454/1043
f 7566/2106/771 7569/2370/771 7571/2371/771 7568/2107/771
f 7568/2110/772 7571/3455/772 7570/3456/772 7567/2111/772
f 7591/2114/1069 7593/2377/1069 7595/2378/1069 7592/2115/1069
f 7592/2118/1070 7595/3457/1070 7594/3458/1070 7590/2119/1070
f 7614/2122/1071 7617/2383/1071 7619/2384/1071 7616/2123/1071
f 7616/2126/776 7619/3459/776 7618/3460/776 7615/2127/776
f 7639/2130/777 7642/2389/777 7643/2390/777 7640/2131/777
f 7640/2134/778 7643/3461/778 7641/3462/778 7638/2135/778
f 7662/2138/1072 7666/2395/1072 7667/2396/1072 7664/2139/1072
f 7664/2142/1073 7667/3463/1073 7665/3464/1073 7663/2143/1073
f 7686/2146/1074 7690/3465/1074 7691/3466/1074 7688/2147/1074
f 7688/2150/782 7691/3467/782 7689/3468/782 7687/2151/782
f 2192/3469/1075 2271/3470/1075 2273/3471/1075 2194/3472/1075
f 2194/3473/1076 2273/3474/1076 2272/3475/1076 2193/3476/1076
f 2618/2190/1077 2654/3477/1077 2656/3478/1077 2620/2191/1077
f 2620/2194/1078 2656/3479/1078 2655/2361/1078 2619/2195/1078
f 3013/3480/1079 3033/3481/1079 3035/3482/1079 3015/3483/1079
f 3015/3484/593 3035/3485/593 3034/3486/593 3014/3487/593
f 3046/3488/1080 3059/3489/1080 3061/3490/1080 3048/3491/1080
f 3048/3492/1081 3061/3493/1081 3060/2431/1081 3047/2432/1081
f 3065/3494/1057 3071/3495/1057 3073/3496/1057 3067/3497/1057
f 3067/3498/1082 3073/828/1082 3072/3499/1082 3066/2436/1082
f 3077/3500/1083 3083/3501/1083 3085/3502/1083 3079/2440/1083
f 3079/3503/1084 3085/2442/1084 3084/2443/1084 3078/2444/1084
f 3114/3504/1085 3125/3505/1085 3127/3506/1085 3115/2456/1085
f 3115/3507/1086 3127/3508/1086 3126/2459/1086 3113/2460/1086
f 3134/3509/799 3146/3510/799 3148/3511/799 3136/3512/799
f 3136/3513/800 3148/3514/800 3147/2467/800 3135/2468/800
f 3158/3515/1087 3170/3516/1087 3172/3517/1087 3160/3518/1087
f 3160/3519/1088 3172/3520/1088 3171/3521/1088 3159/3522/1088
f 3182/3523/1089 3194/3524/1089 3196/3525/1089 3184/3526/1089
f 3184/3527/1090 3196/3528/1090 3195/3529/1090 3183/3530/1090
f 7854/2226/1091 7857/3531/1091 7859/3532/1091 7856/2227/1091
f 7856/2230/1092 7859/3533/1092 7858/3534/1092 7855/2231/1092
f 7879/2234/1093 7881/3535/1093 7883/3536/1093 7880/2235/1093
f 7880/2238/1094 7883/3537/1094 7882/3538/1094 7878/2239/1094
f 7902/2242/1095 7906/3539/1095 7907/3540/1095 7904/2243/1095
f 7904/2246/1096 7907/3541/1096 7905/3542/1096 7903/2247/1096
f 7927/2250/1097 7930/3543/1097 7931/3544/1097 7928/2251/1097
f 7928/2254/1098 7931/3545/1098 7929/3546/1098 7926/2255/1098
f 7950/2258/1099 7953/3547/1099 7955/3548/1099 7952/2259/1099
f 7952/2262/1100 7955/3549/1100 7954/3550/1100 7951/2263/1100
f 7974/2266/1101 7978/3551/1101 7979/3552/1101 7976/2267/1101
f 7976/2270/1102 7979/3553/1102 7977/3554/1102 7975/2271/1102
f 1436/3555/1032 1506/3556/1032 1508/3557/1032 1438/3558/1032
f 1438/3559/1103 1508/3560/1103 1507/3561/1103 1437/3562/1103
f 1756/3563/1104 1814/3564/1104 1816/3565/1104 1758/3566/1104
f 1758/3567/1105 1816/3568/1105 1815/3476/1105 1757/2167/1105
f 1814/3564/1106 1874/3569/1106 1876/3570/1106 1816/3565/1106
f 1816/3568/1107 1876/3571/1107 1875/3475/1107 1815/3476/1107
f 2126/3572/664 2159/3573/664 2161/3574/664 2128/2183/664
f 2128/3575/1108 2161/3576/1108 2160/2196/1108 2127/2187/1108
f 2660/3577/787 2669/3578/787 2671/2419/787 2662/2420/787
f 2662/3579/788 2671/3580/788 2670/2423/788 2661/2424/788
f 2678/3581/594 2687/3582/594 2689/3583/594 2680/3584/594
f 2680/3585/1109 2689/3586/1109 2688/3486/1109 2679/3487/1109
f 2696/3587/1110 2705/3588/1110 2707/3490/1110 2698/3589/1110
f 2698/3590/1111 2707/2430/1111 2706/2431/1111 2697/2432/1111
f 2714/3591/1057 2723/3592/1057 2725/3496/1057 2716/3497/1057
f 2716/3498/1082 2725/3593/1082 2724/3499/1082 2715/2436/1082
f 2775/3594/1112 2798/3595/1112 2800/3596/1112 2777/3597/1112
f 2777/3598/688 2800/3599/688 2799/2451/688 2776/2452/688
f 2808/3504/1085 2816/3600/1085 2818/3506/1085 2809/2456/1085
f 2809/3507/1086 2818/3508/1086 2817/2459/1086 2807/2460/1086
f 2832/3601/799 2851/3602/799 2853/3511/799 2834/3512/799
f 2834/3603/800 2853/3604/800 2852/2467/800 2833/2468/800
f 2864/3605/1087 2876/3606/1087 2878/3517/1087 2866/3518/1087
f 2866/3607/1088 2878/3608/1088 2877/3521/1088 2865/3522/1088
f 2936/3609/1113 2945/3610/1113 2947/3611/1113 2938/3612/1113
f 2938/3613/1114 2947/3614/1114 2946/3615/1114 2937/3616/1114
f 1437/3617/1115 2976/3618/1115 2977/3619/1115 1438/3620/1115
f 1438/3558/1029 2977/3621/1029 2975/3622/1029 1436/3555/1029
f 8166/2315/1116 8169/2233/1116 8171/2236/1116 8168/2316/1116
f 8168/2319/1117 8171/3623/1117 8170/3624/1117 8167/2320/1117
f 8191/2323/1118 8193/2241/1118 8195/2244/1118 8192/2324/1118
f 8192/2327/1119 8195/3625/1119 8194/3626/1119 8190/2328/1119
f 8214/2331/1120 8218/2249/1120 8219/2252/1120 8216/2332/1120
f 8216/2335/1121 8219/3627/1121 8217/3628/1121 8215/2336/1121
f 8239/2339/1122 8241/2257/1122 8243/2260/1122 8240/2340/1122
f 8240/2343/1123 8243/3629/1123 8242/3630/1123 8238/2344/1123
f 8262/2347/1124 8265/2265/1124 8267/2268/1124 8264/2348/1124
f 8264/2351/1125 8267/3631/1125 8266/3632/1125 8263/2352/1125
f 8142/2305/1126 8280/3633/1126 8282/3634/1126 8144/2306/1126
f 8144/3635/1127 8282/3466/1127 8281/3465/1127 8143/3636/1127
f 1424/3637/1032 1467/3638/1032 1469/3639/1032 1426/3558/1032
f 1426/3640/1128 1469/3560/1128 1468/3561/1128 1425/3562/1128
f 1639/3641/1129 1657/3642/1129 1659/3643/1129 1641/3644/1129
f 1641/3645/1107 1659/3646/1107 1658/3475/1107 1640/3476/1107
f 2114/2363/1130 2132/3647/1130 2134/3648/1130 2116/2364/1130
f 2116/2367/1131 2134/3649/1131 2133/3650/1131 2115/2368/1131
f 2268/3651/1132 2283/3652/1132 2285/3653/1132 2270/3654/1132
f 2270/3655/1133 2285/3656/1133 2284/2423/1133 2269/2424/1133
f 2296/3657/1134 2311/3658/1134 2313/3659/1134 2298/3660/1134
f 2298/3585/1135 2313/3661/1135 2312/3486/1135 2297/3487/1135
f 2320/3662/1136 2329/2426/1136 2331/2427/1136 2322/3663/1136
f 2322/3664/1137 2331/2430/1137 2330/2431/1137 2321/2432/1137
f 2414/2445/795 2429/2446/795 2431/2447/795 2416/2448/795
f 2416/3665/796 2431/3666/796 2430/2451/796 2415/2452/796
f 2466/3667/799 2481/2462/799 2483/2463/799 2468/2464/799
f 2468/3668/800 2483/3669/800 2482/2467/800 2467/2468/800
f 2514/3670/1138 2529/3671/1138 2531/3672/1138 2516/3673/1138
f 2516/3674/1139 2531/3675/1139 2530/3529/1139 2515/3530/1139
f 2566/3676/1140 2585/3677/1140 2587/3678/1140 2568/3679/1140
f 2568/3680/1141 2587/3681/1141 2586/3682/1141 2567/3683/1141
f 1425/3617/1142 2643/3618/1142 2644/3684/1142 1426/3620/1142
f 1426/3558/1029 2644/3685/1029 2642/3686/1029 1424/3637/1029
f 8455/2370/1143 8457/2314/1143 8459/2317/1143 8456/2371/1143
f 8456/2373/1144 8459/3687/1144 8458/3688/1144 8454/2374/1144
f 8478/2377/1145 8481/2322/1145 8483/2325/1145 8480/2378/1145
f 8480/2380/1146 8483/3689/1146 8482/3690/1146 8479/2381/1146
f 8502/2383/1147 8505/2330/1147 8507/2333/1147 8504/2384/1147
f 8504/2386/1148 8507/3691/1148 8506/3692/1148 8503/2387/1148
f 8526/2389/1149 8530/2338/1149 8531/2341/1149 8528/2390/1149
f 8528/2392/1150 8531/3693/1150 8529/3694/1150 8527/2393/1150
f 8550/2395/1151 8554/2346/1151 8555/2349/1151 8552/2396/1151
f 8552/2397/1152 8555/3695/1152 8553/3696/1152 8551/2398/1152
f 1458/3697/1153 1473/3698/1153 1475/3699/1153 1460/3700/1153
f 1460/2157/1154 1475/3701/1154 1474/2159/1154 1459/2160/1154
f 1473/3698/1155 1488/3702/1155 1490/3703/1155 1475/3699/1155
f 1475/3701/1156 1490/2277/1156 1489/2279/1156 1474/2159/1156
f 1603/3704/1046 1612/3705/1046 1614/3706/1046 1605/3707/1046
f 1605/3708/1157 1614/3709/1157 1613/2187/1157 1604/2188/1157
f 2144/3710/1158 2156/3711/1158 2158/3712/1158 2146/3713/1158
f 2146/3714/1159 2158/3715/1159 2157/3716/1159 2145/3717/1159
f 2168/3718/1160 2180/3719/1160 2182/3720/1160 2170/3721/1160
f 2170/3722/1161 2182/3723/1161 2181/3682/1161 2169/3683/1161
f 2216/3724/1162 2235/3725/1162 2237/3726/1162 2218/3727/1162
f 2218/3728/1163 2237/3729/1163 2236/3730/1163 2217/3731/1163
f 2570/647/1164 2610/3732/1164 2611/1691/1164 2574/648/1164
f 2574/648/1165 2611/1691/1165 2609/3733/1165 2571/649/1165
f 3138/3734/353 3155/3735/353 3157/3736/353 3139/3737/353
f 3139/2511/354 3157/3738/354 3156/899/354 3137/984/354
f 3137/984/1166 3149/985/1166 3151/986/1166 3139/2511/1166
f 3139/3737/380 3151/3739/380 3150/3740/380 3138/3734/380
f 3186/3741/441 3191/3742/441 3193/3743/441 3187/3744/441
f 3187/1234/444 3193/1060/444 3192/1059/444 3185/1106/444
f 3185/1106/410 3317/1043/410 3319/1107/410 3187/1234/410
f 3187/3744/1167 3319/3745/1167 3318/3746/1167 3186/3741/1167
f 4098/3747/1168 4103/3748/1168 4105/3749/1168 4099/3750/1168
f 4099/1129/1169 4105/3751/1169 4104/1145/1169 4097/892/1169
f 4097/892/1170 4101/850/1170 4102/849/1170 4099/1129/1170
f 4099/3750/416 4102/874/416 4100/873/416 4098/3747/416
f 3953/864/1171 3956/865/1171 3958/3752/1171 3955/1040/1171
f 3955/1041/1172 3958/3753/1172 3957/3754/1172 3954/1042/1172
f 4602/3755/374 4625/3756/374 4627/3757/374 4603/3758/374
f 4603/3759/423 4627/3760/423 4626/936/423 4601/968/423
f 4601/968/1173 4605/906/1173 4606/905/1173 4603/3759/1173
f 4603/3758/854 4606/2521/854 4604/2520/854 4602/3755/854
f 4577/2522/857 4580/3761/857 4582/3762/857 4579/2523/857
f 4579/2524/1174 4582/1152/1174 4581/840/1174 4578/1153/1174
f 4553/894/826 4559/3763/826 4561/3764/826 4555/895/826
f 4555/898/827 4561/944/827 4560/943/827 4554/899/827
f 3906/3765/409 3968/3766/409 3970/3767/409 3907/3768/409
f 3907/837/850 3970/1101/850 3969/1100/850 3905/838/850
f 3905/838/1175 3912/839/1175 3913/978/1175 3907/837/1175
f 3907/3768/378 3913/3769/378 3911/3770/378 3906/3765/378
f 4170/1014/1176 4173/918/1176 4174/917/1176 4171/1099/1176
f 4171/3771/813 4174/914/813 4172/913/813 4169/3772/813
f 4361/2537/342 4367/3773/342 4369/3774/342 4363/2538/342
f 4363/856/343 4369/1070/343 4368/858/343 4362/859/343
f 4385/864/823 4392/935/823 4393/934/823 4387/867/823
f 4387/2548/1177 4393/931/1177 4391/930/1177 4386/2549/1177
f 5874/3775/416 5897/3776/416 5899/3777/416 5875/3778/416
f 5875/997/1178 5899/1129/1178 5898/892/1178 5873/998/1178
f 5873/998/1179 5877/876/1179 5878/1085/1179 5875/997/1179
f 5875/3778/1180 5878/1083/1180 5876/1082/1180 5874/3775/1180
f 5489/2649/1181 5495/3779/1181 5497/3780/1181 5491/2650/1181
f 5491/2653/1182 5497/1032/1182 5496/1033/1182 5490/858/1182
f 6546/3781/1183 6560/3782/1183 6562/3783/1183 6547/3784/1183
f 6547/1144/1184 6562/2524/1184 6561/1153/1184 6545/1145/1184
f 6545/1145/805 6549/892/805 6550/889/805 6547/1144/805
f 6547/3784/351 6550/2570/351 6548/2569/351 6546/3781/351
f 6330/859/1185 6335/860/1185 6337/861/1185 6331/856/1185
f 6331/3785/345 6337/3786/345 6336/3787/345 6329/3788/345
f 6353/864/346 6363/935/346 6364/934/346 6355/867/346
f 6355/2586/347 6364/966/347 6362/965/347 6354/2587/347
f 6930/3789/826 6933/2597/826 6934/2596/826 6931/3790/826
f 6931/898/1186 6934/1117/1186 6932/943/1186 6929/899/1186
f 6929/899/1187 6938/984/1187 6940/987/1187 6931/898/1187
f 6931/3790/353 6940/3791/353 6939/3792/353 6930/3789/353
f 6978/3793/1188 7031/3794/1188 7033/3795/1188 6979/3796/1188
f 6979/1044/1189 7033/1107/1189 7032/1043/1189 6977/1033/1189
f 6761/972/385 6800/1024/385 6802/1025/385 6763/973/385
f 6763/975/386 6802/3797/386 6801/3798/386 6762/976/386
f 6785/985/1190 6791/1051/1190 6793/1122/1190 6787/986/1190
f 6787/989/396 6793/3799/396 6792/3800/396 6786/990/396
f 6498/3801/1191 6533/3802/1191 6535/3803/1191 6499/3804/1191
f 6499/2624/1192 6535/856/1192 6534/859/1192 6497/860/1192
f 6497/860/1193 6522/2540/1193 6523/2612/1193 6499/2624/1193
f 6499/3804/825 6523/3805/825 6521/3806/825 6498/3801/825
f 6714/864/346 6716/865/346 6718/866/346 6715/867/346
f 6715/3807/347 6718/3808/347 6717/3809/347 6713/3810/347
f 6977/1033/1194 6996/858/1194 6997/857/1194 6979/1044/1194
f 6979/3796/1195 6997/3811/1195 6995/3812/1195 6978/3793/1195
f 7002/3813/1196 7004/3814/1196 7006/3815/1196 7003/3816/1196
f 7003/1012/840 7006/2612/840 7005/3817/840 7001/1013/840
f 7001/1013/1197 7023/1014/1197 7024/1011/1197 7003/1012/1197
f 7003/3816/381 7024/3818/381 7022/3819/381 7002/3813/381
f 6954/3820/1198 6974/3821/1198 6976/3822/1198 6955/3823/1198
f 6955/841/1199 6976/836/1199 6975/839/1199 6953/840/1199
f 6953/840/1174 6960/2617/1174 6961/1154/1174 6955/841/1174
f 6955/3823/857 6961/2615/857 6959/2614/857 6954/3820/857
f 6282/3824/351 6290/3825/351 6292/3826/351 6283/3827/351
f 6283/1129/420 6292/890/420 6291/891/420 6281/892/420
f 6281/892/415 6288/998/415 6289/997/415 6283/1129/415
f 6283/3827/416 6289/994/416 6287/993/416 6282/3824/416
f 4530/3828/399 4533/1048/399 4534/1047/399 4531/3829/399
f 4531/1070/400 4534/1044/400 4532/1033/400 4529/858/400
f 4529/858/401 4541/859/401 4543/3830/401 4531/1070/401
f 4531/3829/1200 4543/3831/1200 4542/3832/1200 4530/3828/1200
f 5273/2629/411 5276/3833/411 5278/3834/411 5275/2630/411
f 5275/1045/867 5278/1108/867 5277/1106/867 5274/1043/867
f 5226/3835/345 5232/1072/345 5233/1071/345 5227/3836/345
f 5227/2624/436 5233/856/436 5231/859/436 5225/860/436
f 5225/860/824 5261/2540/824 5263/2541/824 5227/2624/824
f 5227/3836/825 5263/3837/825 5262/3838/825 5226/3835/825
f 5249/1074/813 5255/3839/813 5257/3840/813 5251/1075/813
f 5251/917/1176 5257/1011/1176 5256/1014/1176 5250/918/1176
f 5921/2639/1201 5930/3841/1201 5932/3842/1201 5923/2640/1201
f 5923/2624/1185 5932/856/1185 5931/859/1185 5922/860/1185
f 5849/1091/347 5855/3843/347 5857/3844/347 5851/1092/347
f 5851/866/346 5857/867/346 5856/864/346 5850/865/346
f 5441/1096/839 5447/3845/839 5449/3846/839 5443/1097/839
f 5443/1012/840 5449/2612/840 5448/2540/840 5442/1013/840
f 5394/3847/374 5408/3848/374 5410/3849/374 5395/3850/374
f 5395/2494/423 5410/1094/423 5409/936/423 5393/3851/423
f 5393/3851/855 5397/906/855 5398/905/855 5395/2494/855
f 5395/3850/854 5398/2662/854 5396/2661/854 5394/3847/854
f 5417/838/377 5423/839/377 5425/836/377 5419/979/377
f 5419/1103/378 5425/3852/378 5424/3853/378 5418/1104/378
f 6138/3854/826 6141/1120/826 6142/1119/826 6139/3855/826
f 6139/898/827 6142/1117/827 6140/943/827 6137/899/827
f 6137/899/354 6146/984/354 6148/2511/354 6139/898/354
f 6139/3855/353 6148/3856/353 6147/3857/353 6138/3854/353
f 6113/3858/399 6122/3859/399 6124/3860/399 6115/3861/399
f 6115/1070/388 6124/1032/388 6123/1033/388 6114/858/388
f 6569/2572/831 6578/943/831 6580/1117/831 6571/2573/831
f 6571/2574/1202 6580/3862/1202 6579/3863/1202 6570/2575/1202
f 6305/1106/1203 6371/1043/1203 6373/3864/1203 6307/1108/1203
f 6307/2682/1204 6373/3865/1204 6372/3866/1204 6306/2683/1204
f 5202/3867/378 5207/3868/378 5209/3869/378 5203/3870/378
f 5203/978/1175 5209/837/1175 5208/838/1175 5201/839/1175
f 5201/839/1199 5211/840/1199 5212/841/1199 5203/978/1199
f 5203/3870/1205 5212/2712/1205 5210/2711/1205 5202/3867/1205
f 5177/1171/1180 5189/3871/1180 5191/3872/1180 5179/1172/1180
f 5179/1174/1179 5191/997/1179 5190/998/1179 5178/876/1179
f 4794/3873/376 4811/3874/376 4813/3875/376 4795/3876/376
f 4795/3877/375 4813/881/375 4812/884/375 4793/972/375
f 4793/972/385 4845/1024/385 4846/1025/385 4795/3877/385
f 4795/3876/386 4846/3878/386 4844/3879/386 4794/3873/386
f 4986/1051/1206 5000/1219/1206 5002/1218/1206 4987/1122/1206
f 4987/3880/829 5002/3881/829 5001/3882/829 4985/3883/829
f 4338/3884/409 4403/3885/409 4405/3886/409 4339/3887/409
f 4339/979/408 4405/1101/408 4404/1100/408 4337/838/408
f 4337/838/864 4344/839/864 4345/978/864 4339/979/864
f 4339/3887/378 4345/3888/378 4343/3889/378 4338/3884/378
f 5034/3890/1207 5045/3891/1207 5047/3892/1207 5035/3893/1207
f 5035/933/1208 5047/3894/1208 5046/935/1208 5033/936/1208
f 5033/936/1209 5055/968/1209 5056/3759/1209 5035/933/1209
f 5035/3893/374 5056/3895/374 5054/3896/374 5034/3890/374
f 5010/3897/376 5027/3898/376 5029/3899/376 5011/3900/376
f 5011/973/1210 5029/881/1210 5028/884/1210 5009/3901/1210
f 5009/3901/385 5058/1024/385 5059/1025/385 5011/973/385
f 5011/3900/386 5059/3902/386 5057/3903/386 5010/3897/386
f 4145/883/814 4152/884/814 4153/909/814 4147/1189/814
f 4147/1190/429 4153/3904/429 4151/3905/429 4146/1191/429
f 4314/3906/1211 4319/3907/1211 4321/3908/1211 4315/3909/1211
f 4315/1129/1212 4321/3751/1212 4320/1145/1212 4313/892/1212
f 4313/892/415 4317/998/415 4318/997/415 4315/1129/415
f 4315/3909/1213 4318/1212/1213 4316/1211/1213 4314/3906/1213
f 3881/985/395 3893/1051/395 3895/1122/395 3883/1222/395
f 3883/1224/396 3895/3910/396 3894/3911/396 3882/1225/396
f 3929/2777/1200 3935/3912/1200 3937/3913/1200 3931/2778/1200
f 3931/856/401 3937/1070/401 3936/858/401 3930/859/401
f 3570/2792/524 3584/1546/524 3586/1419/524 3571/2793/524
f 3571/3914/525 3586/3915/525 3585/3916/525 3569/3917/525
f 3545/1276/950 3558/1333/950 3559/1332/950 3547/1277/950
f 3547/1278/479 3559/3918/479 3557/3919/479 3546/1279/479
f 4001/1685/1214 4004/1509/1214 4006/1372/1214 4003/1684/1214
f 4003/3100/455 4006/3920/455 4005/3921/455 4002/3101/455
f 4026/3922/525 4035/2796/525 4036/2795/525 4027/3923/525
f 4027/1419/524 4036/2793/524 4034/2792/524 4025/1418/524
f 4025/1418/912 4031/1547/912 4033/1545/912 4027/1419/912
f 4027/3923/911 4033/3924/911 4032/3925/911 4026/3922/911
f 4050/3926/565 4052/1286/565 4054/1285/565 4051/3927/565
f 4051/1660/1215 4054/1282/1215 4053/1281/1215 4049/1663/1215
f 4049/1663/567 4079/1664/567 4081/3928/567 4051/1660/567
f 4051/3927/568 4081/3929/568 4080/3930/568 4050/3926/568
f 4242/1422/541 4292/1367/541 4294/1366/541 4243/1423/541
f 4243/3931/1216 4294/3932/1216 4293/3933/1216 4241/3934/1216
f 4217/1264/496 4238/1433/496 4240/1432/496 4219/1265/496
f 4219/2802/495 4240/3935/495 4239/3936/495 4218/2803/495
f 4194/3937/508 4202/3938/508 4204/3939/508 4195/3940/508
f 4195/1464/509 4204/1435/509 4203/1434/509 4193/1467/509
f 4193/1467/510 4197/1274/510 4198/1273/510 4195/1464/510
f 4195/3940/511 4198/2806/511 4196/2805/511 4194/3937/511
f 3617/1305/568 3638/3941/568 3640/3942/568 3619/1306/568
f 3619/1309/1217 3640/3943/1217 3639/1663/1217 3618/1310/1217
f 3378/3944/1218 3428/3945/1218 3430/3946/1218 3379/3947/1218
f 3379/2908/901 3430/2878/901 3429/2879/901 3377/2909/901
f 3377/2909/895 3393/1280/895 3394/1283/895 3379/2908/895
f 3379/3947/896 3394/3948/896 3392/3949/896 3378/3944/896
f 3401/1317/1219 3422/3950/1219 3424/3951/1219 3403/1318/1219
f 3403/1309/1220 3424/1660/1220 3423/1663/1220 3402/1320/1220
f 3833/1324/1221 3854/3952/1221 3856/3953/1221 3835/1325/1221
f 3835/1326/1222 3856/3954/1222 3855/1663/1222 3834/1310/1222
f 8626/3955/490 8629/3045/490 8630/3044/490 8627/3956/490
f 8627/3957/470 8630/3041/470 8628/3040/470 8625/3958/470
f 4482/3959/499 4493/3960/499 4495/3961/499 4483/3962/499
f 4483/3963/500 4495/1404/500 4494/1403/500 4481/3964/500
f 4481/3964/881 4502/1444/881 4504/1445/881 4483/3963/881
f 4483/3962/502 4504/3965/502 4503/3966/502 4482/3959/502
f 4458/3967/503 4472/3968/503 4474/3969/503 4459/3970/503
f 4459/1423/883 4474/1355/883 4473/1354/883 4457/1422/883
f 4457/1422/505 4505/1367/505 4507/1366/505 4459/1423/505
f 4459/3970/506 4507/3971/506 4506/3972/506 4458/3967/506
f 4266/3973/499 4286/3974/499 4288/3975/499 4267/3976/499
f 4267/3963/500 4288/2856/500 4287/1564/500 4265/3964/500
f 4265/3964/881 4268/1444/881 4270/1445/881 4267/3963/881
f 4267/3976/502 4270/3977/502 4269/3978/502 4266/3973/502
f 4241/3934/1223 4259/3979/1223 4261/3980/1223 4243/3931/1223
f 4243/1423/540 4261/1355/540 4260/1354/540 4242/1422/540
f 8625/3958/470 8634/3981/470 8636/2789/470 8627/3957/470
f 8627/3956/490 8636/3982/490 8635/3983/490 8626/3955/490
f 4674/3984/901 4679/2880/901 4681/2877/901 4675/3985/901
f 4675/3986/1224 4681/3987/1224 4680/3988/1224 4673/3989/1224
f 8698/3990/490 8701/1416/490 8702/1415/490 8699/3991/490
f 8699/2789/470 8702/1412/470 8700/1411/470 8697/3992/470
f 5537/1390/488 5547/1564/488 5548/2856/488 5539/1391/488
f 5539/1394/489 5548/3993/489 5546/3994/489 5538/1395/489
f 5970/3995/558 5975/3996/558 5977/3997/558 5971/3998/558
f 5971/1479/559 5977/1545/559 5976/1547/559 5969/1476/559
f 5969/1476/560 6042/1477/560 6043/1478/560 5971/1479/560
f 5971/3998/561 6043/2875/561 6041/2874/561 5970/3995/561
f 6233/3999/466 6236/4000/466 6238/4001/466 6235/4002/466
f 6235/4003/467 6238/1332/467 6237/4004/467 6234/4005/467
f 6234/4005/468 6240/1288/468 6241/2893/468 6235/4003/468
f 6235/4002/469 6241/2891/469 6239/2890/469 6233/3999/469
f 5802/4006/486 5807/4007/486 5809/4008/486 5803/4009/486
f 5803/1401/487 5809/1349/487 5808/1352/487 5801/1389/487
f 5801/1389/527 5804/1390/527 5806/1526/527 5803/1401/527
f 5803/4009/542 5806/4010/542 5805/4011/542 5802/4006/542
f 5777/4012/529 5783/4013/529 5785/4014/529 5779/4015/529
f 5779/1533/1225 5785/1534/1225 5784/1535/1225 5778/1536/1225
f 5778/1536/474 5790/1354/474 5791/1355/474 5779/1533/474
f 5779/4015/475 5791/1450/475 5789/1449/475 5777/4012/475
f 8673/2894/482 8676/4016/482 8678/4017/482 8675/2895/482
f 8675/2896/483 8678/4018/483 8677/4019/483 8674/2897/483
f 6402/4020/448 6410/4021/448 6412/4022/448 6403/4023/448
f 6403/1260/449 6412/1261/449 6411/1262/449 6401/1263/449
f 6401/1263/875 6404/1264/875 6406/1265/875 6403/1260/875
f 6403/4023/451 6406/4024/451 6405/4025/451 6402/4020/451
f 6378/4026/508 6386/4027/508 6388/4028/508 6379/4029/508
f 6379/1464/509 6388/1465/509 6387/1466/509 6377/1467/509
f 6377/1467/1226 6381/1468/1226 6382/1469/1226 6379/1464/1226
f 6379/4029/1227 6382/2917/1227 6380/2916/1227 6378/4026/1227
f 6594/1685/1228 6603/1276/1228 6604/1277/1228 6595/4030/1228
f 6595/4031/1229 6604/4032/1229 6602/4033/1229 6593/4034/1229
f 6618/1288/952 6626/2792/952 6628/2793/952 6619/1291/952
f 6619/4035/951 6628/4036/951 6627/4037/951 6617/4038/951
f 6834/1276/950 6843/1333/950 6844/1332/950 6835/1277/950
f 6835/4039/479 6844/4040/479 6842/4041/479 6833/4042/479
f 6858/4043/531 6870/2922/531 6871/2921/531 6859/4044/531
f 6859/1545/532 6871/1419/532 6869/1418/532 6857/1547/532
f 6857/1547/913 6864/1476/913 6865/1479/913 6859/1545/913
f 6859/4044/558 6865/4045/558 6863/4046/558 6858/4043/558
f 7074/4047/476 7139/4048/476 7141/4049/476 7075/4050/476
f 7075/4051/1230 7141/1366/1230 7140/1367/1230 7073/4052/1230
f 7073/4052/1231 7080/1262/1231 7081/1261/1231 7075/4051/1231
f 7075/4050/550 7081/4053/550 7079/4054/550 7074/4047/550
f 6450/4055/499 6461/4056/499 6463/4057/499 6451/4058/499
f 6451/1442/880 6463/1404/880 6462/1403/880 6449/1443/880
f 6449/1443/881 6470/1444/881 6472/1445/881 6451/1442/881
f 6451/4058/882 6472/4059/882 6471/4060/882 6450/4055/882
f 6426/4061/503 6440/4062/503 6442/4063/503 6427/4064/503
f 6427/1423/883 6442/1355/883 6441/1354/883 6425/1422/883
f 6425/1422/505 6480/1367/505 6481/1366/505 6427/1423/505
f 6427/4064/506 6481/4065/506 6479/4066/506 6426/4061/506
f 6162/4067/558 6164/4068/558 6166/4069/558 6163/4070/558
f 6163/4071/913 6166/4072/913 6165/1547/913 6161/4073/913
f 6161/4073/512 6180/1477/512 6181/1478/512 6163/4071/512
f 6163/4070/561 6181/4074/561 6179/4075/561 6162/4067/561
f 6186/4076/462 6191/4077/462 6193/4078/462 6187/4079/462
f 6187/1308/463 6193/1309/463 6192/1310/463 6185/1311/463
f 6185/1311/464 6207/1321/464 6208/1313/464 6187/1308/464
f 6187/4079/461 6208/4080/461 6206/4081/461 6186/4076/461
f 6018/4082/486 6020/4083/486 6022/4084/486 6019/4085/486
f 6019/1401/487 6022/1349/487 6021/1352/487 6017/1389/487
f 6017/1389/1232 6026/1402/1232 6028/4086/1232 6019/1401/1232
f 6019/4085/1233 6028/4087/1233 6027/4088/1233 6018/4082/1233
f 7050/4089/466 7055/1512/466 7057/1511/466 7051/4090/466
f 7051/1331/1234 7057/1371/1234 7056/1370/1234 7049/1334/1234
f 7049/1334/468 7059/1288/468 7060/1291/468 7051/1331/468
f 7051/4090/1235 7060/4091/1235 7058/4092/1235 7050/4089/1235
f 7098/4093/457 7103/4094/457 7105/4095/457 7099/4096/457
f 7099/1661/456 7105/1283/456 7104/1280/456 7097/4097/456
f 7097/4097/1215 7133/1663/1215 7135/1660/1215 7099/1661/1215
f 7099/4096/565 7135/4098/565 7134/4099/565 7098/4093/565
f 7121/1390/1236 7128/1403/1236 7129/1404/1236 7123/1526/1236
f 7123/1527/489 7129/4100/489 7127/4101/489 7122/1528/489
f 6906/4102/461 6915/2969/461 6916/2968/461 6907/4103/461
f 6907/1313/464 6916/1308/464 6914/1311/464 6905/1312/464
f 6905/1312/473 6909/1524/473 6910/1523/473 6907/1313/473
f 6907/4103/472 6910/4104/472 6908/4105/472 6906/4102/472
f 2778/662/1237 2993/709/1237 2999/712/1237 2781/663/1237
f 2781/669/1238 2999/718/1238 2995/717/1238 2779/666/1238
f 6882/1536/1239 6891/1354/1239 6892/1538/1239 6883/1533/1239
f 6883/4106/475 6892/1549/475 6890/1548/475 6881/4107/475
f 6881/4107/529 6884/4108/529 6886/4109/529 6883/4106/529
f 6883/1533/530 6886/1534/530 6885/1535/530 6882/1536/530
f 6593/4034/1240 6599/4110/1240 6601/4111/1240 6595/4031/1240
f 6595/4030/1241 6601/1469/1241 6600/1468/1241 6594/1685/1241
f 5994/4112/1242 6032/1566/1242 6034/1565/1242 5995/4113/1242
f 5995/1579/1243 6034/1445/1243 6033/1444/1243 5993/1580/1243
f 5993/1580/1244 5996/1536/1244 5998/1533/1244 5995/1579/1244
f 5995/4113/1245 5998/4114/1245 5997/4115/1245 5994/4112/1245
f 5945/4116/498 5951/4117/498 5953/4118/498 5947/4119/498
f 5947/1465/497 5953/1432/497 5952/1433/497 5946/1466/497
f 5946/1466/1246 5955/1467/1246 5956/1464/1246 5947/1465/1246
f 5947/4119/508 5956/2992/508 5954/2991/508 5945/4116/508
f 5369/4120/489 5373/1574/489 5374/1573/489 5371/4121/489
f 5371/1404/488 5374/1526/488 5372/1390/488 5370/1403/488
f 5297/1584/495 5306/4122/495 5308/4123/495 5299/1585/495
f 5299/1496/496 5308/1265/496 5307/1264/496 5298/1495/496
f 4697/4124/499 4718/4125/499 4720/4126/499 4699/4127/499
f 4699/3963/1247 4720/1404/1247 4719/1403/1247 4698/3964/1247
f 4698/3964/501 4716/1444/501 4717/1445/501 4699/3963/501
f 4699/4127/502 4717/4128/502 4715/4129/502 4697/4124/502
f 3978/4130/506 3980/4131/506 3982/4132/506 3979/4133/506
f 3979/1366/541 3982/1423/541 3981/1422/541 3977/1367/541
f 3977/1367/924 3984/1368/924 3985/1365/924 3979/1366/924
f 3979/4133/476 3985/1602/476 3983/1601/476 3978/4130/476
f 3354/4134/550 3359/4135/550 3361/4136/550 3355/4137/550
f 3355/1261/551 3361/4051/551 3360/4052/551 3353/1262/551
f 3353/1262/552 3366/1613/552 3367/1605/552 3355/1261/552
f 3355/4137/553 3367/1610/553 3365/1609/553 3354/4134/553
f 5730/1509/478 5742/1370/478 5743/1371/478 5731/1372/478
f 5731/4138/479 5743/4139/479 5741/4140/479 5729/4141/479
f 5754/1289/1248 5768/1418/1248 5770/1419/1248 5755/1290/1248
f 5755/4142/525 5770/4143/525 5769/4144/525 5753/4145/525
f 5321/1620/911 5327/4146/911 5329/4147/911 5323/1621/911
f 5323/1545/532 5329/1419/532 5328/1418/532 5322/1547/532
f 5346/4148/1249 5351/4149/1249 5353/4150/1249 5347/4151/1249
f 5347/1282/456 5353/1283/456 5352/1280/456 5345/1281/456
f 5345/1281/935 5385/1663/935 5386/2888/935 5347/1282/935
f 5347/4151/565 5386/4152/565 5384/4153/565 5346/4148/565
f 5586/4154/550 5594/4155/550 5596/4156/550 5587/4157/550
f 5587/1261/936 5596/1365/936 5595/2987/936 5585/1262/936
f 5585/1262/449 5588/4158/449 5590/1260/449 5587/1261/449
f 5587/4157/448 5590/4159/448 5589/4160/448 5586/4154/448
f 5562/4161/876 5567/4162/876 5569/4163/876 5563/4164/876
f 5563/1684/453 5569/1469/453 5568/1468/453 5561/1685/453
f 5561/1685/454 5571/1276/454 5572/1277/454 5563/1684/454
f 5563/4164/879 5572/4165/879 5570/4166/879 5562/4161/879
f 5081/1645/495 5093/4167/495 5095/4168/495 5083/1646/495
f 5083/1496/496 5095/1265/496 5094/1264/496 5082/1618/496
f 5105/1476/512 5166/1477/512 5167/1478/512 5107/1479/512
f 5107/1654/561 5167/4169/561 5165/4170/561 5106/1655/561
f 5129/1657/933 5135/4171/933 5137/4172/933 5131/1658/933
f 5131/1661/934 5137/3055/934 5136/4173/934 5130/1662/934
f 4649/4174/1250 4661/4175/1250 4663/4176/1250 4651/4177/1250
f 4651/1265/507 4663/4178/507 4662/4179/507 4650/1264/507
f 4650/1264/496 4668/1618/496 4669/1496/496 4651/1265/496
f 4651/4177/495 4669/4180/495 4667/4181/495 4649/4174/495
f 1966/4182/1251 8595/1337/1251 8597/1340/1251 1967/3074/1251
f 1967/4183/940 8597/1341/940 8596/1344/940 1965/4184/940
f 4409/1369/1252 4428/4185/1252 4429/1371/1252 4411/1372/1252
f 4411/2841/523 4429/4186/523 4427/4187/523 4410/2842/523
f 4434/4188/873 4454/4189/873 4456/4190/873 4435/4191/873
f 4435/1290/872 4456/1291/872 4455/1288/872 4433/1289/872
f 4433/1289/1248 4452/1418/1248 4453/4192/1248 4435/1290/1248
f 4435/4191/525 4453/4193/525 4451/4194/525 4434/4188/525
f 3810/4195/893 3860/4196/893 3862/4197/893 3811/4198/893
f 3811/2908/901 3862/2878/901 3861/2879/901 3809/4199/901
f 3809/4199/902 3825/1280/902 3826/1283/902 3811/2908/902
f 3811/4198/896 3826/4200/896 3824/4201/896 3810/4195/896
f 8602/4202/471 8605/2791/471 8606/2790/471 8603/4203/471
f 8603/4204/470 8606/2789/470 8604/2788/470 8601/4205/470
f 3786/1289/1253 3800/1653/1253 3802/1652/1253 3787/1290/1253
f 3787/4206/1254 3802/4207/1254 3801/4208/1254 3785/4209/1254
f 3594/4210/893 3644/4211/893 3646/4212/893 3595/4213/893
f 3595/2877/901 3646/2878/901 3645/2879/901 3593/2928/901
f 3593/2928/902 3609/1280/902 3610/4214/902 3595/2877/902
f 3595/4213/896 3610/4215/896 3608/4216/896 3594/4210/896
f 3329/1681/511 3341/4217/511 3343/4218/511 3331/1682/511
f 3331/1469/519 3343/4219/519 3342/4220/519 3330/1468/519
f 3018/739/1255 3025/748/1255 3028/750/1255 3022/740/1255
f 3022/736/1256 3028/745/1256 3024/744/1256 3016/733/1256
f 2780/670/1257 2854/700/1257 2860/703/1257 2784/671/1257
f 2784/665/1258 2860/708/1258 2856/707/1258 2778/662/1258
f 7146/4221/1259 7148/4222/1259 7150/4223/1259 7147/4224/1259
f 7147/4225/1260 7150/4226/1260 7149/4227/1260 7145/4228/1260
f 7145/4228/1261 7151/4229/1261 7153/4230/1261 7147/4225/1261
f 7147/4224/1262 7153/4231/1262 7152/4232/1262 7146/4221/1262
f 7193/3154/1263 7202/4233/1263 7204/4234/1263 7195/3155/1263
f 7195/3156/1264 7204/4235/1264 7203/4236/1264 7194/3157/1264
f 7249/1726/1265 7268/4237/1265 7269/4238/1265 7251/1727/1265
f 7251/1728/1266 7269/4239/1266 7267/4240/1266 7250/1729/1266
f 7377/3166/1267 7402/4241/1267 7403/4242/1267 7379/3167/1267
f 7379/3168/1268 7403/4243/1268 7401/4244/1268 7378/3169/1268
f 7321/3171/1269 7368/4245/1269 7370/4246/1269 7323/3172/1269
f 7323/3175/1270 7370/2469/1270 7369/4247/1270 7322/3176/1270
f 7274/4248/1271 7276/4249/1271 7278/4250/1271 7275/4251/1271
f 7275/4252/1272 7278/4253/1272 7277/4254/1272 7273/4255/1272
f 7273/4255/1273 7372/4256/1273 7373/4257/1273 7275/4252/1273
f 7275/4251/1274 7373/4258/1274 7371/4259/1274 7274/4248/1274
f 7354/3190/1275 7360/4260/1275 7361/4261/1275 7355/3191/1275
f 7355/3192/692 7361/4262/692 7359/4263/692 7353/3193/692
f 7425/3198/1276 7431/4264/1276 7433/4265/1276 7427/3199/1276
f 7427/3200/1277 7433/1784/1277 7432/1783/1277 7426/3201/1277
f 7737/1769/1278 7764/4266/1278 7766/4267/1278 7739/1770/1278
f 7739/1756/1279 7766/1757/1279 7765/1758/1279 7738/1759/1279
f 7474/4268/1280 7479/4269/1280 7481/4270/1280 7475/4271/1280
f 7475/4272/1281 7481/4273/1281 7480/4274/1281 7473/3247/1281
f 7473/3247/1282 7498/1780/1282 7499/1779/1282 7475/4272/1282
f 7475/4271/1283 7499/1776/1283 7497/1775/1283 7474/4268/1283
f 7714/4275/986 7719/4276/986 7721/4277/986 7715/4278/986
f 7715/3195/987 7721/3200/987 7720/3201/987 7713/3194/987
f 7713/3194/984 7765/1758/984 7766/1757/984 7715/3195/984
f 7715/4278/1284 7766/4267/1284 7764/4266/1284 7714/4275/1284
f 7450/4279/1285 7461/4280/1285 7463/4281/1285 7451/4282/1285
f 7451/3211/1286 7463/1829/1286 7462/1828/1286 7449/3212/1286
f 7449/3212/991 7468/3238/991 7469/3210/991 7451/3211/991
f 7451/4282/990 7469/3236/990 7467/3235/990 7450/4279/990
f 8098/1885/1287 8130/1886/1287 8132/1887/1287 8099/1888/1287
f 8099/4283/1288 8132/4284/1288 8131/4285/1288 8097/4286/1288
f 8073/1790/1289 8134/3202/1289 8135/3203/1289 8075/1793/1289
f 8075/1818/1290 8135/1822/1290 8133/1821/1290 8074/1819/1290
f 8049/1828/1286 8055/3212/1286 8057/3211/1286 8051/1829/1286
f 8051/1830/1285 8057/4287/1285 8056/4288/1285 8050/1831/1285
f 8001/1837/1291 8007/4289/1291 8009/4290/1291 8003/1838/1291
f 8003/1841/1292 8009/3220/1292 8008/3221/1292 8002/1842/1292
f 8338/4291/1293 8391/4292/1293 8393/4293/1293 8339/4294/1293
f 8339/1824/1294 8393/1825/1294 8392/1826/1294 8337/4295/1294
f 8337/4295/1295 8343/1828/1295 8345/1829/1295 8339/1824/1295
f 8339/4294/1296 8345/4296/1296 8344/4297/1296 8338/4291/1296
f 8313/1766/622 8320/1767/622 8321/1764/622 8315/1765/622
f 8315/1860/623 8321/4298/623 8319/4299/623 8314/1861/623
f 8290/4300/624 8295/4301/624 8297/4302/624 8291/4303/624
f 8291/1840/625 8297/1841/625 8296/1842/625 8289/1843/625
f 8289/1843/626 8292/1844/626 8294/1845/626 8291/1840/626
f 8291/4303/627 8294/4304/627 8293/4305/627 8290/4300/627
f 8362/4274/1297 8367/3247/1297 8369/4272/1297 8363/4273/1297
f 8363/4306/1280 8369/4307/1280 8368/4308/1280 8361/4309/1280
f 8385/1863/604 8388/4310/604 8390/4311/604 8387/1864/604
f 8387/1867/1298 8390/1779/1298 8389/1780/1298 8386/1781/1298
f 7762/3264/1299 7770/4274/1299 7772/4273/1299 7763/3265/1299
f 7763/4312/1300 7772/4313/1300 7771/4314/1300 7761/4315/1300
f 7786/4316/604 7800/4317/604 7802/4318/604 7787/4319/604
f 7787/1867/1298 7802/1779/1298 7801/1780/1298 7785/1781/1298
f 7785/1781/635 7791/1868/635 7793/1866/635 7787/1867/635
f 7787/4319/634 7793/4320/634 7792/4321/634 7786/4316/634
f 7810/4322/1301 7837/3286/1301 7838/3285/1301 7811/4323/1301
f 7811/4324/1302 7838/3284/1302 7836/3283/1302 7809/4325/1302
f 7809/4325/1303 7815/1885/1303 7817/1888/1303 7811/4324/1303
f 7811/4323/1304 7817/4326/1304 7816/4327/1304 7810/4322/1304
f 8410/4328/1305 8413/3288/1305 8414/3287/1305 8411/4329/1305
f 8411/3224/1306 8414/1807/1306 8412/1806/1306 8409/3225/1306
f 8409/3225/998 8415/1877/998 8417/1880/998 8411/3224/998
f 8411/4329/1307 8417/4330/1307 8416/4331/1307 8410/4328/1307
f 8097/4286/1304 8103/4332/1304 8105/4333/1304 8099/4283/1304
f 8099/1888/1308 8105/4324/1308 8104/4325/1308 8098/1885/1308
f 1803/3365/1066 1829/2051/1066 1831/1962/1066 1804/1963/1066
f 1804/4334/664 1831/4335/664 1830/4336/664 1802/4337/664
f 1540/1941/1309 1566/1942/1309 1568/1968/1309 1541/1969/1309
f 1541/4338/1310 1568/4339/1310 1567/4340/1310 1539/4341/1310
f 1566/1942/1311 1598/4342/1311 1599/3437/1311 1568/1968/1311
f 1568/4339/743 1599/4343/743 1597/4344/743 1567/4340/743
f 1670/3358/1312 1691/1909/1312 1692/1912/1312 1671/3359/1312
f 1671/4345/1313 1692/1913/1313 1690/1916/1313 1669/4346/1313
f 2300/4347/1044 2339/1949/1044 2340/1912/1044 2301/3359/1044
f 2301/4348/1313 2340/1952/1313 2338/1955/1313 2299/4349/1313
f 2682/4350/1314 2700/4351/1314 2701/4352/1314 2683/4353/1314
f 2683/4354/1315 2701/4355/1315 2699/4356/1315 2681/4357/1315
f 2811/4358/1316 2835/4359/1316 2837/361/1316 2812/4360/1316
f 2812/4361/1317 2837/4362/1317 2836/4363/1317 2810/4364/1317
f 2835/4359/1318 2870/3382/1318 2872/3383/1318 2837/361/1318
f 2837/4362/1319 2872/4365/1319 2871/4366/1319 2836/4363/1319
f 2939/3341/1320 2955/3348/1320 2956/3351/1320 2941/3342/1320
f 2941/3345/749 2956/3352/749 2954/3355/749 2940/3346/749
f 2418/3300/1267 2452/4367/1267 2453/4360/1267 2419/3301/1267
f 2419/3379/1321 2453/4368/1321 2451/4369/1321 2417/3380/1321
f 2470/4359/1318 2491/3382/1318 2492/3383/1318 2471/361/1318
f 2471/4370/1319 2492/3384/1319 2490/3387/1319 2469/4371/1319
f 2517/3332/1322 2539/3333/1322 2540/3334/1322 2519/3335/1322
f 2519/3385/1037 2540/3389/1037 2538/3392/1037 2518/3386/1037
f 1838/3393/1323 1850/3349/1323 1852/3350/1323 1840/3351/1323
f 1840/3400/1324 1852/4372/1324 1851/4373/1324 1839/3401/1324
f 1850/3349/1325 1862/3450/1325 1864/1983/1325 1852/3350/1325
f 1852/4372/729 1864/4374/729 1863/4375/729 1851/4373/729
f 1862/3450/669 1878/1981/669 1879/1982/669 1864/1983/669
f 1864/4374/670 1879/4376/670 1877/4377/670 1863/4375/670
f 1911/4378/698 1923/2098/698 1924/2099/698 1912/2100/698
f 1912/4379/699 1924/4380/699 1922/4381/699 1910/4382/699
f 1923/2098/1326 1939/3403/1326 1940/3406/1326 1924/2099/1326
f 1924/4380/1327 1940/3407/1327 1938/3410/1327 1922/4381/1327
f 1975/3413/1328 1989/4383/1328 1991/4384/1328 1976/1998/1328
f 1976/3414/1329 1991/4385/1329 1990/4386/1329 1974/3415/1329
f 2027/1894/1330 2039/3416/1330 2040/2061/1330 2028/1895/1330
f 2028/4387/687 2040/3417/687 2038/3420/687 2026/4388/687
f 2075/3423/1331 2087/2077/1331 2088/2080/1331 2076/2071/1331
f 2076/3424/1332 2088/3426/1332 2086/3429/1332 2074/3425/1332
f 1663/3319/1333 1675/4350/1333 1677/4353/1333 1665/3320/1333
f 1665/3442/1334 1677/4389/1334 1676/4390/1334 1664/3443/1334
f 1675/4350/1335 1688/4391/1335 1689/4352/1335 1677/4353/1335
f 1677/4389/1336 1689/4392/1336 1687/4393/1336 1676/4390/1336
f 1751/4367/1337 1760/4359/1337 1761/361/1337 1752/4360/1337
f 1752/4394/1338 1761/4395/1338 1759/4396/1338 1750/4397/1338
f 2148/3333/1051 2171/3388/1051 2173/3343/1051 2149/3334/1051
f 2149/4398/1052 2173/4399/1052 2172/4400/1052 2147/4401/1052
f 2171/3388/1339 2201/3398/1339 2203/3342/1339 2173/3343/1339
f 2173/4399/1340 2203/4402/1340 2202/4403/1340 2172/4400/1340
f 2220/3348/1040 2245/3449/1040 2246/3350/1040 2221/3351/1040
f 2221/4404/1041 2246/3451/1041 2244/3454/1041 2219/4405/1041
f 7569/2370/1143 7572/2314/1143 7574/2317/1143 7571/2371/1143
f 7571/3455/1341 7574/4406/1341 7573/4407/1341 7570/3456/1341
f 7593/2377/1342 7596/2322/1342 7598/2325/1342 7595/2378/1342
f 7595/3457/1343 7598/4408/1343 7597/4409/1343 7594/3458/1343
f 7617/2383/1147 7621/2330/1147 7622/2333/1147 7619/2384/1147
f 7619/3459/1148 7622/4410/1148 7620/4411/1148 7618/3460/1148
f 7642/2389/1149 7645/2338/1149 7646/2341/1149 7643/2390/1149
f 7643/3461/1344 7646/4412/1344 7644/4413/1344 7641/3462/1344
f 7666/2395/1345 7669/2346/1345 7670/2349/1345 7667/2396/1345
f 7667/3463/1346 7670/4414/1346 7668/4415/1346 7665/3464/1346
f 2271/3470/1045 2317/2169/1045 2319/2172/1045 2273/3471/1045
f 2273/3474/1347 2319/2173/1347 2318/2176/1347 2272/3475/1347
f 2987/3651/1132 3000/3652/1132 3002/3653/1132 2989/3654/1132
f 2989/4416/1133 3002/3656/1133 3001/2423/1133 2988/2424/1133
f 3089/4417/1348 3095/4418/1348 3097/4419/1348 3091/4420/1348
f 3091/4421/1349 3097/4422/1349 3096/4423/1349 3090/4424/1349
f 3101/4425/1112 3107/4426/1112 3109/3596/1112 3103/3597/1112
f 3103/4427/688 3109/4428/688 3108/2451/688 3102/2452/688
f 3209/4429/1158 3221/4430/1158 3223/4431/1158 3211/3713/1158
f 3211/4432/1350 3223/4433/1350 3222/3716/1350 3210/3717/1350
f 3233/4434/1351 3242/4435/1351 3244/4436/1351 3235/4437/1351
f 3235/4438/1352 3244/4439/1352 3243/3682/1352 3234/3683/1352
f 3257/4440/1353 3266/4441/1353 3268/4442/1353 3259/4443/1353
f 3259/4444/1354 3268/4445/1354 3267/3615/1354 3258/3616/1354
f 3281/4446/1355 3293/4447/1355 3295/3726/1355 3283/4448/1355
f 3283/4449/1356 3295/4450/1356 3294/3730/1356 3282/3731/1356
f 7857/3531/1357 7861/2105/1357 7862/2108/1357 7859/3532/1357
f 7859/3533/1358 7862/4451/1358 7860/4452/1358 7858/3534/1358
f 7881/3535/1359 7884/2113/1359 7886/2116/1359 7883/3536/1359
f 7883/3537/1360 7886/4453/1360 7885/4454/1360 7882/3538/1360
f 7906/3539/1361 7908/2121/1361 7910/2124/1361 7907/3540/1361
f 7907/3541/1362 7910/4455/1362 7909/4456/1362 7905/3542/1362
f 7930/3543/1363 7933/2129/1363 7934/2132/1363 7931/3544/1363
f 7931/3545/1364 7934/4457/1364 7932/4458/1364 7929/3546/1364
f 7953/3547/1365 7956/2137/1365 7958/2140/1365 7955/3548/1365
f 7955/3549/1366 7958/4459/1366 7957/4460/1366 7954/3550/1366
f 7978/3551/1367 7981/2145/1367 7982/2148/1367 7979/3552/1367
f 7979/3553/1368 7982/4461/1368 7980/4462/1368 7977/3554/1368
f 1506/3556/1369 1560/4463/1369 1562/3700/1369 1508/3557/1369
f 1508/3560/1370 1562/4464/1370 1561/2160/1370 1507/3561/1370
f 1874/3569/1371 1907/2280/1371 1909/2172/1371 1876/3570/1371
f 1876/3571/1347 1909/2282/1347 1908/2176/1347 1875/3475/1347
f 2735/4465/1083 2741/4466/1083 2743/3502/1083 2737/2440/1083
f 2737/4467/1084 2743/4468/1084 2742/2443/1084 2736/2444/1084
f 2750/4469/1348 2762/4470/1348 2764/4419/1348 2752/4420/1348
f 2752/4471/1349 2764/4472/1349 2763/4423/1349 2751/4424/1349
f 2885/4473/1089 2894/3524/1089 2896/3525/1089 2887/3526/1089
f 2887/4474/1090 2896/3528/1090 2895/3529/1090 2886/3530/1090
f 2900/4475/1372 2909/4476/1372 2911/4477/1372 2902/3713/1372
f 2902/4432/1373 2911/4478/1373 2910/3716/1373 2901/3717/1373
f 2921/4479/1140 2930/4480/1140 2932/3720/1140 2923/4481/1140
f 2923/3722/1161 2932/4482/1161 2931/3682/1161 2922/3683/1161
f 2957/4483/1374 2963/4484/1374 2965/3726/1374 2959/4485/1374
f 2959/4486/1375 2965/4487/1375 2964/3730/1375 2958/3731/1375
f 8146/2225/731 8149/2226/731 8150/2227/731 8147/2228/731
f 8147/2312/732 8150/4488/732 8148/4489/732 8145/2313/732
f 8169/2233/1376 8172/2234/1376 8174/2235/1376 8171/2236/1376
f 8171/3623/1377 8174/2238/1377 8173/4490/1377 8170/3624/1377
f 8193/2241/1378 8196/2242/1378 8198/2243/1378 8195/2244/1378
f 8195/3625/736 8198/4491/736 8197/4492/736 8194/3626/736
f 8218/2249/737 8221/2250/737 8222/2251/737 8219/2252/737
f 8219/3627/738 8222/4493/738 8220/4494/738 8217/3628/738
f 8241/2257/1379 8244/2258/1379 8246/2259/1379 8243/2260/1379
f 8243/3629/1380 8246/4495/1380 8245/4496/1380 8242/3630/1380
f 8265/2265/1381 8268/2266/1381 8270/2267/1381 8267/2268/1381
f 8267/3631/742 8270/4497/742 8269/4498/742 8266/3632/742
f 1575/4499/1382 1609/4500/1382 1611/4501/1382 1577/4502/1382
f 1577/2278/1383 1611/3567/1383 1610/2167/1383 1576/2168/1383
f 1738/4503/1384 1762/4504/1384 1764/3707/1384 1740/4505/1384
f 1740/4506/1385 1764/3708/1385 1763/2188/1385 1739/2180/1385
f 1886/2355/1336 1913/2410/1336 1915/2413/1336 1888/2356/1336
f 1888/2359/1386 1915/2414/1386 1914/2204/1386 1887/2360/1386
f 1986/4507/1387 2014/4508/1387 2016/4509/1387 1988/4510/1387
f 1988/4511/1048 2016/2214/1048 2015/2215/1048 1987/2216/1048
f 2014/4508/1388 2032/4512/1388 2034/2286/1388 2016/4509/1388
f 2016/2214/1389 2034/4513/1389 2033/2288/1389 2015/2215/1389
f 2344/2433/1390 2353/4514/1390 2355/4515/1390 2346/2434/1390
f 2346/3498/1056 2355/4516/1056 2354/3499/1056 2345/2436/1056
f 2365/2437/793 2377/2438/793 2379/2439/793 2367/2440/793
f 2367/4467/794 2379/4517/794 2378/2443/794 2366/2444/794
f 2389/4518/1348 2405/4519/1348 2407/4520/1348 2391/4521/1348
f 2391/4471/1273 2407/4522/1273 2406/4423/1273 2390/4424/1273
f 2446/2453/797 2457/4523/797 2459/2455/797 2447/2456/797
f 2447/2457/798 2459/2458/798 2458/2459/798 2445/2460/798
f 2493/4524/1087 2505/4525/1087 2507/4526/1087 2495/4527/1087
f 2495/4528/1391 2507/4529/1391 2506/3521/1391 2494/3522/1391
f 2541/3710/1392 2554/4530/1392 2556/4531/1392 2543/3713/1392
f 2543/4432/1159 2556/4532/1159 2555/3716/1159 2542/3717/1159
f 2597/4533/1113 2606/4534/1113 2608/4442/1113 2599/4535/1113
f 2599/4536/1393 2608/4537/1393 2607/3615/1393 2598/3616/1393
f 2621/4538/1355 2633/4539/1355 2635/3726/1355 2623/4448/1355
f 2623/4540/1356 2635/4487/1356 2634/3730/1356 2622/3731/1356
f 8434/4541/753 8436/4542/753 8438/4543/753 8435/4544/753
f 8435/2308/754 8438/2309/754 8437/2310/754 8433/2311/754
f 8433/2311/1394 8440/2225/1394 8441/2228/1394 8435/2308/1394
f 8435/4544/756 8441/2312/756 8439/4545/756 8434/4541/756
f 8457/2314/757 8460/2315/757 8462/2316/757 8459/2317/757
f 8459/3687/758 8462/4546/758 8461/4547/758 8458/3688/758
f 8481/2322/759 8484/2323/759 8486/2324/759 8483/2325/759
f 8483/3689/760 8486/4548/760 8485/4549/760 8482/3690/760
f 8505/2330/761 8509/2331/761 8510/2332/761 8507/2333/761
f 8507/3691/762 8510/4550/762 8508/4551/762 8506/3692/762
f 8530/2338/763 8533/2339/763 8534/2340/763 8531/2341/763
f 8531/3693/764 8534/4552/764 8532/4553/764 8529/3694/764
f 8554/2346/765 8557/2347/765 8558/2348/765 8555/2349/765
f 8555/3695/766 8558/4554/766 8556/2352/766 8553/3696/766
f 1515/4555/1395 1533/4556/1395 1535/4557/1395 1517/4558/1395
f 1517/4559/1105 1535/3568/1105 1534/3476/1105 1516/2167/1105
f 1612/3705/1396 1633/4560/1396 1635/4561/1396 1614/3706/1396
f 1614/3709/1397 1635/4562/1397 1634/2196/1397 1613/2187/1397
f 1693/2411/725 1708/4563/725 1710/4564/725 1695/2412/725
f 1695/2415/1398 1710/4565/1398 1709/2208/1398 1694/2203/1398
f 1732/4508/1388 1744/4512/1388 1746/2286/1388 1734/4509/1388
f 1734/4566/1389 1746/2287/1389 1745/2288/1389 1733/2215/1389
f 2195/4567/1113 2207/4568/1113 2209/4569/1113 2197/4570/1113
f 2197/4571/1399 2209/4572/1399 2208/3615/1399 2196/3616/1399
f 1492/4573/1400 1714/4574/1400 1716/4575/1400 1493/4576/1400
f 1493/4577/1401 1716/4578/1401 1715/4579/1401 1491/4580/1401
f 1491/4580/1402 2289/618/1402 2295/621/1402 1493/4577/1402
f 1493/4576/1403 2295/625/1403 2291/624/1403 1492/4573/1403
f 1453/564/1401 1715/4579/1401 1716/4578/1401 1457/565/1401
f 1457/559/1400 1716/4575/1400 1714/4574/1400 1451/556/1400
f 1452/560/1404 1883/4581/1404 1885/361/1404 1456/561/1404
f 1456/567/569 1885/4582/569 1884/4583/569 1453/564/569
f 1601/4584/1405 2475/4585/1405 2477/4586/1405 1602/4587/1405
f 1602/4588/1406 2477/4589/1406 2476/4590/1406 1600/4591/1406
f 1600/4591/1407 2438/635/1407 2444/638/1407 1602/4588/1407
f 1602/4587/1408 2444/638/1408 2440/641/1408 1601/4584/1408
f 1451/556/1407 2476/636/1407 2477/4592/1407 1454/557/1407
f 1454/563/1408 2477/4586/1408 2475/4585/1408 1452/560/1408
f 3165/1051/1409 3203/1219/1409 3205/1061/1409 3166/1122/1409
f 3166/4593/1410 3205/4594/1410 3204/4595/1410 3164/4596/1410
f 3117/4597/369 3131/844/369 3133/847/369 3118/4598/369
f 3118/947/366 3133/848/366 3132/851/366 3116/942/366
f 3116/942/367 3122/943/367 3124/1117/367 3118/947/367
f 3118/4598/1411 3124/4599/1411 3123/4600/1411 3117/4597/1411
f 3237/4601/1200 3248/4602/1200 3250/4603/1200 3238/4604/1200
f 3238/856/401 3250/857/401 3249/858/401 3236/859/401
f 3236/859/344 3315/860/344 3316/2624/344 3238/856/344
f 3238/4604/1201 3316/4605/1201 3314/4606/1201 3237/4601/1201
f 3261/4607/839 3269/4608/839 3271/4609/839 3262/4610/839
f 3262/1012/849 3271/2612/849 3270/2540/849 3260/1013/849
f 3260/1013/382 3290/1014/382 3292/1099/382 3262/1012/382
f 3262/4610/381 3292/4611/381 3291/4612/381 3261/4607/381
f 4580/3761/1198 4589/4613/1198 4591/4614/1198 4582/3762/1198
f 4582/1152/1199 4591/978/1199 4590/839/1199 4581/840/1199
f 3932/902/854 3965/4615/854 3967/4616/854 3934/903/854
f 3934/905/855 3967/3759/855 3966/968/855 3933/906/855
f 4388/2545/1412 4394/4617/1412 4396/4618/1412 4390/2546/1412
f 4390/917/1176 4396/1011/1176 4395/1014/1176 4389/918/1176
f 4748/938/340 4757/4619/340 4759/4620/340 4750/939/340
f 4750/848/348 4759/849/348 4758/850/348 4749/876/348
f 4773/4621/438 4782/2559/438 4783/2558/438 4774/4622/438
f 4774/4623/439 4783/1218/439 4781/1058/439 4772/1059/439
f 4772/1059/1413 4775/1106/1413 4777/1108/1413 4774/4623/1413
f 4774/4622/441 4777/4624/441 4776/4625/441 4773/4621/441
f 6357/1014/812 6360/918/812 6361/917/812 6358/1011/812
f 6358/4626/813 6361/2584/813 6359/2583/813 6356/4627/813
f 6957/4628/1414 6972/1219/1414 6973/1218/1414 6958/1122/1414
f 6958/4629/829 6973/4630/829 6971/4631/829 6956/4632/829
f 6740/906/1415 6746/907/1415 6748/4633/1415 6742/926/1415
f 6742/1017/1416 6748/4634/1416 6747/4635/1416 6741/1018/1416
f 6765/4636/369 6773/4637/369 6775/4638/369 6766/4639/369
f 6766/947/366 6775/848/366 6774/876/366 6764/942/366
f 6764/942/367 6770/943/367 6772/1117/367 6766/947/367
f 6766/4639/1411 6772/4640/1411 6771/4641/1411 6765/4636/1411
f 6500/2606/809 6527/4642/809 6529/4643/809 6502/2607/809
f 6502/905/810 6529/2494/810 6528/968/810 6501/906/810
f 6716/865/364 6725/936/364 6727/1094/364 6718/866/364
f 6718/3808/363 6727/4644/363 6726/4645/363 6717/3809/363
f 6981/4646/376 6998/4647/376 7000/4648/376 6982/4649/376
f 6982/3877/375 7000/909/375 6999/884/375 6980/972/375
f 6980/972/385 7029/1024/385 7030/1025/385 6982/3877/385
f 6982/4649/386 7030/4650/386 7028/4651/386 6981/4646/386
f 6332/883/428 6339/908/428 6340/909/428 6334/1181/428
f 6334/2618/429 6340/1022/429 6338/1021/429 6333/2619/429
f 6309/4652/409 6369/1027/409 6370/1026/409 6310/4653/409
f 6310/979/408 6370/1101/408 6368/1100/408 6308/838/408
f 6308/838/864 6315/839/864 6316/978/864 6310/979/864
f 6310/4653/378 6316/4654/378 6314/4655/378 6309/4652/378
f 4556/2540/1417 4623/1013/1417 4624/2670/1417 4558/2612/1417
f 4558/2626/839 4624/4656/839 4622/4657/839 4557/2627/839
f 5276/3833/441 5280/1064/441 5281/1063/441 5278/3834/441
f 5278/1108/444 5281/1060/444 5279/1059/444 5277/1106/444
f 5925/4658/381 5934/2643/381 5935/2642/381 5926/4659/381
f 5926/1099/382 5935/1012/382 5933/1013/382 5924/1014/382
f 5924/1014/812 5928/918/812 5929/2487/812 5926/1099/812
f 5926/4659/813 5929/4660/813 5927/4661/813 5925/4658/813
f 5829/4662/349 5831/4663/349 5833/4664/349 5830/4665/349
f 5830/909/350 5833/882/350 5832/883/350 5828/908/350
f 5828/908/1210 5840/972/1210 5842/973/1210 5830/909/1210
f 5830/4665/376 5842/4666/376 5841/4667/376 5829/4662/376
f 5852/838/1175 5858/839/1175 5860/978/1175 5854/837/1175
f 5854/2645/378 5860/4668/378 5859/4669/378 5853/2646/378
f 5420/2657/357 5426/4670/357 5428/4671/357 5422/2658/357
f 5422/1077/403 5428/917/403 5427/918/403 5421/919/403
f 5037/4672/357 5039/4673/357 5041/4674/357 5038/4675/357
f 5038/4676/403 5041/2487/403 5040/918/403 5036/919/403
f 5036/919/1418 5042/864/1418 5044/4677/1418 5038/4676/1418
f 5038/4675/1419 5044/4678/1419 5043/4679/1419 5037/4672/1419
f 5613/942/1420 5618/943/1420 5620/944/1420 5614/941/1420
f 5614/4680/1421 5620/4681/1421 5619/4682/1421 5612/4683/1421
f 6116/4684/1422 6125/876/1422 6127/848/1422 6118/4685/1422
f 6118/4686/437 6127/4687/437 6126/4688/437 6117/4689/437
f 6069/4690/1423 6074/4691/1423 6076/4692/1423 6070/4693/1423
f 6070/4694/1417 6076/2612/1417 6075/2540/1417 6068/1013/1417
f 6068/1013/1424 6087/1014/1424 6088/2577/1424 6070/4694/1424
f 6070/4693/1425 6088/2578/1425 6086/2581/1425 6069/4690/1425
f 6572/4695/407 6581/4696/407 6583/4697/407 6574/4698/407
f 6574/1060/397 6583/1061/397 6582/1219/397 6573/1059/397
f 6045/4699/857 6047/4700/857 6049/4701/857 6046/4702/857
f 6046/2524/863 6049/841/863 6048/840/863 6044/1153/863
f 6044/1153/862 6104/1145/862 6106/1144/862 6046/2524/862
f 6046/4702/430 6106/4703/430 6105/4704/430 6045/4699/430
f 6284/2685/843 6296/1051/843 6298/1052/843 6286/1222/843
f 6286/2687/396 6298/4705/396 6297/4706/396 6285/2688/396
f 6117/4689/1426 6120/2694/1426 6121/2693/1426 6118/4686/1426
f 6118/4685/348 6121/849/348 6119/2692/348 6116/4684/348
f 5612/4683/1427 5621/4707/1427 5623/4708/1427 5614/4680/1427
f 5614/941/1428 5623/996/1428 5622/851/1428 5613/942/1428
f 5636/1141/430 5645/4709/430 5647/4710/430 5638/1142/430
f 5638/1144/431 5647/1154/431 5646/1153/431 5637/1145/431
f 5229/4711/1429 5258/4712/1429 5260/4713/1429 5230/4714/1429
f 5230/4715/1430 5260/4716/1430 5259/968/1430 5228/906/1430
f 5228/906/819 5235/883/819 5236/882/819 5230/4715/819
f 5230/4714/355 5236/2708/355 5234/2707/355 5229/4711/355
f 5205/4717/386 5216/4718/386 5218/4719/386 5206/4720/386
f 5206/4721/1431 5218/973/1431 5217/972/1431 5204/4722/1431
f 5204/1100/850 5208/838/850 5209/837/850 5206/1101/850
f 5206/4720/409 5209/3869/409 5207/3868/409 5205/4717/409
f 4821/4723/363 4832/4724/363 4834/4725/363 4822/4726/363
f 4822/933/364 4834/934/364 4833/935/364 4820/936/364
f 4820/936/423 4839/968/423 4840/3759/423 4822/933/423
f 4822/4726/374 4840/4727/374 4838/4728/374 4821/4723/374
f 4797/4729/355 4805/4730/355 4807/4731/355 4798/4732/355
f 4798/882/819 4807/905/819 4806/906/819 4796/907/819
f 4796/907/814 4812/884/814 4813/881/814 4798/882/814
f 4798/4732/429 4813/3875/429 4811/3874/429 4797/4729/429
f 4364/1178/1432 4398/1159/1432 4399/1158/1432 4366/1179/1432
f 4366/1182/1433 4399/1157/1433 4397/928/1433 4365/906/1433
f 5444/1145/352 5468/892/352 5470/889/352 5446/1144/352
f 5446/2735/351 5470/4733/351 5469/4734/351 5445/2736/351
f 5468/892/415 5472/850/415 5473/849/415 5470/889/415
f 5470/4733/416 5473/1168/416 5471/1167/416 5469/4734/416
f 5180/899/354 5186/984/354 5188/987/354 5182/898/354
f 5182/2744/353 5188/4735/353 5187/4736/353 5181/2745/353
f 4964/1161/1434 4976/4737/1434 4978/4738/1434 4966/1162/1434
f 4966/996/1435 4978/997/1435 4977/998/1435 4965/876/1435
f 5013/4739/355 5021/4740/355 5023/4741/355 5014/4742/355
f 5014/2757/1436 5023/905/1436 5022/906/1436 5012/883/1436
f 5012/883/814 5028/884/814 5029/881/814 5014/2757/814
f 5014/4742/429 5029/3899/429 5027/3898/429 5013/4739/429
f 4124/1193/409 4187/4743/409 4189/4744/409 4126/1194/409
f 4126/837/408 4189/4745/408 4188/4746/408 4125/838/408
f 3668/1240/430 3677/4747/430 3679/4748/430 3670/1241/430
f 3670/1144/862 3679/1154/862 3678/1153/862 3669/1243/862
f 3452/1251/430 3461/4749/430 3463/4750/430 3454/1252/430
f 3454/1144/1437 3463/2524/1437 3462/1153/1437 3453/1145/1437
f 3573/4751/1438 3585/3916/1438 3586/3915/1438 3574/4752/1438
f 3574/1545/1439 3586/1419/1439 3584/1546/1439 3572/1547/1439
f 3549/4753/498 3588/2785/498 3589/2784/498 3550/4754/498
f 3550/1465/497 3589/1496/497 3587/1618/497 3548/1466/497
f 3548/1466/509 3555/1467/509 3556/1464/509 3550/1465/509
f 3550/4754/508 3556/2787/508 3554/2786/508 3549/4753/508
f 4004/1509/478 4011/4185/478 4012/1371/478 4006/1372/478
f 4006/3920/479 4012/4755/479 4010/4756/479 4005/3921/479
f 4028/4757/558 4032/3925/558 4033/3924/558 4030/4758/558
f 4030/1479/559 4033/1545/559 4031/1547/559 4029/1476/559
f 4029/1476/560 4037/1477/560 4039/1478/560 4030/1479/560
f 4030/4758/561 4039/4759/561 4038/4760/561 4028/4757/561
f 3837/4761/526 3839/4762/526 3841/4763/526 3838/4764/526
f 3838/1522/487 3841/1523/487 3840/1524/487 3836/1525/487
f 3836/1525/527 3843/1390/527 3844/1526/527 3838/1522/527
f 3838/4764/528 3844/4765/528 3842/4766/528 3837/4761/528
f 3812/4767/529 3815/4768/529 3817/4769/529 3814/4770/529
f 3814/1533/530 3817/1534/530 3816/1535/530 3813/1536/530
f 3813/1536/474 3822/1537/474 3823/1538/474 3814/1533/474
f 3814/4770/475 3823/2819/475 3821/2818/475 3812/4767/475
f 3621/4771/526 3623/4772/526 3625/4773/526 3622/4774/526
f 3622/1522/487 3625/1523/487 3624/1524/487 3620/4775/487
f 3620/4775/527 3630/1390/527 3631/1526/527 3622/1522/527
f 3622/4774/528 3631/4776/528 3629/4777/528 3621/4771/528
f 3597/4778/543 3636/2826/543 3637/2825/543 3598/4779/543
f 3598/1534/914 3637/1445/914 3635/1444/914 3596/1535/914
f 3596/1535/530 3600/1536/530 3601/1533/530 3598/1534/530
f 3598/4779/529 3601/4780/529 3599/4781/529 3597/4778/529
f 3357/1476/512 3429/1477/512 3430/1478/512 3358/1479/512
f 3358/4782/513 3430/3946/513 3428/3945/513 3356/4783/513
f 3405/4784/1440 3407/4785/1440 3409/4786/1440 3406/4787/1440
f 3406/1401/1441 3409/1349/1441 3408/1352/1441 3404/1389/1441
f 4436/4788/550 4442/4789/550 4444/4790/550 4438/4791/550
f 4438/1261/1231 4444/1365/1231 4443/2987/1231 4437/1262/1231
f 4437/1262/449 4449/1263/449 4450/1260/449 4438/1261/449
f 4438/4791/448 4450/2835/448 4448/2834/448 4436/4788/448
f 4412/2838/1442 4424/4792/1442 4426/4793/1442 4414/2839/1442
f 4414/1469/510 4426/1464/510 4425/1467/510 4413/1468/510
f 4220/1289/1443 4235/1418/1443 4237/1419/1443 4222/1290/1443
f 4222/1293/1444 4237/4794/1444 4236/4795/1444 4221/1294/1444
f 4245/4796/893 4295/4797/893 4297/4798/893 4246/4799/893
f 4246/2877/901 4297/3985/901 4296/3984/901 4244/2928/901
f 4244/2928/902 4263/1280/902 4264/1283/902 4246/2877/902
f 4246/4799/896 4264/4800/896 4262/4801/896 4245/4796/896
f 8653/4802/490 8655/4803/490 8657/4804/490 8654/4805/490
f 8654/2789/1445 8657/4806/1445 8656/4807/1445 8652/4808/1445
f 4629/1685/454 4634/1369/454 4636/1372/454 4630/1684/454
f 4630/4809/879 4636/4810/879 4635/4811/879 4628/4812/879
f 4652/4813/873 4670/4814/873 4672/4815/873 4654/4816/873
f 4654/2793/1446 4672/1291/1446 4671/1288/1446 4653/2792/1446
f 4653/2792/524 4665/1653/524 4666/1652/524 4654/2793/524
f 4654/4816/525 4666/4817/525 4664/4818/525 4652/4813/525
f 4700/4819/462 4721/4820/462 4723/4821/462 4702/4822/462
f 4702/1299/932 4723/1665/932 4722/1664/932 4701/1296/932
f 4701/1296/1447 4712/1297/1447 4714/1298/1447 4702/1299/1447
f 4702/4822/461 4714/4823/461 4713/4824/461 4700/4819/461
f 5948/4825/466 5957/1375/466 5959/1374/466 5950/4826/466
f 5950/4003/1448 5959/1371/1448 5958/1370/1448 5949/4005/1448
f 5949/4005/468 5985/1288/468 5986/1291/468 5950/4003/468
f 5950/4826/469 5986/1379/469 5984/1378/469 5948/4825/469
f 5804/1390/488 5817/1403/488 5818/1404/488 5806/1526/488
f 5806/4010/489 5818/1440/489 5816/1439/489 5805/4011/489
f 5732/1461/498 5738/4827/498 5740/4828/498 5734/1462/498
f 5734/1465/564 5740/1496/564 5739/1618/564 5733/1466/564
f 5540/4829/907 5544/1653/907 5545/1419/907 5542/4830/907
f 5542/4831/525 5545/2900/525 5543/2899/525 5541/4832/525
f 5517/4833/461 5519/4834/461 5521/4835/461 5518/4836/461
f 5518/1313/464 5521/1308/464 5520/1311/464 5516/1312/464
f 5516/1312/562 5526/1352/562 5527/1635/562 5518/1313/562
f 5518/4836/1449 5527/4837/1449 5525/4838/1449 5517/4833/1449
f 6860/4839/476 6921/1493/476 6922/1492/476 6862/4840/476
f 6862/4051/1230 6922/1366/1230 6920/1367/1230 6861/4052/1230
f 6861/4052/1231 6867/1262/1231 6868/1261/1231 6862/4051/1231
f 6862/4840/550 6868/4841/550 6866/4842/550 6860/4839/550
f 6836/1502/498 6872/1499/498 6874/1498/498 6838/1503/498
f 6838/1465/497 6874/1496/497 6873/1495/497 6837/1466/497
f 7052/2932/495 7064/4843/495 7066/4844/495 7054/2933/495
f 7054/1496/518 7066/1265/518 7065/1264/518 7053/1618/518
f 6452/2936/1221 6473/4845/1221 6475/4846/1221 6454/2937/1221
f 6454/1326/1222 6475/4847/1222 6474/1663/1222 6453/1310/1222
f 6164/4068/1450 6168/2914/1450 6169/2913/1450 6166/4069/1450
f 6166/4072/1451 6169/2912/1451 6167/1418/1451 6165/1547/1451
f 6188/1444/914 6212/1535/914 6214/1534/914 6190/1445/914
f 6190/2946/543 6214/4848/543 6213/4849/543 6189/2947/543
f 6212/1535/530 6255/1536/530 6256/1533/530 6214/1534/530
f 6214/4848/529 6256/2948/529 6254/2949/529 6213/4849/529
f 6020/4083/472 6029/4850/472 6031/4851/472 6022/4084/472
f 6022/1349/473 6031/1313/473 6030/1312/473 6021/1352/473
f 8676/4016/482 8679/4852/482 8681/4853/482 8678/4017/482
f 8678/4018/483 8681/4854/483 8680/4855/483 8677/4019/483
f 7076/1476/512 7137/1477/512 7138/1478/512 7078/1479/512
f 7078/2956/561 7138/4856/561 7136/4857/561 7077/2957/561
f 6669/4858/499 6689/4859/499 6691/4860/499 6670/4861/499
f 6670/1442/500 6691/2856/500 6690/1564/500 6668/1443/500
f 6668/1443/539 6687/1444/539 6688/1445/539 6670/1442/539
f 6670/4861/502 6688/4862/502 6686/4863/502 6669/4858/502
f 6428/4864/893 6476/4865/893 6478/4866/893 6430/4867/893
f 6430/2877/901 6478/2878/901 6477/2879/901 6429/2880/901
f 6429/2880/1452 6444/1280/1452 6445/1283/1452 6430/2877/1452
f 6430/4867/896 6445/4868/896 6443/4869/896 6428/4864/896
f 6884/4108/543 6899/4870/543 6901/4871/543 6886/4109/543
f 6886/1534/914 6901/1445/914 6900/1444/914 6885/1535/914
f 6597/4220/519 6600/1468/519 6601/1469/519 6598/4219/519
f 6598/4872/511 6601/4111/511 6599/4110/511 6596/4873/511
f 5996/1536/922 6003/1354/922 6004/1355/922 5998/1533/922
f 5998/4114/1453 6004/1569/1453 6002/1568/1453 5997/4115/1453
f 5972/2984/476 6036/1572/476 6037/1571/476 5974/2985/476
f 5974/1365/924 6037/1366/924 6035/1367/924 5973/2987/924
f 1410/4874/546 1479/4875/546 1481/4876/546 1411/4877/546
f 1411/1593/547 1481/1554/547 1480/4878/547 1409/4879/547
f 1409/4879/1454 8667/1381/1454 8669/1384/1454 1411/1593/1454
f 1411/4877/1455 8669/1385/1455 8668/1388/1455 1410/4874/1455
f 4676/4880/1453 4691/4881/1453 4693/4882/1453 4678/4883/1453
f 4678/1355/922 4693/1356/922 4692/1353/922 4677/1354/922
f 4677/1354/540 4724/4884/540 4726/4885/540 4678/1355/540
f 4678/4883/503 4726/4886/503 4725/4887/503 4676/4880/503
f 4724/4884/505 4737/4888/505 4738/4889/505 4726/4885/505
f 4726/4886/506 4738/4890/506 4736/4891/506 4725/4887/506
f 3980/4131/503 3995/4892/503 3997/4893/503 3982/4132/503
f 3982/1423/540 3997/1355/540 3996/1354/540 3981/1422/540
f 3381/4894/1242 3420/3011/1242 3421/3010/1242 3382/4895/1242
f 3382/1579/1243 3421/1445/1243 3419/1444/1243 3380/1580/1243
f 3380/1580/530 3384/1536/530 3385/1533/530 3382/1579/530
f 3382/4895/1245 3385/4896/1245 3383/4897/1245 3381/4894/1245
f 6645/4898/1456 6662/4899/1456 6664/4900/1456 6646/4901/1456
f 6646/1423/883 6664/1538/883 6663/1537/883 6644/1422/883
f 6644/1422/505 6699/1367/505 6700/1366/505 6646/1423/505
f 6646/4901/927 6700/4902/927 6698/4903/927 6645/4898/927
f 6621/4904/553 6638/4905/553 6640/4906/553 6622/4907/553
f 6622/1605/552 6640/1261/552 6639/1262/552 6620/1613/552
f 6620/1613/450 6624/1264/450 6625/1265/450 6622/1605/450
f 6622/4907/1457 6625/1616/1457 6623/1615/1457 6621/4904/1457
f 6596/4873/508 6605/4908/508 6607/4909/508 6598/4872/508
f 6598/4219/509 6607/1435/509 6606/1434/509 6597/4220/509
f 5757/4910/531 5769/4144/531 5770/4143/531 5758/4911/531
f 5758/1545/532 5770/1419/532 5768/1418/532 5756/1547/532
f 5756/1547/913 5763/1476/913 5764/1479/913 5758/1545/913
f 5758/4911/558 5764/4912/558 5762/4913/558 5757/4910/558
f 5780/4914/565 5786/4915/565 5788/4916/565 5782/4917/565
f 5782/1660/566 5788/1661/566 5787/4097/566 5781/1663/566
f 5781/1663/567 5820/1310/567 5821/1309/567 5782/1660/567
f 5782/4917/568 5821/3032/568 5819/3031/568 5780/4914/568
f 4461/4918/893 4511/4919/893 4513/4920/893 4462/4921/893
f 4462/2877/901 4513/2878/901 4512/2879/901 4460/2880/901
f 4460/2880/1452 4476/1280/1452 4477/1283/1452 4462/2877/1452
f 4462/4921/896 4477/4922/896 4475/4923/896 4461/4918/896
f 4484/3034/568 4508/4924/568 4510/4925/568 4486/3035/568
f 4486/1665/567 4510/1660/567 4509/1663/567 4485/1664/567
f 5588/4158/875 5610/1264/875 5611/1265/875 5590/1260/875
f 5590/4159/451 5611/4926/451 5609/4927/451 5589/4160/451
f 5565/4928/508 5576/4929/508 5578/4930/508 5566/4931/508
f 5566/1464/509 5578/1435/509 5577/1434/509 5564/1467/509
f 5564/1467/510 5568/1468/510 5569/1469/510 5566/1464/510
f 5566/4931/511 5569/4163/511 5567/4162/511 5565/4928/511
f 5541/4832/525 5549/4932/525 5551/4933/525 5542/4831/525
f 5542/4830/907 5551/2793/907 5550/1289/907 5540/4829/907
f 1477/4934/1458 8638/4935/1458 8639/4936/1458 1478/4937/1458
f 1478/3083/1459 8639/4938/1459 8637/4939/1459 1476/4940/1459
f 1476/4940/1460 1573/3071/1460 1574/3074/1460 1478/3083/1460
f 1478/4937/1461 1574/3075/1461 1572/3078/1461 1477/4934/1461
f 4628/4812/876 4631/4941/876 4633/4942/876 4630/4809/876
f 4630/1684/453 4633/1469/453 4632/1468/453 4629/1685/453
f 3789/4943/1462 3801/4208/1462 3802/4207/1462 3790/4944/1462
f 3790/2902/1463 3802/1652/1463 3800/1653/1463 3788/2903/1463
f 3788/2903/1464 3795/1476/1464 3796/1479/1464 3790/2902/1464
f 3790/4944/558 3796/4945/558 3794/4946/558 3789/4943/558
f 3404/1389/1465 3413/1402/1465 3415/1405/1465 3406/1401/1465
f 3406/4787/1466 3415/4947/1466 3414/4948/1466 3405/4784/1466
f 3572/1547/1467 3582/1476/1467 3583/1479/1467 3574/1545/1467
f 3574/4752/1468 3583/4949/1468 3581/4950/1468 3573/4751/1468
f 3764/1369/950 3774/1370/950 3775/1371/950 3766/1372/950
f 3766/1678/479 3775/4951/479 3773/4952/479 3765/1679/479
f 3356/4783/558 3362/4953/558 3364/4954/558 3358/4782/558
f 3358/1479/559 3364/2902/559 3363/2903/559 3357/1476/559
f 3332/4955/498 3338/4956/498 3340/4957/498 3334/4958/498
f 3334/1435/497 3340/1496/497 3339/1618/497 3333/1434/497
f 3333/1434/509 3342/4220/509 3343/4219/509 3334/1435/509
f 3334/4958/508 3343/4218/508 3341/4217/508 3332/4955/508
f 2546/632/1469 3017/737/1469 3019/734/1469 2550/633/1469
f 2550/633/1470 3019/734/1470 3016/733/1470 2544/634/1470
f 2545/642/802 2822/4959/802 2828/689/802 2549/629/802
f 2549/629/801 2828/689/801 2824/688/801 2546/632/801
f 2393/632/1469 3050/4960/1469 3052/760/1469 2397/633/1469
f 2397/633/1470 3052/760/1470 3049/733/1470 2394/634/1470
f 2175/690/1471 2393/632/1471 2395/629/1471 2176/689/1471
f 2176/689/802 2395/629/802 2392/628/802 2174/4961/802
f 2174/4961/802 2524/4962/802 2525/4963/802 2176/689/802
f 2176/689/1471 2525/4963/1471 2523/4964/1471 2175/690/1471
f 7252/3122/1472 7264/4965/1472 7266/4966/1472 7254/3123/1472
f 7254/3124/1473 7266/4967/1473 7265/4968/1473 7253/3125/1473
f 7220/1695/1474 7236/4969/1474 7238/4970/1474 7222/1696/1474
f 7222/1699/1475 7238/4971/1475 7237/4972/1475 7221/1700/1475
f 7148/4222/1476 7155/3137/1476 7156/3136/1476 7150/4223/1476
f 7150/4226/1477 7156/3135/1477 7154/3134/1477 7149/4227/1477
f 7197/4973/1478 7203/4236/1478 7204/4235/1478 7198/4974/1478
f 7198/4975/1479 7204/4234/1479 7202/4233/1479 7196/4976/1479
f 7196/4976/1480 7199/4977/1480 7201/4978/1480 7198/4975/1480
f 7198/4974/1481 7201/4979/1481 7200/4980/1481 7197/4973/1481
f 7380/4981/723 7392/4982/723 7394/4983/723 7382/4984/723
f 7382/4985/1482 7394/4986/1482 7393/4987/1482 7381/4988/1482
f 7381/4988/726 7384/3164/726 7385/3163/726 7382/4985/726
f 7382/4984/725 7385/3160/725 7383/3159/725 7380/4981/725
f 7301/4989/1483 7309/4990/1483 7311/4991/1483 7302/4992/1483
f 7302/4993/1484 7311/4994/1484 7310/4995/1484 7300/4996/1484
f 7300/4996/1133 7328/1744/1133 7329/1743/1133 7302/4993/1133
f 7302/4992/1485 7329/1740/1485 7327/1739/1485 7301/4989/1485
f 7276/4249/1486 7279/4997/1486 7281/4998/1486 7278/4250/1486
f 7278/4253/794 7281/4999/794 7280/5000/794 7277/4254/794
f 7356/3183/687 7365/5001/687 7367/5002/687 7358/3184/687
f 7358/3187/1330 7367/5003/1330 7366/5004/1330 7357/3188/1330
f 7428/1761/1487 7434/5005/1487 7436/5006/1487 7430/1762/1487
f 7430/1765/1488 7436/1858/1488 7435/1859/1488 7429/1766/1488
f 7405/5007/1489 7407/5008/1489 7409/5009/1489 7406/5010/1489
f 7406/1845/626 7409/1840/626 7408/1843/626 7404/1844/626
f 7404/1844/1490 7410/1782/1490 7412/1785/1490 7406/1845/1490
f 7406/5010/1004 7412/5011/1004 7411/5012/1004 7405/5007/1004
f 7453/5013/1011 7458/5014/1011 7460/5015/1011 7454/5016/1011
f 7454/3262/1491 7460/3245/1491 7459/3246/1491 7452/3263/1491
f 7452/3263/1013 7543/3264/1013 7544/3265/1013 7454/3262/1013
f 7454/5016/1014 7544/5017/1014 7542/5018/1014 7453/5013/1014
f 7740/1848/628 7767/1849/628 7769/1850/628 7742/1851/628
f 7742/3214/629 7769/5019/629 7768/5020/629 7741/3215/629
f 7717/5021/630 7768/5020/630 7769/5019/630 7718/5022/630
f 7718/1858/631 7769/1850/631 7767/1849/631 7716/1859/631
f 7716/1859/632 7722/1766/632 7724/1765/632 7718/1858/632
f 7718/5022/633 7724/5023/633 7723/5024/633 7717/5021/633
f 7524/1877/640 7527/1878/640 7529/1879/640 7526/1880/640
f 7526/3226/641 7529/5025/641 7528/5026/641 7525/3227/641
f 7477/5027/614 7501/3232/614 7502/3231/614 7478/5028/614
f 7478/1814/615 7502/1815/615 7500/1816/615 7476/1817/615
f 7476/1817/616 7482/1790/616 7484/1793/616 7478/1814/616
f 7478/5028/617 7484/5029/617 7483/5030/617 7477/5027/617
f 8004/1782/1492 8023/1783/1492 8024/1784/1492 8006/1785/1492
f 8006/3239/1493 8024/5031/1493 8022/5032/1493 8005/3240/1493
f 8029/5033/1494 8034/5034/1494 8036/5035/1494 8030/5036/1494
f 8030/1772/1495 8036/1756/1495 8035/1759/1495 8028/1773/1495
f 8028/1773/1496 8053/1873/1496 8054/1874/1496 8030/1772/1496
f 8030/5036/1497 8054/3243/1497 8052/3242/1497 8029/5033/1497
f 8292/1844/1003 8298/1782/1003 8300/1785/1003 8294/1845/1003
f 8294/4304/1004 8300/5037/1004 8299/5038/1004 8293/4305/1004
f 8340/3259/1005 8346/5039/1005 8348/5040/1005 8342/3260/1005
f 8342/3245/1006 8348/1874/1006 8347/1873/1006 8341/3246/1006
f 7812/3279/1498 7834/1804/1498 7835/1803/1498 7814/3280/1498
f 7814/3281/1499 7835/5041/1499 7833/5042/1499 7813/3282/1499
f 7789/5043/1025 7842/5044/1025 7844/5045/1025 7790/5046/1025
f 7790/3291/1026 7844/1887/1026 7843/1886/1026 7788/3292/1026
f 7788/3292/1500 7794/3228/1500 7796/3229/1500 7790/3291/1500
f 7790/5046/1501 7796/5047/1501 7795/5048/1501 7789/5043/1501
f 8365/1817/1502 8370/1790/1502 8372/1793/1502 8366/1814/1502
f 8366/5049/1503 8372/5050/1503 8371/5051/1503 8364/5052/1503
f 8077/5053/1504 8089/3252/1504 8090/3251/1504 8078/5054/1504
f 8078/5055/1505 8090/3248/1505 8088/1780/1505 8076/1781/1505
f 8076/1781/1506 8082/1868/1506 8084/1866/1506 8078/5055/1506
f 8078/5054/1507 8084/5056/1507 8083/5057/1507 8077/5053/1507
f 8364/5052/614 8373/5058/614 8375/5059/614 8366/5049/614
f 8366/1814/615 8375/1815/615 8374/1816/615 8365/1817/615
f 8100/3279/1508 8122/1804/1508 8123/1803/1508 8102/3280/1508
f 8102/3297/1509 8123/5060/1509 8121/5061/1509 8101/3298/1509
f 1926/594/1469 2105/613/1469 2107/610/1469 1930/595/1469
f 1930/595/1510 2107/610/1510 2104/609/1510 1927/596/1510
f 1925/590/1511 3051/766/1511 3054/763/1511 1928/591/1511
f 1928/591/1512 3054/763/1512 3050/762/1512 1926/594/1512
f 3189/2036/1513 3201/2008/1513 3202/2011/1513 3190/2037/1513
f 3190/5062/1138 3202/5063/1138 3200/5064/1138 3188/5065/1138
f 3141/3423/1514 3153/5066/1514 3154/2080/1514 3142/2071/1514
f 3142/5067/799 3154/5068/799 3152/5069/799 3140/5070/799
f 2054/4367/1337 2077/5071/1337 2079/361/1337 2055/4360/1337
f 2055/5072/1338 2079/5073/1338 2078/5074/1338 2053/5075/1338
f 2077/5071/1515 2096/3382/1515 2097/3383/1515 2079/361/1515
f 2079/5073/1319 2097/5076/1319 2095/5077/1319 2078/5074/1319
f 2625/2023/1516 2637/1901/1516 2638/1904/1516 2626/5078/1516
f 2626/5079/1517 2638/1905/1517 2636/1908/1517 2624/5080/1517
f 3285/1934/1518 3297/1901/1518 3298/2030/1518 3286/1935/1518
f 3286/1938/1519 3298/5081/1519 3296/5082/1519 3284/1939/1519
f 2042/4342/1520 2150/2043/1520 2152/2046/1520 2043/3437/1520
f 2043/5083/714 2152/5084/714 2151/5085/714 2041/5086/714
f 2150/2043/683 2223/5087/683 2224/2045/683 2152/2046/683
f 2152/5084/1395 2224/5088/1395 2222/5089/1395 2151/5085/1395
f 2223/5087/1521 2300/4347/1521 2301/3359/1521 2224/2045/1521
f 2224/5088/1522 2301/4348/1522 2299/4349/1522 2222/5089/1522
f 2663/3319/1333 2682/4350/1333 2683/4353/1333 2665/3320/1333
f 2665/3322/1334 2683/4354/1334 2681/4357/1334 2664/3323/1334
f 2700/4351/1482 2718/3371/1482 2719/3373/1482 2701/4352/1482
f 2701/4355/723 2719/5090/723 2717/5091/723 2699/4356/723
f 2718/3371/1047 2733/3325/1047 2734/3327/1047 2719/3373/1047
f 2719/5090/725 2734/3328/725 2732/3331/725 2717/5091/725
f 2991/5092/1523 3011/2089/1523 3012/2092/1523 2992/5093/1523
f 2992/5094/1524 3012/2093/1524 3010/2096/1524 2990/5095/1524
f 1582/5096/1525 1643/1941/1525 1644/1969/1525 1583/5097/1525
f 1583/5098/1526 1644/1970/1526 1642/1973/1526 1581/5099/1526
f 2303/5100/1314 2323/4391/1314 2325/4352/1314 2304/4353/1314
f 2304/5101/1315 2325/5102/1315 2324/5103/1315 2302/5104/1315
f 2323/4391/1482 2342/3371/1482 2343/3373/1482 2325/4352/1482
f 2325/5102/723 2343/3374/723 2341/3377/723 2324/5103/723
f 2576/3388/1527 2595/3341/1527 2596/3342/1527 2578/3343/1527
f 2578/3390/1340 2596/3394/1340 2594/3397/1340 2577/3391/1340
f 2685/1989/1528 2691/2097/1528 2692/2100/1528 2686/1990/1528
f 2686/1993/1529 2692/5105/1529 2690/5106/1529 2684/1994/1529
f 2754/5107/1530 2773/1893/1530 2774/1896/1530 2755/5108/1530
f 2755/5109/1531 2774/2004/1531 2772/2007/1531 2753/5110/1531
f 2786/1894/1532 7989/2063/1532 7991/2062/1532 2787/1895/1532
f 2787/2005/687 7991/2059/687 7990/2058/687 2785/2006/687
f 1818/3388/1533 1827/3398/1533 1828/3342/1533 1819/3343/1533
f 1819/5111/1340 1828/3399/1340 1826/3402/1340 1817/5112/1340
f 2101/2078/1534 2117/5113/1534 2119/2038/1534 2103/2079/1534
f 2103/3427/1087 2119/5114/1087 2118/5115/1087 2102/3428/1087
f 2117/5113/681 2129/2036/681 2131/2037/681 2119/2038/681
f 2119/5114/682 2131/5116/682 2130/5117/682 2118/5115/682
f 2199/5118/1535 2214/2022/1535 2215/1936/1535 2200/1927/1535
f 2200/5119/1113 2215/2024/1113 2213/2027/1113 2198/5120/1113
f 2348/3404/1056 2357/5121/1056 2358/1999/1056 2349/3405/1056
f 2349/5122/1057 2358/5123/1057 2356/5124/1057 2347/5125/1057
f 2369/1997/1328 2381/4383/1328 2382/4384/1328 2370/1998/1328
f 2370/5126/1329 2382/5127/1329 2380/5128/1329 2368/5129/1329
f 2449/2065/980 2461/5130/980 2462/2072/980 2450/2066/980
f 2450/5131/981 2462/5132/981 2460/5133/981 2448/5134/981
f 2473/2070/1331 2485/2077/1331 2486/2080/1331 2474/2071/1331
f 2474/5135/1332 2486/5136/1332 2484/5137/1332 2472/5138/1332
f 2497/2078/1534 2512/2035/1534 2513/2038/1534 2498/2079/1534
f 2498/5139/1087 2513/2039/1087 2511/2042/1087 2496/5140/1087
f 2521/2036/1090 2533/2008/1090 2534/2011/1090 2522/2037/1090
f 2522/2040/1138 2534/5141/1138 2532/5142/1138 2520/2041/1138
f 2601/5118/1354 2613/1933/1354 2614/5143/1354 2602/1927/1354
f 2602/5144/1353 2614/5145/1353 2612/5146/1353 2600/5147/1353
f 2250/5148/680 8581/2033/680 8582/2032/680 2252/5149/680
f 2252/1903/1536 8582/2029/1536 8580/2028/1536 2251/5150/1536
f 1449/3314/1537 1465/5151/1537 1466/5097/1537 1450/3315/1537
f 1450/5152/1538 1466/5153/1538 1464/5154/1538 1448/5155/1538
f 1564/1949/660 1578/1950/660 1580/1951/660 1565/1912/660
f 1565/5156/1539 1580/5157/1539 1579/5158/1539 1563/5159/1539
f 1578/1950/1540 1594/5160/1540 1596/1957/1540 1580/1951/1540
f 1580/5157/662 1596/5161/662 1595/5162/662 1579/5158/662
f 1787/3332/1541 8577/5163/1541 8579/5164/1541 1788/3335/1541
f 1788/5165/1542 8579/5166/1542 8578/5167/1542 1786/5168/1542
f 2275/5092/1543 2287/2089/1543 2288/1991/1543 2276/1982/1543
f 2276/5169/1485 2288/5170/1485 2286/5171/1485 2274/5172/1485
f 2839/2070/1514 2862/2077/1514 2863/2080/1514 2840/2071/1514
f 2840/2074/799 2863/2081/799 2861/2084/799 2838/2075/799
f 2868/2078/1544 2880/5113/1544 2881/2038/1544 2869/2079/1544
f 2869/2082/1545 2881/5173/1545 2879/5174/1545 2867/2083/1545
f 2889/2036/1513 2898/2008/1513 2899/2011/1513 2890/2037/1513
f 2890/5175/1138 2899/5176/1138 2897/5177/1138 2888/5178/1138
f 2904/5179/1546 2916/1917/1546 2917/1920/1546 2905/2010/1546
f 2905/5180/1372 2917/2085/1372 2915/2088/1372 2903/5181/1372
f 2943/5118/1535 2952/2022/1535 2953/1936/1535 2944/1927/1535
f 2944/5182/1113 2953/5183/1113 2951/5184/1113 2942/5185/1113
f 2979/5150/1547 7992/5186/1547 7994/5187/1547 2980/1903/1547
f 2980/5188/1029 7994/5189/1029 7993/5190/1029 2978/5191/1029
f 7549/5192/753 7551/5193/753 7553/5194/753 7550/5195/753
f 7550/2308/754 7553/2309/754 7552/2310/754 7548/2311/754
f 7548/2311/755 7555/2225/755 7556/2228/755 7550/2308/755
f 7550/5195/756 7556/5196/756 7554/5197/756 7549/5192/756
f 7572/2314/1548 7575/2315/1548 7577/2316/1548 7574/2317/1548
f 7574/4406/1549 7577/5198/1549 7576/5199/1549 7573/4407/1549
f 7596/2322/759 7600/2323/759 7601/2324/759 7598/2325/759
f 7598/4408/1550 7601/5200/1550 7599/5201/1550 7597/4409/1550
f 7621/2330/761 7624/2331/761 7625/2332/761 7622/2333/761
f 7622/4410/762 7625/5202/762 7623/5203/762 7620/4411/762
f 7645/2338/1551 7648/2339/1551 7649/2340/1551 7646/2341/1551
f 7646/4412/1552 7649/5204/1552 7647/5205/1552 7644/4413/1552
f 7669/2346/765 7671/2347/765 7673/2348/765 7670/2349/765
f 7670/4414/1553 7673/5206/1553 7672/5207/1553 7668/4415/1553
f 2420/2177/1384 2463/2181/1384 2465/2184/1384 2422/2178/1384
f 2422/2179/1554 2465/2185/1554 2464/2188/1554 2421/2180/1554
f 7861/2105/1555 7863/2106/1555 7865/2107/1555 7862/2108/1555
f 7862/4451/701 7865/5208/701 7864/5209/701 7860/4452/701
f 7884/2113/702 7887/2114/702 7889/2115/702 7886/2116/702
f 7886/4453/703 7889/5210/703 7888/5211/703 7885/4454/703
f 7908/2121/1556 7911/2122/1556 7913/2123/1556 7910/2124/1556
f 7910/4455/705 7913/5212/705 7912/5213/705 7909/4456/705
f 7933/2129/1557 7936/2130/1557 7937/2131/1557 7934/2132/1557
f 7934/4457/707 7937/5214/707 7935/5215/707 7932/4458/707
f 7956/2137/708 7960/2138/708 7961/2139/708 7958/2140/708
f 7958/4459/709 7961/5216/709 7959/5217/709 7957/4460/709
f 7981/2145/710 7983/2146/710 7985/2147/710 7982/2148/710
f 7982/4461/711 7985/5218/711 7984/5219/711 7980/4462/711
f 1615/5220/1310 1672/2273/1310 1674/2276/1310 1617/5221/1310
f 1617/5222/1558 1674/2277/1558 1673/2279/1558 1616/2159/1558
f 1977/2281/662 2029/5223/662 2031/2178/662 1979/2171/662
f 1979/2283/718 2031/5224/718 2030/2180/718 1978/2175/718
f 2029/5223/1384 2068/5225/1384 2070/2184/1384 2031/2178/1384
f 2031/5224/1554 2070/2185/1554 2069/2188/1554 2030/2180/1554
f 8149/2226/1091 8151/3531/1091 8153/3532/1091 8150/2227/1091
f 8150/4488/1092 8153/5226/1092 8152/5227/1092 8148/4489/1092
f 8172/2234/1559 8175/3535/1559 8177/3536/1559 8174/2235/1559
f 8174/2238/1560 8177/5228/1560 8176/5229/1560 8173/4490/1560
f 8196/2242/1561 8200/3539/1561 8201/3540/1561 8198/2243/1561
f 8198/4491/1096 8201/3541/1096 8199/5230/1096 8197/4492/1096
f 8221/2250/1097 8224/3543/1097 8225/3544/1097 8222/2251/1097
f 8222/4493/1098 8225/5231/1098 8223/5232/1098 8220/4494/1098
f 8244/2258/1099 8248/3547/1099 8249/3548/1099 8246/2259/1099
f 8246/4495/1562 8249/5233/1562 8247/5234/1562 8245/4496/1562
f 8268/2266/1563 8272/5235/1563 8273/3552/1563 8270/2267/1563
f 8270/4497/1102 8273/5236/1102 8271/5237/1102 8269/4498/1102
f 1494/5238/712 1521/5239/712 1523/5240/712 1496/2156/712
f 1496/5241/713 1523/2158/713 1522/2159/713 1495/2160/713
f 1521/5239/1564 1551/5242/1564 1553/5243/1564 1523/5240/1564
f 1523/2158/665 1553/5244/665 1552/2279/665 1522/2159/665
f 1609/4500/1565 1639/3641/1565 1641/3644/1565 1611/4501/1565
f 1611/3567/1566 1641/3645/1566 1640/3476/1566 1610/2167/1566
f 1657/3642/1371 1684/2280/1371 1686/2172/1371 1659/3643/1371
f 1659/3646/1044 1686/2173/1044 1685/2176/1044 1658/3475/1044
f 1941/2411/725 1956/4563/725 1958/4564/725 1943/2412/725
f 1943/5245/1398 1958/5246/1398 1957/2208/1398 1942/2203/1398
f 2065/5247/1319 2083/2362/1319 2085/2365/1319 2067/5248/1319
f 2067/5249/1567 2085/2366/1567 2084/2369/1567 2066/2292/1567
f 8460/2315/1116 8463/2233/1116 8465/2236/1116 8462/2316/1116
f 8462/4546/1117 8465/5250/1117 8464/5251/1117 8461/4547/1117
f 8484/2323/1118 8488/2241/1118 8489/2244/1118 8486/2324/1118
f 8486/4548/1119 8489/5252/1119 8487/5253/1119 8485/4549/1119
f 8509/2331/1568 8512/2249/1568 8513/2252/1568 8510/2332/1568
f 8510/4550/1121 8513/5254/1121 8511/5255/1121 8508/4551/1121
f 8533/2339/1122 8535/2257/1122 8537/2260/1122 8534/2340/1122
f 8534/4552/1123 8537/5256/1123 8536/5257/1123 8532/4553/1123
f 8557/2347/1124 8560/2265/1124 8561/2268/1124 8558/2348/1124
f 8558/4554/1125 8561/5258/1125 8559/5259/1125 8556/2352/1125
f 8436/4542/1126 8574/2404/1126 8576/2403/1126 8438/4543/1126
f 8438/3635/1127 8576/2401/1127 8575/2400/1127 8437/3636/1127
f 1433/5260/1369 1458/3697/1369 1460/3700/1369 1435/3557/1369
f 1435/5261/1370 1460/2157/1370 1459/2160/1370 1434/3561/1370
f 1633/4560/721 1645/5262/721 1647/2191/721 1635/4561/721
f 1635/4562/722 1647/5263/722 1646/2195/722 1634/2196/722
f 3144/5264/351 3212/5265/351 3214/5266/351 3145/5267/351
f 3145/889/805 3214/1144/805 3213/1145/805 3143/892/805
f 3143/892/415 3162/850/415 3163/849/415 3145/889/415
f 3145/5267/416 3163/846/416 3161/845/416 3144/5264/416
f 3887/2476/1569 3896/5268/1569 3898/5269/1569 3889/2477/1569
f 3889/2479/1570 3898/5270/1570 3897/1153/1570 3888/1145/1570
f 3864/5271/365 3872/5272/365 3874/5273/365 3865/5274/365
f 3865/947/366 3874/996/366 3873/851/366 3863/942/366
f 3863/942/367 3869/943/367 3871/1117/367 3865/947/367
f 3865/5274/368 3871/5275/368 3870/5276/368 3864/5271/368
f 3191/3742/1571 3204/4595/1571 3205/4594/1571 3193/3743/1571
f 3193/1060/1572 3205/1061/1572 3203/1219/1572 3192/1059/1572
f 3287/864/346 3306/2533/346 3307/866/346 3289/867/346
f 3289/2488/347 3307/5277/347 3305/5278/347 3288/2489/347
f 3504/5279/839 3506/5280/839 3508/5281/839 3505/5282/839
f 3505/1012/840 3508/2612/840 3507/2540/840 3503/1013/840
f 3503/1013/382 3519/1014/382 3520/1011/382 3505/1012/382
f 3505/5282/381 3520/2497/381 3518/2500/381 3504/5279/381
f 4775/1106/1573 4842/1043/1573 4843/1107/1573 4777/1108/1573
f 4777/4624/411 4843/2518/411 4841/2517/411 4776/4625/411
f 4584/5283/409 4586/5284/409 4588/5285/409 4585/5286/409
f 4585/837/408 4588/4745/408 4587/4746/408 4583/838/408
f 4583/838/1175 4590/839/1175 4591/978/1175 4585/837/1175
f 4585/5286/378 4591/4614/378 4589/4613/378 4584/5283/378
f 4559/3763/368 4562/5287/368 4564/5288/368 4561/3764/368
f 4561/944/367 4564/941/367 4563/942/367 4560/943/367
f 4751/984/379 4788/985/379 4789/986/379 4753/2511/379
f 4753/2552/380 4789/2556/380 4787/2555/380 4752/2553/380
f 5880/1145/1169 5898/892/1169 5899/1129/1169 5881/3751/1169
f 5881/5289/1168 5899/3777/1168 5897/3776/1168 5879/5290/1168
f 6743/2561/399 6749/5291/399 6751/5292/399 6745/2562/399
f 6745/2565/388 6751/1032/388 6750/1033/388 6744/2566/388
f 6072/5293/363 6092/954/363 6094/953/363 6073/5294/363
f 6073/1094/364 6094/866/364 6093/865/364 6071/936/364
f 6071/936/423 6077/968/423 6079/2494/423 6073/1094/423
f 6073/5294/374 6079/5295/374 6078/5296/374 6072/5293/374
f 6335/860/1193 6344/3817/1193 6346/2612/1193 6337/861/1193
f 6337/3786/825 6346/5297/825 6345/5298/825 6336/3787/825
f 6768/5299/826 6771/4641/826 6772/4640/826 6769/5300/826
f 6769/898/1186 6772/1117/1186 6770/943/1186 6767/899/1186
f 6767/899/354 6780/984/354 6781/987/354 6769/898/354
f 6769/5300/353 6781/988/353 6779/991/353 6768/5299/353
f 6791/1051/1414 6794/1219/1414 6796/1218/1414 6793/1122/1414
f 6793/3799/829 6796/5301/829 6795/5302/829 6792/3800/829
f 6504/5303/839 6521/3806/839 6523/3805/839 6505/5304/839
f 6505/1012/849 6523/2612/849 6522/2540/849 6503/1013/849
f 6503/1013/382 6525/1014/382 6526/1099/382 6505/1012/382
f 6505/5304/381 6526/5305/381 6524/5306/381 6504/5303/381
f 6719/2610/825 6722/5307/825 6724/5308/825 6721/2611/825
f 6721/2612/1193 6724/861/1193 6723/860/1193 6720/2540/1193
f 7008/5309/363 7019/5310/363 7021/5311/363 7009/5312/363
f 7009/933/372 7021/934/372 7020/935/372 7007/936/372
f 7007/936/423 7026/968/423 7027/2494/423 7009/933/423
f 7009/5312/1574 7027/5313/1574 7025/5314/1574 7008/5309/1574
f 6984/5315/355 6992/5316/355 6994/5317/355 6985/5318/355
f 6985/2757/356 6994/905/356 6993/2591/356 6983/907/356
f 6983/907/350 6999/884/350 7000/909/350 6985/2757/350
f 6985/5318/349 7000/4648/349 6998/4647/349 6984/5315/349
f 6935/2593/1434 6947/5319/1434 6949/5320/1434 6937/2594/1434
f 6937/848/1435 6949/997/1435 6948/2480/1435 6936/851/1435
f 4535/2621/380 4539/5321/380 4540/5322/380 4537/2622/380
f 4537/986/379 4540/5323/379 4538/5324/379 4536/985/379
f 4608/5325/381 4622/4657/381 4624/4656/381 4609/5326/381
f 4609/1011/1575 4624/2670/1575 4623/1013/1575 4607/1014/1575
f 4607/1014/1176 4616/918/1176 4618/917/1176 4609/1011/1176
f 4609/5326/813 4618/5327/813 4617/5328/813 4608/5325/813
f 5903/1059/444 5916/1106/444 5917/1108/444 5905/1060/444
f 5905/1087/441 5917/5329/441 5915/5330/441 5904/1088/441
f 5855/3843/360 5861/5331/360 5863/5332/360 5857/3844/360
f 5857/867/404 5863/916/404 5862/919/404 5856/864/404
f 5831/4663/811 5834/5333/811 5836/5334/811 5833/4664/811
f 5833/882/1576 5836/905/1576 5835/906/1576 5832/883/1576
f 5879/5290/1183 5888/5335/1183 5890/5336/1183 5881/5289/1183
f 5881/3751/1577 5890/2524/1577 5889/1153/1577 5880/1145/1577
f 5447/3845/825 5492/2655/825 5494/2654/825 5449/3846/825
f 5449/2612/844 5494/861/844 5493/860/844 5448/2540/844
f 5400/5337/376 5403/2665/376 5404/2664/376 5401/5338/376
f 5401/3877/375 5404/909/375 5402/884/375 5399/3901/375
f 5399/3901/385 5412/1024/385 5413/1025/385 5401/3877/385
f 5401/5338/386 5413/1102/386 5411/1105/386 5400/5337/386
f 5423/839/338 5429/5339/338 5431/841/338 5425/836/338
f 5425/3852/339 5431/5340/339 5430/5341/339 5424/3853/339
f 5016/860/1578 5049/2540/1578 5050/2612/1578 5017/5342/1578
f 5017/5343/1579 5050/2668/1579 5048/2667/1579 5015/5344/1579
f 5039/4673/813 5051/2672/813 5053/2671/813 5041/4674/813
f 5041/2487/1176 5053/1011/1176 5052/1014/1176 5040/918/1176
f 5616/5345/826 5619/4682/826 5620/4681/826 5617/5346/826
f 5617/898/827 5620/944/827 5618/943/827 5615/899/827
f 5615/899/354 5624/984/354 5626/987/354 5617/898/354
f 5617/5346/353 5626/5347/353 5625/5348/353 5616/5345/353
f 5664/5349/845 5718/1111/845 5719/1110/845 5665/5350/845
f 5665/1032/393 5719/1107/393 5717/1043/393 5663/1033/393
f 5663/1033/861 5682/858/861 5683/1070/861 5665/1032/861
f 5665/5350/399 5683/1115/399 5681/1114/399 5664/5349/399
f 6143/2678/438 6149/5351/438 6151/5352/438 6145/2679/438
f 6145/1060/439 6151/1218/439 6150/1058/439 6144/1059/439
f 6576/5353/826 6579/3863/826 6580/3862/826 6577/5354/826
f 6577/3738/1186 6580/1117/1186 6578/943/1186 6575/899/1186
f 6575/899/354 6584/984/354 6586/2511/354 6577/3738/354
f 6577/5354/353 6586/5355/353 6585/5356/353 6576/5353/353
f 6552/5357/441 6572/4695/441 6574/4698/441 6553/5358/441
f 6553/1234/444 6574/1060/444 6573/1059/444 6551/1106/444
f 6551/1106/410 6554/1043/410 6556/1107/410 6553/1234/410
f 6553/5358/1167 6556/5359/1167 6555/5360/1167 6552/5357/1167
f 6047/4700/339 6053/5361/339 6055/5362/339 6049/4701/339
f 6049/841/1580 6055/978/1580 6054/839/1580 6048/840/1580
f 5688/1013/1581 5709/1014/1581 5710/5363/1581 5689/5364/1581
f 5689/5365/1582 5710/5366/1582 5708/5367/1582 5687/5368/1582
f 5687/5368/1583 5705/5369/1583 5707/5370/1583 5689/5365/1583
f 5689/5364/1584 5707/5371/1584 5706/2540/1584 5688/1013/1584
f 5640/5372/339 5660/2705/339 5662/2704/339 5641/5373/339
f 5641/841/338 5662/978/338 5661/839/338 5639/840/338
f 5639/840/863 5646/1153/863 5647/1154/863 5641/841/863
f 5641/5373/857 5647/4710/857 5645/4709/857 5640/5372/857
f 5184/5374/351 5214/2715/351 5215/2714/351 5185/5375/351
f 5185/889/352 5215/890/352 5213/891/352 5183/892/352
f 5183/892/415 5190/998/415 5191/997/415 5185/889/415
f 5185/5375/416 5191/3872/416 5189/3871/416 5184/5374/416
f 4800/5376/345 4802/5377/345 4804/5378/345 4801/5379/345
f 4801/861/436 4804/3830/436 4803/859/436 4799/860/436
f 4799/860/844 4818/2540/844 4819/2612/844 4801/861/844
f 4801/5379/825 4819/2720/825 4817/2719/825 4800/5376/825
f 4824/5380/357 4829/5381/357 4831/5382/357 4825/5383/357
f 4825/1077/403 4831/2487/403 4830/918/403 4823/919/403
f 4823/919/404 4826/864/404 4828/1078/404 4825/1077/404
f 4825/5383/360 4828/5384/360 4827/5385/360 4824/5380/360
f 4967/984/1585 4973/985/1585 4975/986/1585 4969/987/1585
f 4969/2726/380 4975/5386/380 4974/5387/380 4968/2727/380
f 4992/5388/438 5001/3882/438 5002/3881/438 4993/5389/438
f 4993/4623/439 5002/1218/439 5000/1219/439 4991/1059/439
f 4991/1059/1413 4994/1106/1413 4996/1108/1413 4993/4623/1413
f 4993/5389/441 4996/5390/441 4995/5391/441 4992/5388/441
f 5015/5344/1586 5018/5392/1586 5020/5393/1586 5017/5343/1586
f 5017/5342/1587 5020/5394/1587 5019/859/1587 5016/860/1587
f 4319/3907/1588 4328/5395/1588 4330/5396/1588 4321/3908/1588
f 4321/3751/1589 4330/1154/1589 4329/1153/1589 4320/1145/1589
f 4103/3748/1183 4112/5397/1183 4114/5398/1183 4105/3749/1183
f 4105/3751/1590 4114/2524/1590 4113/1153/1590 4104/1145/1590
f 3720/5399/1196 3722/5400/1196 3724/5401/1196 3721/5402/1196
f 3721/1012/840 3724/2612/840 3723/3817/840 3719/1013/840
f 3719/1013/1197 3735/1014/1197 3736/1011/1197 3721/1012/1197
f 3721/5402/381 3736/2753/381 3734/2756/381 3720/5399/381
f 3672/5403/1591 3692/2767/1591 3694/2766/1591 3673/5404/1591
f 3673/1152/1592 3694/836/1592 3693/839/1592 3671/840/1592
f 3671/840/1593 3678/1153/1593 3679/1154/1593 3673/1152/1593
f 3673/5404/1594 3679/4748/1594 3677/4747/1594 3672/5403/1594
f 3648/5405/369 3653/5406/369 3655/5407/369 3649/5408/369
f 3649/947/366 3655/996/366 3654/851/366 3647/942/366
f 3647/942/367 3650/943/367 3652/1117/367 3649/947/367
f 3649/5408/1411 3652/5409/1411 3651/5410/1411 3648/5405/1411
f 3456/5411/1595 3477/2783/1595 3478/2782/1595 3457/5412/1595
f 3457/5413/1596 3478/836/1596 3476/839/1596 3455/840/1596
f 3455/840/858 3462/1153/858 3463/2524/858 3457/5413/858
f 3457/5412/857 3463/4750/857 3461/4749/857 3456/5411/857
f 3432/5414/369 3437/5415/369 3439/5416/369 3433/5417/369
f 3433/947/366 3439/848/366 3438/876/366 3431/942/366
f 3431/942/367 3434/943/367 3436/1117/367 3433/947/367
f 3433/5417/1411 3436/5418/1411 3435/5419/1411 3432/5414/1411
f 3575/5420/1597 3642/2832/1597 3643/2831/1597 3577/5421/1597
f 3577/4051/1598 3643/1366/1598 3641/1367/1598 3576/5422/1598
f 3576/5422/1231 3579/1262/1231 3580/1261/1231 3577/4051/1231
f 3577/5421/550 3580/1258/550 3578/1257/550 3575/5420/550
f 3551/5423/466 3557/3919/466 3559/3918/466 3553/5424/466
f 3553/1331/467 3559/1332/467 3558/1333/467 3552/1334/467
f 3552/1334/468 3561/1288/468 3562/1291/468 3553/1331/468
f 3553/5424/469 3562/5425/469 3560/5426/469 3551/5423/469
f 4200/2808/478 4209/1333/478 4210/1332/478 4201/1277/478
f 4201/2809/479 4210/5427/479 4208/5428/479 4199/2810/479
f 3839/4762/472 3845/1302/472 3847/1301/472 3841/4763/472
f 3841/1523/473 3847/1298/473 3846/1297/473 3840/1524/473
f 3815/4768/543 3852/2816/543 3853/2815/543 3817/4769/543
f 3817/1534/914 3853/1445/914 3851/1444/914 3816/1535/914
f 3623/4772/472 3632/1315/472 3634/1314/472 3625/4773/472
f 3625/1523/473 3634/1313/473 3633/1312/473 3624/1524/473
f 3600/1536/474 3606/1537/474 3607/1538/474 3601/1533/474
f 3601/4780/475 3607/2829/475 3605/2828/475 3599/4781/475
f 3407/4785/1599 3416/1323/1599 3418/1322/1599 3409/4786/1599
f 3409/1349/1600 3418/1313/1600 3417/1321/1600 3408/1352/1600
f 4848/1685/454 4851/1276/454 4852/1277/454 4849/1684/454
f 4849/5429/879 4852/5430/879 4850/5431/879 4847/5432/879
f 4488/1389/484 4497/1390/484 4498/1391/484 4489/1392/484
f 4489/5433/485 4498/5434/485 4496/5435/485 4487/5436/485
f 4463/5437/543 4503/3966/543 4504/3965/543 4465/5438/543
f 4465/1534/544 4504/1445/544 4502/1444/544 4464/1535/544
f 4464/1535/545 4467/1536/545 4468/1533/545 4465/1534/545
f 4465/5438/529 4468/5439/529 4466/5440/529 4463/5437/529
f 4415/5441/498 4421/5442/498 4423/5443/498 4417/5444/498
f 4417/1465/497 4423/1432/497 4422/1433/497 4416/1466/497
f 4416/1466/509 4425/1467/509 4426/1464/509 4417/1465/509
f 4417/5444/508 4426/4793/508 4424/4792/508 4415/5441/508
f 4223/5445/531 4236/4795/531 4237/4794/531 4225/5446/531
f 4225/1545/532 4237/1419/532 4235/1418/532 4224/1547/532
f 4224/1547/913 4230/4073/913 4231/4071/913 4225/1545/913
f 4225/5446/558 4231/5447/558 4229/5448/558 4223/5445/558
f 4272/5449/462 4289/5450/462 4291/5451/462 4273/5452/462
f 4273/1308/463 4291/1665/463 4290/1664/463 4271/5453/463
f 4271/5453/464 4284/1321/464 4285/1313/464 4273/1308/464
f 4273/5452/461 4285/5454/461 4283/5455/461 4272/5449/461
f 4247/5456/529 4253/5457/529 4255/5458/529 4249/5459/529
f 4249/1533/545 4255/1534/545 4254/1535/545 4248/1536/545
f 4248/1536/474 4260/1354/474 4261/1355/474 4249/1533/474
f 4249/5459/475 4261/3980/475 4259/3979/475 4247/5456/475
f 4871/2859/451 4889/5460/451 4891/5461/451 4873/2860/451
f 4873/1265/875 4891/1260/875 4890/1263/875 4872/1264/875
f 4847/5432/876 4853/5462/876 4855/5463/876 4849/5429/876
f 4849/1684/453 4855/1469/453 4854/1468/453 4848/1685/453
f 4656/5464/558 4658/5465/558 4660/5466/558 4657/5467/558
f 4657/4071/559 4660/1545/559 4659/1547/559 4655/4073/559
f 4655/4073/512 4674/1477/512 4675/1478/512 4657/4071/512
f 4657/5467/561 4675/3986/561 4673/3989/561 4656/5464/561
f 4679/2880/895 4695/3056/895 4696/3055/895 4681/2877/895
f 4681/3987/896 4696/5468/896 4694/5469/896 4680/3988/896
f 4704/5470/486 4706/5471/486 4708/5472/486 4705/5473/486
f 4705/1522/487 4708/1523/487 4707/1524/487 4703/4775/487
f 5975/3996/531 5981/1421/531 5983/1420/531 5977/3997/531
f 5977/1545/912 5983/1419/912 5982/1418/912 5976/1547/912
f 6000/5474/457 6005/2882/457 6007/2881/457 6001/5475/457
f 6001/1282/456 6007/1283/456 6006/1280/456 5999/1281/456
f 5999/1281/935 6039/1663/935 6040/2888/935 6001/1282/935
f 6001/5475/565 6040/2885/565 6038/2884/565 6000/5474/565
f 6215/5476/876 6221/5477/876 6223/5478/876 6217/5479/876
f 6217/1272/877 6223/1273/877 6222/1274/877 6216/1275/877
f 6216/1275/878 6225/2808/878 6226/1277/878 6217/1272/878
f 6217/5479/879 6226/5480/879 6224/5481/879 6215/5476/879
f 5807/4007/472 5811/2952/472 5812/2951/472 5809/4008/472
f 5809/1349/562 5812/1298/562 5810/1351/562 5808/1352/562
f 5783/4013/543 5813/1447/543 5815/1446/543 5785/4014/543
f 5785/1534/544 5815/1445/544 5814/1444/544 5784/1535/544
f 5759/5482/476 5826/1453/476 5827/1452/476 5761/5483/476
f 5761/1365/1230 5827/1366/1230 5825/1367/1230 5760/1368/1230
f 5760/1368/936 5766/1262/936 5767/1261/936 5761/1365/936
f 5761/5483/550 5767/1456/550 5765/1455/550 5759/5482/550
f 6648/5484/1218 6696/1482/1218 6697/1481/1218 6649/5485/1218
f 6649/2908/901 6697/2878/901 6695/2879/901 6647/2909/901
f 6647/2909/895 6666/1280/895 6667/1489/895 6649/2908/895
f 6649/5485/896 6667/1486/896 6665/1485/896 6648/5484/896
f 6839/5486/466 6842/4041/466 6844/4040/466 6841/5487/466
f 6841/1331/467 6844/1332/467 6843/1333/467 6840/1334/467
f 6840/1334/468 6845/1288/468 6847/1291/468 6841/1331/468
f 6841/5487/469 6847/5488/469 6846/5489/469 6839/5486/469
f 6864/1476/512 6924/1477/512 6925/1478/512 6865/1479/512
f 6865/4045/561 6925/2926/561 6923/2925/561 6863/4046/561
f 6888/5490/933 6893/2930/933 6895/2929/933 6889/5491/933
f 6889/5492/1601 6895/1283/1601 6894/1280/1601 6887/1281/1601
f 6887/1281/1602 6918/1663/1602 6919/2967/1602 6889/5492/1602
f 6889/5491/1603 6919/2964/1603 6917/2963/1603 6888/5490/1603
f 8703/2979/482 8706/5493/482 8708/5494/482 8705/2980/482
f 8705/2981/1604 8708/5495/1604 8707/5496/1604 8704/2982/1604
f 6455/5497/486 6458/5498/486 6460/5499/486 6457/5500/486
f 6457/1522/487 6460/1523/487 6459/1524/487 6456/4775/487
f 6456/4775/527 6465/1390/527 6466/1526/527 6457/1522/527
f 6457/5500/542 6466/5501/542 6464/5502/542 6455/5497/542
f 6432/5503/543 6471/4060/543 6472/4059/543 6433/5504/543
f 6433/1534/914 6472/1445/914 6470/1444/914 6431/1535/914
f 6431/1535/1244 6435/1536/1244 6436/1533/1244 6433/1534/1244
f 6433/5504/529 6436/5505/529 6434/5506/529 6432/5503/529
f 6191/4077/568 6209/5507/568 6211/5508/568 6193/4078/568
f 6193/1309/1605 6211/1660/1605 6210/1663/1605 6192/1310/1605
f 6023/1559/1606 6027/4088/1606 6028/4087/1606 6025/1560/1606
f 6025/1563/1607 6028/4086/1607 6026/1402/1607 6024/1564/1607
f 1428/5509/1608 8707/5496/1608 8708/5495/1608 1429/5510/1608
f 1429/3083/1609 8708/5494/1609 8706/5493/1609 1427/4940/1609
f 1427/4940/1460 1461/5511/1460 1463/3074/1460 1429/3083/1460
f 1429/5510/1610 1463/5512/1610 1462/5513/1610 1428/5509/1610
f 6816/5514/528 6821/5515/528 6823/5516/528 6817/5517/528
f 6817/1526/527 6823/1522/527 6822/1525/527 6815/1390/527
f 6815/1390/1236 6818/5518/1236 6820/5519/1236 6817/1526/1236
f 6817/5517/489 6820/5520/489 6819/5521/489 6816/5514/489
f 6672/5522/1611 6692/5523/1611 6694/5524/1611 6673/5525/1611
f 6673/1308/932 6694/5526/932 6693/1310/932 6671/1311/932
f 6671/1311/464 6684/1312/464 6685/1313/464 6673/1308/464
f 6673/5525/461 6685/5527/461 6683/5528/461 6672/5522/461
f 6384/1369/478 6396/1370/478 6397/1371/478 6385/1372/478
f 6385/2970/479 6397/5529/479 6395/5530/479 6383/2971/479
f 6408/1289/907 6423/1546/907 6424/1419/907 6409/1290/907
f 6409/2973/525 6424/1543/525 6422/1542/525 6407/2974/525
f 5951/4117/1612 5960/5531/1612 5962/5532/1612 5953/4118/1612
f 5953/1432/1613 5962/1265/1613 5961/1264/1613 5952/1433/1613
f 4703/4775/527 4709/1390/527 4711/1526/527 4705/1522/527
f 4705/5473/542 4711/5533/542 4710/5534/542 4704/5470/542
f 4728/5535/550 4733/5536/550 4735/5537/550 4729/5538/550
f 4729/3064/551 4735/1365/551 4734/1368/551 4727/3063/551
f 4727/3063/552 4730/1613/552 4732/1605/552 4729/3064/552
f 4729/5538/448 4732/5539/448 4731/5540/448 4728/5535/448
f 4056/5541/499 4070/5542/499 4072/5543/499 4057/5544/499
f 4057/3963/1614 4072/1404/1614 4071/1403/1614 4055/3964/1614
f 4055/3964/881 4077/1444/881 4078/1445/881 4057/3963/881
f 4057/5544/502 4078/3002/502 4076/3001/502 4056/5541/502
f 1416/5545/919 1792/5546/919 1794/5547/919 1417/5548/919
f 1417/1593/1615 1794/1554/1615 1793/5549/1615 1415/5550/1615
f 1415/5550/548 8583/5551/548 8585/5552/548 1417/1593/548
f 1417/5548/549 8585/5553/549 8584/5554/549 1416/5545/549
f 3384/1536/922 3390/1537/922 3391/1538/922 3385/1533/922
f 3385/4896/1453 3391/3014/1453 3389/3013/1453 3383/4897/1453
f 3359/4135/1616 3426/3017/1616 3427/3016/1616 3361/4136/1616
f 3361/4051/1230 3427/1366/1230 3425/1367/1230 3360/4052/1230
f 5735/5555/466 5741/4140/466 5743/4139/466 5737/5556/466
f 5737/1331/467 5743/1371/467 5742/1370/467 5736/1334/467
f 5736/1334/1617 5745/1288/1617 5746/1291/1617 5737/1331/1617
f 5737/5556/1235 5746/5557/1235 5744/5558/1235 5735/5555/1235
f 8679/4852/482 8683/3085/482 8684/3084/482 8681/4853/482
f 8681/4854/483 8684/3081/483 8682/3080/483 8680/4855/483
f 4439/5559/1618 4445/5560/1618 4447/5561/1618 4441/5562/1618
f 4441/5563/1619 4447/5564/1619 4446/1547/1619 4440/1476/1619
f 4440/1476/512 4512/1477/512 4513/1478/512 4441/5563/512
f 4441/5562/561 4513/4920/561 4511/4919/561 4439/5559/561
f 4487/5436/1620 4490/5565/1620 4492/5566/1620 4489/5433/1620
f 4489/1392/1621 4492/1635/1621 4491/1352/1621 4488/1389/1621
f 8655/4803/490 8659/5567/490 8660/5568/490 8657/4804/490
f 8657/4806/1445 8660/5569/1445 8658/5570/1445 8656/4807/1445
f 5592/5571/494 5606/5572/494 5608/5573/494 5593/5574/494
f 5593/1366/493 5608/1423/493 5607/1422/493 5591/1367/493
f 5591/1367/477 5595/2987/477 5596/1365/477 5593/1366/477
f 5593/5574/476 5596/4156/476 5594/4155/476 5592/5571/476
f 4919/5575/462 4925/5576/462 4927/5577/462 4921/5578/462
f 4921/1299/463 4927/1665/463 4926/1664/463 4920/2939/463
f 4920/2939/464 4941/1351/464 4942/1298/464 4921/1299/464
f 4921/5578/461 4942/1633/461 4940/1632/461 4919/5575/461
f 5063/5579/876 5069/5580/876 5071/5581/876 5065/5582/876
f 5065/1684/453 5071/1469/453 5070/1468/453 5064/1685/453
f 5064/1685/454 5073/1509/454 5074/1372/454 5065/1684/454
f 5065/5582/879 5074/5583/879 5072/5584/879 5063/5579/879
f 5088/1288/872 5097/1289/872 5098/1290/872 5089/1291/872
f 5089/3094/873 5098/5585/873 5096/5586/873 5087/3095/873
f 8607/1596/482 8610/5587/482 8612/1384/482 8609/1597/482
f 8609/1598/483 8612/5588/483 8611/5589/483 8608/1599/483
f 8632/5590/490 8635/3983/490 8636/3982/490 8633/5591/490
f 8633/5592/470 8636/2789/470 8634/3981/470 8631/5593/470
f 4631/4941/511 4646/5594/511 4648/5595/511 4633/4942/511
f 4633/1469/510 4648/1464/510 4647/1467/510 4632/1468/510
f 8583/5551/482 8586/1381/482 8588/1384/482 8585/5552/482
f 8585/5553/1604 8588/5596/1604 8587/5597/1604 8584/5554/1604
f 4007/3097/508 4013/5598/508 4015/5599/508 4009/3098/508
f 4009/1464/1246 4015/1465/1246 4014/1466/1246 4008/1467/1246
f 3791/5600/476 3858/3103/476 3859/3102/476 3793/5601/476
f 3793/4051/1230 3859/1366/1230 3857/1367/1230 3792/4052/1230
f 3792/4052/1231 3798/1262/1231 3799/1261/1231 3793/4051/1231
f 3793/5601/550 3799/1670/550 3797/1669/550 3791/5600/550
f 3767/3107/908 3804/3105/908 3805/3104/908 3769/3108/908
f 3769/1465/497 3805/1496/497 3803/1618/497 3768/1466/497
f 3336/5602/466 3344/3111/466 3346/3110/466 3337/5603/466
f 3337/1331/467 3346/1332/467 3345/1333/467 3335/1334/467
f 3335/1334/1622 3372/1288/1622 3373/1291/1622 3337/1331/1622
f 3337/5603/469 3373/3114/469 3371/3113/469 3336/5602/469
f 2841/691/572 2856/707/572 2859/708/572 2844/692/572
f 2844/697/571 2859/705/571 2855/704/571 2842/695/571
f 7224/5604/1623 7230/772/1623 7232/775/1623 7225/5605/1623
f 7225/5606/1624 7232/769/1624 7229/768/1624 7223/5607/1624
f 7223/5607/1625 7237/4972/1625 7238/4971/1625 7225/5606/1625
f 7225/5605/1626 7238/4970/1626 7236/4969/1626 7224/5604/1626
f 7151/4229/1627 7157/5608/1627 7159/5609/1627 7153/4230/1627
f 7153/4231/1628 7159/5610/1628 7158/5611/1628 7152/4232/1628
f 7176/5612/1629 7178/5613/1629 7180/5614/1629 7177/5615/1629
f 7177/5616/1630 7180/5617/1630 7179/5618/1630 7175/5619/1630
f 7175/5619/1631 7188/5620/1631 7189/5621/1631 7177/5616/1631
f 7177/5615/1632 7189/5622/1632 7187/5623/1632 7176/5612/1632
f 7199/4977/1633 7226/5624/1633 7228/5625/1633 7201/4978/1633
f 7201/4979/1634 7228/5626/1634 7227/5627/1634 7200/4980/1634
f 7256/5628/1635 7258/5629/1635 7260/5630/1635 7257/5631/1635
f 7257/5632/1636 7260/5633/1636 7259/5634/1636 7255/5635/1636
f 7255/5635/1637 7261/5636/1637 7263/5637/1637 7257/5632/1637
f 7257/5631/1638 7263/5638/1638 7262/5639/1638 7256/5628/1638
f 2842/695/1639 7338/800/1639 7341/803/1639 2846/696/1639
f 2846/5640/1640 7341/797/1640 7337/796/1640 2843/5641/1640
f 7303/5642/1041 7306/5643/1041 7308/5644/1041 7305/5645/1041
f 7305/5646/1641 7308/5647/1641 7307/5648/1641 7304/5649/1641
f 7304/5649/1642 7310/4995/1642 7311/4994/1642 7305/5646/1642
f 7305/5645/1043 7311/4991/1043 7309/4990/1043 7303/5642/1043
f 7279/4997/1059 7282/5650/1059 7284/5651/1059 7281/4998/1059
f 7281/4999/1643 7284/4592/1643 7283/5652/1643 7280/5000/1643
f 7360/4260/1644 7362/5653/1644 7364/5654/1644 7361/4261/1644
f 7361/4262/799 7364/5655/799 7363/5656/799 7359/4263/799
f 7407/5008/1645 7413/5657/1645 7415/5658/1645 7409/5009/1645
f 7409/1840/625 7415/1841/625 7414/1842/625 7408/1843/625
f 7479/4269/1300 7542/5018/1300 7544/5017/1300 7481/4270/1300
f 7481/4273/1299 7544/3265/1299 7543/3264/1299 7480/4274/1299
f 7719/4276/1276 7726/1788/1276 7727/1787/1276 7721/4277/1276
f 7721/3200/1277 7727/1784/1277 7725/1783/1277 7720/3201/1277
f 7504/5659/1646 7539/5660/1646 7541/5661/1646 7505/5662/1646
f 7505/3277/1018 7541/5663/1018 7540/1869/1018 7503/3278/1018
f 7503/3278/1019 7509/3279/1019 7511/3280/1019 7505/3277/1019
f 7505/5662/1020 7511/5664/1020 7510/5665/1020 7504/5659/1020
f 7527/1878/1021 7530/3283/1021 7532/3284/1021 7529/1879/1021
f 7529/5025/1022 7532/5666/1022 7531/5667/1022 7528/5026/1022
f 7456/5668/618 7545/5669/618 7547/5670/618 7457/5671/618
f 7457/1824/619 7547/1825/619 7546/1826/619 7455/1827/619
f 7455/1827/620 7462/1828/620 7463/1829/620 7457/1824/620
f 7457/5671/621 7463/4281/621 7461/4280/621 7456/5668/621
f 8080/5672/1647 8131/4285/1647 8132/4284/1647 8081/5673/1647
f 8081/3291/1648 8132/1887/1648 8130/1886/1648 8079/3292/1648
f 8079/3292/1649 8085/3228/1649 8087/3229/1649 8081/3291/1649
f 8081/5673/1501 8087/5674/1501 8086/5675/1501 8080/5672/1501
f 8032/5676/990 8056/4288/990 8057/4287/990 8033/5677/990
f 8033/3210/991 8057/3211/991 8055/3212/991 8031/3213/991
f 8031/3213/1002 8037/1848/1002 8039/1851/1002 8033/3210/1002
f 8033/5677/993 8039/5678/993 8038/5679/993 8032/5676/993
f 8007/4289/1650 8025/1834/1650 8027/1833/1650 8009/4290/1650
f 8009/3220/1651 8027/1764/1651 8026/1767/1651 8008/3221/1651
f 8343/1828/1286 8349/3212/1286 8351/3211/1286 8345/1829/1286
f 8345/4296/1285 8351/5680/1285 8350/5681/1285 8344/4297/1285
f 8295/4301/1291 8301/5682/1291 8303/5683/1291 8297/4302/1291
f 8297/1841/1292 8303/3220/1292 8302/3221/1292 8296/1842/1292
f 8367/3247/1282 8389/1780/1282 8390/1779/1282 8369/4272/1282
f 8369/4307/1283 8390/4311/1283 8388/4310/1283 8368/4308/1283
f 7744/5684/1011 7749/5685/1011 7751/5686/1011 7745/5687/1011
f 7745/3262/1012 7751/3245/1012 7750/3246/1012 7743/3263/1012
f 7743/3263/1013 7762/3264/1013 7763/3265/1013 7745/3262/1013
f 7745/5687/1014 7763/4312/1014 7761/4315/1014 7744/5684/1014
f 7791/1868/636 7840/1869/636 7841/1870/636 7793/1866/636
f 7793/4320/637 7841/3275/637 7839/3274/637 7792/4321/637
f 7815/1885/642 7843/1886/642 7844/1887/642 7817/1888/642
f 7817/4326/643 7844/5045/643 7842/5044/643 7816/4327/643
f 8415/1877/1652 8418/1878/1652 8420/1879/1652 8417/1880/1652
f 8417/4330/641 8420/5688/641 8419/5689/641 8416/4331/641
f 8103/4332/1653 8124/5690/1653 8126/5691/1653 8105/4333/1653
f 8105/4324/1654 8126/3284/1654 8125/3283/1654 8104/4325/1654
f 3081/3413/1328 3087/4383/1328 3088/4384/1328 3082/1998/1328
f 3082/5692/1486 3088/5693/1486 3086/5694/1486 3080/5695/1486
f 3093/5696/1530 3099/1893/1530 3100/1896/1530 3094/5108/1530
f 3094/5697/1531 3100/1897/1531 3098/1900/1531 3092/5698/1531
f 3105/1894/1655 3111/3416/1655 3112/2061/1655 3106/1895/1655
f 3106/1898/687 3112/5699/687 3110/5700/687 3104/1899/687
f 3120/2065/980 3129/2069/980 3130/2072/980 3121/2066/980
f 3121/5701/981 3130/5702/981 3128/5703/981 3119/5704/981
f 3168/2078/1544 3177/5113/1544 3178/2038/1544 3169/2079/1544
f 3169/5705/1545 3178/5706/1545 3176/5707/1545 3167/5708/1545
f 1775/3364/1656 1803/3365/1656 1804/1963/1656 1776/3366/1656
f 1776/5709/719 1804/4334/719 1802/4337/719 1774/5710/719
f 1829/2051/685 1853/2052/685 1855/1975/685 1831/1962/685
f 1831/4335/686 1855/5711/686 1854/5712/686 1830/4336/686
f 1853/2052/1033 1869/5713/1033 1870/3320/1033 1855/1975/1033
f 1855/5711/1034 1870/5714/1034 1868/5715/1034 1854/5712/1034
f 3215/5716/675 7696/5717/675 7697/5718/675 3217/5719/675
f 3217/2010/1657 7697/5720/1657 7695/5721/1657 3216/2009/1657
f 3216/2009/1373 3228/1917/1373 3229/1920/1373 3217/2010/1373
f 3217/5719/1372 3229/1921/1372 3227/1924/1372 3215/5716/1372
f 3240/1918/1352 3252/1925/1352 3253/1928/1352 3241/1919/1352
f 3241/1922/1658 3253/1929/1658 3251/1932/1658 3239/1923/1658
f 3264/1926/1659 3276/1933/1659 3277/1936/1659 3265/1927/1659
f 3265/1930/1113 3277/1937/1113 3275/1940/1113 3263/1931/1113
f 2500/5722/720 2536/1960/720 2537/1963/720 2501/3366/720
f 2501/5723/1046 2537/1964/1046 2535/1967/1046 2499/5724/1046
f 2604/1961/667 2640/1974/667 2641/1975/667 2605/1962/667
f 2605/1965/668 2641/3321/668 2639/3324/668 2603/1966/668
f 2757/3326/1048 2788/5725/1048 2790/3301/1048 2758/3302/1048
f 2758/3329/727 2790/5726/727 2789/5727/727 2756/3330/727
f 2788/5725/1267 2811/4358/1267 2812/4360/1267 2790/3301/1267
f 2790/5726/1321 2812/4361/1321 2810/4364/1321 2789/5727/1321
f 2870/3382/1049 2883/3332/1049 2884/3335/1049 2872/3383/1049
f 2872/4365/1050 2884/3336/1050 2882/3339/1050 2871/4366/1050
f 2906/3333/1051 2919/3340/1051 2920/3343/1051 2908/3334/1051
f 2908/3337/1052 2920/3344/1052 2918/3347/1052 2907/3338/1052
f 1485/5728/1660 7993/5190/1660 7994/5189/1660 1487/5729/1660
f 1487/3311/1661 7994/5187/1661 7992/5186/1661 1486/3312/1661
f 1486/3313/1662 1519/3314/1662 1520/3315/1662 1487/3316/1662
f 1487/5729/1663 1520/5730/1663 1518/5731/1663 1485/5728/1663
f 1519/3314/1537 1582/5096/1537 1583/5097/1537 1520/3315/1537
f 1520/5730/1538 1583/5098/1538 1581/5099/1538 1518/5731/1538
f 1682/1942/1065 1742/3436/1065 1743/3437/1065 1683/1968/1065
f 1683/1971/743 1743/5732/743 1741/5733/743 1681/1972/743
f 1781/2043/1664 1842/5087/1664 1843/2045/1664 1782/2046/1664
f 1782/5734/1665 1843/5735/1665 1841/5736/1665 1780/5737/1665
f 1842/5087/1107 1899/3358/1107 1900/3359/1107 1843/2045/1107
f 1843/5735/1075 1900/3360/1075 1898/3363/1075 1841/5736/1075
f 1954/1949/660 1984/1950/660 1985/1951/660 1955/1912/660
f 1955/3361/649 1985/5738/649 1983/5739/649 1953/3362/649
f 2253/1974/1033 2277/5713/1033 2279/3320/1033 2255/1975/1033
f 2255/1977/1034 2279/5740/1034 2278/5741/1034 2254/1978/1034
f 2277/5713/1333 2303/5100/1333 2304/4353/1333 2279/3320/1333
f 2279/5740/1334 2304/5101/1334 2302/5104/1334 2278/5741/1334
f 2371/3372/973 2387/3299/973 2388/3302/973 2373/3327/973
f 2373/3375/1035 2388/3378/1035 2386/3381/1035 2372/3376/1035
f 2452/4367/1316 2470/4359/1316 2471/361/1316 2453/4360/1316
f 2453/4368/1317 2471/4370/1317 2469/4371/1317 2451/4369/1317
f 2628/3393/1323 2648/3349/1323 2650/3350/1323 2629/3351/1323
f 2629/3395/1324 2650/5742/1324 2649/5743/1324 2627/3396/1324
f 2648/3349/1325 2658/1980/1325 2659/1983/1325 2650/3350/1325
f 2650/5742/729 2659/1984/729 2657/1987/729 2649/5743/729
f 2667/1981/1666 2676/1988/1666 2677/1991/1666 2668/1982/1666
f 2668/1985/787 2677/1992/787 2675/1995/787 2666/1986/787
f 2703/2098/1326 2709/3403/1326 2710/3406/1326 2704/2099/1326
f 2704/5744/789 2710/5745/789 2708/5746/789 2702/5747/789
f 2721/3404/1667 2730/1996/1667 2731/1999/1667 2722/3405/1667
f 2722/5748/1057 2731/2000/1057 2729/2003/1057 2720/5749/1057
f 2739/1997/1328 2745/4383/1328 2746/4384/1328 2740/1998/1328
f 2740/2001/1486 2746/5750/1486 2744/5751/1486 2738/2002/1486
f 1806/5752/1668 8578/5167/1668 8579/5166/1668 1807/5753/1668
f 1807/3334/1669 8579/5164/1669 8577/5163/1669 1805/5754/1669
f 1805/5754/1670 1818/3388/1670 1819/3343/1670 1807/3334/1670
f 1807/5753/1052 1819/5111/1052 1817/5112/1052 1806/5752/1052
f 1878/1981/1666 1889/2089/1666 1891/1991/1666 1879/1982/1666
f 1879/4376/787 1891/5755/787 1890/5756/787 1877/4377/787
f 1889/2089/592 1901/2090/592 1903/1990/592 1891/1991/592
f 1891/5755/671 1903/5757/671 1902/5758/671 1890/5756/671
f 1901/2090/1671 1911/4378/1671 1912/2100/1671 1903/1990/1671
f 1903/5757/1529 1912/4379/1529 1910/4382/1529 1902/5758/1529
f 1989/4383/1672 2001/5696/1672 2003/5108/1672 1991/4384/1672
f 1991/4385/1271 2003/5759/1271 2002/5760/1271 1990/4386/1271
f 2001/5696/1273 2017/1893/1273 2019/1896/1273 2003/5108/1273
f 2003/5759/1348 2019/5761/1348 2018/5762/1348 2002/5760/1348
f 2017/1893/1673 2027/1894/1673 2028/1895/1673 2019/1896/1673
f 2019/5761/1674 2028/4387/1674 2026/4388/1674 2018/5762/1674
f 2129/2036/1090 2142/2008/1090 2143/2011/1090 2131/2037/1090
f 2131/5116/1138 2143/2012/1138 2141/2015/1138 2130/5117/1138
f 2154/2009/1350 2166/2016/1350 2167/1920/1350 2155/2010/1350
f 2155/2013/1392 2167/2018/1392 2165/2021/1392 2153/2014/1392
f 2178/2017/1675 2187/5763/1675 2188/1928/1675 2179/1919/1675
f 2179/2019/1676 2188/5764/1676 2186/5765/1676 2177/2020/1676
f 2226/2023/1677 2242/1901/1677 2243/2030/1677 2227/1935/1677
f 2227/2025/1678 2243/2031/1678 2241/2034/1678 2225/2026/1678
f 2327/2098/1679 2336/5766/1679 2337/5767/1679 2328/5768/1679
f 2328/5769/1680 2337/5770/1680 2335/5771/1680 2326/5772/1680
f 2400/5107/1273 2409/1893/1273 2410/1896/1273 2401/5108/1273
f 2401/5773/1348 2410/5774/1348 2408/5775/1348 2399/5776/1348
f 2424/5777/1330 2433/2064/1330 2434/2061/1330 2425/1895/1330
f 2425/5778/687 2434/5779/687 2432/5780/687 2423/5781/687
f 2552/5179/1350 2561/2016/1350 2562/1920/1350 2553/2010/1350
f 2553/5782/1372 2562/5783/1372 2560/5784/1372 2551/5785/1372
f 2580/2017/1681 2589/1925/1681 2590/1928/1681 2581/1919/1681
f 2581/5786/1140 2590/5787/1140 2588/5788/1140 2579/5789/1140
f 2306/1989/1682 2315/4378/1682 2316/5790/1682 2307/1990/1682
f 2307/5791/594 2316/5792/594 2314/5793/594 2305/5794/594
f 1431/5795/1660 2250/5148/1660 2252/5149/1660 1432/5796/1660
f 1432/3311/1661 2252/1903/1661 2251/5150/1661 1430/3312/1661
f 1430/3313/1662 1449/3314/1662 1450/3315/1662 1432/3316/1662
f 1432/5796/1663 1450/5152/1663 1448/5155/1663 1431/5795/1663
f 1594/5160/1683 1607/3364/1683 1608/3366/1683 1596/1957/1683
f 1596/5161/1684 1608/5797/1684 1606/5798/1684 1595/5162/1684
f 1688/4391/1685 1700/3444/1685 1701/3373/1685 1689/4352/1685
f 1689/4392/723 1701/3445/723 1699/3448/723 1687/4393/723
f 2201/3398/1686 2220/3348/1686 2221/3351/1686 2203/3342/1686
f 2203/4402/1687 2221/4404/1687 2219/4405/1687 2202/4403/1687
f 2814/2065/980 2830/2069/980 2831/2072/980 2815/2066/980
f 2815/2067/981 2831/2073/981 2829/2076/981 2813/2068/981
f 2925/1918/1681 2934/1925/1681 2935/1928/1681 2926/1919/1681
f 2926/2086/1688 2935/5799/1688 2933/5800/1688 2924/2087/1688
f 2961/2023/1375 2967/1901/1375 2968/2030/1375 2962/1935/1375
f 2962/5801/1162 2968/5802/1162 2966/5803/1162 2960/5804/1162
f 3031/2090/1689 3044/2097/1689 3045/2100/1689 3032/2091/1689
f 3032/2094/594 3045/2101/594 3043/2104/594 3030/2095/594
f 3057/2098/1326 3063/5766/1326 3064/3406/1326 3058/2099/1326
f 3058/2102/789 3064/5805/789 3062/5806/789 3056/2103/789
f 3069/3404/1690 7692/5807/1690 7694/5808/1690 3070/3405/1690
f 3070/5809/1390 7694/5810/1390 7693/5811/1390 3068/5812/1390
f 7575/2315/1691 7579/2233/1691 7580/2236/1691 7577/2316/1691
f 7577/5198/1117 7580/5813/1117 7578/5814/1117 7576/5199/1117
f 7600/2323/1118 7603/2241/1118 7604/2244/1118 7601/2324/1118
f 7601/5200/1119 7604/5815/1119 7602/5816/1119 7599/5201/1119
f 7624/2331/1120 7627/2249/1120 7628/2252/1120 7625/2332/1120
f 7625/5202/1121 7628/5817/1121 7626/5818/1121 7623/5203/1121
f 7648/2339/1692 7651/2257/1692 7652/2260/1692 7649/2340/1692
f 7649/5204/1123 7652/5819/1123 7650/5820/1123 7647/5205/1123
f 7671/2347/1124 7674/2265/1124 7676/2268/1124 7673/2348/1124
f 7673/5206/1125 7676/2269/1125 7675/5821/1125 7672/5207/1125
f 7551/5193/1126 7689/3468/1126 7691/3467/1126 7553/5194/1126
f 7553/3635/1127 7691/3466/1127 7690/3465/1127 7552/3636/1127
f 1768/2154/666 1865/5822/666 1867/5823/666 1770/2155/666
f 1770/2158/665 1867/5244/665 1866/2279/665 1769/2159/665
f 1865/5822/743 1995/2161/743 1997/2164/743 1867/5823/743
f 1867/5244/1693 1997/2165/1693 1996/2168/1693 1866/2279/1693
f 2089/2162/1395 2192/3469/1395 2194/3472/1395 2091/2163/1395
f 2091/2166/1694 2194/3473/1694 2193/3476/1694 2090/2167/1694
f 7863/2106/771 7867/2370/771 7868/2371/771 7865/2107/771
f 7865/5208/772 7868/5824/772 7866/5825/772 7864/5209/772
f 7887/2114/1069 7891/2377/1069 7892/2378/1069 7889/2115/1069
f 7889/5210/1070 7892/3457/1070 7890/5826/1070 7888/5211/1070
f 7911/2122/1695 7914/2383/1695 7916/2384/1695 7913/2123/1695
f 7913/5212/1696 7916/5827/1696 7915/5828/1696 7912/5213/1696
f 7936/2130/777 7939/2389/777 7940/2390/777 7937/2131/777
f 7937/5214/778 7940/5829/778 7938/5830/778 7935/5215/778
f 7960/2138/1072 7962/2395/1072 7964/2396/1072 7961/2139/1072
f 7961/5216/1073 7964/5831/1073 7963/5832/1073 7959/5217/1073
f 7983/2146/781 7987/3465/781 7988/3466/781 7985/2147/781
f 7985/5218/782 7988/5833/782 7986/5834/782 7984/5219/782
f 1560/4463/1697 1615/5220/1697 1617/5221/1697 1562/3700/1697
f 1562/4464/1698 1617/5222/1698 1616/2159/1698 1561/2160/1698
f 1726/2274/1699 1756/3563/1699 1758/3566/1699 1728/2275/1699
f 1728/2278/1700 1758/3567/1700 1757/2167/1700 1727/2168/1700
f 8151/3531/1701 8155/2105/1701 8156/2108/1701 8153/3532/1701
f 8153/5226/1358 8156/5835/1358 8154/5836/1358 8152/5227/1358
f 8175/3535/1702 8179/2113/1702 8180/2116/1702 8177/3536/1702
f 8177/5228/1703 8180/2117/1703 8178/5837/1703 8176/5229/1703
f 8200/3539/1361 8202/2121/1361 8204/2124/1361 8201/3540/1361
f 8201/3541/1362 8204/5838/1362 8203/5839/1362 8199/5230/1362
f 8224/3543/1704 8227/2129/1704 8228/2132/1704 8225/3544/1704
f 8225/5231/1364 8228/5840/1364 8226/5841/1364 8223/5232/1364
f 8248/3547/1705 8251/2137/1705 8252/2140/1705 8249/3548/1705
f 8249/5233/1706 8252/5842/1706 8250/5843/1706 8247/5234/1706
f 8272/5235/1367 8275/2145/1367 8276/2148/1367 8273/3552/1367
f 8273/5236/1368 8276/5844/1368 8274/5845/1368 8271/5237/1368
f 1762/4504/1046 1783/5846/1046 1785/3706/1046 1764/3707/1046
f 1764/3708/1157 1785/3709/1157 1784/2187/1157 1763/2188/1157
f 1913/2410/785 1941/2411/785 1943/2412/785 1915/2413/785
f 1915/2414/786 1943/5245/786 1942/2203/786 1914/2204/786
f 8440/2225/731 8442/2226/731 8444/2227/731 8441/2228/731
f 8441/2312/732 8444/5847/732 8443/5848/732 8439/4545/732
f 8463/2233/1376 8466/2234/1376 8468/2235/1376 8465/2236/1376
f 8465/5250/1377 8468/5849/1377 8467/5850/1377 8464/5251/1377
f 8488/2241/735 8491/2242/735 8492/2243/735 8489/2244/735
f 8489/5252/736 8492/5851/736 8490/4492/736 8487/5253/736
f 8512/2249/737 8515/2250/737 8516/2251/737 8513/2252/737
f 8513/5254/738 8516/5852/738 8514/5853/738 8511/5255/738
f 8535/2257/1707 8538/2258/1707 8540/2259/1707 8537/2260/1707
f 8537/5256/1380 8540/5854/1380 8539/5855/1380 8536/5257/1380
f 8560/2265/741 8563/2266/741 8564/2267/741 8561/2268/741
f 8561/5258/742 8564/5856/742 8562/5857/742 8559/5259/742
f 1421/5858/1032 1433/5260/1032 1435/3557/1032 1423/3558/1032
f 1423/3640/1103 1435/5261/1103 1434/3561/1103 1422/3562/1103
f 1488/3702/743 1503/5859/743 1505/5860/743 1490/3703/743
f 1490/2277/1708 1505/5861/1708 1504/2168/1708 1489/2279/1708
f 1591/5862/1384 1603/3704/1384 1605/3707/1384 1593/4505/1384
f 1593/5224/1385 1605/3708/1385 1604/2188/1385 1592/2180/1385
f 1645/5262/1709 1654/2354/1709 1656/2357/1709 1647/2191/1709
f 1647/5263/1710 1656/2358/1710 1655/2361/1710 1646/2195/1710
f 1708/4563/1035 1720/4507/1035 1722/4510/1035 1710/4564/1035
f 1710/4565/1711 1722/5863/1711 1721/2216/1711 1709/2208/1711
f 1720/4507/1387 1732/4508/1387 1734/4509/1387 1722/4510/1387
f 1722/5863/1048 1734/4566/1048 1733/2215/1048 1721/2216/1048
f 1744/4512/1338 1753/5247/1338 1755/5248/1338 1746/2286/1338
f 1746/2287/1712 1755/5864/1712 1754/2292/1712 1745/2288/1712
f 1422/3617/1115 2248/3618/1115 2249/5865/1115 1423/5866/1115
f 1423/3558/1029 2249/3621/1029 2247/5867/1029 1421/5858/1029
f 1821/5868/334 2266/830/334 2267/27/334 1822/5869/334
f 1822/5869/335 2267/27/335 2265/831/335 1820/5870/335
f 1820/5870/335 2569/643/335 2575/646/335 1822/5869/335
f 1822/5869/334 2575/646/334 2571/649/334 1821/5868/334
f 3122/943/1186 3156/899/1186 3157/3738/1186 3124/1117/1186
f 3124/4599/826 3157/3736/826 3155/3735/826 3123/4600/826
f 3867/5871/826 3870/5276/826 3871/5275/826 3868/5872/826
f 3868/898/827 3871/1117/827 3869/943/827 3866/899/827
f 3866/899/1713 3876/984/1713 3877/987/1713 3868/898/1713
f 3868/5872/1714 3877/1223/1714 3875/1226/1714 3867/5871/1714
f 3219/5873/1715 3318/3746/1715 3319/3745/1715 3220/5874/1715
f 3220/1032/393 3319/1107/393 3317/1043/393 3218/1033/393
f 3218/1033/400 3249/858/400 3250/857/400 3220/1032/400
f 3220/5874/399 3250/4603/399 3248/4602/399 3219/5873/399
f 3290/1014/812 3300/918/812 3301/2487/812 3292/1099/812
f 3292/4611/813 3301/2485/813 3299/2484/813 3291/4612/813
f 3483/5875/845 3534/1248/845 3535/1247/845 3484/5876/845
f 3484/1032/393 3535/1107/393 3533/1043/393 3482/1033/393
f 3482/1033/388 3498/858/388 3499/857/388 3484/1032/388
f 3484/5876/399 3499/854/399 3497/853/399 3483/5875/399
f 3506/5280/825 3531/863/825 3532/862/825 3508/5281/825
f 3508/2612/1193 3532/861/1193 3530/860/1193 3507/2540/1193
f 3699/5877/1716 3750/1237/1716 3751/1236/1716 3700/5878/1716
f 3700/5879/1717 3751/1107/1717 3749/1043/1717 3698/1033/1717
f 3698/1033/1718 3714/858/1718 3715/1203/1718 3700/5879/1718
f 3700/5878/1719 3715/1200/1719 3713/1199/1719 3699/5877/1719
f 4083/5880/365 4091/872/365 4093/875/365 4084/5881/365
f 4084/947/1720 4093/848/1720 4092/876/1720 4082/942/1720
f 4082/942/412 4088/943/412 4090/1117/412 4084/947/412
f 4084/5881/368 4090/5882/368 4089/5883/368 4083/5880/368
f 4107/5884/396 4131/2514/396 4132/2513/396 4108/5885/396
f 4108/1122/843 4132/1222/843 4130/985/843 4106/1051/843
f 4106/1051/828 4109/1058/828 4111/1218/828 4108/1122/828
f 4108/5885/829 4111/5886/829 4110/5887/829 4107/5884/829
f 4539/5321/1721 4544/5888/1721 4546/5889/1721 4540/5322/1721
f 4540/5323/379 4546/987/379 4545/984/379 4538/5324/379
f 4586/5284/386 4592/5890/386 4594/5891/386 4588/5285/386
f 4588/4721/385 4594/973/385 4593/972/385 4587/4722/385
f 4562/5287/365 4565/5892/365 4567/5893/365 4564/5288/365
f 4564/941/366 4567/996/366 4566/876/366 4563/942/366
f 3891/5894/339 3911/3770/339 3913/3769/339 3892/5895/339
f 3892/5896/1722 3913/978/1722 3912/839/1722 3890/840/1722
f 3890/840/1723 3897/1153/1723 3898/5270/1723 3892/5896/1723
f 3892/5895/1724 3898/5269/1724 3896/5268/1724 3891/5894/1724
f 4155/5897/839 4157/5898/839 4159/5899/839 4156/5900/839
f 4156/2670/840 4159/2612/840 4158/2540/840 4154/1013/840
f 4154/1013/382 4170/1014/382 4171/1099/382 4156/2670/382
f 4156/5900/381 4171/3771/381 4169/3772/381 4155/5897/381
f 4755/5901/351 4760/5902/351 4762/5903/351 4756/5904/351
f 4756/889/352 4762/1144/352 4761/1145/352 4754/892/352
f 4754/892/415 4758/850/415 4759/849/415 4756/889/415
f 4756/5904/416 4759/4620/416 4757/4619/416 4755/5901/416
f 6483/5905/1725 6488/5906/1725 6490/5907/1725 6484/5908/1725
f 6484/5909/1726 6490/1101/1726 6489/1100/1726 6482/838/1726
f 6482/838/1727 6530/839/1727 6532/5910/1727 6484/5909/1727
f 6484/5908/1728 6532/5911/1728 6531/5912/1728 6483/5905/1728
f 6530/839/338 6536/840/338 6538/841/338 6532/5910/338
f 6532/5911/339 6538/5913/339 6537/5914/339 6531/5912/339
f 6938/984/379 6944/985/379 6946/986/379 6940/987/379
f 6940/3791/1729 6946/5915/1729 6945/5916/1729 6939/3792/1729
f 6963/5917/407 6971/4631/407 6973/4630/407 6964/5918/407
f 6964/1060/397 6973/1218/397 6972/1219/397 6962/1059/397
f 6962/1059/440 6965/1106/440 6967/1234/440 6964/1060/440
f 6964/5918/441 6967/5919/441 6966/5920/441 6963/5917/441
f 6746/907/428 6756/908/428 6757/909/428 6748/4633/428
f 6748/4634/429 6757/974/429 6755/977/429 6747/4635/429
f 6794/1219/439 6807/1059/439 6808/1060/439 6796/1218/439
f 6796/5301/438 6808/2604/438 6806/2603/438 6795/5302/438
f 6267/5921/1730 6275/992/1730 6277/995/1730 6268/5922/1730
f 6268/5923/1731 6277/996/1731 6276/851/1731 6266/942/1731
f 5691/5924/1732 5703/1138/1732 5704/1137/1732 5692/5925/1732
f 5692/1094/1733 5704/1134/1733 5702/865/1733 5690/936/1733
f 6507/5926/363 6518/1001/363 6520/1000/363 6508/5927/363
f 6508/1094/364 6520/866/364 6519/865/364 6506/936/364
f 6506/936/373 6528/968/373 6529/2494/373 6508/1094/373
f 6508/5927/374 6529/4643/374 6527/4642/374 6507/5926/374
f 6722/5307/345 6728/5928/345 6730/5929/345 6724/5308/345
f 6724/861/344 6730/856/344 6729/859/344 6723/860/344
f 6987/5930/345 6989/5931/345 6991/5932/345 6988/5933/345
f 6988/861/344 6991/856/344 6990/859/344 6986/860/344
f 6986/860/1193 7005/3817/1193 7006/2612/1193 6988/861/1193
f 6988/5933/825 7006/3815/825 7004/3814/825 6987/5930/825
f 7011/5934/807 7016/5935/807 7018/5936/807 7012/5937/807
f 7012/916/403 7018/917/403 7017/918/403 7010/919/403
f 7010/919/404 7013/864/404 7015/867/404 7012/916/404
f 7012/5937/808 7015/5938/808 7014/5939/808 7011/5934/808
f 6290/3825/430 6299/5940/430 6301/5941/430 6292/3826/430
f 6292/890/862 6301/1154/862 6300/1153/862 6291/891/862
f 4515/5942/407 4517/5943/407 4519/5944/407 4516/5945/407
f 4516/4623/397 4519/1061/397 4518/1219/397 4514/1059/397
f 4514/1059/444 4520/1106/444 4522/1108/444 4516/4623/444
f 4516/5945/441 4522/5946/441 4521/5947/441 4515/5942/441
f 4611/5948/1734 4619/5949/1734 4621/5950/1734 4612/5951/1734
f 4612/5952/1735 4621/5953/1735 4620/864/1735 4610/935/1735
f 5883/5954/1736 5885/5955/1736 5887/5956/1736 5884/5957/1736
f 5884/1122/1737 5887/1222/1737 5886/985/1737 5882/1051/1737
f 5882/1051/1414 5892/1058/1414 5893/1061/1414 5884/1122/1414
f 5884/5957/829 5893/1086/829 5891/1089/829 5883/5954/829
f 5907/5958/411 5915/5330/411 5917/5329/411 5908/5959/411
f 5908/1045/867 5917/1108/867 5916/1106/867 5906/1043/867
f 5906/1043/818 5912/1033/818 5914/1044/818 5908/1045/818
f 5908/5959/845 5914/5960/845 5913/5961/845 5907/5958/845
f 5834/5333/809 5837/5962/809 5839/5963/809 5836/5334/809
f 5836/905/810 5839/2494/810 5838/968/810 5835/906/810
f 5858/839/1199 5901/840/1199 5902/841/1199 5860/978/1199
f 5860/4668/1198 5902/5964/1198 5900/5965/1198 5859/4669/1198
f 5426/4670/813 5435/1095/813 5437/1098/813 5428/4671/813
f 5428/917/1176 5437/1099/1176 5436/1014/1176 5427/918/1176
f 5642/1051/1206 5658/1058/1206 5659/1218/1206 5644/1122/1206
f 5644/2674/829 5659/5966/829 5657/5967/829 5643/2675/829
f 6146/984/379 6152/985/379 6154/1222/379 6148/2511/379
f 6148/3856/380 6154/5968/380 6153/5969/380 6147/3857/380
f 6122/3859/845 6128/5970/845 6130/5971/845 6124/3860/845
f 6124/1032/393 6130/1107/393 6129/1043/393 6123/1033/393
f 6099/5972/345 6101/5973/345 6103/5974/345 6100/5975/345
f 6100/861/344 6103/856/344 6102/859/344 6098/860/344
f 6074/4691/825 6099/5972/825 6100/5975/825 6076/4692/825
f 6076/2612/1193 6100/861/1193 6098/860/1193 6075/2540/1193
f 6554/1043/393 6558/1033/393 6559/1032/393 6556/1107/393
f 6556/5359/1715 6559/1030/1715 6557/1029/1715 6555/5360/1715
f 6051/5976/409 6065/5977/409 6067/5978/409 6052/5979/409
f 6052/837/408 6067/4745/408 6066/4746/408 6050/838/408
f 6050/838/377 6054/839/377 6055/978/377 6052/837/377
f 6052/5979/378 6055/5362/378 6053/5361/378 6051/5976/378
f 6266/942/1738 6272/943/1738 6274/1117/1738 6268/5923/1738
f 6268/5922/1739 6274/5980/1739 6273/5981/1739 6267/5921/1739
f 5042/864/1740 5046/935/1740 5047/3894/1740 5044/4677/1740
f 5044/4678/1741 5047/3892/1741 5045/3891/1741 5043/4679/1741
f 5690/936/1742 5712/968/1742 5713/2699/1742 5692/1094/1742
f 5692/5925/1743 5713/2697/1743 5711/2696/1743 5691/5924/1743
f 5667/5982/376 5684/5983/376 5686/5984/376 5668/5985/376
f 5668/973/375 5686/909/375 5685/908/375 5666/972/375
f 5666/972/385 5715/1024/385 5716/1025/385 5668/973/385
f 5668/5985/386 5716/2702/386 5714/2701/386 5667/5982/386
f 4802/5377/342 4809/2717/342 4810/2716/342 4804/5378/342
f 4804/3830/343 4810/1070/343 4808/858/343 4803/859/343
f 4826/864/823 4833/935/823 4834/934/823 4828/1078/823
f 4828/5384/347 4834/4725/347 4832/4724/347 4827/5385/347
f 4779/5986/409 4844/3879/409 4846/3878/409 4780/5987/409
f 4780/979/408 4846/1101/408 4845/1100/408 4778/838/408
f 4778/838/377 4785/839/377 4786/836/377 4780/979/377
f 4780/5987/378 4786/1150/378 4784/1149/378 4779/5986/378
f 4994/1106/1744 5061/1043/1744 5062/1107/1744 4996/1108/1744
f 4996/5390/411 5062/2730/411 5060/2729/411 4995/5391/411
f 5018/5392/342 5025/2733/342 5026/2732/342 5020/5393/342
f 5020/5394/343 5026/1070/343 5024/858/343 5019/859/343
f 5451/5988/365 5459/1166/365 5461/1169/365 5452/5989/365
f 5452/941/366 5461/848/366 5460/851/366 5450/942/366
f 5450/942/367 5456/943/367 5458/944/367 5452/941/367
f 5452/5989/368 5458/5990/368 5457/5991/368 5451/5988/368
f 5475/5992/438 5477/5993/438 5479/5994/438 5476/5995/438
f 5476/1060/439 5479/1218/439 5478/1058/439 5474/1059/439
f 5474/1059/1413 5484/1106/1413 5485/1108/1413 5476/1060/1413
f 5476/5995/441 5485/5996/441 5483/5997/441 5475/5992/441
f 5186/984/379 5192/985/379 5194/986/379 5188/987/379
f 5188/4735/380 5194/5998/380 5193/5999/380 5187/4736/380
f 4610/935/1745 4626/936/1745 4627/3760/1745 4612/5952/1745
f 4612/5951/1746 4627/3757/1746 4625/3756/1746 4611/5948/1746
f 4971/892/1170 4977/998/1170 4978/997/1170 4972/889/1170
f 4972/6000/416 4978/4738/416 4976/4737/416 4970/6001/416
f 4323/6002/339 4343/3889/339 4345/3888/339 4324/6003/339
f 4324/841/338 4345/978/338 4344/839/338 4322/840/338
f 4322/840/858 4329/1153/858 4330/1154/858 4324/841/858
f 4324/6003/857 4330/5396/857 4328/5395/857 4323/6002/857
f 4970/6001/419 4979/1185/419 4981/1188/419 4972/6000/419
f 4972/889/420 4981/1144/420 4980/1145/420 4971/892/420
f 3722/5400/825 3747/1205/825 3748/1204/825 3724/5401/825
f 3724/2612/1193 3748/861/1193 3746/860/1193 3723/3817/1193
f 4299/6004/365 4307/1210/365 4309/1213/365 4300/6005/365
f 4300/947/366 4309/996/366 4308/851/366 4298/942/366
f 4298/942/367 4304/943/367 4306/1117/367 4300/947/367
f 4300/6005/368 4306/6006/368 4305/6007/368 4299/6004/368
f 3914/1043/818 3917/1033/818 3919/1044/818 3916/1045/818
f 3916/2774/845 3919/6008/845 3918/6009/845 3915/2775/845
f 3650/943/1186 3663/899/1186 3664/898/1186 3652/1117/1186
f 3652/5409/826 3664/6010/826 3662/6011/826 3651/5410/826
f 3675/6012/396 3695/6013/396 3697/6014/396 3676/6015/396
f 3676/1122/1190 3697/986/1190 3696/985/1190 3674/4628/1190
f 3674/4628/1414 3690/1219/1414 3691/1218/1414 3676/1122/1414
f 3676/6015/829 3691/6016/829 3689/6017/829 3675/6012/829
f 3434/943/1186 3447/899/1186 3448/898/1186 3436/1117/1186
f 3436/5418/826 3448/6018/826 3446/6019/826 3435/5419/826
f 3459/6020/396 3479/6021/396 3481/6022/396 3460/6023/396
f 3460/1122/1190 3481/986/1190 3480/2685/1190 3458/1051/1190
f 3458/1051/1414 3474/1219/1414 3475/1218/1414 3460/1122/1414
f 3460/6023/829 3475/6024/829 3473/6025/829 3459/6020/829
f 4011/4185/1448 4017/4005/1448 4018/4003/1448 4012/1371/1448
f 4012/4755/466 4018/6026/466 4016/6027/466 4010/4756/466
f 4059/6028/1747 4080/3930/1747 4081/3929/1747 4060/6029/1747
f 4060/6030/1748 4081/3928/1748 4079/1664/1748 4058/1296/1748
f 4226/6031/1616 4293/3933/1616 4294/3932/1616 4228/6032/1616
f 4228/1365/1749 4294/1366/1749 4292/1367/1749 4227/1368/1749
f 4227/1368/1231 4233/1262/1231 4234/1261/1231 4228/1365/1231
f 4228/6032/550 4234/2800/550 4232/2799/550 4226/6031/550
f 4202/3938/498 4239/3936/498 4240/3935/498 4204/3939/498
f 4204/1435/497 4240/1432/497 4238/1433/497 4203/1434/497
f 8586/1381/482 8589/6033/482 8591/6034/482 8588/1384/482
f 8588/5596/1604 8591/6035/1604 8590/6036/1604 8587/5597/1604
f 3843/1390/1236 3849/1403/1236 3850/1404/1236 3844/1526/1236
f 3844/4765/489 3850/2813/489 3848/2812/489 3842/4766/489
f 3603/1490/1750 3639/1663/1750 3640/3943/1750 3604/6037/1750
f 3604/6038/1751 3640/3942/1751 3638/3941/1751 3602/6039/1751
f 3626/2822/489 3629/4777/489 3631/4776/489 3628/2823/489
f 3628/1404/1236 3631/1526/1236 3630/1390/1236 3627/1403/1236
f 3387/6040/457 3392/3949/457 3394/3948/457 3388/6041/457
f 3388/1282/456 3394/1283/456 3393/1280/456 3386/1281/456
f 3386/1281/1215 3423/1663/1215 3424/1660/1215 3388/1282/1215
f 3388/6041/1752 3424/3951/1752 3422/3950/1752 3387/6040/1752
f 4851/1276/478 4869/1333/478 4870/1332/478 4852/1277/478
f 4852/5430/479 4870/1329/479 4868/1328/479 4850/5431/479
f 4875/6042/480 4896/1336/480 4897/1335/480 4876/6043/480
f 4876/1290/481 4897/1291/481 4895/1288/481 4874/1289/481
f 4467/1536/474 4473/1354/474 4474/1355/474 4468/1533/474
f 4468/5439/475 4474/3969/475 4472/3968/475 4466/5440/475
f 4442/4789/476 4506/3972/476 4507/3971/476 4444/4790/476
f 4444/1365/1230 4507/1366/1230 4505/1367/1230 4443/2987/1230
f 4250/6044/565 4256/6045/565 4258/6046/565 4252/6047/565
f 4252/1660/566 4258/1282/566 4257/1490/566 4251/1663/566
f 4251/1663/567 4290/1664/567 4291/1665/567 4252/1660/567
f 4252/6047/568 4291/5451/568 4289/5450/568 4250/6044/568
f 4275/6048/526 4277/6049/526 4279/6050/526 4276/6051/526
f 4276/1522/487 4279/1523/487 4278/1524/487 4274/1525/487
f 8610/5587/482 8613/6052/482 8615/6053/482 8612/1384/482
f 8612/5588/483 8615/6054/483 8614/6055/483 8611/5589/483
f 4274/1525/527 4281/1390/527 4282/1526/527 4276/1522/527
f 4276/6051/528 4282/6056/528 4280/6057/528 4275/6048/528
f 4058/1296/1753 4074/1351/1753 4075/1350/1753 4060/6030/1753
f 4060/6029/1754 4075/1347/1754 4073/1346/1754 4059/6028/1754
f 5283/1685/454 5286/1509/454 5287/1372/454 5284/1684/454
f 5284/6058/879 5287/6059/879 5285/6060/879 5282/6061/879
f 4922/6062/499 4934/2852/499 4936/2855/499 4924/6063/499
f 4924/3963/1755 4936/2856/1755 4935/1564/1755 4923/3964/1755
f 4923/3964/881 4944/1444/881 4945/1445/881 4924/3963/881
f 4924/6063/502 4945/6064/502 4943/6065/502 4922/6062/502
f 4898/6066/503 4914/1359/503 4915/1358/503 4900/6067/503
f 4900/1423/504 4915/1355/504 4913/1354/504 4899/1422/504
f 4899/1422/1756 4947/1367/1756 4948/1366/1756 4900/1423/1756
f 4900/6067/506 4948/1363/506 4946/1362/506 4898/6066/506
f 4634/1369/478 4643/1370/478 4645/1371/478 4636/1372/478
f 4636/4810/479 4645/6068/479 4644/6069/479 4635/4811/479
f 4658/5465/911 4664/4818/911 4666/4817/911 4660/5466/911
f 4660/1545/912 4666/1652/912 4665/1653/912 4659/1547/912
f 4682/6070/565 4688/6071/565 4690/6072/565 4684/6073/565
f 4684/1660/935 4690/1282/935 4689/1281/935 4683/1663/935
f 4683/1663/1217 4722/1664/1217 4723/1665/1217 4684/1660/1217
f 4684/6073/568 4723/4821/568 4721/4820/568 4682/6070/568
f 4706/5471/472 4713/4824/472 4714/4823/472 4708/5472/472
f 4708/1523/562 4714/1298/562 4712/1297/562 4707/1524/562
f 5547/1564/500 5553/1443/500 5554/1442/500 5548/2856/500
f 5548/3993/499 5554/6074/499 5552/6075/499 5546/3994/499
f 5355/6076/1757 5360/6077/1757 5362/6078/1757 5356/6079/1757
f 5356/6080/1758 5362/6081/1758 5361/1310/1758 5354/1296/1758
f 5354/1296/464 5376/1297/464 5377/1298/464 5356/6080/464
f 5356/6079/461 5377/2867/461 5375/2866/461 5355/6076/461
f 5138/6082/499 5159/1408/499 5161/1407/499 5140/6083/499
f 5140/3963/1755 5161/1404/1755 5160/1403/1755 5139/3964/1755
f 5139/3964/881 5157/1444/881 5158/1445/881 5140/3963/881
f 5140/6083/502 5158/2870/502 5156/2869/502 5138/6082/502
f 6242/6084/476 6258/1426/476 6259/1425/476 6244/6085/476
f 6244/1365/1230 6259/1366/1230 6257/1367/1230 6243/2987/1230
f 6243/2987/1231 6246/1262/1231 6247/1261/1231 6244/1365/1231
f 6244/6085/550 6247/6086/550 6245/6087/550 6242/6084/550
f 6218/6088/508 6231/1437/508 6232/1436/508 6220/6089/508
f 6220/1464/509 6232/1435/509 6230/1434/509 6219/1467/509
f 6219/1467/510 6222/1274/510 6223/1273/510 6220/1464/510
f 6220/6089/511 6223/5478/511 6221/5477/511 6218/6088/511
f 5738/4827/495 5751/1459/495 5752/1458/495 5740/4828/495
f 5740/1496/496 5752/1265/496 5750/1264/496 5739/1618/496
f 8659/5567/490 8661/6090/490 8663/6091/490 8660/5568/490
f 8660/5569/1445 8663/6092/1445 8662/6093/1445 8658/5570/1445
f 5522/2905/561 5528/6094/561 5530/6095/561 5524/2906/561
f 5524/1478/512 5530/1479/512 5529/1476/512 5523/1477/512
f 6410/4021/1759 6416/6096/1759 6418/6097/1759 6412/4022/1759
f 6412/1261/1760 6418/1365/1760 6417/1368/1760 6411/1262/1760
f 6386/4027/498 6392/6098/498 6394/6099/498 6388/4028/498
f 6388/1465/497 6394/1432/497 6393/6100/497 6387/1466/497
f 6603/1276/478 6615/1333/478 6616/1332/478 6604/1277/478
f 6604/4032/1761 6616/6101/1761 6614/6102/1761 6602/4033/1761
f 6626/2792/524 6641/1418/524 6643/1419/524 6628/2793/524
f 6628/4036/953 6643/6103/953 6642/6104/953 6627/4037/953
f 7034/6105/876 7040/6106/876 7042/6107/876 7036/6108/876
f 7036/1272/886 7042/1273/886 7041/1274/886 7035/1275/886
f 7035/1275/1762 7044/1509/1762 7045/1372/1762 7036/1272/1762
f 7036/6108/1763 7045/1510/1763 7043/1513/1763 7034/6105/1763
f 6458/5498/472 6468/2941/472 6469/2940/472 6460/5499/472
f 6460/1523/473 6469/1298/473 6467/1297/473 6459/1524/473
f 6435/1536/474 6441/1354/474 6442/1355/474 6436/1533/474
f 6436/5505/475 6442/4063/475 6440/4062/475 6434/5506/475
f 6171/6109/893 6179/4075/893 6181/4074/893 6172/6110/893
f 6172/2877/901 6181/3985/901 6180/3984/901 6170/2880/901
f 6170/2880/902 6177/1280/902 6178/1283/902 6172/2877/902
f 6172/6110/896 6178/6111/896 6176/6112/896 6171/6109/896
f 6195/6113/486 6197/6114/486 6199/6115/486 6196/6116/486
f 6196/1522/487 6199/1523/487 6198/1524/487 6194/4775/487
f 6194/4775/527 6204/1390/527 6205/1526/527 6196/1522/527
f 6196/6116/542 6205/6117/542 6203/6118/542 6195/6113/542
f 1461/5511/1251 8709/6119/1251 8711/1340/1251 1463/3074/1251
f 1463/5512/1764 8711/6120/1764 8710/6121/1764 1462/5513/1764
f 7059/1288/1765 7068/1289/1765 7069/1290/1765 7060/1291/1765
f 7060/4091/873 7069/1514/873 7067/1517/873 7058/4092/873
f 7106/6122/1611 7112/6123/1611 7114/6124/1611 7108/6125/1611
f 7108/1299/463 7114/1309/463 7113/1320/463 7107/1296/463
f 7107/1296/460 7125/1297/460 7126/1298/460 7108/1299/460
f 7108/6125/461 7126/2959/461 7124/2958/461 7106/6122/461
f 6675/6126/526 6680/6127/526 6682/6128/526 6676/6129/526
f 6676/1401/487 6682/1349/487 6681/1352/487 6674/1389/487
f 6674/1389/527 6677/1402/527 6679/1405/527 6676/1401/527
f 6676/6129/528 6679/6130/528 6678/6131/528 6675/6126/528
f 6651/6132/1766 6656/6133/1766 6658/6134/1766 6652/6135/1766
f 6652/1356/1767 6658/1579/1767 6657/1580/1767 6650/1353/1767
f 6818/5518/1768 6912/1403/1768 6913/1404/1768 6820/5519/1768
f 6820/5520/489 6913/6136/489 6911/6137/489 6819/5521/489
f 5306/4122/451 5324/6138/451 5326/6139/451 5308/4123/451
f 5308/1265/875 5326/1605/875 5325/1613/875 5307/1264/875
f 5282/6061/876 5288/6140/876 5290/6141/876 5284/6058/876
f 5284/1684/453 5290/1469/453 5289/1468/453 5283/1685/453
f 1525/6142/1769 8653/4802/1769 8654/4805/1769 1526/6143/1769
f 1526/1554/1770 8654/2789/1770 8652/4808/1770 1524/6144/1770
f 1413/6145/546 1525/6142/546 1526/6143/546 1414/6146/546
f 1414/1593/547 1526/1554/547 1524/6144/547 1412/6147/547
f 1412/6147/1771 8646/2849/1771 8648/1384/1771 1414/1593/1771
f 1414/6146/1455 8648/2850/1455 8647/2851/1455 1413/6145/1455
f 3987/6148/495 3990/3005/495 3991/3004/495 3988/6149/495
f 3988/6150/1613 3991/1265/1613 3989/1264/1613 3986/6151/1613
f 3410/3007/1772 3414/4948/1772 3415/4947/1772 3412/3008/1772
f 3412/2856/1773 3415/1405/1773 3413/1402/1773 3411/1564/1773
f 6650/1353/1774 6663/1537/1774 6664/1538/1774 6652/1356/1774
f 6652/6135/1775 6664/4900/1775 6662/4899/1775 6651/6132/1775
f 5763/1476/512 5823/1477/512 5824/1478/512 5764/1479/512
f 5764/4912/561 5824/3027/561 5822/3026/561 5762/4913/561
f 5786/4915/933 5792/3030/933 5794/3029/933 5788/4916/933
f 5788/1661/934 5794/1283/934 5793/1280/934 5787/4097/934
f 4490/5565/472 4499/3038/472 4501/3037/472 4492/5566/472
f 4492/1635/562 4501/1298/562 4500/1297/562 4491/1352/562
f 5571/1276/478 5583/1333/478 5584/1332/478 5572/1277/478
f 5572/4165/479 5584/1627/479 5582/1626/479 5570/4166/479
f 4874/1289/491 4893/1653/491 4894/1652/491 4876/1290/491
f 4876/6043/1776 4894/3049/1776 4892/3048/1776 4875/6042/1776
f 5114/6152/503 5132/6153/503 5134/6154/503 5116/6155/503
f 5116/1423/504 5134/1355/504 5133/1354/504 5115/1422/504
f 5115/1422/1756 5169/1367/1756 5170/1366/1756 5116/1423/1756
f 5116/6155/506 5170/3061/506 5168/3060/506 5114/6152/506
f 5091/6156/448 5108/3066/448 5110/3065/448 5092/6157/448
f 5092/1260/449 5110/3064/449 5109/3063/449 5090/1263/449
f 5090/1263/507 5094/1264/507 5095/1265/507 5092/1260/507
f 5092/6157/451 5095/4168/451 5093/4167/451 5091/6156/451
f 5066/6158/508 5075/1644/508 5077/1647/508 5068/6159/508
f 5068/1464/509 5077/1465/509 5076/1466/509 5067/1467/509
f 5067/1467/510 5070/1468/510 5071/1469/510 5068/1464/510
f 5068/6159/511 5071/5581/511 5069/5580/511 5066/6158/511
f 2994/713/1777 3003/721/1777 3009/724/1777 2998/714/1777
f 2998/720/1778 3009/730/1778 3005/729/1778 2995/717/1778
f 3818/6160/933 3824/4201/933 3826/4200/933 3820/6161/933
f 3820/6162/934 3826/1283/934 3825/1280/934 3819/4097/934
f 3819/4097/1779 3855/1663/1779 3856/3954/1779 3820/6162/1779
f 3820/6161/1780 3856/3953/1780 3854/3952/1780 3818/6160/1780
f 1619/6163/1781 8593/6164/1781 8594/6165/1781 1620/6166/1781
f 1620/3083/1609 8594/5494/1609 8592/6167/1609 1618/6168/1609
f 1618/6168/1460 1966/4182/1460 1967/3074/1460 1620/3083/1460
f 1620/6166/1610 1967/4183/1610 1965/4184/1610 1619/6163/1610
f 4418/6169/466 4427/4187/466 4429/4186/466 4420/6170/466
f 4420/4003/467 4429/1371/467 4428/4185/467 4419/4005/467
f 4419/4005/1617 4455/1288/1617 4456/1291/1617 4420/4003/1617
f 4420/6170/469 4456/4190/469 4454/4189/469 4418/6169/469
f 3795/1476/512 3861/1477/512 3862/1478/512 3796/1479/512
f 3796/4945/561 3862/4197/561 3860/4196/561 3794/4946/561
f 3986/6151/1613 4020/1433/1613 4021/1432/1613 3988/6150/1613
f 3988/6149/1612 4021/6171/1612 4019/6172/1612 3987/6148/1612
f 3602/6039/1782 3608/4216/1782 3610/4215/1782 3604/6038/1782
f 3604/6037/1783 3610/4214/1783 3609/1280/1783 3603/1490/1783
f 3770/6173/466 3773/4952/466 3775/4951/466 3772/6174/466
f 3772/1331/1234 3775/1371/1234 3774/1370/1234 3771/1334/1234
f 3771/1334/468 3777/1288/468 3778/1291/468 3772/1331/468
f 3772/6174/1235 3778/6175/1235 3776/6176/1235 3770/6173/1235
f 3362/4953/911 3368/3117/911 3370/3116/911 3364/4954/911
f 3364/2902/912 3370/1419/912 3369/1418/912 3363/2903/912
f 3338/4956/1784 3348/1608/1784 3349/1611/1784 3340/4957/1784
f 3340/1496/1785 3349/1612/1785 3347/1264/1785 3339/1618/1785
f 1697/6177/570 2228/616/570 2234/600/570 1698/699/570
f 1698/694/1786 2234/606/1786 2230/617/1786 1696/6178/1786
f 2229/601/1787 3024/744/1787 3026/747/1787 2233/602/1787
f 2233/608/1788 3026/743/1788 3023/742/1788 2230/617/1788
f 1696/6178/1786 1884/6179/1786 1885/6180/1786 1698/694/1786
f 1698/699/570 1885/6181/570 1883/6182/570 1697/6177/570
f 2791/674/1469 2824/688/1469 2827/690/1469 2794/675/1469
f 2794/679/1789 2827/685/1789 2823/684/1789 2792/676/1789
f 2228/616/575 2545/642/575 2547/631/575 2231/598/575
f 2231/604/576 2547/631/576 2544/634/576 2229/601/576
f 2993/709/1790 3038/757/1790 3041/743/1790 2996/710/1790
f 2996/716/1791 3041/755/1791 3037/754/1791 2994/713/1791
f 2792/676/1792 7231/776/1792 7234/779/1792 2796/677/1792
f 2796/682/1793 7234/773/1793 7230/772/1793 2793/680/1793
f 7178/5613/1794 7209/3145/1794 7210/3144/1794 7180/5614/1794
f 7180/5617/1795 7210/3143/1795 7208/3142/1795 7179/5618/1795
f 7226/5624/1796 7271/1724/1796 7272/1723/1796 7228/5625/1796
f 7228/5626/1797 7272/1720/1797 7270/1719/1797 7227/5627/1797
f 7258/5629/1798 7267/4240/1798 7269/4239/1798 7260/5630/1798
f 7260/5633/1799 7269/4238/1799 7268/4237/1799 7259/5634/1799
f 7330/6183/694 7363/5656/694 7364/5655/694 7332/6184/694
f 7332/6185/1062 7364/5654/1062 7362/5653/1062 7331/6186/1062
f 7331/6186/1800 7344/808/1800 7346/811/1800 7332/6185/1800
f 7332/6184/1801 7346/805/1801 7343/804/1801 7330/6183/1801
f 7386/6187/1034 7389/6188/1034 7391/6189/1034 7388/6190/1034
f 7388/6191/1802 7391/6192/1802 7390/6193/1802 7387/6194/1802
f 7387/6194/1333 7396/6195/1333 7397/6196/1333 7388/6191/1333
f 7388/6190/1334 7397/6197/1334 7395/6198/1334 7386/6187/1334
f 7306/5643/1687 7325/1736/1687 7326/1735/1687 7308/5644/1687
f 7308/5647/1053 7326/1732/1053 7324/1731/1053 7307/5648/1053
f 7282/5650/1803 7288/6199/1803 7290/6200/1803 7284/5651/1803
f 7284/4592/1804 7290/6201/1804 7289/6202/1804 7283/5652/1804
f 7410/1782/606 7432/1783/606 7433/1784/606 7412/1785/606
f 7412/5011/607 7433/4265/607 7431/4264/607 7411/5012/607
f 7458/5014/1005 7464/6203/1005 7466/6204/1005 7460/5015/1005
f 7460/3245/1006 7466/1874/1006 7465/1873/1006 7459/3246/1006
f 7747/6205/618 7803/3205/618 7805/3204/618 7748/6206/618
f 7748/1824/619 7805/1825/619 7804/1826/619 7746/1827/619
f 7746/1827/1805 7752/1828/1805 7754/1829/1805 7748/1824/1805
f 7748/6206/621 7754/6207/621 7753/6208/621 7747/6205/621
f 7722/1766/1806 7729/1767/1806 7730/1764/1806 7724/1765/1806
f 7724/5023/1807 7730/3218/1807 7728/3217/1807 7723/5024/1807
f 7699/6209/1645 7704/6210/1645 7706/6211/1645 7700/6212/1645
f 7700/1840/625 7706/1841/625 7705/1842/625 7698/1843/625
f 7698/1843/626 7701/1844/626 7703/1845/626 7700/1840/626
f 7700/6212/1489 7703/6213/1489 7702/6214/1489 7699/6209/1489
f 7507/6215/1301 7531/5667/1301 7532/5666/1301 7508/6216/1301
f 7508/4324/1302 7532/3284/1302 7530/3283/1302 7506/4325/1302
f 7506/4325/1303 7512/1885/1303 7514/1888/1303 7508/4324/1303
f 7508/6216/1304 7514/6217/1304 7513/6218/1304 7507/6215/1304
f 7482/1790/1289 7546/3202/1289 7547/3203/1289 7484/1793/1289
f 7484/5029/1290 7547/5670/1290 7545/5669/1290 7483/5030/1290
f 7434/5005/1808 7437/6219/1808 7439/6220/1808 7436/5006/1808
f 7436/1858/1809 7439/1850/1809 7438/1849/1809 7435/1859/1809
f 8011/6221/986 8016/6222/986 8018/6223/986 8012/6224/986
f 8012/3195/987 8018/3200/987 8017/3201/987 8010/3194/987
f 8010/3194/984 8058/1758/984 8060/1757/984 8012/3195/984
f 8012/6224/1284 8060/6225/1284 8059/6226/1284 8011/6221/1284
f 8034/5034/1810 8059/6226/1810 8060/6225/1810 8036/5035/1810
f 8036/1756/1811 8060/1757/1811 8058/1758/1811 8035/1759/1811
f 8298/1782/1492 8317/1783/1492 8318/1784/1492 8300/1785/1492
f 8300/5037/1493 8318/3256/1493 8316/3255/1493 8299/5038/1493
f 8323/6227/1494 8328/6228/1494 8330/6229/1494 8324/6230/1494
f 8324/1772/1812 8330/1756/1812 8329/1759/1812 8322/1773/1812
f 8322/1773/1496 8347/1873/1496 8348/1874/1496 8324/1772/1496
f 8324/6230/1497 8348/5040/1497 8346/5039/1497 8323/6227/1497
f 8395/6231/1017 8427/1872/1017 8429/1871/1017 8396/6232/1017
f 8396/3277/1018 8429/1870/1018 8428/1869/1018 8394/3278/1018
f 8394/3278/1019 8400/3279/1019 8402/3280/1019 8396/3277/1019
f 8396/6232/1020 8402/6233/1020 8401/6234/1020 8395/6231/1020
f 7770/4274/1297 7776/3247/1297 7778/4272/1297 7772/4273/1297
f 7772/4313/1280 7778/6235/1280 7777/6236/1280 7771/4314/1280
f 7819/6237/610 7833/5042/610 7835/5041/610 7820/6238/610
f 7820/1802/611 7835/1803/611 7834/1804/611 7818/1805/611
f 7818/1805/612 7824/1806/612 7826/1807/612 7820/1802/612
f 7820/6238/613 7826/6239/613 7825/6240/613 7819/6237/613
f 7794/3228/1000 7797/1816/1000 7799/1815/1000 7796/3229/1000
f 7796/5047/1001 7799/6241/1001 7798/6242/1001 7795/5048/1001
f 8370/1790/1813 8392/3202/1813 8393/3203/1813 8372/1793/1813
f 8372/5050/1814 8393/4293/1814 8391/4292/1814 8371/5051/1814
f 8418/1878/1815 8421/3283/1815 8423/3284/1815 8420/1879/1815
f 8420/5688/1816 8423/6243/1816 8422/6244/1816 8419/5689/1816
f 8082/1868/1817 8128/1869/1817 8129/1870/1817 8084/1866/1817
f 8084/5056/1818 8129/3295/1818 8127/3294/1818 8083/5057/1818
f 8107/6245/1819 8121/5061/1819 8123/5060/1819 8108/6246/1819
f 8108/1802/1820 8123/1803/1820 8122/1804/1820 8106/1805/1820
f 8106/1805/1821 8116/1806/1821 8117/1807/1821 8108/1802/1821
f 8108/6246/613 8117/6247/613 8115/6248/613 8107/6245/613
f 1718/6249/716 8284/1915/716 8285/1914/716 1719/6250/716
f 1719/1951/1822 8285/1911/1822 8283/1910/1822 1717/1950/1822
f 1717/1950/1540 1748/5160/1540 1749/1957/1540 1719/1951/1540
f 1719/6250/662 1749/6251/662 1747/6252/662 1718/6249/662
f 1748/5160/1683 1775/3364/1683 1776/3366/1683 1749/1957/1683
f 1749/6251/1684 1776/5709/1684 1774/5710/1684 1747/6252/1684
f 1917/4351/1685 1945/3371/1685 1946/3373/1685 1918/4352/1685
f 1918/6253/723 1946/6254/723 1944/6255/723 1916/6256/723
f 1945/3371/1067 1968/3325/1067 1970/3327/1067 1946/3373/1067
f 1946/6254/1068 1970/6257/1068 1969/6258/1068 1944/6255/1068
f 1968/3325/1823 1999/3299/1823 2000/3302/1823 1970/3327/1823
f 1970/6257/1824 2000/3303/1824 1998/3306/1824 1969/6258/1824
f 1510/5096/1825 1540/1941/1825 1541/1969/1825 1511/5097/1825
f 1511/6259/1826 1541/4338/1826 1539/4341/1826 1509/6260/1826
f 2427/1956/1554 2500/5722/1554 2501/3366/1554 2428/1957/1554
f 2428/1958/1384 2501/5723/1384 2499/5724/1384 2426/1959/1384
f 1542/2044/1076 1555/4347/1076 1556/3359/1076 1544/2045/1076
f 1544/2048/1075 1556/6261/1075 1554/6262/1075 1543/2049/1075
f 1712/3325/1823 1724/3299/1823 1725/3302/1823 1713/3327/1823
f 1713/3446/1824 1725/6263/1824 1723/6264/1824 1711/3447/1824
f 1736/3300/1267 1751/4367/1267 1752/4360/1267 1737/3301/1267
f 1737/6265/1268 1752/4394/1268 1750/4397/1268 1735/6266/1268
f 7555/2225/731 7558/2226/731 7559/2227/731 7556/2228/731
f 7556/5196/732 7559/6267/732 7557/6268/732 7554/5197/732
f 7579/2233/1827 7581/2234/1827 7583/2235/1827 7580/2236/1827
f 7580/5813/1828 7583/6269/1828 7582/6270/1828 7578/5814/1828
f 7603/2241/1378 7606/2242/1378 7607/2243/1378 7604/2244/1378
f 7604/5815/736 7607/6271/736 7605/4492/736 7602/5816/736
f 7627/2249/737 7629/2250/737 7631/2251/737 7628/2252/737
f 7628/5817/738 7631/6272/738 7630/6273/738 7626/5818/738
f 7651/2257/739 7653/2258/739 7655/2259/739 7652/2260/739
f 7652/5819/740 7655/6274/740 7654/6275/740 7650/5820/740
f 7674/2265/1381 7678/2266/1381 7679/2267/1381 7676/2268/1381
f 7676/2269/742 7679/6276/742 7677/4498/742 7675/5821/742
f 1418/6277/1032 1545/6278/1032 1547/3639/1032 1420/3558/1032
f 1420/3559/1128 1547/6279/1128 1546/3561/1128 1419/3562/1128
f 2502/2182/1829 2563/2189/1829 2565/2192/1829 2504/2183/1829
f 2504/2186/1830 2565/2193/1830 2564/2196/1830 2503/2187/1830
f 2759/2210/745 2801/6280/745 2803/2286/745 2761/2211/745
f 2761/2214/746 2803/2287/746 2802/2288/746 2760/2215/746
f 2848/6281/975 2873/6282/975 2875/2364/975 2850/6283/975
f 2850/6284/770 2875/2416/770 2874/2368/770 2849/2369/770
f 2873/6282/1668 2891/6285/1668 2893/6286/1668 2875/2364/1668
f 2875/2416/1831 2893/6287/1831 2892/3650/1831 2874/2368/1831
f 2891/6285/1052 2912/6288/1052 2914/6289/1052 2893/6286/1052
f 2893/6287/1832 2914/6290/1832 2913/6291/1832 2892/3650/1832
f 2927/6292/1687 2948/6293/1687 2950/6294/1687 2929/6295/1687
f 2929/2297/1053 2950/6296/1053 2949/2299/1053 2928/2300/1053
f 2981/2218/670 2987/3651/670 2989/3654/670 2983/2219/670
f 2983/2222/1833 2989/4416/1833 2988/2424/1833 2982/2223/1833
f 3033/3481/699 3046/3488/699 3048/3491/699 3035/3482/699
f 3035/3485/1834 3048/3492/1834 3047/2432/1834 3034/3486/1834
f 3059/3489/1835 3065/3494/1835 3067/3497/1835 3061/3490/1835
f 3061/3493/792 3067/3498/792 3066/2436/792 3060/2431/792
f 3146/3510/1836 3158/3515/1836 3160/3518/1836 3148/3511/1836
f 3148/3514/1837 3160/3519/1837 3159/3522/1837 3147/2467/1837
f 3170/3516/682 3182/3523/682 3184/3526/682 3172/3517/682
f 3172/3520/1838 3184/3527/1838 3183/3530/1838 3171/3521/1838
f 3194/3524/1839 3209/4429/1839 3211/3713/1839 3196/3525/1839
f 3196/3528/1840 3211/4432/1840 3210/3717/1840 3195/3529/1840
f 3242/4435/1841 3257/4440/1841 3259/4443/1841 3244/4436/1841
f 3244/4439/654 3259/4444/654 3258/3616/654 3243/3682/654
f 3266/4441/1842 3281/4446/1842 3283/4448/1842 3268/4442/1842
f 3268/4445/677 3283/4449/677 3282/3731/677 3267/3615/677
f 1419/3617/1142 3303/3618/1142 3304/6297/1142 1420/6298/1142
f 1420/3558/1029 3304/3685/1029 3302/6299/1029 1418/6277/1029
f 7867/2370/1143 7870/2314/1143 7871/2317/1143 7868/2371/1143
f 7868/5824/1341 7871/6300/1341 7869/6301/1341 7866/5825/1341
f 7891/2377/1342 7894/2322/1342 7895/2325/1342 7892/2378/1342
f 7892/3457/1343 7895/6302/1343 7893/6303/1343 7890/5826/1343
f 7914/2383/1843 7918/2330/1843 7919/2333/1843 7916/2384/1843
f 7916/5827/1844 7919/6304/1844 7917/6305/1844 7915/5828/1844
f 7939/2389/1149 7942/2338/1149 7943/2341/1149 7940/2390/1149
f 7940/5829/1344 7943/6306/1344 7941/6307/1344 7938/5830/1344
f 7962/2395/1345 7966/2346/1345 7967/2349/1345 7964/2396/1345
f 7964/5831/1346 7967/6308/1346 7965/6309/1346 7963/5832/1346
f 2068/5225/719 2126/3572/719 2128/2183/719 2070/2184/719
f 2070/2185/720 2128/3575/720 2127/2187/720 2069/2188/720
f 2256/6310/1334 2280/6311/1334 2282/6312/1334 2258/6313/1334
f 2258/6314/1333 2282/6315/1333 2281/2360/1333 2257/2361/1333
f 2280/6311/1336 2308/6316/1336 2310/2200/1336 2282/6312/1336
f 2282/6315/1386 2310/2201/1386 2309/2204/1386 2281/2360/1386
f 2308/6316/723 2332/6317/723 2334/2199/723 2310/2200/723
f 2310/2201/724 2334/2202/724 2333/2203/724 2309/2204/724
f 2350/6318/1035 2374/6319/1035 2376/2212/1035 2352/2206/1035
f 2352/6320/973 2376/6321/973 2375/2216/973 2351/2208/973
f 2374/6319/727 2411/2284/727 2413/2211/727 2376/2212/727
f 2376/6321/728 2413/2214/728 2412/2215/728 2375/2216/728
f 2454/2289/1845 2478/6322/1845 2480/6283/1845 2456/2290/1845
f 2456/2291/1318 2480/2366/1318 2479/2369/1318 2455/2292/1318
f 2478/6322/975 2508/6323/975 2510/2364/975 2480/6283/975
f 2480/2366/770 2510/2416/770 2509/2368/770 2479/2369/770
f 2526/6324/1846 2557/6325/1846 2559/6326/1846 2528/6327/1846
f 2528/6328/1832 2559/6329/1832 2558/6291/1832 2527/3650/1832
f 2630/2301/1847 2651/6330/1847 2653/6331/1847 2632/2302/1847
f 2632/2303/1848 2653/6332/1848 2652/2223/1848 2631/2224/1848
f 2651/6330/1483 2660/3577/1483 2662/2420/1483 2653/6331/1483
f 2653/6332/669 2662/3579/669 2661/2424/669 2652/2223/669
f 2687/3582/978 2696/3587/978 2698/3589/978 2689/3583/978
f 2689/3586/1849 2698/3590/1849 2697/2432/1849 2688/3486/1849
f 2723/3592/673 2735/4465/673 2737/2440/673 2725/3496/673
f 2725/3593/1850 2737/4467/1850 2736/2444/1850 2724/3499/1850
f 2741/4466/1851 2750/4469/1851 2752/4420/1851 2743/3502/1851
f 2743/4468/1672 2752/4471/1672 2751/4424/1672 2742/2443/1672
f 2816/3600/1852 2832/3601/1852 2834/3512/1852 2818/3506/1852
f 2818/3508/1853 2834/3603/1853 2833/2468/1853 2817/2459/1853
f 2909/4476/653 2921/4479/653 2923/4481/653 2911/4477/653
f 2911/4478/1854 2923/3722/1854 2922/3683/1854 2910/3716/1854
f 2945/3610/1855 2957/4483/1855 2959/4485/1855 2947/3611/1855
f 2947/3614/1856 2959/4486/1856 2958/3731/1856 2946/3615/1856
f 8155/2105/700 8158/2106/700 8159/2107/700 8156/2108/700
f 8156/5835/701 8159/6333/701 8157/6334/701 8154/5836/701
f 8179/2113/1857 8182/2376/1857 8183/2115/1857 8180/2116/1857
f 8180/2117/703 8183/6335/703 8181/6336/703 8178/5837/703
f 8202/2121/704 8206/2122/704 8207/2123/704 8204/2124/704
f 8204/5838/705 8207/6337/705 8205/6338/705 8203/5839/705
f 8227/2129/706 8230/2130/706 8231/2131/706 8228/2132/706
f 8228/5840/707 8231/6339/707 8229/6340/707 8226/5841/707
f 8251/2137/1858 8254/2138/1858 8255/2139/1858 8252/2140/1858
f 8252/5842/709 8255/6341/709 8253/6342/709 8250/5843/709
f 8275/2145/710 8278/2146/710 8279/2147/710 8276/2148/710
f 8276/5844/711 8279/6343/711 8277/6344/711 8274/5845/711
f 1956/4563/1035 1986/4507/1035 1988/4510/1035 1958/4564/1035
f 1958/5246/1711 1988/4511/1711 1987/2216/1711 1957/2208/1711
f 2032/4512/1338 2065/5247/1338 2067/5248/1338 2034/2286/1338
f 2034/4513/1712 2067/5249/1712 2066/2292/1712 2033/2288/1712
f 2132/3647/1052 2162/6345/1052 2164/6346/1052 2134/3648/1052
f 2134/3649/1859 2164/6347/1859 2163/6291/1859 2133/3650/1859
f 2204/6293/1860 2238/6348/1860 2240/2220/1860 2206/6294/1860
f 2206/6296/1641 2240/2221/1641 2239/2224/1641 2205/2299/1641
f 2329/2426/791 2344/2433/791 2346/2434/791 2331/2427/791
f 2331/2430/792 2346/3498/792 2345/2436/792 2330/2431/792
f 2554/4530/653 2566/3676/653 2568/3679/653 2556/4531/653
f 2556/4532/695 2568/3680/695 2567/3683/695 2555/3716/695
f 2606/4534/678 2621/4538/678 2623/4448/678 2608/4442/678
f 2608/4537/677 2623/4540/677 2622/3731/677 2607/3615/677
f 8442/2226/1091 8445/3531/1091 8447/3532/1091 8444/2227/1091
f 8444/5847/1092 8447/6349/1092 8446/6350/1092 8443/5848/1092
f 8466/2234/1559 8470/3535/1559 8471/3536/1559 8468/2235/1559
f 8468/5849/1560 8471/6351/1560 8469/6352/1560 8467/5850/1560
f 8491/2242/1095 8494/3539/1095 8495/3540/1095 8492/2243/1095
f 8492/5851/1096 8495/6353/1096 8493/6354/1096 8490/4492/1096
f 8515/2250/1097 8518/3543/1097 8519/3544/1097 8516/2251/1097
f 8516/5852/1098 8519/6355/1098 8517/6356/1098 8514/5853/1098
f 8538/2258/1099 8542/3547/1099 8543/3548/1099 8540/2259/1099
f 8540/5854/1562 8543/6357/1562 8541/6358/1562 8539/5855/1562
f 8563/2266/1101 8566/3551/1101 8567/3552/1101 8564/2267/1101
f 8564/5856/1102 8567/6359/1102 8565/6360/1102 8562/5857/1102
f 1503/5859/1861 1515/4555/1861 1517/4558/1861 1505/5860/1861
f 1505/5861/1862 1517/4559/1862 1516/2167/1862 1504/2168/1862
f 1533/4556/1075 1548/6361/1075 1550/6362/1075 1535/4557/1075
f 1535/3568/1863 1550/6363/1863 1549/3475/1863 1534/3476/1863
f 1548/6361/1313 1557/2406/1313 1559/2172/1313 1550/6362/1313
f 1550/6363/1864 1559/2173/1864 1558/2176/1864 1549/3475/1864
f 1569/2407/1865 1591/5862/1865 1593/4505/1865 1571/2408/1865
f 1571/2409/661 1593/5224/661 1592/2180/661 1570/2175/661
f 1789/6364/1866 1808/6365/1866 1810/6366/1866 1791/6367/1866
f 1791/6368/1867 1810/6369/1867 1809/6291/1867 1790/3650/1867
f 1808/6365/590 1823/6370/590 1825/2296/590 1810/6366/590
f 1810/6369/1868 1825/6371/1868 1824/2300/1868 1809/6291/1868
f 1832/6372/1324 1844/6373/1324 1846/6374/1324 1834/6375/1324
f 1834/6376/1869 1846/6377/1869 1845/2224/1869 1833/2299/1869
f 1880/2418/1870 1892/6378/1870 1894/3584/1870 1882/2419/1870
f 1882/2422/1871 1894/6379/1871 1893/3487/1871 1881/2423/1871
f 1904/6380/1872 1919/2425/1872 1921/2428/1872 1906/6381/1872
f 1906/6382/1873 1921/2429/1873 1920/2432/1873 1905/3486/1873
f 2004/4519/645 2023/2445/645 2025/2448/645 2006/4520/645
f 2006/6383/1673 2025/2449/1673 2024/2452/1673 2005/4423/1673
f 2056/2454/692 2071/2461/692 2073/2464/692 2058/2455/692
f 2058/2458/691 2073/2465/691 2072/2468/691 2057/2459/691
f 2120/6384/1138 2135/6385/1138 2137/3672/1138 2122/3673/1138
f 2122/4474/1139 2137/6386/1139 2136/3529/1139 2121/3530/1139
f 2156/3711/1874 2168/3718/1874 2170/3721/1874 2158/3712/1874
f 2158/3715/676 2170/3722/676 2169/3683/676 2157/3716/676
f 2180/3719/1875 2195/4567/1875 2197/4570/1875 2182/3720/1875
f 2182/3723/1876 2197/4571/1876 2196/3616/1876 2181/3682/1876
f 3149/985/843 3165/1051/843 3166/1122/843 3151/986/843
f 3151/3739/396 3166/4593/396 3164/4596/396 3150/3740/396
f 3174/6387/1877 3206/843/1877 3208/842/1877 3175/6388/1877
f 3175/2524/1174 3208/841/1174 3207/840/1174 3173/1153/1174
f 3173/1153/1184 3213/1145/1184 3214/1144/1184 3175/2524/1184
f 3175/6388/1183 3214/5266/1183 3212/5265/1183 3174/6387/1183
f 4109/1058/439 4122/1059/439 4123/1060/439 4111/1218/439
f 4111/5886/438 4123/2473/438 4121/2472/438 4110/5887/438
f 3269/4608/847 3314/4606/847 3316/4605/847 3271/4609/847
f 3271/2612/848 3316/2624/848 3315/860/848 3270/2540/848
f 3245/883/350 3255/908/350 3256/909/350 3247/882/350
f 3247/2495/349 3256/6389/349 3254/6390/349 3246/2496/349
f 3510/6391/363 3524/870/363 3526/869/363 3511/6392/363
f 3511/1094/364 3526/866/364 3525/865/364 3509/936/364
f 3509/936/423 3528/968/423 3529/2494/423 3511/1094/423
f 3511/6392/374 3529/6393/374 3527/6394/374 3510/6391/374
f 3486/6395/376 3500/2503/376 3502/2502/376 3487/6396/376
f 3487/973/375 3502/909/375 3501/884/375 3485/972/375
f 3485/972/385 3537/1024/385 3538/1025/385 3487/973/385
f 3487/6396/386 3538/2507/386 3536/2506/386 3486/6395/386
f 4086/6397/826 4089/5883/826 4090/5882/826 4087/6398/826
f 4087/898/827 4090/1117/827 4088/943/827 4085/899/827
f 4085/899/354 4095/984/354 4096/2511/354 4087/898/354
f 4087/6398/353 4096/2512/353 4094/2515/353 4086/6397/353
f 4565/5892/340 4568/6399/340 4570/6400/340 4567/5893/340
f 4567/996/348 4570/997/348 4569/998/348 4566/876/348
f 4134/6401/845 4185/2526/845 4186/2525/845 4135/6402/845
f 4135/1032/393 4186/1107/393 4184/1043/393 4133/1033/393
f 4133/1033/388 4149/858/388 4150/1070/388 4135/1032/388
f 4135/6402/399 4150/2529/399 4148/2528/399 4134/6401/399
f 4157/5898/825 4182/2532/825 4183/2531/825 4159/5899/825
f 4159/2612/824 4183/861/824 4181/860/824 4158/2540/824
f 4350/1033/1194 4368/858/1194 4369/1070/1194 4351/1032/1194
f 4351/6403/1195 4369/3774/1195 4367/3773/1195 4349/6404/1195
f 4374/6405/839 4377/2543/839 4378/2542/839 4375/6406/839
f 4375/2670/840 4378/2541/840 4376/2540/840 4373/1013/840
f 4373/1013/382 4395/1014/382 4396/1011/382 4375/2670/382
f 4375/6406/381 4396/4618/381 4394/4617/381 4374/6405/381
f 6749/5291/845 6752/6407/845 6754/6408/845 6751/5292/845
f 6751/1032/393 6754/1107/393 6753/1043/393 6750/1033/393
f 6077/968/1878 6096/906/1878 6097/905/1878 6079/2494/1878
f 6079/5295/854 6097/958/854 6095/957/854 6078/5296/854
f 6318/6409/399 6320/6410/399 6322/6411/399 6319/6412/399
f 6319/1070/388 6322/1032/388 6321/1033/388 6317/858/388
f 6317/858/343 6330/859/343 6331/856/343 6319/1070/343
f 6319/6412/342 6331/3785/342 6329/3788/342 6318/6409/342
f 6342/6413/1196 6345/5298/1196 6346/5297/1196 6343/6414/1196
f 6343/1012/840 6346/2612/840 6344/3817/840 6341/1013/840
f 6341/1013/1197 6357/1014/1197 6358/1011/1197 6343/1012/1197
f 6343/6414/381 6358/4626/381 6356/4627/381 6342/6413/381
f 6965/1106/410 7032/1043/410 7033/1107/410 6967/1234/410
f 6967/5919/411 7033/3795/411 7031/3794/411 6966/5920/411
f 6798/6415/339 6809/982/339 6811/981/339 6799/6416/339
f 6799/841/338 6811/978/338 6810/839/338 6797/840/338
f 6797/840/858 6813/1153/858 6814/2524/858 6799/841/858
f 6799/6416/857 6814/6417/857 6812/6418/857 6798/6415/857
f 6773/4637/340 6788/2600/340 6790/2599/340 6775/4638/340
f 6775/848/341 6790/849/341 6789/850/341 6774/876/341
f 6510/6419/807 6512/6420/807 6514/6421/807 6511/6422/807
f 6511/916/403 6514/2487/403 6513/918/403 6509/919/403
f 6509/919/404 6516/864/404 6517/867/404 6511/916/404
f 6511/6422/808 6517/999/808 6515/1002/808 6510/6419/808
f 6486/6423/376 6491/1003/376 6493/1006/376 6487/6424/376
f 6487/6425/384 6493/909/384 6492/884/384 6485/3901/384
f 6485/3901/1879 6489/1024/1879 6490/6426/1879 6487/6425/1879
f 6487/6424/1880 6490/5907/1880 6488/5906/1880 6486/6423/1880
f 6702/6427/813 6707/1007/813 6709/1010/813 6703/6428/813
f 6703/917/812 6709/1011/812 6708/1014/812 6701/918/812
f 6701/918/403 6704/919/403 6706/916/403 6703/917/403
f 6703/6428/807 6706/6429/807 6705/6430/807 6702/6427/807
f 6725/936/373 6732/968/373 6733/1015/373 6727/1094/373
f 6727/4644/374 6733/1016/374 6731/1019/374 6726/4645/374
f 6989/5931/342 6995/3812/342 6997/3811/342 6991/5932/342
f 6991/856/343 6997/857/343 6996/858/343 6990/859/343
f 7013/864/346 7020/935/346 7021/934/346 7015/867/346
f 7015/5938/347 7021/5311/347 7019/5310/347 7014/5939/347
f 6942/6431/419 6950/2613/419 6952/2616/419 6943/6432/419
f 6943/889/352 6952/1144/352 6951/1243/352 6941/892/352
f 6941/892/447 6948/2480/447 6949/997/447 6943/889/447
f 6943/6432/416 6949/5320/416 6947/5319/416 6942/6431/416
f 6294/6433/339 6314/4655/339 6316/4654/339 6295/6434/339
f 6295/841/338 6316/978/338 6315/839/338 6293/840/338
f 6293/840/858 6300/1153/858 6301/1154/858 6295/841/858
f 6295/6434/857 6301/5941/857 6299/5940/857 6294/6433/857
f 6533/3802/1881 6539/1028/1881 6541/1031/1881 6535/3803/1881
f 6535/856/1882 6541/857/1882 6540/858/1882 6534/859/1882
f 4517/5943/829 4526/2620/829 4528/2623/829 4519/5944/829
f 4519/1061/1414 4528/1052/1414 4527/1051/1414 4518/1219/1414
f 4541/859/436 4551/860/436 4552/2624/436 4543/3830/436
f 4543/3831/345 4552/2625/345 4550/2628/345 4542/3832/345
f 4614/6435/357 4617/5328/357 4618/5327/357 4615/6436/357
f 4615/916/403 4618/917/403 4616/918/403 4613/1039/403
f 4613/1039/404 4620/864/404 4621/5953/404 4615/916/404
f 4615/6436/360 4621/5950/360 4619/5949/360 4614/6435/360
f 5238/6437/839 5262/3838/839 5263/3837/839 5239/6438/839
f 5239/1012/840 5263/2541/840 5261/2540/840 5237/1013/840
f 5237/1013/382 5256/1014/382 5257/1011/382 5239/1012/382
f 5239/6438/381 5257/3840/381 5255/3839/381 5238/6437/381
f 5885/5955/380 5894/2636/380 5896/2635/380 5887/5956/380
f 5887/1222/379 5896/987/379 5895/984/379 5886/985/379
f 5910/6439/399 5913/5961/399 5914/5960/399 5911/6440/399
f 5911/1070/400 5914/1044/400 5912/1033/400 5909/858/400
f 5909/858/401 5931/859/401 5932/856/401 5911/1070/401
f 5911/6440/1200 5932/3842/1200 5930/3841/1200 5910/6439/1200
f 5861/5331/357 5927/4661/357 5929/4660/357 5863/5332/357
f 5863/916/403 5929/2487/403 5928/918/403 5862/919/403
f 5837/5962/374 5843/1090/374 5845/1093/374 5839/5963/374
f 5839/2494/373 5845/1094/373 5844/936/373 5838/968/373
f 5406/6441/347 5414/2656/347 5416/2659/347 5407/6442/347
f 5407/866/823 5416/1078/823 5415/864/823 5405/865/823
f 5405/865/364 5409/936/364 5410/1094/364 5407/866/364
f 5407/6442/363 5410/3849/363 5408/3848/363 5406/6441/363
f 5429/5339/858 5432/6443/858 5434/6444/858 5431/841/858
f 5431/5340/857 5434/6445/857 5433/6446/857 5430/5341/857
f 6125/876/1720 6132/942/1720 6133/947/1720 6127/848/1720
f 6127/4687/365 6133/1118/365 6131/1121/365 6126/4688/365
f 6149/5351/829 6155/6447/829 6157/6448/829 6151/5352/829
f 6151/1218/828 6157/1122/828 6156/1051/828 6150/1058/828
f 6101/5973/342 6113/3858/342 6115/3861/342 6103/5974/342
f 6103/856/822 6115/1070/822 6114/858/822 6102/859/822
f 6581/4696/1883 6590/1125/1883 6592/1124/1883 6583/4697/1883
f 6583/1061/1414 6592/1122/1414 6591/1051/1414 6582/1219/1414
f 5694/6449/357 5696/6450/357 5698/6451/357 5695/6452/357
f 5695/1077/403 5698/917/403 5697/918/403 5693/919/403
f 5693/919/404 5700/864/404 5701/1135/404 5695/1077/404
f 5695/6452/360 5701/1136/360 5699/1139/360 5694/6449/360
f 6270/6453/1884 6273/5981/1884 6274/5980/1884 6271/6454/1884
f 6271/898/1885 6274/1117/1885 6272/943/1885 6269/899/1885
f 6269/899/354 6279/984/354 6280/987/354 6271/898/354
f 6271/6454/353 6280/2686/353 6278/2689/353 6270/6453/353
f 5621/4707/340 5633/1147/340 5635/1146/340 5623/4708/340
f 5623/996/348 5635/997/348 5634/998/348 5622/851/348
f 5670/6455/355 5678/2695/355 5680/2698/355 5671/6456/355
f 5671/2757/1436 5680/905/1436 5679/906/1436 5669/907/1436
f 5669/907/814 5685/908/814 5686/909/814 5671/2757/814
f 5671/6456/429 5686/5984/429 5684/5983/429 5670/6455/429
f 4829/5381/813 4835/2723/813 4837/2722/813 4831/5382/813
f 4831/2487/1176 4837/1099/1176 4836/1014/1176 4830/918/1176
f 4805/4730/854 4838/4728/854 4840/4727/854 4807/4731/854
f 4807/905/855 4840/3759/855 4839/968/855 4806/906/855
f 4973/985/843 4986/1051/843 4987/1122/843 4975/986/843
f 4975/5386/396 4987/3880/396 4985/3883/396 4974/5387/396
f 5454/6457/826 5457/5991/826 5458/5990/826 5455/6458/826
f 5455/898/827 5458/944/827 5456/943/827 5453/899/827
f 5453/899/354 5466/984/354 5467/2511/354 5455/898/354
f 5455/6458/353 5467/2740/353 5465/2739/353 5454/6457/353
f 5477/5993/829 5498/2743/829 5500/2742/829 5479/5994/829
f 5479/1218/828 5500/1122/828 5499/1051/828 5478/1058/828
f 5021/4740/854 5054/3896/854 5056/3895/854 5023/4741/854
f 5023/905/855 5056/3759/855 5055/968/855 5022/906/855
f 4998/6459/409 5057/3903/409 5059/3902/409 4999/6460/409
f 4999/979/408 5059/1101/408 5058/1100/408 4997/838/408
f 4997/838/1175 5004/839/1175 5005/978/1175 4999/979/1175
f 4999/6460/378 5005/2748/378 5003/2747/378 4998/6459/378
f 4349/6404/1188 4401/2752/1188 4402/2751/1188 4351/6403/1188
f 4351/1032/1189 4402/1107/1189 4400/1043/1189 4350/1033/1189
f 3726/6461/363 3740/1208/363 3742/1207/363 3727/6462/363
f 3727/933/372 3742/934/372 3741/935/372 3725/936/372
f 3725/936/423 3744/968/423 3745/2494/423 3727/933/423
f 3727/6462/1574 3745/6463/1574 3743/6464/1574 3726/6461/1574
f 3702/6465/376 3716/2760/376 3718/2759/376 3703/6466/376
f 3703/3877/375 3718/909/375 3717/884/375 3701/972/375
f 3701/972/385 3753/1024/385 3754/1025/385 3703/3877/385
f 3703/6466/386 3754/2764/386 3752/2763/386 3702/6465/386
f 4302/6467/1886 4305/6007/1886 4306/6006/1886 4303/6468/1886
f 4303/898/827 4306/1117/827 4304/943/827 4301/899/827
f 4301/899/354 4311/984/354 4312/987/354 4303/898/354
f 4303/6468/353 4312/2768/353 4310/2771/353 4302/6467/353
f 4326/6469/396 4346/2770/396 4348/2769/396 4327/6470/396
f 4327/1052/843 4348/1222/843 4347/985/843 4325/1051/843
f 4325/1051/828 4341/1219/828 4342/1218/828 4327/1052/828
f 4327/6470/829 4342/1216/829 4340/1215/829 4326/6469/829
f 3893/1051/1414 3909/1219/1414 3910/1061/1414 3895/1122/1414
f 3895/3910/829 3910/1229/829 3908/1228/829 3894/3911/829
f 3917/1033/400 3936/858/400 3937/1070/400 3919/1044/400
f 3919/6008/399 3937/3913/399 3935/3912/399 3918/6009/399
f 3942/6471/839 3959/2781/839 3961/2780/839 3943/6472/839
f 3943/2670/840 3961/2612/840 3960/2540/840 3941/1013/840
f 3941/1013/1887 3963/1014/1887 3964/1011/1887 3943/2670/1887
f 3943/6472/1888 3964/2773/1888 3962/2772/1888 3942/6471/1888
f 3653/5406/340 3665/1245/340 3667/1244/340 3655/5407/340
f 3655/996/341 3667/997/341 3666/998/341 3654/851/341
f 3197/833/1889 3320/6473/1889 3322/6474/1889 3199/834/1889
f 3199/837/1890 3322/1101/1890 3321/1100/1890 3198/838/1890
f 3437/5415/340 3449/1255/340 3451/1254/340 3439/5416/340
f 3439/848/341 3451/849/341 3450/850/341 3438/876/341
f 4037/2879/894 4040/2880/894 4042/2877/894 4039/2878/894
f 4039/4759/893 4042/6475/893 4041/6476/893 4038/4760/893
f 4205/6477/466 4208/5428/466 4210/5427/466 4207/6478/466
f 4207/4003/467 4210/1332/467 4209/1333/467 4206/4005/467
f 4206/4005/1617 4212/1288/1617 4213/1291/1617 4207/4003/1617
f 4207/6478/469 4213/1292/469 4211/1295/469 4205/6477/469
f 8589/6033/482 8592/6167/482 8594/5494/482 8591/6034/482
f 8591/6035/1604 8594/6165/1604 8593/6164/1604 8590/6036/1604
f 8613/6052/482 8616/6479/482 8618/6480/482 8615/6053/482
f 8615/6054/483 8618/6481/483 8617/6482/483 8614/6055/483
f 4493/3960/489 4496/5435/489 4498/5434/489 4495/3961/489
f 4495/1404/488 4498/1391/488 4497/1390/488 4494/1403/488
f 4421/5442/495 4431/2833/495 4432/2836/495 4423/5443/495
f 4423/1432/496 4432/1265/496 4430/1264/496 4422/1433/496
f 4230/4073/512 4296/1477/512 4297/1478/512 4231/4071/512
f 4231/5447/561 4297/4798/561 4295/4797/561 4229/5448/561
f 4277/6049/472 4283/5455/472 4285/5454/472 4279/6050/472
f 4279/1523/562 4285/1313/562 4284/1321/562 4278/1524/562
f 4253/5457/543 4269/3978/543 4270/3977/543 4255/5458/543
f 4255/1534/544 4270/1445/544 4268/1444/544 4254/1535/544
f 4062/6483/1891 4067/1345/1891 4069/1348/1891 4063/6484/1891
f 4063/1401/1892 4069/1349/1892 4068/1352/1892 4061/1389/1892
f 5286/1509/478 5304/1370/478 5305/1371/478 5287/1372/478
f 5287/6059/479 5305/2845/479 5303/2844/479 5285/6060/479
f 5310/6485/480 5331/2848/480 5332/2847/480 5311/6486/480
f 5311/1290/481 5332/1291/481 5330/1288/481 5309/1289/481
f 4877/6487/550 4883/1361/550 4885/1364/550 4879/6488/550
f 4879/3064/936 4885/1365/936 4884/1368/936 4878/3063/936
f 4878/3063/449 4890/1263/449 4891/1260/449 4879/3064/449
f 4879/6488/448 4891/5461/448 4889/5460/448 4877/6487/448
f 4853/5462/511 4865/6489/511 4867/6490/511 4855/5463/511
f 4855/1469/510 4867/1464/510 4866/1467/510 4854/1468/510
f 4637/6491/466 4644/6069/466 4645/6068/466 4639/6492/466
f 4639/1331/467 4645/1371/467 4643/1370/467 4638/1334/467
f 4638/1334/468 4671/1288/468 4672/1291/468 4639/1331/468
f 4639/6492/469 4672/4815/469 4670/4814/469 4637/6491/469
f 5597/6493/529 5603/2864/529 5605/2863/529 5599/6494/529
f 5599/1533/545 5605/1534/545 5604/1535/545 5598/1536/545
f 5598/1536/474 5601/1354/474 5602/1355/474 5599/1533/474
f 5599/6494/475 5602/6495/475 5600/6496/475 5597/6493/475
f 6246/1262/874 6249/1263/874 6250/1260/874 6247/1261/874
f 6247/6086/448 6250/6497/448 6248/6498/448 6245/6087/448
f 5501/6499/933 5513/2911/933 5515/2910/933 5503/6500/933
f 5503/1282/934 5515/1283/934 5514/1280/934 5502/1281/934
f 5502/1281/935 5508/1663/935 5509/1660/935 5503/1282/935
f 5503/6500/565 5509/6501/565 5507/6502/565 5501/6499/565
f 5526/1352/1893 5532/1389/1893 5533/1392/1893 5527/1635/1893
f 5527/4837/1620 5533/1393/1620 5531/1396/1620 5525/4838/1620
f 8709/6119/470 8712/1556/470 8714/1555/470 8711/1340/470
f 8711/6120/471 8714/1552/471 8713/1551/471 8710/6121/471
f 6629/6503/911 6642/6104/911 6643/6103/911 6631/6504/911
f 6631/2902/912 6643/1419/912 6641/1418/912 6630/2903/912
f 6630/2903/559 6636/1476/559 6637/1479/559 6631/2902/559
f 6631/6504/558 6637/1480/558 6635/1483/558 6629/6503/558
f 6845/1288/1894 6855/2792/1894 6856/2793/1894 6847/1291/1894
f 6847/5488/873 6856/2920/873 6854/2923/873 6846/5489/873
f 7086/1422/1895 7140/1367/1895 7141/1366/1895 7087/1423/1895
f 7087/6505/1896 7141/4049/1896 7139/4048/1896 7085/6506/1896
f 7061/6507/553 7079/4054/553 7081/4053/553 7063/6508/553
f 7063/1260/552 7081/1261/552 7080/1262/552 7062/1263/552
f 7062/1263/450 7065/1264/450 7066/1265/450 7063/1260/450
f 7063/6508/451 7066/4844/451 7064/4843/451 7061/6507/451
f 7037/6509/508 7046/2931/508 7048/2934/508 7039/6510/508
f 7039/1464/949 7048/1465/949 7047/1466/949 7038/1467/949
f 7038/1467/519 7041/1274/519 7042/1273/519 7039/1464/519
f 7039/6510/511 7042/6107/511 7040/6106/511 7037/6509/511
f 6461/4056/489 6464/5502/489 6466/5501/489 6463/4057/489
f 6463/1404/1236 6466/1526/1236 6465/1390/1236 6462/1403/1236
f 6173/6511/933 6176/6112/933 6178/6111/933 6175/6512/933
f 6175/1282/1897 6178/1283/1897 6177/1280/1897 6174/1281/1897
f 6174/1281/935 6210/1663/935 6211/1660/935 6175/1282/935
f 6175/6512/565 6211/5508/565 6209/5507/565 6173/6511/565
f 6197/6114/472 6206/4081/472 6208/4080/472 6199/6115/472
f 6199/1523/473 6208/1313/473 6207/1321/473 6198/1524/473
f 6437/6513/933 6443/4869/933 6445/4868/933 6439/6514/933
f 6439/6515/1601 6445/1283/1601 6444/1280/1601 6438/1662/1601
f 6438/1662/1779 6474/1663/1779 6475/4847/1779 6439/6515/1779
f 6439/6514/1780 6475/4846/1780 6473/4845/1780 6437/6513/1780
f 7109/6516/499 7127/4101/499 7129/4100/499 7111/6517/499
f 7111/1442/880 7129/1404/880 7128/1403/880 7110/1443/880
f 7110/1443/881 7131/1444/881 7132/1445/881 7111/1442/881
f 7111/6517/882 7132/2961/882 7130/2960/882 7109/6516/882
f 7085/6506/1898 7100/1540/1898 7102/1539/1898 7087/6505/1898
f 7087/1423/1899 7102/1538/1899 7101/1537/1899 7086/1422/1899
f 6821/5515/526 6908/4105/526 6910/4104/526 6823/5516/526
f 6823/1522/487 6910/1523/487 6909/1524/487 6822/1525/487
f 6654/1663/1900 6693/1310/1900 6694/5526/1900 6655/6518/1900
f 6655/6519/1901 6694/5524/1901 6692/5523/1901 6653/6520/1901
f 6677/1402/1236 6690/1564/1236 6691/2856/1236 6679/1405/1236
f 6679/6130/489 6691/4860/489 6689/4859/489 6678/6131/489
f 6389/6521/466 6395/5530/466 6397/5529/466 6391/6522/466
f 6391/4003/467 6397/1371/467 6396/1370/467 6390/4005/467
f 6390/4005/1617 6399/1288/1617 6400/1291/1617 6391/4003/1617
f 6391/6522/469 6400/2972/469 6398/2975/469 6389/6521/469
f 6413/6523/558 6419/1541/558 6421/1544/558 6415/6524/558
f 6415/1479/1464 6421/1545/1464 6420/1547/1464 6414/1476/1464
f 6414/1476/512 6477/1477/512 6478/1478/512 6415/1479/512
f 6415/6524/561 6478/4866/561 6476/4865/561 6413/6523/561
f 6653/6520/1902 6660/1484/1902 6661/1487/1902 6655/6519/1902
f 6655/6518/1903 6661/1488/1903 6659/1490/1903 6654/1663/1903
f 1479/4875/1769 8698/3990/1769 8699/3991/1769 1481/4876/1769
f 1481/1554/1904 8699/2789/1904 8697/3992/1904 1480/4878/1904
f 5358/6525/499 5369/4120/499 5371/4121/499 5359/6526/499
f 5359/1442/500 5371/1404/500 5370/1403/500 5357/1443/500
f 5357/1443/881 5379/1444/881 5380/1445/881 5359/1442/881
f 5359/6526/502 5380/1577/502 5378/1576/502 5358/6525/502
f 5333/6527/503 5348/2995/503 5350/2994/503 5335/6528/503
f 5335/1423/540 5350/1355/540 5349/1354/540 5334/1422/540
f 5334/1422/541 5382/1367/541 5383/1366/541 5335/1423/541
f 5335/6528/506 5383/2998/506 5381/2997/506 5333/6527/506
f 4709/1390/488 4719/1403/488 4720/1404/488 4711/1526/488
f 4711/5533/489 4720/4126/489 4718/4125/489 4710/5534/489
f 4685/6529/543 4715/4129/543 4717/4128/543 4687/6530/543
f 4687/1579/890 4717/1445/890 4716/1444/890 4686/1580/890
f 4686/1580/545 4692/1353/545 4693/1356/545 4687/1579/545
f 4687/6530/529 4693/4882/529 4691/4881/529 4685/6529/529
f 4733/5536/476 4736/4891/476 4738/4890/476 4735/5537/476
f 4735/1365/1230 4738/4889/1230 4737/4888/1230 4734/1368/1230
f 4661/4175/451 4731/5540/451 4732/5539/451 4663/4176/451
f 4663/4178/875 4732/1605/875 4730/1613/875 4662/4179/875
f 1621/1590/535 8632/5590/535 8633/5591/535 1623/1591/535
f 1623/1554/536 8633/5592/536 8631/5593/536 1622/1594/536
f 1792/5546/535 8602/4202/535 8603/4203/535 1794/5547/535
f 1794/1554/536 8603/4204/536 8601/4205/536 1793/5549/536
f 6605/4908/498 6611/1614/498 6613/1617/498 6607/4909/498
f 6607/1435/1905 6613/1496/1905 6612/1618/1905 6606/1434/1905
f 8638/4935/483 8641/6531/483 8642/6532/483 8639/4936/483
f 8639/4938/563 8642/6533/563 8640/6534/563 8637/4939/563
f 8661/6090/490 8665/3077/490 8666/3076/490 8663/6091/490
f 8663/6092/1445 8666/3073/1445 8664/3072/1445 8662/6093/1445
f 1501/6535/1906 8688/6536/1906 8690/6537/1906 1502/3074/1906
f 1502/6538/940 8690/6539/940 8689/6540/940 1500/6541/940
f 1500/6541/1907 8686/3090/1907 8687/3089/1907 1502/6538/1907
f 1502/3074/1908 8687/3088/1908 8685/3087/1908 1501/6535/1908
f 4469/6542/933 4475/4923/933 4477/4922/933 4471/6543/933
f 4471/1661/934 4477/1283/934 4476/1280/934 4470/1662/934
f 4470/1662/935 4509/1663/935 4510/1660/935 4471/1661/935
f 4471/6543/565 4510/4925/565 4508/4924/565 4469/6542/565
f 5309/1289/1909 5328/1418/1909 5329/1419/1909 5311/1290/1909
f 5311/6486/1776 5329/4147/1776 5327/4146/1776 5310/6485/1776
f 5573/6544/495 5609/4927/495 5611/4926/495 5575/6545/495
f 5575/1496/889 5611/1265/889 5610/1264/889 5574/1618/889
f 5574/1618/497 5577/1434/497 5578/1435/497 5575/1496/497
f 5575/6545/498 5578/4930/498 5576/4929/498 5573/6544/498
f 5549/4932/873 5555/1629/873 5557/1630/873 5551/4933/873
f 5551/2793/872 5557/1291/872 5556/1288/872 5550/1289/872
f 4901/6546/893 4952/6547/893 4954/6548/893 4903/6549/893
f 4903/2908/901 4954/2878/901 4953/2879/901 4902/2909/901
f 4902/2909/902 4917/3056/902 4918/3055/902 4903/2908/902
f 4903/6549/896 4918/3053/896 4916/3052/896 4901/6546/896
f 4925/5576/568 4950/3058/568 4951/3057/568 4927/5577/568
f 4927/1665/567 4951/1660/567 4949/1663/567 4926/1664/567
f 5141/6550/462 5162/1667/462 5164/1666/462 5143/6551/462
f 5143/1299/463 5164/1665/463 5163/1664/463 5142/2939/463
f 5142/2939/1910 5154/3024/1910 5155/3023/1910 5143/1299/1910
f 5143/6551/1911 5155/3020/1911 5153/3019/1911 5141/6550/1911
f 1528/6552/1912 8619/6553/1912 8621/6554/1912 1529/6555/1912
f 1529/3083/1913 8621/6556/1913 8620/6557/1913 1527/6558/1913
f 1527/6558/1914 1706/3091/1914 1707/3074/1914 1529/3083/1914
f 1529/6555/1461 1707/3092/1461 1705/3093/1461 1528/6552/1461
f 5117/6559/893 5165/4170/893 5167/4169/893 5119/6560/893
f 5119/2877/901 5167/2878/901 5166/2879/901 5118/2880/901
f 5118/2880/895 5136/4173/895 5137/3055/895 5119/2877/895
f 5119/6560/896 5137/4172/896 5135/4171/896 5117/6559/896
f 4061/1389/1915 4064/1390/1915 4066/1526/1915 4063/1401/1915
f 4063/6484/1916 4066/6561/1916 4065/6562/1916 4062/6483/1916
f 4445/5560/1917 4451/4194/1917 4453/4193/1917 4447/5561/1917
f 4447/5564/1918 4453/4192/1918 4452/1418/1918 4446/1547/1918
f 4013/5598/498 4019/6172/498 4021/6171/498 4015/5599/498
f 4015/1465/497 4021/1432/497 4020/1433/497 4014/1466/497
f 3582/1476/512 3645/1477/512 3646/1478/512 3583/1479/512
f 3583/4949/561 3646/4212/561 3644/4211/561 3581/4950/561
f 7157/5608/1919 7160/6563/1919 7162/6564/1919 7159/5609/1919
f 7159/5610/1920 7162/6565/1920 7161/6566/1920 7158/5611/1920
f 7182/6567/1921 7184/6568/1921 7186/6569/1921 7183/6570/1921
f 7183/6571/1922 7186/6572/1922 7185/6573/1922 7181/6574/1922
f 7181/6574/1923 7206/3152/1923 7207/3151/1923 7183/6571/1923
f 7183/6570/1924 7207/3148/1924 7205/3147/1924 7182/6567/1924
f 7261/5636/1925 7265/4968/1925 7266/4967/1925 7263/5637/1925
f 7263/5638/1926 7266/4966/1926 7264/4965/1926 7262/5639/1926
f 7333/6575/1927 7337/796/1927 7339/799/1927 7335/6576/1927
f 7335/6577/1928 7339/793/1928 7336/792/1928 7334/6578/1928
f 7334/6578/663 7398/6579/663 7400/6580/663 7335/6577/663
f 7335/6576/664 7400/6581/664 7399/6582/664 7333/6575/664
f 7389/6188/686 7399/6582/686 7400/6581/686 7391/6189/686
f 7391/6192/1929 7400/6580/1929 7398/6579/1929 7390/6193/1929
f 7285/6583/789 7297/3181/789 7299/3180/789 7287/6584/789
f 7287/6585/1111 7299/3179/1111 7298/3178/1111 7286/6586/1111
f 7286/6586/1930 7289/6202/1930 7290/6201/1930 7287/6585/1930
f 7287/6584/791 7290/6200/791 7288/6199/791 7285/6583/791
f 7365/5001/1674 7371/4259/1674 7373/4258/1674 7367/5002/1674
f 7367/5003/1931 7373/4257/1931 7372/4256/1931 7366/5004/1931
f 7231/776/1932 7345/812/1932 7348/815/1932 7235/777/1932
f 7235/771/1933 7348/809/1933 7344/808/1933 7229/768/1933
f 7413/5657/1291 7416/6587/1291 7418/6588/1291 7415/5658/1291
f 7415/1841/1934 7418/3220/1934 7417/3221/1934 7414/1842/1934
f 7486/6589/1935 7491/1774/1935 7493/1777/1935 7487/6590/1935
f 7487/6591/1936 7493/1778/1936 7492/1781/1936 7485/1868/1936
f 7701/1844/1490 7708/1782/1490 7709/1785/1490 7703/1845/1490
f 7703/6213/1004 7709/1786/1004 7707/1789/1004 7702/6214/1004
f 7774/1817/1502 7780/1790/1502 7781/1793/1502 7775/1814/1502
f 7775/6592/617 7781/1794/617 7779/1797/617 7773/6593/617
f 7485/1868/1937 7540/1869/1937 7541/5663/1937 7487/6591/1937
f 7487/6590/1938 7541/5661/1938 7539/5660/1938 7486/6589/1938
f 7509/3279/1498 7534/1804/1498 7535/1803/1498 7511/3280/1498
f 7511/5664/1499 7535/1800/1499 7533/1799/1499 7510/5665/1499
f 7437/6219/1939 7446/3234/1939 7448/3237/1939 7439/6220/1939
f 7439/1850/1940 7448/1851/1940 7447/1848/1940 7438/1849/1940
f 8085/3228/1000 8092/1816/1000 8093/1815/1000 8087/3229/1000
f 8087/5674/1001 8093/1812/1001 8091/1811/1001 8086/5675/1001
f 8037/1848/1941 8061/1849/1941 8063/1850/1941 8039/1851/1941
f 8039/5678/629 8063/6594/629 8062/6595/629 8038/5679/629
f 8014/6596/630 8062/6595/630 8063/6594/630 8015/6597/630
f 8015/1858/631 8063/1850/631 8061/1849/631 8013/1859/631
f 8013/1859/632 8020/1766/632 8021/1765/632 8015/1858/632
f 8015/6597/633 8021/1832/633 8019/1835/633 8014/6596/633
f 8326/6598/990 8350/5681/990 8351/5680/990 8327/6599/990
f 8327/3210/991 8351/3211/991 8349/3212/991 8325/3213/991
f 8325/3213/992 8332/1848/992 8333/1851/992 8327/3210/992
f 8327/6599/993 8333/1852/993 8331/1855/993 8326/6598/993
f 8301/5682/1650 8319/4299/1650 8321/4298/1650 8303/5683/1650
f 8303/3220/1651 8321/1764/1651 8320/1767/1651 8302/3221/1651
f 7749/5685/1942 7755/1876/1942 7757/1875/1942 7751/5686/1942
f 7751/3245/1943 7757/1874/1943 7756/1873/1943 7750/3246/1943
f 7822/6600/996 7825/6240/996 7826/6239/996 7823/6601/996
f 7823/3224/997 7826/1807/997 7824/1806/997 7821/3225/997
f 7821/3225/998 7828/1877/998 7829/1880/998 7823/3224/998
f 7823/6601/999 7829/1881/999 7827/1884/999 7822/6600/999
f 7773/6593/614 7798/6242/614 7799/6241/614 7775/6592/614
f 7775/1814/615 7799/1815/615 7797/1816/615 7774/1817/615
f 8398/6602/1653 8422/6244/1653 8423/6243/1653 8399/6603/1653
f 8399/4324/1944 8423/3284/1944 8421/3283/1944 8397/4325/1944
f 8397/4325/1303 8404/1885/1303 8405/1888/1303 8399/4324/1303
f 8399/6603/1945 8405/1889/1945 8403/1892/1945 8398/6602/1945
f 8373/5058/1001 8376/6604/1001 8378/6605/1001 8375/5059/1001
f 8375/1815/1000 8378/3229/1000 8377/3228/1000 8374/1816/1000
f 2105/613/1946 2488/6606/1946 2489/6607/1946 2109/614/1946
f 2109/614/1947 2489/6607/1947 2487/6608/1947 2106/615/1947
f 8110/6609/1948 8118/6610/1948 8120/6611/1948 8111/6612/1948
f 8111/1879/1652 8120/1880/1652 8119/1877/1652 8109/1878/1652
f 8109/1878/1815 8125/3283/1815 8126/3284/1815 8111/1879/1815
f 8111/6612/1816 8126/5691/1816 8124/5690/1816 8110/6609/1816
f 1869/5713/1333 1896/4350/1333 1897/4353/1333 1870/3320/1333
f 1870/5714/1334 1897/6613/1334 1895/6614/1334 1868/5715/1334
f 2021/3300/1267 2054/4367/1267 2055/4360/1267 2022/3301/1267
f 2022/3304/1268 2055/5072/1268 2053/5075/1268 2020/3305/1268
f 1471/3314/1370 1510/5096/1370 1511/5097/1370 1472/3315/1370
f 1472/6615/1538 1511/6259/1538 1509/6260/1538 1470/6616/1538
f 1649/5087/1949 1670/3358/1949 1671/3359/1949 1650/2045/1949
f 1650/6617/1075 1671/4345/1075 1669/4346/1075 1648/6618/1075
f 1933/1942/1950 2042/4342/1950 2043/3437/1950 1934/1943/1950
f 1934/1946/743 2043/5083/743 2041/5086/743 1932/1947/743
f 1742/3436/1951 1781/2043/1951 1782/2046/1951 1743/3437/1951
f 1743/5732/1952 1782/5734/1952 1780/5737/1952 1741/5733/1952
f 2045/1956/1554 2099/3364/1554 2100/3366/1554 2046/1957/1554
f 2046/6619/1384 2100/3367/1384 2098/3370/1384 2044/6620/1384
f 1513/3436/1520 1531/2043/1520 1532/2046/1520 1514/3437/1520
f 1514/3438/714 1532/2047/714 1530/2050/714 1512/3439/714
f 1607/3364/1656 1628/3365/1656 1629/1963/1656 1608/3366/1656
f 1608/5797/719 1629/3440/719 1627/3441/719 1606/5798/719
f 7558/2226/1091 7561/3531/1091 7562/3532/1091 7559/2227/1091
f 7559/6267/1092 7562/6621/1092 7560/6622/1092 7557/6268/1092
f 7581/2234/1559 7585/3535/1559 7586/3536/1559 7583/2235/1559
f 7583/6269/1953 7586/6623/1953 7584/6624/1953 7582/6270/1953
f 7606/2242/1561 7609/3539/1561 7610/3540/1561 7607/2243/1561
f 7607/6271/1096 7610/6625/1096 7608/6626/1096 7605/4492/1096
f 7629/2250/1097 7633/3543/1097 7634/3544/1097 7631/2251/1097
f 7631/6272/1098 7634/6627/1098 7632/6628/1098 7630/6273/1098
f 7653/2258/1099 7657/3547/1099 7658/3548/1099 7655/2259/1099
f 7655/6274/1100 7658/3549/1100 7656/6629/1100 7654/6275/1100
f 7678/2266/1563 7681/3551/1563 7682/3552/1563 7679/2267/1563
f 7679/6276/1102 7682/6630/1102 7680/6631/1102 7677/4498/1102
f 2726/2205/1035 2747/2209/1035 2749/2212/1035 2728/2206/1035
f 2728/2207/973 2749/2213/973 2748/2216/973 2727/2208/973
f 2819/6632/1845 2848/6281/1845 2850/6283/1845 2821/2290/1845
f 2821/2291/1318 2850/6284/1318 2849/2369/1318 2820/2292/1318
f 2912/6288/1954 2927/6292/1954 2929/6295/1954 2914/6289/1954
f 2914/6290/1955 2929/2297/1955 2928/2300/1955 2913/6291/1955
f 2948/6293/1860 2969/2217/1860 2971/2220/1860 2950/6294/1860
f 2950/6296/1641 2971/2221/1641 2970/2224/1641 2949/2299/1641
f 3000/3652/1870 3013/3480/1870 3015/3483/1870 3002/3653/1870
f 3002/3656/1956 3015/3484/1956 3014/3487/1956 3001/2423/1956
f 3071/3495/673 3077/3500/673 3079/2440/673 3073/3496/673
f 3073/828/1850 3079/3503/1850 3078/2444/1850 3072/3499/1850
f 3083/3501/1851 3089/4417/1851 3091/4420/1851 3085/3502/1851
f 3085/2442/1672 3091/4421/1672 3090/4424/1672 3084/2443/1672
f 3095/4418/1674 3101/4425/1674 3103/3597/1674 3097/4419/1674
f 3097/4422/1957 3103/4427/1957 3102/2452/1957 3096/4423/1957
f 3107/4426/1958 3114/3504/1958 3115/2456/1958 3109/3596/1958
f 3109/4428/1959 3115/3507/1959 3113/2460/1959 3108/2451/1959
f 3125/3505/1852 3134/3509/1852 3136/3512/1852 3127/3506/1852
f 3127/3508/1853 3136/3513/1853 3135/2468/1853 3126/2459/1853
f 3221/4430/1960 3233/4434/1960 3235/4437/1960 3223/4431/1960
f 3223/4433/676 3235/4438/676 3234/3683/676 3222/3716/676
f 3293/4447/1961 3302/6299/1961 3304/3685/1961 3295/3726/1961
f 3295/4450/1962 3304/6297/1962 3303/3618/1962 3294/3730/1962
f 7846/2310/754 7849/2311/754 7850/2308/754 7847/2309/754
f 7847/6633/753 7850/6634/753 7848/6635/753 7845/6636/753
f 7870/2314/1548 7873/2315/1548 7874/2316/1548 7871/2317/1548
f 7871/6300/1549 7874/6637/1549 7872/6638/1549 7869/6301/1549
f 7894/2322/759 7897/2323/759 7898/2324/759 7895/2325/759
f 7895/6302/1550 7898/6639/1550 7896/6640/1550 7893/6303/1550
f 7918/2330/1963 7921/2331/1963 7922/2332/1963 7919/2333/1963
f 7919/6304/762 7922/6641/762 7920/6642/762 7917/6305/762
f 7942/2338/1551 7945/2339/1551 7946/2340/1551 7943/2341/1551
f 7943/6306/1552 7946/6643/1552 7944/5205/1552 7941/6307/1552
f 7966/2346/765 7969/2347/765 7970/2348/765 7967/2349/765
f 7967/6308/1553 7970/5206/1553 7968/6644/1553 7965/6309/1553
f 7845/6636/1126 7986/5834/1126 7988/5833/1126 7847/6633/1126
f 7847/3635/1127 7988/3466/1127 7987/3465/1127 7846/3636/1127
f 2159/3573/686 2210/6645/686 2212/6646/686 2161/3574/686
f 2161/3576/1964 2212/6647/1964 2211/2195/1964 2160/2196/1964
f 2332/6317/725 2350/6318/725 2352/2206/725 2334/2199/725
f 2334/2202/726 2352/6320/726 2351/2208/726 2333/2203/726
f 2557/6325/1039 2591/2293/1039 2593/2296/1039 2559/6326/1039
f 2559/6329/1965 2593/2297/1965 2592/2300/1965 2558/6291/1965
f 2669/3578/1870 2678/3581/1870 2680/3584/1870 2671/2419/1870
f 2671/3580/1871 2680/3585/1871 2679/3487/1871 2670/2423/1871
f 2705/3588/1835 2714/3591/1835 2716/3497/1835 2707/3490/1835
f 2707/2430/792 2716/3498/792 2715/2436/792 2706/2431/792
f 2762/4470/1674 2775/3594/1674 2777/3597/1674 2764/4419/1674
f 2764/4472/1957 2777/3598/1957 2776/2452/1957 2763/4423/1957
f 2798/3595/1958 2808/3504/1958 2809/2456/1958 2800/3596/1958
f 2800/3599/1959 2809/3507/1959 2807/2460/1959 2799/2451/1959
f 2851/3602/1836 2864/3605/1836 2866/3518/1836 2853/3511/1836
f 2853/3604/1837 2866/3607/1837 2865/3522/1837 2852/2467/1837
f 2876/3606/682 2885/4473/682 2887/3526/682 2878/3517/682
f 2878/3608/1838 2887/4474/1838 2886/3530/1838 2877/3521/1838
f 2894/3524/1839 2900/4475/1839 2902/3713/1839 2896/3525/1839
f 2896/3528/1840 2902/4432/1840 2901/3717/1840 2895/3529/1840
f 2930/4480/1966 2936/3609/1966 2938/3612/1966 2932/3720/1966
f 2932/4482/1967 2938/3613/1967 2937/3616/1967 2931/3682/1967
f 2963/4484/680 2975/3622/680 2977/3621/680 2965/3726/680
f 2965/4487/1968 2977/3619/1968 2976/3618/1968 2964/3730/1968
f 8158/2106/771 8161/6648/771 8162/6649/771 8159/2107/771
f 8159/6333/772 8162/6650/772 8160/6651/772 8157/6334/772
f 8182/2376/773 8185/2377/773 8186/2378/773 8183/2115/773
f 8183/6335/774 8186/6652/774 8184/2381/774 8181/6336/774
f 8206/2122/1071 8209/2383/1071 8210/2384/1071 8207/2123/1071
f 8207/6337/776 8210/6653/776 8208/6654/776 8205/6338/776
f 8230/2130/777 8233/2389/777 8234/2390/777 8231/2131/777
f 8231/6339/778 8234/6655/778 8232/6656/778 8229/6340/778
f 8254/2138/779 8257/6657/779 8258/2396/779 8255/2139/779
f 8255/6341/780 8258/6658/780 8256/6659/780 8253/6342/780
f 8278/2146/1074 8281/3465/1074 8282/3466/1074 8279/2147/1074
f 8279/6343/782 8282/3634/782 8280/3633/782 8277/6344/782
f 1467/3638/1538 1494/5238/1538 1496/2156/1538 1469/3639/1538
f 1469/3560/1969 1496/5241/1969 1495/2160/1969 1468/3561/1969
f 1684/2280/783 1702/6660/783 1704/2408/783 1686/2172/783
f 1686/2173/784 1704/2409/784 1703/2175/784 1685/2176/784
f 1702/6660/1865 1738/4503/1865 1740/4505/1865 1704/2408/1865
f 1704/2409/661 1740/4506/661 1739/2180/661 1703/2175/661
f 2183/6661/1970 2204/6293/1970 2206/6294/1970 2185/6662/1970
f 2185/6663/1686 2206/6296/1686 2205/2299/1686 2184/2300/1686
f 2259/2218/670 2268/3651/670 2270/3654/670 2261/2219/670
f 2261/2222/1833 2270/3655/1833 2269/2424/1833 2260/2223/1833
f 2283/3652/591 2296/3657/591 2298/3660/591 2285/3653/591
f 2285/3656/592 2298/3585/592 2297/3487/592 2284/2423/592
f 2311/3658/699 2320/3662/699 2322/3663/699 2313/3659/699
f 2313/3661/1873 2322/3664/1873 2321/2432/1873 2312/3486/1873
f 2353/4514/1971 2365/2437/1971 2367/2440/1971 2355/4515/1971
f 2355/4516/1972 2367/4467/1972 2366/2444/1972 2354/3499/1972
f 2377/2438/1271 2389/4518/1271 2391/4521/1271 2379/2439/1271
f 2379/4517/1973 2391/4471/1973 2390/4424/1973 2378/2443/1973
f 2405/4519/645 2414/2445/645 2416/2448/645 2407/4520/645
f 2407/4522/1673 2416/3665/1673 2415/2452/1673 2406/4423/1673
f 2429/2446/1958 2446/2453/1958 2447/2456/1958 2431/2447/1958
f 2431/3666/1959 2447/2457/1959 2445/2460/1959 2430/2451/1959
f 2457/4523/692 2466/3667/692 2468/2464/692 2459/2455/692
f 2459/2458/691 2468/3668/691 2467/2468/691 2458/2459/691
f 2481/2462/694 2493/4524/694 2495/4527/694 2483/2463/694
f 2483/3669/1974 2495/4528/1974 2494/3522/1974 2482/2467/1974
f 2505/4525/682 2514/3670/682 2516/3673/682 2507/4526/682
f 2507/4529/681 2516/3674/681 2515/3530/681 2506/3521/681
f 2529/3671/1975 2541/3710/1975 2543/3713/1975 2531/3672/1975
f 2531/3675/1976 2543/4432/1976 2542/3717/1976 2530/3529/1976
f 2585/3677/655 2597/4533/655 2599/4535/655 2587/3678/655
f 2587/3681/1977 2599/4536/1977 2598/3616/1977 2586/3682/1977
f 2633/4539/1961 2642/3686/1961 2644/3685/1961 2635/3726/1961
f 2635/4487/1962 2644/3684/1962 2643/3618/1962 2634/3730/1962
f 8445/3531/1357 8449/2105/1357 8450/2108/1357 8447/3532/1357
f 8447/6349/1358 8450/2109/1358 8448/2112/1358 8446/6350/1358
f 8470/3535/1359 8473/2113/1359 8474/2116/1359 8471/3536/1359
f 8471/6351/1703 8474/6664/1703 8472/6665/1703 8469/6352/1703
f 8494/3539/1361 8497/2121/1361 8498/2124/1361 8495/3540/1361
f 8495/6353/1362 8498/6666/1362 8496/6667/1362 8493/6354/1362
f 8518/3543/1363 8521/2129/1363 8522/2132/1363 8519/3544/1363
f 8519/6355/1364 8522/6668/1364 8520/6669/1364 8517/6356/1364
f 8542/3547/1705 8545/2137/1705 8546/2140/1705 8543/3548/1705
f 8543/6357/1706 8546/6670/1706 8544/6671/1706 8541/6358/1706
f 8566/3551/1367 8569/2145/1367 8570/2148/1367 8567/3552/1367
f 8567/6359/1368 8570/6672/1368 8568/6673/1368 8565/6360/1368
f 1654/2354/767 1666/2355/767 1668/2356/767 1656/2357/767
f 1656/2358/768 1668/2359/768 1667/2360/768 1655/2361/768
f 1666/2355/1336 1678/2410/1336 1680/2413/1336 1668/2356/1336
f 1668/2359/1386 1680/2414/1386 1679/2204/1386 1667/2360/1386
f 1753/5247/1319 1765/2362/1319 1767/2365/1319 1755/5248/1319
f 1755/5864/1567 1767/2366/1567 1766/2369/1567 1754/2292/1567
f 1844/6373/729 1856/6674/729 1858/2219/729 1846/6374/729
f 1846/6377/1642 1858/2222/1642 1857/2223/1642 1845/2224/1642
f 1856/6674/670 1871/2417/670 1873/2420/670 1858/2219/670
f 1858/2222/1484 1873/2421/1484 1872/2424/1484 1857/2223/1484
f 1892/6378/1978 1904/6380/1978 1906/6381/1978 1894/3584/1978
f 1894/6379/1979 1906/6382/1979 1905/3486/1979 1893/3487/1979
f 1980/2438/1271 1992/4518/1271 1994/4521/1271 1982/2439/1271
f 1982/2442/1973 1994/6675/1973 1993/4424/1973 1981/2443/1973
f 1992/4518/1348 2004/4519/1348 2006/4520/1348 1994/4521/1348
f 1994/6675/1273 2006/6383/1273 2005/4423/1273 1993/4424/1273
f 2080/2462/694 2092/6676/694 2094/4527/694 2082/2463/694
f 2082/2466/1974 2094/6677/1974 2093/3522/1974 2081/2467/1974
f 2092/6676/1087 2111/6678/1087 2113/4526/1087 2094/4527/1087
f 2094/6677/1391 2113/6679/1391 2112/3521/1391 2093/3522/1391
f 2135/6385/1975 2144/3710/1975 2146/3713/1975 2137/3672/1975
f 2137/6386/1976 2146/3714/1976 2145/3717/1976 2136/3529/1976
f 2207/4568/657 2216/3724/657 2218/3727/657 2209/4569/657
f 2209/4572/1980 2218/3728/1980 2217/3731/1980 2208/3615/1980
f 2235/3725/680 2247/5867/680 2249/3621/680 2237/3726/680
f 2237/3729/1968 2249/5865/1968 2248/3618/1968 2236/3730/1968
f 3872/5272/340 3884/2482/340 3886/2481/340 3874/5273/340
f 3874/996/348 3886/997/348 3885/2480/348 3873/851/348
f 3273/6680/363 3305/5278/363 3307/5277/363 3274/6681/363
f 3274/1094/364 3307/866/364 3306/2533/364 3272/936/364
f 3272/936/373 3312/968/373 3313/2494/373 3274/1094/373
f 3274/6681/374 3313/2492/374 3311/2491/374 3273/6680/374
f 3225/6682/1981 3254/6390/1981 3256/6389/1981 3226/6683/1981
f 3226/3877/384 3256/909/384 3255/908/384 3224/972/384
f 3224/972/1982 3321/1024/1982 3322/1025/1982 3226/3877/1982
f 3226/6683/1983 3322/6474/1983 3320/6473/1983 3225/6682/1983
f 3513/6684/807 3521/2499/807 3523/2498/807 3514/6685/807
f 3514/916/403 3523/917/403 3522/918/403 3512/919/403
f 3512/919/404 3516/864/404 3517/867/404 3514/916/404
f 3514/6685/808 3517/868/808 3515/871/808 3513/6684/808
f 3489/6686/854 3527/6394/854 3529/6393/854 3490/6687/854
f 3490/905/1878 3529/2494/1878 3528/968/1878 3488/906/1878
f 3488/906/819 3495/883/819 3496/882/819 3490/905/819
f 3490/6687/355 3496/2501/355 3494/2504/355 3489/6686/355
f 4544/5888/1984 4548/893/1984 4549/896/1984 4546/5889/1984
f 4546/987/846 4549/897/846 4547/900/846 4545/984/846
f 4592/5890/376 4595/877/376 4597/880/376 4594/5891/376
f 4594/973/1210 4597/881/1210 4596/884/1210 4593/972/1210
f 4568/6399/416 4571/885/416 4573/888/416 4570/6400/416
f 4570/997/415 4573/889/415 4572/892/415 4569/998/415
f 3945/6688/1985 3957/3754/1985 3958/3753/1985 3946/6689/1985
f 3946/6690/1986 3958/3752/1986 3956/865/1986 3944/936/1986
f 3944/936/423 3966/968/423 3967/3759/423 3946/6690/423
f 3946/6689/374 3967/4616/374 3965/4615/374 3945/6688/374
f 3921/6691/376 3938/911/376 3940/910/376 3922/6692/376
f 3922/973/1210 3940/909/1210 3939/908/1210 3920/972/1210
f 3920/972/1431 3969/4722/1431 3970/4721/1431 3922/973/1431
f 3922/6692/386 3970/3767/386 3968/3766/386 3921/6691/386
f 4161/6693/363 4175/2535/363 4177/2534/363 4162/6694/363
f 4162/1094/364 4177/866/364 4176/2533/364 4160/936/364
f 4160/936/423 4179/928/423 4180/927/423 4162/1094/423
f 4162/6694/374 4180/924/374 4178/923/374 4161/6693/374
f 4760/5902/1588 4770/1156/1588 4771/1155/1588 4762/5903/1588
f 4762/1144/1987 4771/1154/1987 4769/1153/1987 4761/1145/1987
f 5241/936/1988 5259/968/1988 5260/4716/1988 5242/6695/1988
f 5242/6696/1989 5260/4713/1989 5258/4712/1989 5240/6697/1989
f 6536/840/1174 6561/1153/1174 6562/2524/1174 6538/841/1174
f 6538/5913/1877 6562/3783/1877 6560/3782/1877 6537/5914/1877
f 6081/6698/1990 6089/2580/1990 6091/2579/1990 6082/6699/1990
f 6082/916/1991 6091/2576/1991 6090/918/1991 6080/919/1991
f 6080/919/404 6084/864/404 6085/867/404 6082/916/404
f 6082/6699/360 6085/952/360 6083/955/360 6081/6698/360
f 6320/6410/1992 6372/3866/1992 6373/3865/1992 6322/6411/1992
f 6322/1032/1993 6373/3864/1993 6371/1043/1993 6321/1033/1993
f 6944/985/1190 6957/4628/1190 6958/1122/1190 6946/986/1190
f 6946/5915/396 6958/4629/396 6956/4632/396 6945/5916/396
f 6800/1100/408 6804/838/408 6805/979/408 6802/1101/408
f 6802/3797/409 6805/980/409 6803/983/409 6801/3798/409
f 6777/6700/430 6812/6418/430 6814/6417/430 6778/6701/430
f 6778/1144/1437 6814/2524/1437 6813/1153/1437 6776/1145/1437
f 6776/1145/352 6783/892/352 6784/889/352 6778/1144/352
f 6778/6701/351 6784/2598/351 6782/2601/351 6777/6700/351
f 6752/6407/411 6758/2602/411 6760/2605/411 6754/6408/411
f 6754/1107/410 6760/1234/410 6759/1106/410 6753/1043/410
f 6512/6420/813 6524/5306/813 6526/5305/813 6514/6421/813
f 6514/2487/812 6526/1099/812 6525/1014/812 6513/918/812
f 6728/5928/342 6737/2609/342 6739/2608/342 6730/5929/342
f 6730/856/822 6739/857/822 6738/858/822 6729/859/822
f 6704/919/404 6714/864/404 6715/867/404 6706/916/404
f 6706/6429/808 6715/3807/808 6713/3810/808 6705/6430/808
f 7016/5935/813 7022/3819/813 7024/3818/813 7018/5936/813
f 7018/917/812 7024/1011/812 7023/1014/812 7017/918/812
f 6992/5316/854 7025/5314/854 7027/5313/854 6994/5317/854
f 6994/905/1994 7027/2494/1994 7026/968/1994 6993/2591/1994
f 6969/6702/409 7028/4651/409 7030/4650/409 6970/6703/409
f 6970/979/408 7030/1101/408 7029/1100/408 6968/838/408
f 6968/838/377 6975/839/377 6976/836/377 6970/979/377
f 6970/6703/378 6976/3822/378 6974/3821/378 6969/6702/378
f 4520/1106/410 4524/1043/410 4525/1045/410 4522/1108/410
f 4522/5946/411 4525/1046/411 4523/1049/411 4521/5947/411
f 5264/1051/828 5268/1058/828 5269/1061/828 5266/1052/828
f 5266/1055/829 5269/1062/829 5267/1065/829 5265/1056/829
f 5240/6697/1995 5252/2633/1995 5254/2632/1995 5242/6696/1995
f 5242/6695/1996 5254/2631/1996 5253/865/1996 5241/936/1996
f 5865/6704/368 5867/1081/368 5869/1084/368 5866/6705/368
f 5866/1117/412 5869/947/412 5868/942/412 5864/943/412
f 5864/943/827 5871/899/827 5872/898/827 5866/1117/827
f 5866/6705/826 5872/2634/826 5870/2637/826 5865/6704/826
f 5840/972/1431 5847/4722/1431 5848/4721/1431 5842/973/1431
f 5842/4666/386 5848/2644/386 5846/2647/386 5841/4667/386
f 5888/5335/857 5900/5965/857 5902/5964/857 5890/5336/857
f 5890/2524/1174 5902/841/1174 5901/840/1174 5889/1153/1174
f 5624/984/1585 5631/985/1585 5632/986/1585 5626/987/1585
f 5626/5347/380 5632/2673/380 5630/2676/380 5625/5348/380
f 5649/6706/438 5657/5967/438 5659/5966/438 5650/6707/438
f 5650/1060/439 5659/1218/439 5658/1058/439 5648/1059/439
f 5648/1059/1413 5652/1106/1413 5653/1108/1413 5650/1060/1413
f 5650/6707/441 5653/1109/441 5651/1112/441 5649/6706/441
f 5673/6708/345 5675/1113/345 5677/1116/345 5674/6709/345
f 5674/6710/436 5677/856/436 5676/859/436 5672/860/436
f 5672/860/1997 5706/2540/1997 5707/5371/1997 5674/6710/1997
f 5674/6709/1998 5707/5370/1998 5705/5369/1998 5673/6708/1998
f 6152/985/843 6156/1051/843 6157/1122/843 6154/1222/843
f 6154/5968/396 6157/6448/396 6155/6447/396 6153/5969/396
f 6128/5970/411 6134/2677/411 6136/2680/411 6130/5971/411
f 6130/1107/410 6136/1108/410 6135/1106/410 6129/1043/410
f 6584/984/1166 6588/985/1166 6589/986/1166 6586/2511/1166
f 6586/5355/380 6589/1123/380 6587/1126/380 6585/5356/380
f 6057/6711/1999 6063/963/1999 6064/962/1999 6058/6712/1999
f 6058/6713/2000 6064/961/2000 6062/884/2000 6056/972/2000
f 6056/972/385 6066/4722/385 6067/4721/385 6058/6713/385
f 6058/6712/386 6067/5978/386 6065/5977/386 6057/6711/386
f 6104/1145/352 6108/892/352 6109/1129/352 6106/1144/352
f 6106/4703/351 6109/1130/351 6107/1133/351 6105/4704/351
f 5696/6450/813 5708/5367/813 5710/5366/813 5698/6451/813
f 5698/917/1176 5710/5363/1176 5709/1014/1176 5697/918/1176
f 6296/1051/828 6312/1219/828 6313/1218/828 6298/1052/828
f 6298/4705/829 6313/2691/829 6311/2690/829 6297/4706/829
f 5481/6714/411 5483/5997/411 5485/5996/411 5482/6715/411
f 5482/6716/1744 5485/1108/1744 5484/1106/1744 5480/1043/1744
f 5480/1043/2001 5496/1033/2001 5497/1032/2001 5482/6716/2001
f 5482/6715/2002 5497/3780/2002 5495/3779/2002 5481/6714/2002
f 5216/4718/376 5222/2706/376 5224/2709/376 5218/4719/376
f 5218/973/1210 5224/909/1210 5223/884/1210 5217/972/1210
f 5432/6443/858 5439/1153/858 5440/2524/858 5434/6444/858
f 5434/6445/857 5440/2734/857 5438/2737/857 5433/6446/857
f 5192/985/395 5195/1050/395 5197/1053/395 5194/986/395
f 5194/5998/396 5197/1054/396 5196/1057/396 5193/5999/396
f 4353/6717/376 4370/1184/376 4372/1183/376 4354/6718/376
f 4354/973/384 4372/909/384 4371/884/384 4352/972/384
f 4352/972/385 4404/1024/385 4405/1025/385 4354/973/385
f 4354/6718/386 4405/3886/386 4403/3885/386 4353/6717/386
f 4137/6719/376 4151/3905/376 4153/3904/376 4138/6720/376
f 4138/973/375 4153/909/375 4152/884/375 4136/972/375
f 4136/972/385 4188/4722/385 4189/4721/385 4138/973/385
f 4138/6720/386 4189/4744/386 4187/4743/386 4137/6719/386
f 4112/5397/2003 4127/1197/2003 4129/1196/2003 4114/5398/2003
f 4114/2524/863 4129/841/863 4128/840/863 4113/1153/863
f 3729/6721/807 3737/2755/807 3739/2754/807 3730/6722/807
f 3730/916/403 3739/917/403 3738/918/403 3728/919/403
f 3728/919/404 3732/864/404 3733/867/404 3730/916/404
f 3730/6722/808 3733/1206/808 3731/1209/808 3729/6721/808
f 3705/6723/854 3743/6464/854 3745/6463/854 3706/6724/854
f 3706/905/1994 3745/2494/1994 3744/968/1994 3704/2591/1994
f 3704/2591/356 3711/883/356 3712/2757/356 3706/905/356
f 3706/6724/355 3712/2758/355 3710/2761/355 3705/6723/355
f 3681/1059/440 3684/1233/440 3685/1234/440 3682/1060/440
f 3682/6725/441 3685/1235/441 3683/1238/441 3680/6726/441
f 3657/6727/353 3662/6011/353 3664/6010/353 3658/6728/353
f 3658/987/1187 3664/898/1187 3663/899/1187 3656/984/1187
f 3656/984/379 3696/985/379 3697/986/379 3658/987/379
f 3658/6728/1729 3697/6014/1729 3695/6013/1729 3657/6727/1729
f 3680/6726/407 3689/6017/407 3691/6016/407 3682/6725/407
f 3682/1060/397 3691/1218/397 3690/1219/397 3681/1059/397
f 3465/1059/440 3468/1106/440 3469/1234/440 3466/1060/440
f 3466/6729/441 3469/1246/441 3467/1249/441 3464/6730/441
f 3441/6731/353 3446/6019/353 3448/6018/353 3442/6732/353
f 3442/987/354 3448/898/354 3447/899/354 3440/984/354
f 3440/984/379 3480/2685/379 3481/986/379 3442/987/379
f 3442/6732/380 3481/6022/380 3479/6021/380 3441/6731/380
f 3464/6730/438 3473/6025/438 3475/6024/438 3466/6729/438
f 3466/1060/439 3475/1218/439 3474/1219/439 3465/1059/439
f 3561/1288/1894 3570/2792/1894 3571/2793/1894 3562/1291/1894
f 3562/5425/873 3571/3914/873 3569/3917/873 3560/5426/873
f 4017/4005/468 4023/1288/468 4024/1291/468 4018/4003/468
f 4018/6026/469 4024/2794/469 4022/2797/469 4016/6027/469
f 4040/2880/895 4044/1280/895 4045/1283/895 4042/2877/895
f 4042/6475/896 4045/1284/896 4043/1287/896 4041/6476/896
f 4256/6045/933 4262/4801/933 4264/4800/933 4258/6046/933
f 4258/1282/934 4264/1283/934 4263/1280/934 4257/1490/934
f 4281/1390/488 4287/1564/488 4288/2856/488 4282/1526/488
f 4282/6056/489 4288/3975/489 4286/3974/489 4280/6057/489
f 4929/1389/484 4938/1402/484 4939/2857/484 4930/1392/484
f 4930/6733/485 4939/2854/485 4937/2853/485 4928/6734/485
f 4904/6735/543 4943/6065/543 4945/6064/543 4906/6736/543
f 4906/1534/890 4945/1445/890 4944/1444/890 4905/1535/890
f 4905/1535/545 4908/1353/545 4909/1356/545 4906/1534/545
f 4906/6736/529 4909/1357/529 4907/1360/529 4904/6735/529
f 4856/6737/498 4862/2858/498 4864/2861/498 4858/6738/498
f 4858/1435/497 4864/1496/497 4863/1618/497 4857/1434/497
f 4857/1434/509 4866/1467/509 4867/1464/509 4858/1435/509
f 4858/6738/508 4867/6490/508 4865/6489/508 4856/6737/508
f 4688/6071/457 4694/5469/457 4696/5468/457 4690/6072/457
f 4690/1282/456 4696/3055/456 4695/3056/456 4689/1281/456
f 5937/1685/1214 5940/1369/1214 5941/1372/1214 5938/1684/1214
f 5938/6739/455 5941/1373/455 5939/1376/455 5936/6740/455
f 5553/1443/881 5559/1444/881 5560/1445/881 5554/1442/881
f 5554/6074/502 5560/2862/502 5558/2865/502 5552/6075/502
f 5601/1354/521 5607/1422/521 5608/1423/521 5602/1355/521
f 5602/6495/520 5608/5573/520 5606/5572/520 5600/6496/520
f 8641/6531/483 8644/1636/483 8645/1639/483 8642/6532/483
f 8642/6533/563 8645/1640/563 8643/1643/563 8640/6534/563
f 5144/6741/2004 5151/3018/2004 5152/3021/2004 5146/6742/2004
f 5146/6743/2005 5152/3022/2005 5150/1352/2005 5145/1389/2005
f 5145/1389/527 5148/1402/527 5149/1405/527 5146/6743/527
f 5146/6742/542 5149/1406/542 5147/1409/542 5144/6741/542
f 6249/1263/875 6264/1264/875 6265/1265/875 6250/1260/875
f 6250/6497/451 6265/1430/451 6263/1429/451 6248/6498/451
f 6225/2808/478 6237/4004/478 6238/1332/478 6226/1277/478
f 6226/5480/479 6238/4001/479 6236/4000/479 6224/5481/479
f 5721/6744/2006 5726/1471/2006 5728/1470/2006 5722/6745/2006
f 5722/1684/2007 5728/1469/2007 5727/1468/2007 5720/1685/2007
f 5528/6094/558 5534/2898/558 5536/2901/558 5530/6095/558
f 5530/1479/913 5536/2902/913 5535/2903/913 5529/1476/913
f 5504/6746/568 5507/6502/568 5509/6501/568 5506/6747/568
f 5506/1309/567 5509/1660/567 5508/1663/567 5505/1310/567
f 5505/1310/463 5520/1311/463 5521/1308/463 5506/1309/463
f 5506/6747/462 5521/4835/462 5519/4834/462 5504/6746/462
f 6392/6098/495 6405/4025/495 6406/4024/495 6394/6099/495
f 6394/1432/496 6406/1265/496 6404/1264/496 6393/6100/496
f 6608/6748/466 6614/6102/466 6616/6101/466 6610/6749/466
f 6610/1331/467 6616/1332/467 6615/1333/467 6609/1334/467
f 6609/1334/1622 6618/1288/1622 6619/1291/1622 6610/1331/1622
f 6610/6749/469 6619/4035/469 6617/4038/469 6608/6748/469
f 6848/6750/448 6866/4842/448 6868/4841/448 6850/6751/448
f 6850/1260/449 6868/1261/449 6867/1262/449 6849/1263/449
f 6849/1263/450 6852/1264/450 6853/1265/450 6850/1260/450
f 6850/6751/451 6853/1497/451 6851/1500/451 6848/6750/451
f 6824/6752/452 6830/1506/452 6832/1505/452 6826/6753/452
f 6826/1272/453 6832/1273/453 6831/1274/453 6825/1275/453
f 6825/1275/454 6834/1276/454 6835/1277/454 6826/1272/454
f 6826/6753/455 6835/4039/455 6833/4042/455 6824/6752/455
f 6416/6096/2008 6479/4066/2008 6481/4065/2008 6418/6097/2008
f 6418/1365/2009 6481/1366/2009 6480/1367/2009 6417/1368/2009
f 6200/2943/489 6203/6118/489 6205/6117/489 6202/2944/489
f 6202/1404/1236 6205/1526/1236 6204/1390/1236 6201/1403/1236
f 6008/6754/2010 6015/2883/2010 6016/2886/2010 6010/6755/2010
f 6010/6756/1758 6016/2887/1758 6014/1310/1758 6009/1311/1758
f 6009/1311/464 6030/1312/464 6031/1313/464 6010/6756/464
f 6010/6755/461 6031/4851/461 6029/4850/461 6008/6754/461
f 7088/6757/893 7136/4857/893 7138/4856/893 7090/6758/893
f 7090/2908/901 7138/2878/901 7137/2879/901 7089/2909/901
f 7089/2909/902 7104/1280/902 7105/1283/902 7090/2908/902
f 7090/6758/896 7105/4095/896 7103/4094/896 7088/6757/896
f 7112/6123/568 7134/4099/568 7135/4098/568 7114/6124/568
f 7114/1309/2011 7135/1660/2011 7133/1663/2011 7113/1320/2011
f 6680/6127/472 6683/5528/472 6685/5527/472 6682/6128/472
f 6682/1349/473 6685/1313/473 6684/1312/473 6681/1352/473
f 6656/6133/543 6686/4863/543 6688/4862/543 6658/6134/543
f 6658/1579/914 6688/1445/914 6687/1444/914 6657/1580/914
f 8688/6536/470 8694/1475/470 8696/1474/470 8690/6537/470
f 8690/6539/490 8696/1473/490 8695/1472/490 8689/6540/490
f 6896/6759/499 6911/6137/499 6913/6136/499 6898/6760/499
f 6898/1442/500 6913/1404/500 6912/1403/500 6897/1443/500
f 6897/1443/881 6900/1444/881 6901/1445/881 6898/1442/881
f 6898/6760/502 6901/4871/502 6899/4870/502 6896/6759/502
f 5960/5531/451 5978/2989/451 5980/2988/451 5962/5532/451
f 5962/1265/450 5980/1605/450 5979/1613/450 5961/1264/450
f 5936/6740/452 5943/2990/452 5944/2993/452 5938/6739/452
f 5938/1684/886 5944/1469/886 5942/1468/886 5937/1685/886
f 5312/6761/550 5318/2996/550 5320/2999/550 5314/6762/550
f 5314/1261/551 5320/1365/551 5319/1368/551 5313/1262/551
f 5313/1262/552 5325/1613/552 5326/1605/552 5314/1261/552
f 5314/6762/2012 5326/6139/2012 5324/6138/2012 5312/6761/2012
f 5288/6140/511 5300/1588/511 5302/1587/511 5290/6141/511
f 5290/1469/510 5302/1464/510 5301/1467/510 5289/1468/510
f 4064/1390/2013 4071/1403/2013 4072/1404/2013 4066/1526/2013
f 4066/6561/2014 4072/5543/2014 4070/5542/2014 4065/6562/2014
f 3992/6763/529 4046/3000/529 4048/3003/529 3994/6764/529
f 3994/1533/530 4048/1579/530 4047/1580/530 3993/1536/530
f 3993/1536/922 3996/1354/922 3997/1355/922 3994/1533/922
f 3994/6764/1453 3997/4893/1453 3995/4892/1453 3992/6763/1453
f 2765/650/2015 2780/670/2015 2783/673/2015 2768/651/2015
f 2768/657/2016 2783/667/2016 2779/666/2016 2766/654/2016
f 6632/6765/1616 6698/4903/1616 6700/4902/1616 6634/6766/1616
f 6634/4051/1230 6700/1366/1230 6699/1367/1230 6633/5422/1230
f 6633/5422/551 6639/1262/551 6640/1261/551 6634/4051/551
f 6634/6766/550 6640/4906/550 6638/4905/550 6632/6765/550
f 5720/1685/2017 5730/1509/2017 5731/1372/2017 5722/1684/2017
f 5722/6745/2018 5731/4138/2018 5729/4141/2018 5721/6744/2018
f 5745/1288/1446 5754/1289/1446 5755/1290/1446 5746/1291/1446
f 5746/5557/873 5755/4142/873 5753/4145/873 5744/5558/873
f 8616/6479/482 8620/6557/482 8621/6556/482 8618/6480/482
f 8618/6481/483 8621/6554/483 8619/6553/483 8617/6482/483
f 5337/6767/893 5387/1624/893 5389/1623/893 5338/6768/893
f 5338/2877/894 5389/2878/894 5388/2879/894 5336/2928/894
f 5336/2928/895 5352/1280/895 5353/1283/895 5338/2877/895
f 5338/6768/896 5353/4150/896 5351/4149/896 5337/6767/896
f 5360/6077/897 5384/4153/897 5386/4152/897 5362/6078/897
f 5362/6081/2019 5386/2888/2019 5385/1663/2019 5361/1310/2019
f 4880/6769/558 4887/3047/558 4888/3050/558 4882/6770/558
f 4882/1479/913 4888/2902/913 4886/2903/913 4881/1476/913
f 4881/1476/512 4953/1477/512 4954/1478/512 4882/1479/512
f 4882/6770/561 4954/6548/561 4952/6547/561 4880/6769/561
f 4928/6734/2020 4931/1631/2020 4933/1634/2020 4930/6733/2020
f 4930/1392/1621 4933/1635/1621 4932/1352/1621 4929/1389/1621
f 5120/6771/2021 5127/2868/2021 5128/2871/2021 5122/6772/2021
f 5122/6773/2022 5128/2872/2022 5126/1535/2022 5121/1353/2022
f 5121/1353/474 5133/1354/474 5134/1355/474 5122/6773/474
f 5122/6772/475 5134/6154/475 5132/6153/475 5120/6771/475
f 5073/1509/478 5085/1370/478 5086/1371/478 5074/1372/478
f 5074/5583/479 5086/3069/479 5084/3068/479 5072/5584/479
f 5097/1289/1248 5112/1653/1248 5113/1652/1248 5098/1290/1248
f 5098/5585/525 5113/1650/525 5111/1649/525 5096/5586/525
f 4641/6774/498 4667/4181/498 4669/4180/498 4642/6775/498
f 4642/1465/497 4669/1496/497 4668/1618/497 4640/1466/497
f 4640/1466/509 4647/1467/509 4648/1464/509 4642/1465/509
f 4642/6775/508 4648/5595/508 4646/5594/508 4641/6774/508
f 3777/1288/872 3786/1289/872 3787/1290/872 3778/1291/872
f 3778/6175/873 3787/4206/873 3785/4209/873 3776/6176/873
f 2766/654/2023 3005/729/2023 3008/732/2023 2770/655/2023
f 2770/661/2024 3008/726/2024 3004/725/2024 2767/658/2024
f 3003/721/2025 3018/739/2025 3021/741/2025 3006/722/2025
f 3006/728/2026 3021/738/2026 3017/737/2026 3004/725/2026
f 2767/658/2027 2791/674/2027 2797/675/2027 2771/659/2027
f 2771/653/2028 2797/681/2028 2793/680/2028 2765/650/2028
f 3036/744/2029 3049/733/2029 3055/761/2029 3039/751/2029
f 3039/756/2030 3055/767/2030 3051/766/2030 3037/754/2030
f 2854/700/1793 7242/780/1793 7248/783/1793 2857/701/1793
f 2857/706/2031 7248/789/2031 7244/788/2031 2855/704/2031
f 7160/6563/2032 7173/1712/2032 7174/1711/2032 7162/6564/2032
f 7162/6565/2033 7174/1708/2033 7172/1707/2033 7161/6566/2033
f 7184/6568/2034 7187/5623/2034 7189/5622/2034 7186/6569/2034
f 7186/6572/2035 7189/5621/2035 7188/5620/2035 7185/6573/2035
f 2822/683/2036 7343/804/2036 7349/807/2036 2825/9/2036
f 2825/687/2037 7349/813/2037 7345/812/2037 2823/684/2037
f 7392/4982/1336 7395/6198/1336 7397/6197/1336 7394/4983/1336
f 7394/4986/2038 7397/6196/2038 7396/6195/2038 7393/4987/2038
f 7368/4245/1317 7401/4244/1317 7403/4243/1317 7370/4246/1317
f 7370/2469/2039 7403/4242/2039 7402/4241/2039 7369/4247/2039
f 7312/6776/1542 7318/3170/1542 7320/3173/1542 7314/6777/1542
f 7314/6778/1541 7320/3174/1541 7319/3177/1541 7313/6779/1541
f 7313/6779/2040 7316/1730/2040 7317/1733/2040 7314/6778/2040
f 7314/6777/1866 7317/1734/1866 7315/1737/1866 7312/6776/1866
f 1796/584/2041 2403/6780/2041 2404/6781/2041 1800/585/2041
f 1800/585/2042 2404/6781/2042 2402/6782/2042 1797/588/2042
f 7416/6587/994 7419/1760/994 7421/1763/994 7418/6588/994
f 7418/3220/995 7421/1764/995 7420/1767/995 7417/3221/995
f 7441/6783/2043 7444/1752/2043 7445/1755/2043 7442/6784/2043
f 7442/1772/2044 7445/1756/2044 7443/1759/2044 7440/1773/2044
f 7440/1773/2045 7465/1873/2045 7466/1874/2045 7442/1772/2045
f 7442/6784/1497 7466/6204/1497 7464/6203/1497 7441/6783/1497
f 7752/1828/1286 7759/3212/1286 7760/3211/1286 7754/1829/1286
f 7754/6207/1285 7760/3208/1285 7758/3207/1285 7753/6208/1285
f 7704/6210/1291 7710/3216/1291 7712/3219/1291 7706/6211/1291
f 7706/1841/1934 7712/3220/1934 7711/3221/1934 7705/1842/1934
f 7512/1885/642 7536/1886/642 7538/1887/642 7514/1888/642
f 7514/6217/643 7538/6785/643 7537/6786/643 7513/6218/643
f 7489/6787/1025 7537/6786/1025 7538/6785/1025 7490/6788/1025
f 7490/3291/2046 7538/1887/2046 7536/1886/2046 7488/3292/2046
f 7488/3292/1649 7495/3228/1649 7496/3229/1649 7490/3291/1649
f 7490/6788/1501 7496/3230/1501 7494/3233/1501 7489/6787/1501
f 1795/580/2047 2104/609/2047 2110/612/2047 1798/581/2047
f 1798/587/2048 2110/612/2048 2106/615/2048 1796/584/2048
f 8016/6222/1009 8022/5032/1009 8024/5031/1009 8018/6223/1009
f 8018/3200/1010 8024/1784/1010 8023/1783/1010 8017/3201/1010
f 8041/6789/1011 8046/3241/1011 8048/3244/1011 8042/6790/1011
f 8042/3262/1491 8048/3245/1491 8047/3246/1491 8040/3263/1491
f 8040/3263/1013 8136/3264/1013 8138/3265/1013 8042/3262/1013
f 8042/6790/1014 8138/6791/1014 8137/6792/1014 8041/6789/1014
f 8065/6793/1300 8137/6792/1300 8138/6791/1300 8066/6794/1300
f 8066/4273/1299 8138/3265/1299 8136/3264/1299 8064/4274/1299
f 8064/4274/2049 8071/3247/2049 8072/3249/2049 8066/4273/2049
f 8066/6794/2050 8072/3250/2050 8070/3253/2050 8065/6793/2050
f 8305/6795/986 8310/3254/986 8312/3257/986 8306/6796/986
f 8306/3195/987 8312/3200/987 8311/3201/987 8304/3194/987
f 8304/3194/984 8356/1758/984 8357/1757/984 8306/3195/984
f 8306/6796/1284 8357/6797/1284 8355/6798/1284 8305/6795/1284
f 8328/6228/1810 8355/6798/1810 8357/6797/1810 8330/6229/1810
f 8330/1756/2051 8357/1757/2051 8356/1758/2051 8329/1759/2051
f 8352/3264/1299 8362/4274/1299 8363/4273/1299 8354/3265/1299
f 8354/3266/1300 8363/4306/1300 8361/4309/1300 8353/3267/1300
f 8400/3279/2052 8425/1804/2052 8426/1803/2052 8402/3280/2052
f 8402/6233/2053 8426/3270/2053 8424/3269/2053 8401/6234/2053
f 7776/3247/1282 7801/1780/1282 7802/1779/1282 7778/4272/1282
f 7778/6235/1283 7802/4318/1283 7800/4317/1283 7777/6236/1283
f 8376/6604/1501 8382/3289/1501 8384/3290/1501 8378/6605/1501
f 8378/3229/1500 8384/3291/1500 8383/3292/1500 8377/3228/1500
f 8113/6799/1305 8115/6248/1305 8117/6247/1305 8114/6800/1305
f 8114/3224/997 8117/1807/997 8116/1806/997 8112/3225/997
f 8112/3225/998 8119/1877/998 8120/1880/998 8114/3224/998
f 8114/6800/1307 8120/6611/1307 8118/6610/1307 8113/6799/1307
f 3201/2008/2054 7695/5721/2054 7697/5720/2054 3202/2011/2054
f 3202/5063/1975 7697/5718/1975 7696/5717/1975 3200/5064/1975
f 3074/6801/1057 7693/5811/1057 7694/5810/1057 3076/6802/1057
f 3076/1999/2055 7694/5808/2055 7692/5807/2055 3075/1996/2055
f 3075/1996/672 3081/3413/672 3082/1998/672 3076/1999/672
f 3076/6802/673 3082/5692/673 3080/5695/673 3074/6801/673
f 3087/4383/2056 3093/5696/2056 3094/5108/2056 3088/4384/2056
f 3088/5693/1271 3094/5697/1271 3092/5698/1271 3086/5694/1271
f 3111/3416/689 3120/2065/689 3121/2066/689 3112/2061/689
f 3112/5699/690 3121/5701/690 3119/5704/690 3110/5700/690
f 3129/2069/691 3141/3423/691 3142/2071/691 3130/2072/691
f 3130/5702/692 3142/5067/692 3140/5070/692 3128/5703/692
f 3153/5066/693 3168/2078/693 3169/2079/693 3154/2080/693
f 3154/5068/694 3169/5705/694 3167/5708/694 3152/5069/694
f 3177/5113/2057 3189/2036/2057 3190/2037/2057 3178/2038/2057
f 3178/5706/2058 3190/5062/2058 3188/5065/2058 3176/5707/2058
f 1896/4350/1335 1917/4351/1335 1918/4352/1335 1897/4353/1335
f 1897/6613/1336 1918/6253/1336 1916/6256/1336 1895/6614/1336
f 2096/3382/2059 8286/6803/2059 8288/6804/2059 2097/3383/2059
f 2097/5076/769 8288/6805/769 8287/6806/769 2095/5077/769
f 1445/6807/1029 2645/1907/1029 2647/1906/1029 1447/6808/1029
f 1447/3311/1030 2647/1903/1030 2646/1902/1030 1446/3312/1030
f 1446/3313/1031 1471/3314/1031 1472/3315/1031 1447/3316/1031
f 1447/6808/1032 1472/6615/1032 1470/6616/1032 1445/6807/1032
f 1598/4342/1383 1625/6809/1383 1626/2046/1383 1599/3437/1383
f 1599/4343/714 1626/6810/714 1624/6811/714 1597/4344/714
f 1625/6809/1566 1649/5087/1566 1650/2045/1566 1626/2046/1566
f 1626/6810/2060 1650/6617/2060 1648/6618/2060 1624/6811/2060
f 3297/1901/1968 3309/1902/1968 3310/1903/1968 3298/2030/1968
f 3298/5081/1961 3310/3309/1961 3308/3308/1961 3296/5082/1961
f 1630/3314/2061 1730/5151/2061 1731/6812/2061 1632/3315/2061
f 1632/3317/2062 1731/6813/2062 1729/6814/2062 1631/3318/2062
f 1730/5151/2063 1848/1941/2063 1849/1944/2063 1731/6812/2063
f 1731/6813/2064 1849/1945/2064 1847/1948/2064 1729/6814/2064
f 2985/1980/2065 2991/5092/2065 2992/5093/2065 2986/1983/2065
f 2986/3356/2066 2992/5094/2066 2990/5095/2066 2984/3357/2066
f 1984/1950/661 2045/1956/661 2046/1957/661 1985/1951/661
f 1985/5738/662 2046/6619/662 2044/6620/662 1983/5739/662
f 2139/3365/663 2190/1961/663 2191/1962/663 2140/1963/663
f 2140/3368/664 2191/1976/664 2189/1979/664 2138/3369/664
f 2691/2097/2067 2703/2098/2067 2704/2099/2067 2692/2100/2067
f 2692/5105/699 2704/5744/699 2702/5747/699 2690/5106/699
f 2709/3403/2068 2721/3404/2068 2722/3405/2068 2710/3406/2068
f 2710/5745/2069 2722/5748/2069 2720/5749/2069 2708/5746/2069
f 2745/4383/2056 2754/5107/2056 2755/5108/2056 2746/4384/2056
f 2746/5750/1271 2755/5109/1271 2753/5110/1271 2744/5751/1271
f 2187/5763/2070 2199/5118/2070 2200/1927/2070 2188/1928/2070
f 2188/5764/2071 2200/5119/2071 2198/5120/2071 2186/5765/2071
f 2336/5766/2072 2348/3404/2072 2349/3405/2072 2337/5767/2072
f 2337/5770/791 2349/5122/791 2347/5125/791 2335/5771/791
f 2357/5121/1058 2369/1997/1058 2370/1998/1058 2358/1999/1058
f 2358/5123/1059 2370/5126/1059 2368/5129/1059 2356/5124/1059
f 2381/4383/1672 2400/5107/1672 2401/5108/1672 2382/4384/1672
f 2382/5127/1271 2401/5773/1271 2399/5776/1271 2380/5128/1271
f 2409/1893/1673 2424/5777/1673 2425/1895/1673 2410/1896/1673
f 2410/5774/1674 2425/5778/1674 2423/5781/1674 2408/5775/1674
f 2433/2064/1060 2449/2065/1060 2450/2066/1060 2434/2061/1060
f 2434/5779/1061 2450/5131/1061 2448/5134/1061 2432/5780/1061
f 2461/5130/691 2473/2070/691 2474/2071/691 2462/2072/691
f 2462/5132/692 2474/5135/692 2472/5138/692 2460/5133/692
f 2485/2077/1062 2497/2078/1062 2498/2079/1062 2486/2080/1062
f 2486/5136/694 2498/5139/694 2496/5140/694 2484/5137/694
f 2533/2008/674 2552/5179/674 2553/2010/674 2534/2011/674
f 2534/5141/675 2553/5782/675 2551/5785/675 2532/5142/675
f 2561/2016/2073 2580/2017/2073 2581/1919/2073 2562/1920/2073
f 2562/5783/2074 2581/5786/2074 2579/5789/2074 2560/5784/2074
f 2589/1925/2075 2601/5118/2075 2602/1927/2075 2590/1928/2075
f 2590/5787/655 2602/5144/655 2600/5147/655 2588/5788/655
f 2613/1933/2076 2625/2023/2076 2626/5078/2076 2614/5143/2076
f 2614/5145/2077 2626/5079/2077 2624/5080/2077 2612/5146/2077
f 2315/4378/2078 2327/2098/2078 2328/5768/2078 2316/5790/2078
f 2316/5792/2079 2328/5769/2079 2326/5772/2079 2314/5793/2079
f 1465/5151/1154 1483/3430/1154 1484/1969/1154 1466/5097/1154
f 1466/5153/1697 1484/3432/1697 1482/3435/1697 1464/5154/1697
f 1555/4347/2080 1564/1949/2080 1565/1912/2080 1556/3359/2080
f 1556/6261/1313 1565/5156/1313 1563/5159/1313 1554/6262/1313
f 1724/3299/1028 1736/3300/1028 1737/3301/1028 1725/3302/1028
f 1725/6263/727 1737/6265/727 1735/6266/727 1723/6264/727
f 1760/4359/1515 1772/3382/1515 1773/3383/1515 1761/361/1515
f 1761/4395/1319 1773/6815/1319 1771/6816/1319 1759/4396/1319
f 1772/3382/2081 1787/3332/2081 1788/3335/2081 1773/3383/2081
f 1773/6815/2082 1788/5165/2082 1786/5168/2082 1771/6816/2082
f 2123/6817/1050 8287/6806/1050 8288/6805/1050 2125/6818/1050
f 2125/3335/1049 8288/6804/1049 8286/6803/1049 2124/6819/1049
f 2124/6819/1322 2148/3333/1322 2149/3334/1322 2125/3335/1322
f 2125/6818/1542 2149/4398/1542 2147/4401/1542 2123/6817/1542
f 2263/3450/2083 2275/5092/2083 2276/1982/2083 2264/1983/2083
f 2264/3452/1483 2276/5169/1483 2274/5172/1483 2262/3453/1483
f 2287/2089/1871 2306/1989/1871 2307/1990/1871 2288/1991/1871
f 2288/5170/671 2307/5791/671 2305/5794/671 2286/5171/671
f 2880/5113/2057 2889/2036/2057 2890/2037/2057 2881/2038/2057
f 2881/5173/2058 2890/5175/2058 2888/5178/2058 2879/5174/2058
f 2898/2008/674 2904/5179/674 2905/2010/674 2899/2011/674
f 2899/5176/2084 2905/5180/2084 2903/5181/2084 2897/5177/2084
f 2934/1925/2075 2943/5118/2075 2944/1927/2075 2935/1928/2075
f 2935/5799/655 2944/5182/655 2942/5185/655 2933/5800/655
f 2952/2022/2085 2961/2023/2085 2962/1935/2085 2953/1936/2085
f 2953/5183/2086 2962/5801/2086 2960/5804/2086 2951/5184/2086
f 2967/1901/1536 2979/5150/1536 2980/1903/1536 2968/2030/1536
f 2968/5802/1961 2980/5188/1961 2978/5191/1961 2966/5803/1961
f 3063/5766/2068 3069/3404/2068 3070/3405/2068 3064/3406/2068
f 3064/5805/2069 3070/5809/2069 3068/5812/2069 3062/5806/2069
f 7561/3531/1701 7564/2105/1701 7565/2108/1701 7562/3532/1701
f 7562/6621/1358 7565/2109/1358 7563/2112/1358 7560/6622/1358
f 7585/3535/2087 7588/2113/2087 7589/2116/2087 7586/3536/2087
f 7586/6623/1360 7589/2117/1360 7587/2120/1360 7584/6624/1360
f 7609/3539/1361 7612/2121/1361 7613/2124/1361 7610/3540/1361
f 7610/6625/1362 7613/2125/1362 7611/2128/1362 7608/6626/1362
f 7633/3543/1704 7636/2129/1704 7637/2132/1704 7634/3544/1704
f 7634/6627/1364 7637/2133/1364 7635/2136/1364 7632/6628/1364
f 7657/3547/2088 7660/2137/2088 7661/2140/2088 7658/3548/2088
f 7658/3549/1366 7661/2141/1366 7659/2144/1366 7656/6629/1366
f 7681/3551/1367 7684/2145/1367 7685/2148/1367 7682/3552/1367
f 7682/6630/1368 7685/2149/1368 7683/2152/1368 7680/6631/1368
f 1545/6278/1538 1660/2153/1538 1662/2156/1538 1547/3639/1538
f 1547/6279/1969 1662/2157/1969 1661/2160/1969 1546/3561/1969
f 2654/3477/1334 2672/6820/1334 2674/6312/1334 2656/3478/1334
f 2656/3479/1333 2674/6821/1333 2673/2360/1333 2655/2361/1333
f 2672/6820/1336 2693/2197/1336 2695/2200/1336 2674/6312/1336
f 2674/6821/1386 2695/2201/1386 2694/2204/1386 2673/2360/1386
f 2801/6280/747 2819/6632/747 2821/2290/747 2803/2286/747
f 2803/2287/748 2821/2291/748 2820/2292/748 2802/2288/748
f 7849/2311/1394 7852/2225/1394 7853/2228/1394 7850/2308/1394
f 7850/6634/756 7853/2229/756 7851/2232/756 7848/6635/756
f 7873/2315/1691 7876/2233/1691 7877/2236/1691 7874/2316/1691
f 7874/6637/1117 7877/2237/1117 7875/2240/1117 7872/6638/1117
f 7897/2323/1118 7900/2241/1118 7901/2244/1118 7898/2324/1118
f 7898/6639/1119 7901/2245/1119 7899/2248/1119 7896/6640/1119
f 7921/2331/1568 7924/2249/1568 7925/2252/1568 7922/2332/1568
f 7922/6641/1121 7925/2253/1121 7923/2256/1121 7920/6642/1121
f 7945/2339/1692 7948/2257/1692 7949/2260/1692 7946/2340/1692
f 7946/6643/1123 7949/2261/1123 7947/2264/1123 7944/5205/1123
f 7969/2347/1124 7972/2265/1124 7973/2268/1124 7970/2348/1124
f 7970/5206/1125 7973/2269/1125 7971/2272/1125 7968/6644/1125
f 2210/6645/1034 2256/6310/1034 2258/6313/1034 2212/6646/1034
f 2212/6647/1033 2258/6314/1033 2257/2361/1033 2211/2195/1033
f 2508/6323/1542 2526/6324/1542 2528/6327/1542 2510/2364/1542
f 2510/2416/2089 2528/6328/2089 2527/3650/2089 2509/2368/2089
f 8161/6648/1143 8164/2314/1143 8165/2317/1143 8162/6649/1143
f 8162/6650/1144 8165/2318/1144 8163/2321/1144 8160/6651/1144
f 8185/2377/1145 8188/2322/1145 8189/2325/1145 8186/2378/1145
f 8186/6652/1146 8189/2326/1146 8187/2329/1146 8184/2381/1146
f 8209/2383/1147 8212/2330/1147 8213/2333/1147 8210/2384/1147
f 8210/6653/1148 8213/2334/1148 8211/2337/1148 8208/6654/1148
f 8233/2389/1149 8236/2338/1149 8237/2341/1149 8234/2390/1149
f 8234/6655/1150 8237/2342/1150 8235/2345/1150 8232/6656/1150
f 8257/6657/1151 8260/2346/1151 8261/2349/1151 8258/2396/1151
f 8258/6658/1152 8261/2350/1152 8259/2353/1152 8256/6659/1152
f 1551/5242/2090 1575/4499/2090 1577/4502/2090 1553/5243/2090
f 1553/5244/2091 1577/2278/2091 1576/2168/2091 1552/2279/2091
f 1783/5846/1396 1811/6822/1396 1813/4561/1396 1785/3706/1396
f 1785/3709/1397 1813/2193/1397 1812/2196/1397 1784/2187/1397
f 1811/6822/721 1835/5262/721 1837/2191/721 1813/4561/721
f 1813/2193/722 1837/5263/722 1836/2195/722 1812/2196/722
f 1835/5262/1709 1859/2354/1709 1861/2357/1709 1837/2191/1709
f 1837/5263/1710 1861/2358/1710 1860/2361/1710 1836/2195/1710
f 2162/6345/2092 2183/6661/2092 2185/6662/2092 2164/6346/2092
f 2164/6347/589 2185/6663/589 2184/2300/589 2163/6291/589
f 2238/6348/729 2259/2218/729 2261/2219/729 2240/2220/729
f 2240/2221/730 2261/2222/730 2260/2223/730 2239/2224/730
f 8449/2105/1555 8452/2106/1555 8453/2107/1555 8450/2108/1555
f 8450/2109/701 8453/2372/701 8451/2375/701 8448/2112/701
f 8473/2113/1857 8476/2376/1857 8477/2115/1857 8474/2116/1857
f 8474/6664/703 8477/2379/703 8475/2382/703 8472/6665/703
f 8497/2121/704 8500/2122/704 8501/2123/704 8498/2124/704
f 8498/6666/705 8501/2385/705 8499/2388/705 8496/6667/705
f 8521/2129/1557 8524/2130/1557 8525/2131/1557 8522/2132/1557
f 8522/6668/707 8525/2391/707 8523/2394/707 8520/6669/707
f 8545/2137/1858 8548/2138/1858 8549/2139/1858 8546/2140/1858
f 8546/6670/709 8549/2142/709 8547/2399/709 8544/6671/709
f 8569/2145/710 8572/2146/710 8573/2147/710 8570/2148/710
f 8570/6672/711 8573/2402/711 8571/2405/711 8568/6673/711
f 1777/2363/2093 1789/6364/2093 1791/6367/2093 1779/2364/2093
f 1779/2416/1541 1791/6368/1541 1790/3650/1541 1778/2368/1541
f 1823/6370/1970 1832/6372/1970 1834/6375/1970 1825/2296/1970
f 1825/6371/1320 1834/6376/1320 1833/2299/1320 1824/2300/1320
f 1947/2433/1390 1959/6823/1390 1961/4515/1390 1949/2434/1390
f 1949/2435/1056 1961/4516/1056 1960/3499/1056 1948/2436/1056
f 1959/6823/1971 1971/2437/1971 1973/2440/1971 1961/4515/1971
f 1961/4516/1972 1973/2441/1972 1972/2444/1972 1960/3499/1972
f 2035/2446/1958 2048/2453/1958 2049/2456/1958 2037/2447/1958
f 2037/2450/1959 2049/2457/1959 2047/2460/1959 2036/2451/1959
f 2111/6678/682 2120/6384/682 2122/3673/682 2113/4526/682
f 2113/6679/681 2122/4474/681 2121/3530/681 2112/3521/681
f 1403/1595/2094 1622/1594/2094 1087/456/2094 48/315/2094
f 6599/4110/211 6593/4034/211 8713/1551/211 1439/1550/211 1407/2976/211 8704/2982/211 6023/1559/211 6012/1558/211 6032/1566/211 5994/4112/211 5997/4115/211 6002/1568/211 5988/1567/211 6036/1572/211 5972/2984/211 5967/2983/211 5978/2989/211 5960/5531/211 5951/4117/211 5945/4116/211 5954/2991/211 5943/2990/211 5936/6740/211 8698/3990/211 1479/4875/211 1410/4874/211 8668/1388/211 5364/1397/211 5373/1574/211 5369/4120/211 5358/6525/211 5378/1576/211 5340/1575/211 5343/1582/211 5348/2995/211 5333/6527/211 5381/2997/211 5318/2996/211 5312/6761/211 5324/6138/211 5306/4122/211 5297/1584/211 5292/1583/211 5300/1588/211 5288/6140/211 5282/6061/211 8653/4802/211 1525/6142/211 1413/6145/211 8647/2851/211 4704/5470/211 4710/5534/211 4718/4125/211 4697/4124/211 4715/4129/211 4685/6529/211 4691/4881/211 4676/4880/211 4725/4887/211 4736/4891/211 4733/5536/211 4728/5535/211 4731/5540/211 4661/4175/211 8632/5590/211 1621/1590/211 1404/1589/211 8608/1599/211 4065/6562/211 4070/5542/211 4056/5541/211 4076/3001/211 4046/3000/211 3992/6763/211 3995/4892/211 3980/4131/211 3978/4130/211 3983/1601/211 3972/1600/211 3975/1607/211 3990/3005/211 3987/6148/211 8602/4202/211 1792/5546/211 1416/5545/211 8584/5554/211 3414/4948/211 3410/3007/211 3399/3006/211 3420/3011/211 3381/4894/211 3383/4897/211 3389/3013/211 3375/3012/211 3426/3017/211 3359/4135/211 3354/4134/211 3365/1609/211 3348/1608/211 2766/654/211 2779/666/211 6651/6132/211 6662/4899/211 6645/4898/211 6698/4903/211 6632/6765/211 6638/4905/211 6621/4904/211 6623/1615/211 6611/1614/211 6605/4908/211 6596/4873/211
f 1403/1595/2095 74/321/2095 903/386/2095 1527/6558/2095 8620/6557/2095 8616/6479/2095 8613/6052/2095 8610/5587/2095 8607/1596/2095
f 1403/1595/2096 48/315/2096 94/318/2096 74/321/2096
f 1406/2978/2094 1440/1557/2094 212/456/2094 4/315/2094
f 8703/2979/2097 1406/2978/2097 8/321/2097 106/386/2097 1427/4940/2097 8706/5493/2097
f 1406/2978/2096 4/315/2096 9/318/2096 8/321/2096
f 1409/4879/2094 1480/4878/2094 575/456/2094 10/315/2094
f 1409/4879/2098 17/321/2098 215/386/2098 1442/3086/2098 8683/3085/2098 8679/4852/2098 8676/4016/2098 8673/2894/2098 8670/1382/2098 8667/1381/2098
f 1409/4879/2096 10/315/2096 19/318/2096 17/321/2096
f 1412/6147/2094 1524/6144/2094 902/456/2094 21/315/2094
f 1412/6147/2099 35/321/2099 582/386/2099 1476/4940/2099 8637/4939/2099 8640/6534/2099 8643/1643/2099 8650/1642/2099 8646/2849/2099
f 1412/6147/2096 21/315/2096 46/318/2096 35/321/2096
f 1244/456/2094 103/315/2094 1415/5550/2094 1793/5549/2094
f 8583/5551/2100 1415/5550/2100 156/321/2100 1088/386/2100 1618/6168/2100 8592/6167/2100 8589/6033/2100 8586/1381/2100
f 1415/5550/2096 103/315/2096 192/318/2096 156/321/2096
f 3303/3618/2101 1419/3617/2101 1536/3312/2101 3309/1902/2101
f 1419/3562/2102 1546/3561/2102 1630/3314/2102 1536/3313/2102
f 2317/2169/3 2271/3470/3 2192/3469/3 2089/2162/3 1995/2161/3 1865/5822/3 1768/2154/3 1660/2153/3 1545/6278/3 1418/6277/3 3302/6299/3 3293/4447/3 3281/4446/3 3266/4441/3 3257/4440/3 3242/4435/3 3233/4434/3 3221/4430/3 3209/4429/3 3194/3524/3 3182/3523/3 3170/3516/3 3158/3515/3 3146/3510/3 3134/3509/3 3125/3505/3 3114/3504/3 7654/6275/3 7656/6629/3 7659/2144/3 7663/2143/3 7665/3464/3 7668/4415/3 7672/5207/3 7675/5821/3 7677/4498/3 7680/6631/3 7683/2152/3 7687/2151/3 7689/3468/3 7551/5193/3 7549/5192/3 7554/5197/3 7557/6268/3 7560/6622/3 7563/2112/3 7567/2111/3 7570/3456/3 7573/4407/3 7576/5199/3 7578/5814/3 7582/6270/3 2618/2190/3 2563/2189/3 2502/2182/3 2463/2181/3 2420/2177/3 2359/2170/3
f 2248/3618/2101 1422/3617/2101 1430/3312/2101 2251/5150/2101
f 1422/3562/2102 1434/3561/2102 1449/3314/2102 1430/3313/2102
f 1557/2406/3 1548/6361/3 1533/4556/3 1515/4555/3 1503/5859/3 1488/3702/3 1473/3698/3 1458/3697/3 1433/5260/3 1421/5858/3 2247/5867/3 2235/3725/3 2216/3724/3 2207/4568/3 2195/4567/3 2180/3719/3 2168/3718/3 2156/3711/3 2144/3710/3 2135/6385/3 2120/6384/3 2111/6678/3 2092/6676/3 2080/2462/3 2071/2461/3 2056/2454/3 2048/2453/3 8539/5855/3 8541/6358/3 8544/6671/3 8547/2399/3 8551/2398/3 8553/3696/3 8556/2352/3 8559/5259/3 8562/5857/3 8565/6360/3 8568/6673/3 8571/2405/3 8574/2404/3 8436/4542/3 8434/4541/3 8439/4545/3 8443/5848/3 8446/6350/3 8448/2112/3 8451/2375/3 8454/2374/3 8458/3688/3 8461/4547/3 8464/5251/3 8467/5850/3 1645/5262/3 1633/4560/3 1612/3705/3 1603/3704/3 1591/5862/3 1569/2407/3
f 2643/3618/2101 1425/3617/2101 1446/3312/2101 2646/1902/2101
f 1425/3562/2102 1468/3561/2102 1471/3314/2102 1446/3313/2102
f 2566/3676/3 2554/4530/3 2541/3710/3 2529/3671/3 2514/3670/3 2505/4525/3 2493/4524/3 2481/2462/3 2466/3667/3 2457/4523/3 2446/2453/3 8245/4496/3 8247/5234/3 8250/5843/3 8253/6342/3 8256/6659/3 8259/2353/3 8263/2352/3 8266/3632/3 8269/4498/3 8271/5237/3 8274/5845/3 8277/6344/3 8280/3633/3 8142/2305/3 8140/2304/3 8145/2313/3 8148/4489/3 8152/5227/3 8154/5836/3 8157/6334/3 8160/6651/3 8163/2321/3 8167/2320/3 8170/3624/3 8173/4490/3 1835/5262/3 1811/6822/3 1783/5846/3 1762/4504/3 1738/4503/3 1702/6660/3 1684/2280/3 1657/3642/3 1639/3641/3 1609/4500/3 1575/4499/3 1551/5242/3 1521/5239/3 1494/5238/3 1467/3638/3 1424/3637/3 2642/3686/3 2633/4539/3 2621/4538/3 2606/4534/3 2597/4533/3 2585/3677/3
f 6437/6513/211 6473/4845/211 8707/5496/211 1428/5509/211 1462/5513/211 8710/6121/211 7043/1513/211 7055/1512/211 7050/4089/211 7058/4092/211 7067/1517/211 7083/1516/211 7071/2954/211 7077/2957/211 7136/4857/211 7088/6757/211 7103/4094/211 7098/4093/211 7134/4099/211 7112/6123/211 7106/6122/211 7124/2958/211 7118/1519/211 7116/1518/211 7122/1528/211 7127/4101/211 7109/6516/211 7130/2960/211 7094/1530/211 7092/1529/211 7100/1540/211 7085/6506/211 6917/2963/211 6902/2962/211 6915/2969/211 6906/4102/211 6908/4105/211 6821/5515/211 6816/5514/211 6819/5521/211 6653/6520/211 6692/5523/211 6672/5522/211 6683/5528/211 6680/6127/211 6675/6126/211 6678/6131/211 6689/4859/211 6669/4858/211 6686/4863/211 6656/6133/211 6651/6132/211 2779/666/211 2995/717/211 8689/6540/211 8695/1472/211 6375/2915/211 6383/2971/211 6395/5530/211 6389/6521/211 6398/2975/211 6407/2974/211 6422/1542/211 6419/1541/211 6413/6523/211 6476/4865/211 6428/4864/211 6443/4869/211
f 110/392/2103 359/503/2103 1461/5511/2103 1427/4940/2103
f 1427/4940/2104 106/386/2104 112/389/2104 110/392/2104
f 2314/5793/3 2326/5772/3 8581/2033/3 2250/5148/3 1431/5795/3 1448/5155/3 1464/5154/3 1482/3435/3 1498/3434/3 1512/3439/3 1530/2050/3 1543/2049/3 1554/6262/3 1563/5159/3 1579/5158/3 1595/5162/3 1606/5798/3 1627/3441/3 1636/2056/3 1652/2055/3 1664/3443/3 1676/4390/3 1687/4393/3 1699/3448/3 1711/3447/3 1723/6264/3 1735/6266/3 1750/4397/3 1759/4396/3 1771/6816/3 1786/5168/3 8578/5167/3 2994/713/3 3037/754/3 8287/6806/3 2123/6817/3 2147/4401/3 2172/4400/3 2202/4403/3 2219/4405/3 2244/3454/3 2262/3453/3 2274/5172/3 2286/5171/3 2305/5794/3
f 1434/3561/2105 1459/2160/2105 1465/5151/2105 1449/3314/2105
f 7992/5186/2101 2979/5150/2101 2976/3618/2101 1437/3617/2101 1486/3312/2101
f 1437/3562/2102 1507/3561/2102 1519/3314/2102 1486/3313/2102
f 2454/2289/3 2435/2285/3 2411/2284/3 2374/6319/3 2350/6318/3 2332/6317/3 2308/6316/3 2280/6311/3 2256/6310/3 2210/6645/3 2159/3573/3 2126/3572/3 2068/5225/3 2029/5223/3 1977/2281/3 1907/2280/3 1874/3569/3 1814/3564/3 1756/3563/3 1726/2274/3 1672/2273/3 1615/5220/3 1560/4463/3 1506/3556/3 1436/3555/3 2975/3622/3 2963/4484/3 2957/4483/3 2945/3610/3 2936/3609/3 2930/4480/3 2921/4479/3 2909/4476/3 2900/4475/3 2894/3524/3 2885/4473/3 2876/3606/3 2864/3605/3 2851/3602/3 2832/3601/3 2816/3600/3 2808/3504/3 7951/2263/3 7954/3550/3 7957/4460/3 7959/5217/3 7963/5832/3 7965/6309/3 7968/6644/3 7971/2272/3 7975/2271/3 7977/3554/3 7980/4462/3 7984/5219/3 7986/5834/3 7845/6636/3 7848/6635/3 7851/2232/3 7855/2231/3 7858/3534/3 7860/4452/3 7864/5209/3 7866/5825/3 7869/6301/3 7872/6638/3 7875/2240/3 7878/2239/3 7882/3538/3 7885/4454/3 7888/5211/3 7890/5826/3 7893/6303/3 7896/6640/3 7899/2248/3 7903/2247/3 7905/3542/3 7909/4456/3 7912/5213/3 7915/5828/3 2630/2301/3 2615/2294/3 2591/2293/3 2557/6325/3 2526/6324/3 2508/6323/3 2478/6322/3
f 1461/5511/2106 365/509/2106 209/450/2106 1440/1557/2106 8712/1556/2106 8709/6119/2106
f 1440/1557/2107 209/450/2107 214/453/2107 212/456/2107
f 5141/6550/211 5153/3019/211 8638/4935/211 1477/4934/211 1572/3078/211 8665/3077/211 8682/3080/211 1443/3079/211 8686/3090/211 2995/717/211 3005/729/211 8619/6553/211 1528/6552/211 1705/3093/211 8623/3046/211 5079/3067/211 5087/3095/211 5096/5586/211 5111/1649/211 5100/1648/211 5106/1655/211 5165/4170/211 5117/6559/211 5135/4171/211 5129/1657/211 5124/1656/211 5162/1667/211
f 8685/3087/2108 1442/3086/2108 224/392/2108 776/503/2108 1501/6535/2108
f 1442/3086/2104 215/386/2104 226/389/2104 224/392/2104
f 759/224/3 761/207/3 763/209/3 765/226/3 767/227/3 768/194/3 771/193/3 772/196/3 775/198/3 777/200/3 778/202/3 781/204/3 782/206/3 784/230/3 786/232/3 788/234/3 790/213/3 791/214/3 793/215/3 796/223/3 798/221/3 799/220/3 801/239/3 804/236/3 805/235/3 807/248/3 809/246/3 811/245/3 812/243/3 815/241/3 817/262/3 819/250/3 820/249/3 586/251/3 588/260/3 590/261/3 592/240/3 594/242/3 596/244/3 599/247/3 600/237/3 602/238/3 604/219/3 607/222/3 609/218/3 611/217/3 613/216/3 615/212/3 617/211/3 618/233/3 619/231/3 621/229/3 624/205/3 625/203/3 627/201/3 630/199/3 632/197/3 633/195/3 636/228/3 637/210/3 640/208/3 641/225/3 642/176/3 644/175/3 646/181/3 648/179/3 651/158/3 653/157/3 1401/253/3 465/252/3 467/256/3 469/257/3 471/258/3 473/259/3 475/254/3 476/255/3 478/310/3 480/311/3 482/312/3 485/265/3 487/263/3 488/264/3 490/266/3 492/268/3 401/267/3 403/269/3 404/270/3 407/272/3 408/271/3 410/281/3 412/280/3 415/279/3 417/278/3 419/277/3 420/276/3 422/309/3 425/275/3 427/274/3 429/273/3 431/184/3 1402/313/3 388/282/3 391/170/3 392/169/3 320/185/3 322/288/3 324/283/3 269/287/3 271/308/3 274/306/3 276/305/3 278/304/3 280/303/3 281/302/3 283/301/3 286/300/3 288/299/3 289/298/3 291/297/3 292/296/3 295/295/3 297/294/3 2624/5080/3 2636/1908/3 2645/1907/3 1445/6807/3 1470/6616/3 1509/6260/3 1539/4341/3 1567/4340/3 1597/4344/3 1624/6811/3 1648/6618/3 1669/4346/3 1690/1916/3 8284/1915/3 1925/590/3 1584/568/3 7696/5717/3 3215/5716/3 3227/1924/3 3239/1923/3 3251/1932/3 3263/1931/3 3275/1940/3 3284/1939/3 3296/5082/3 3308/3308/3 1537/3307/3 1631/3318/3 1729/6814/3 1847/1948/3 701/108/3 702/110/3 705/109/3 706/107/3 708/106/3 710/119/3 712/117/3 714/113/3 717/115/3 719/134/3 721/125/3 722/123/3 724/121/3 726/127/3 729/131/3 730/130/3 732/135/3 734/138/3 735/140/3 738/142/3 740/144/3 742/146/3 744/148/3 746/150/3 747/152/3 749/154/3 751/156/3 753/178/3 755/180/3 757/177/3
f 1378/25/4 1379/24/4 2476/636/4 1451/556/4 1714/4574/4 1367/26/4
f 1374/6824/210 1373/6825/210 1363/6826/210 1715/4579/210 1453/564/210 1884/4583/210
f 1354/11/3 1352/10/3 1883/4581/3 1452/560/3 2475/4585/3 1353/8/3
f 1459/2160/2109 1474/2159/2109 1483/3430/2109 1465/5151/2109
f 1461/5511/2110 359/503/2110 368/506/2110 365/509/2110
f 1468/3561/2105 1495/2160/2105 1510/5096/2105 1471/3314/2105
f 1474/2159/2111 1489/2279/2111 1497/3431/2111 1483/3430/2111
f 1573/3071/2103 1476/4940/2103 595/392/2103 992/503/2103
f 1476/4940/2104 582/386/2104 605/389/2104 595/392/2104
f 1480/4878/2107 569/450/2107 580/453/2107 575/456/2107
f 8688/6536/2112 1501/6535/2112 783/509/2112 569/450/2112 1480/4878/2112 8697/3992/2112 8700/1411/2112 8692/1410/2112 8694/1475/2112
f 431/184/3 433/183/3 434/192/3 436/168/3 438/167/3 441/166/3 443/164/3 444/165/3 447/162/3 448/163/3 450/159/3 452/160/3 455/161/3 457/171/3 458/172/3 460/173/3 462/174/3 463/182/3 1401/253/3 653/157/3 655/155/3 657/153/3 658/151/3 660/149/3 662/147/3 664/145/3 666/143/3 668/141/3 669/139/3 672/137/3 674/136/3 675/129/3 678/126/3 680/128/3 682/120/3 684/122/3 686/124/3 687/132/3 689/133/3 691/114/3 694/112/3 695/111/3 696/116/3 699/118/3 701/108/3 1847/1948/3 1932/1947/3 2041/5086/3 2151/5085/3 2222/5089/3 2299/4349/3 2338/1955/3 2384/1954/3 2426/1959/3 2499/5724/3 2535/1967/3 2603/1966/3 2639/3324/3 2664/3323/3 2681/4357/3 2699/4356/3 2717/5091/3 2732/3331/3 2756/3330/3 2789/5727/3 2810/4364/3 2836/4363/3 2871/4366/3 2882/3339/3 2907/3338/3 2918/3347/3 2940/3346/3 2954/3355/3 2972/3354/3 2984/3357/3 2990/5095/3 3010/2096/3 7993/5190/3 1485/5728/3 1518/5731/3 1581/5099/3 1642/1973/3 1681/1972/3 1741/5733/3 1780/5737/3 1841/5736/3 1898/3363/3 1953/3362/3 1983/5739/3 2044/6620/3 2098/3370/3 2138/3369/3 2189/1979/3 2254/1978/3 2278/5741/3 2302/5104/3 2324/5103/3 2341/3377/3 2372/3376/3 2386/3381/3 2417/3380/3 2451/4369/3 2469/4371/3 2490/3387/3 2518/3386/3 2538/3392/3 2577/3391/3 2594/3397/3 2627/3396/3 2649/5743/3 2657/1987/3 2666/1986/3 2675/1995/3 2684/1994/3 2690/5106/3 2702/5747/3 2708/5746/3 2720/5749/3 2729/2003/3 2738/2002/3 2744/5751/3 2753/5110/3 2772/2007/3 2785/2006/3 7990/2058/3 3018/739/3 3003/721/3 2994/713/3 8578/5167/3 1806/5752/3 1817/5112/3 1826/3402/3 1839/3401/3 1851/4373/3 1863/4375/3 1877/4377/3 1890/5756/3 1902/5758/3 1910/4382/3 1922/4381/3 1938/3410/3 1951/3409/3 1963/3412/3 1974/3415/3 1990/4386/3 2002/5760/3 2018/5762/3 2026/4388/3 2038/3420/3 2050/3419/3 2063/3422/3 2074/3425/3 2086/3429/3 2102/3428/3 2118/5115/3 2130/5117/3 2141/2015/3 2153/2014/3 2165/2021/3 2177/2020/3 2186/5765/3 2198/5120/3 2213/2027/3 2225/2026/3 2241/2034/3 8581/2033/3 2326/5772/3 2335/5771/3 2347/5125/3 2356/5124/3 2368/5129/3 2380/5128/3 2399/5776/3 2408/5775/3 2423/5781/3 2432/5780/3 2448/5134/3 2460/5133/3 2472/5138/3 2484/5137/3 2496/5140/3 2511/2042/3 2520/2041/3 2532/5142/3 2551/5785/3 2560/5784/3 2579/5789/3 2588/5788/3 2600/5147/3 2612/5146/3 2624/5080/3 297/294/3 299/293/3 300/292/3 303/291/3 304/290/3 306/289/3 308/307/3 310/286/3 312/285/3 314/284/3 316/187/3 318/186/3 320/185/3 392/169/3 379/314/3 381/191/3 382/190/3 385/189/3 387/188/3 1402/313/3
f 1489/2279/2113 1504/2168/2113 1513/3436/2113 1497/3431/2113
f 1382/6827/2114 1394/6828/2114 1491/4580/2114
f 1382/6827/210 1491/4580/210 1715/4579/210 1363/6826/210 1389/743/210
f 1394/6828/210 1382/6827/210 1389/743/210 2362/816/210 2289/618/210 1491/4580/210
f 1397/6829/4 1395/6830/4 1388/5869/4 1492/4573/4 2291/624/4 2582/829/4
f 1367/26/4 1714/4574/4 1492/4573/4 1388/5869/4 1366/27/4
f 1495/2160/2109 1522/2159/2109 1540/1941/2109 1510/5096/2109
f 1501/6535/2110 776/503/2110 787/506/2110 783/509/2110
f 8689/6540/211 2995/717/211 8686/3090/211 1500/6541/211
f 1504/2168/2115 1516/2167/2115 1531/2043/2115 1513/3436/2115
f 1507/3561/2105 1561/2160/2105 1582/5096/2105 1519/3314/2105
f 1516/2167/2116 1534/3476/2116 1542/2044/2116 1531/2043/2116
f 1522/2159/2111 1552/2279/2111 1566/1942/2111 1540/1941/2111
f 1573/3071/2117 996/509/2117 899/450/2117 1524/6144/2117 8652/4808/2117 8656/4807/2117 8658/5570/2117 8662/6093/2117 8664/3072/2117
f 1524/6144/2107 899/450/2107 904/453/2107 902/456/2107
f 1706/3091/2103 1527/6558/2103 912/392/2103 1164/503/2103
f 1527/6558/2104 903/386/2104 914/389/2104 912/392/2104
f 1534/3476/2118 1549/3475/2118 1555/4347/2118 1542/2044/2118
f 1546/3561/2105 1661/2160/2105 1730/5151/2105 1630/3314/2105
f 1555/4347/2119 1549/3475/2119 1558/2176/2119 1564/1949/2119
f 1552/2279/2113 1576/2168/2113 1598/4342/2113 1566/1942/2113
f 1564/1949/2120 1558/2176/2120 1570/2175/2120 1578/1950/2120
f 1561/2160/2109 1616/2159/2109 1643/1941/2109 1582/5096/2109
f 1578/1950/2121 1570/2175/2121 1592/2180/2121 1594/5160/2121
f 1573/3071/2110 992/503/2110 998/506/2110 996/509/2110
f 1576/2168/2115 1610/2167/2115 1625/6809/2115 1598/4342/2115
f 3200/5064/3 7696/5717/3 1584/568/3 3025/748/3 7693/5811/3 3074/6801/3 3080/5695/3 3086/5694/3 3092/5698/3 3098/1900/3 3104/1899/3 3110/5700/3 3119/5704/3 3128/5703/3 3140/5070/3 3152/5069/3 3167/5708/3 3176/5707/3 3188/5065/3
f 1380/6831/210 3023/1750/210 1586/576/210 1797/588/210 2402/6782/210
f 2104/609/211 1795/580/211 1585/572/211 1927/596/211
f 1594/5160/2122 1592/2180/2122 1604/2188/2122 1607/3364/2122
f 1377/16/4 1364/19/4 1365/6832/4 1600/4591/4 2476/4590/4 1379/17/4
f 1376/7/3 1361/6/3 1351/9/3 1353/8/3 2475/4585/3 1601/4584/3 1357/5/3
f 1360/6833/3 1356/6834/3 1357/5/3 1601/4584/3 2440/641/3 2524/2470/3
f 2265/831/4 2438/635/4 1600/4591/4 1365/6832/4
f 1607/3364/2123 1604/2188/2123 1613/2187/2123 1628/3365/2123
f 1610/2167/2116 1640/3476/2116 1649/5087/2116 1625/6809/2116
f 1628/3365/2124 1613/2187/2124 1634/2196/2124 1637/2051/2124
f 1616/2159/2111 1673/2279/2111 1682/1942/2111 1643/1941/2111
f 3818/6160/211 3854/3952/211 8593/6164/211 1619/6163/211 1965/4184/211 8596/1344/211 4410/2842/211 4427/4187/211 4418/6169/211 4454/4189/211 4434/4188/211 4451/4194/211 4445/5560/211 3005/729/211 3801/4208/211 3789/4943/211 3794/4946/211 3860/4196/211 3810/4195/211 3824/4201/211
f 1096/392/2103 1296/503/2103 1966/4182/2103 1618/6168/2103
f 1618/6168/2104 1088/386/2104 1098/389/2104 1096/392/2104
f 1622/1594/2107 1084/450/2107 1089/453/2107 1087/456/2107
f 8622/3039/2125 1706/3091/2125 1166/509/2125 1084/450/2125 1622/1594/2125 8631/5593/2125 8634/3981/2125 8625/3958/2125 8628/3040/2125
f 1637/2051/2126 1634/2196/2126 1646/2195/2126 1651/2052/2126
f 1640/3476/2127 1658/3475/2127 1670/3358/2127 1649/5087/2127
f 1651/2052/2128 1646/2195/2128 1655/2361/2128 1663/3319/2128
f 1971/2437/3 1959/6823/3 1947/2433/3 1935/2426/3 1919/2425/3 1904/6380/3 1892/6378/3 1880/2418/3 1871/2417/3 1856/6674/3 1844/6373/3 1832/6372/3 1823/6370/3 1808/6365/3 1789/6364/3 1777/2363/3 1765/2362/3 1753/5247/3 1744/4512/3 1732/4508/3 1720/4507/3 1708/4563/3 1693/2411/3 1678/2410/3 1666/2355/3 1654/2354/3 1645/5262/3 8467/5850/3 8469/6352/3 8472/6665/3 8475/2382/3 8479/2381/3 8482/3690/3 8485/4549/3 8487/5253/3 8490/4492/3 8493/6354/3 8496/6667/3 8499/2388/3 8503/2387/3 8506/3692/3 8508/4551/3 8511/5255/3 8514/5853/3 8517/6356/3 8520/6669/3 8523/2394/3 8527/2393/3 8529/3694/3 8532/4553/3 8536/5257/3 8539/5855/3 2048/2453/3 2035/2446/3 2023/2445/3 2004/4519/3 1992/4518/3 1980/2438/3
f 1663/3319/2129 1655/2361/2129 1667/2360/2129 1675/4350/2129
f 1670/3358/2130 1658/3475/2130 1685/2176/2130 1691/1909/2130
f 1661/2160/2109 1769/2159/2109 1848/1941/2109 1730/5151/2109
f 1675/4350/2131 1667/2360/2131 1679/2204/2131 1688/4391/2131
f 1673/2279/2113 1727/2168/2113 1742/3436/2113 1682/1942/2113
f 1688/4391/2132 1679/2204/2132 1694/2203/2132 1700/3444/2132
f 8283/1910/2120 1691/1909/2120 1685/2176/2120 1703/2175/2120 1717/1950/2120
f 1700/3444/2133 1694/2203/2133 1709/2208/2133 1712/3325/2133
f 1373/6835/210 1884/6179/210 1696/6178/210 1294/6836/210 1363/6837/210
f 1383/6838/210 1389/6839/210 1363/6837/210 1294/6836/210 1696/6178/210 2230/617/210 3023/742/210
f 1375/6840/3 1370/6841/3 1697/6177/3 1883/6182/3 1352/6842/3 1351/4963/3 1362/6843/3
f 1370/6841/3 2822/4959/3 2545/642/3 2228/616/3 1697/6177/3
f 1717/1950/2121 1703/2175/2121 1739/2180/2121 1748/5160/2121
f 1706/3091/2110 1164/503/2110 1168/506/2110 1166/509/2110
f 1712/3325/2134 1709/2208/2134 1721/2216/2134 1724/3299/2134
f 1925/590/3 8284/1915/3 1718/6249/3 1747/6252/3 1774/5710/3 1802/4337/3 1830/4336/3 1854/5712/3 1868/5715/3 1895/6614/3 1916/6256/3 1944/6255/3 1969/6258/3 1998/3306/3 2020/3305/3 2053/5075/3 2078/5074/3 2095/5077/3 8287/6806/3 3037/754/3 3051/766/3
f 1724/3299/2135 1721/2216/2135 1733/2215/2135 1736/3300/2135
f 1727/2168/2115 1757/2167/2115 1781/2043/2115 1742/3436/2115
f 1736/3300/2136 1733/2215/2136 1745/2288/2136 1751/4367/2136
f 1748/5160/2122 1739/2180/2122 1763/2188/2122 1775/3364/2122
f 1751/4367/2137 1745/2288/2137 1754/2292/2137 1760/4359/2137
f 1772/3382/2138 1760/4359/2138 1754/2292/2138 1766/2369/2138
f 1757/2167/2116 1815/3476/2116 1842/5087/2116 1781/2043/2116
f 1763/2188/2123 1784/2187/2123 1803/3365/2123 1775/3364/2123
f 1787/3332/2139 1772/3382/2139 1766/2369/2139 1778/2368/2139
f 1769/2159/2111 1866/2279/2111 1933/1942/2111 1848/1941/2111
f 8577/5163/2140 1787/3332/2140 1778/2368/2140 1790/3650/2140 1805/5754/2140
f 1803/3365/2124 1784/2187/2124 1812/2196/2124 1829/2051/2124
f 1805/5754/2141 1790/3650/2141 1809/6291/2141 1818/3388/2141
f 1793/5549/2107 1242/450/2107 1245/453/2107 1244/456/2107
f 8595/1337/2106 1966/4182/2106 1298/509/2106 1242/450/2106 1793/5549/2106 8601/4205/2106 8604/2788/2106 8598/1338/2106
f 7470/1753/212 7444/1752/212 1349/6844/212 2403/6780/212 1796/584/212 7434/5005/212 7428/1761/212 7419/1760/212 7416/6587/212 7413/5657/212 7407/5008/212 7405/5007/212 7411/5012/212 7431/4264/212 7425/3198/212 7422/3197/212
f 7779/1797/212 7783/1796/212 7486/6589/212 7539/5660/212 7504/5659/212 7510/5665/212 7533/1799/212 7516/1798/212 7522/1809/212 7519/3222/212 7525/3227/212 7528/5026/212 7531/5667/212 7507/6215/212 7513/6218/212 7537/6786/212 7489/6787/212 7494/3233/212 7501/3232/212 7477/5027/212 7483/5030/212 7545/5669/212 7456/5668/212 7461/4280/212 7450/4279/212 7467/3235/212 7446/3234/212 7437/6219/212 7434/5005/212 1796/584/212 2106/615/212 8097/4286/212 8131/4285/212 8080/5672/212 8086/5675/212 8091/1811/212 8068/1810/212 8074/1819/212 8133/1821/212 8044/1820/212 8050/1831/212 8056/4288/212 8032/5676/212 8038/5679/212 8062/6595/212 8014/6596/212 8019/1835/212 8025/1834/212 8007/4289/212 8001/1837/212 7996/1836/212 7999/1847/212 8005/3240/212 8022/5032/212 8016/6222/212 8011/6221/212 8059/6226/212 8034/5034/212 8029/5033/212 8052/3242/212 8046/3241/212 8041/6789/212 8137/6792/212 8065/6793/212 8070/3253/212 8089/3252/212 8391/4292/212 8338/4291/212 8344/4297/212 8350/5681/212 8326/6598/212 8331/1855/212 8359/1854/212 8308/1856/212 8314/1861/212 8319/4299/212 8301/5682/212 8295/4301/212 8290/4300/212 8293/4305/212 8299/5038/212 8316/3255/212 8310/3254/212 8305/6795/212 8355/6798/212 8328/6228/212 8323/6227/212 8346/5039/212 8340/3259/212 8335/3258/212 8353/3267/212 8361/4309/212 8368/4308/212 8388/4310/212 8385/1863/212 8380/1862/212 8427/1872/212 8395/6231/212 8401/6234/212 8424/3269/212 8407/3268/212 1347/6845/212 1355/6846/212 1350/6847/212 7732/1768/212 7755/1876/212 7749/5685/212 7744/5684/212 7761/4315/212 7771/4314/212 7777/6236/212 7800/4317/212 7786/4316/212 7792/4321/212 7839/3274/212 7807/3273/212 7813/3282/212 7833/5042/212 7819/6237/212 7825/6240/212 7822/6600/212 7827/1884/212 7831/1883/212 7837/3286/212 7810/4322/212 7816/4327/212 7842/5044/212 7789/5043/212 7795/5048/212 7798/6242/212 7773/6593/212
f 1818/3388/2142 1809/6291/2142 1824/2300/2142 1827/3398/2142
f 1829/2051/2126 1812/2196/2126 1836/2195/2126 1853/2052/2126
f 1815/3476/2118 1875/3475/2118 1899/3358/2118 1842/5087/2118
f 1387/21/4 1820/5870/4 2265/831/4 1365/6832/4 1386/22/4
f 1368/1/1 2266/830/1 1821/5868/1 1381/736/1 1369/2/1
f 1390/6848/1 1392/6849/1 1381/736/1 1821/5868/1 2571/649/1 2609/3733/1
f 1400/20/4 1399/23/4 2060/819/4 2569/643/4 1820/5870/4 1387/21/4
f 1827/3398/2143 1824/2300/2143 1833/2299/2143 1838/3393/2143
f 1850/3349/2144 1838/3393/2144 1833/2299/2144 1845/2224/2144
f 1853/2052/2128 1836/2195/2128 1860/2361/2128 1869/5713/2128
f 2365/2437/3 2353/4514/3 2344/2433/3 2329/2426/3 2320/3662/3 2311/3658/3 2296/3657/3 2283/3652/3 2268/3651/3 2259/2218/3 2238/6348/3 2204/6293/3 2183/6661/3 2162/6345/3 2132/3647/3 2114/2363/3 2083/2362/3 2065/5247/3 2032/4512/3 2014/4508/3 1986/4507/3 1956/4563/3 1941/2411/3 1913/2410/3 1886/2355/3 1859/2354/3 1835/5262/3 8173/4490/3 8176/5229/3 8178/5837/3 8181/6336/3 8184/2381/3 8187/2329/3 8190/2328/3 8194/3626/3 8197/4492/3 8199/5230/3 8203/5839/3 8205/6338/3 8208/6654/3 8211/2337/3 8215/2336/3 8217/3628/3 8220/4494/3 8223/5232/3 8226/5841/3 8229/6340/3 8232/6656/3 8235/2345/3 8238/2344/3 8242/3630/3 8245/4496/3 2446/2453/3 2429/2446/3 2414/2445/3 2405/4519/3 2389/4518/3 2377/2438/3
f 1862/3450/2145 1850/3349/2145 1845/2224/2145 1857/2223/2145
f 1878/1981/2146 1862/3450/2146 1857/2223/2146 1872/2424/2146
f 1869/5713/2129 1860/2361/2129 1887/2360/2129 1896/4350/2129
f 1866/2279/2113 1996/2168/2113 2042/4342/2113 1933/1942/2113
f 1889/2089/2147 1878/1981/2147 1872/2424/2147 1881/2423/2147
f 1899/3358/2119 1875/3475/2119 1908/2176/2119 1954/1949/2119
f 1901/2090/2148 1889/2089/2148 1881/2423/2148 1893/3487/2148
f 1374/6824/210 1884/4583/210 1373/6825/210
f 1896/4350/2131 1887/2360/2131 1914/2204/2131 1917/4351/2131
f 1911/4378/2149 1901/2090/2149 1893/3487/2149 1905/3486/2149
f 1923/2098/2150 1911/4378/2150 1905/3486/2150 1920/2432/2150
f 1954/1949/2120 1908/2176/2120 1978/2175/2120 1984/1950/2120
f 1917/4351/2132 1914/2204/2132 1942/2203/2132 1945/3371/2132
f 1939/3403/2151 1923/2098/2151 1920/2432/2151 1936/2431/2151
f 2488/6606/1 2105/613/1 1926/594/1 3050/762/1
f 1950/3404/2152 1939/3403/2152 1936/2431/2152 1948/2436/2152
f 1945/3371/2133 1942/2203/2133 1957/2208/2133 1968/3325/2133
f 1962/1996/2153 1950/3404/2153 1948/2436/2153 1960/3499/2153
f 1968/3325/2134 1957/2208/2134 1987/2216/2134 1999/3299/2134
f 1975/3413/2154 1962/1996/2154 1960/3499/2154 1972/2444/2154
f 1966/4182/2110 1296/503/2110 1299/506/2110 1298/509/2110
f 1989/4383/2155 1975/3413/2155 1972/2444/2155 1981/2443/2155
f 1984/1950/2121 1978/2175/2121 2030/2180/2121 2045/1956/2121
f 2001/5696/2156 1989/4383/2156 1981/2443/2156 1993/4424/2156
f 1999/3299/2135 1987/2216/2135 2015/2215/2135 2021/3300/2135
f 2001/5696/2157 1993/4424/2157 2005/4423/2157 2017/1893/2157
f 1996/2168/2115 2090/2167/2115 2150/2043/2115 2042/4342/2115
f 2017/1893/2158 2005/4423/2158 2024/2452/2158 2027/1894/2158
f 2174/4961/3 2392/628/3 2007/597/3 2843/698/3
f 2856/707/210 2841/691/210 2009/605/210 3038/757/210 2993/709/210 2778/662/210
f 3036/744/211 2008/601/211 2394/634/211 3049/733/211
f 2021/3300/2136 2015/2215/2136 2033/2288/2136 2054/4367/2136
f 2027/1894/2159 2024/2452/2159 2036/2451/2159 2039/3416/2159
f 2045/1956/2122 2030/2180/2122 2069/2188/2122 2099/3364/2122
f 2054/4367/2160 2033/2288/2160 2066/2292/2160 2077/5071/2160
f 2039/3416/2161 2036/2451/2161 2047/2460/2161 2051/2065/2161
f 2051/2065/2162 2047/2460/2162 2057/2459/2162 2062/2069/2162
f 2062/2069/2163 2057/2459/2163 2072/2468/2163 2075/3423/2163
f 1358/6850/212 1359/6851/212 2059/826/212
f 1358/6850/212 2059/826/212 2583/825/212 1350/681/212 1355/703/212
f 1359/6851/212 1358/6850/212 1355/703/212 2610/3732/212 2570/647/212 2059/826/212
f 1399/23/4 1386/22/4 1385/13/4 1398/12/4 1396/15/4 1384/14/4 1388/6852/4 1395/6853/4 2582/820/4 2060/819/4
f 2077/5071/2164 2066/2292/2164 2084/2369/2164 2096/3382/2164
f 2069/2188/2123 2127/2187/2123 2139/3365/2123 2099/3364/2123
f 2087/2077/2165 2075/3423/2165 2072/2468/2165 2081/2467/2165
f 2101/2078/2166 2087/2077/2166 2081/2467/2166 2093/3522/2166
f 8286/6803/2139 2096/3382/2139 2084/2369/2139 2115/2368/2139 2124/6819/2139
f 2090/2167/2116 2193/3476/2116 2223/5087/2116 2150/2043/2116
f 2117/5113/2167 2101/2078/2167 2093/3522/2167 2112/3521/2167
f 8103/4332/212 8097/4286/212 2106/615/212 2487/6608/212 1347/6845/212 8083/5057/212 8127/3294/212 8095/3293/212 8101/3298/212 8121/5061/212 8107/6245/212 8115/6248/212 8113/6799/212 8118/6610/212 8110/6609/212 8124/5690/212
f 2129/2036/2168 2117/5113/2168 2112/3521/2168 2121/3530/2168
f 2124/6819/2140 2115/2368/2140 2133/3650/2140 2148/3333/2140
f 2142/2008/2169 2129/2036/2169 2121/3530/2169 2136/3529/2169
f 2139/3365/2124 2127/2187/2124 2160/2196/2124 2190/1961/2124
f 2171/3388/2141 2148/3333/2141 2133/3650/2141 2163/6291/2141
f 2154/2009/2170 2142/2008/2170 2136/3529/2170 2145/3717/2170
f 2166/2016/2171 2154/2009/2171 2145/3717/2171 2157/3716/2171
f 2157/3716/2172 2169/3683/2172 2178/2017/2172 2166/2016/2172
f 2190/1961/2126 2160/2196/2126 2211/2195/2126 2253/1974/2126
f 2201/3398/2142 2171/3388/2142 2163/6291/2142 2184/2300/2142
f 2169/3683/2173 2181/3682/2173 2187/5763/2173 2178/2017/2173
f 3050/4960/1 2393/632/1 2175/690/1 1348/675/1 1369/6854/1 1381/6855/1
f 1372/6856/1 1369/6854/1 1348/675/1 2175/690/1 2523/4964/1
f 1356/6842/3 2524/4962/3 2174/4961/3 2843/698/3 1357/6181/3
f 2181/3682/2174 2196/3616/2174 2199/5118/2174 2187/5763/2174
f 2220/3348/2143 2201/3398/2143 2184/2300/2143 2205/2299/2143
f 2193/3476/2127 2272/3475/2127 2300/4347/2127 2223/5087/2127
f 2196/3616/2175 2208/3615/2175 2214/2022/2175 2199/5118/2175
f 2245/3449/2144 2220/3348/2144 2205/2299/2144 2239/2224/2144
f 2208/3615/2176 2217/3731/2176 2226/2023/2176 2214/2022/2176
f 2253/1974/2128 2211/2195/2128 2257/2361/2128 2277/5713/2128
f 2217/3731/2177 2236/3730/2177 2242/1901/2177 2226/2023/2177
f 3024/744/211 2229/601/211 2544/634/211 3016/733/211
f 8580/2028/2178 2242/1901/2178 2236/3730/2178 2248/3618/2178 2251/5150/2178
f 2263/3450/2145 2245/3449/2145 2239/2224/2145 2260/2223/2145
f 2277/5713/2129 2257/2361/2129 2281/2360/2129 2303/5100/2129
f 2275/5092/2146 2263/3450/2146 2260/2223/2146 2269/2424/2146
f 1371/4/1 1372/3/1 2523/633/1 2439/639/1 2266/830/1 1368/1/1
f 2287/2089/2147 2275/5092/2147 2269/2424/2147 2284/2423/2147
f 2300/4347/2130 2272/3475/2130 2318/2176/2130 2339/1949/2130
f 2303/5100/2131 2281/2360/2131 2309/2204/2131 2323/4391/2131
f 2306/1989/2148 2287/2089/2148 2284/2423/2148 2297/3487/2148
f 2290/622/212 2363/818/212 1350/681/212 2583/827/212
f 2315/4378/2149 2306/1989/2149 2297/3487/2149 2312/3486/2149
f 2323/4391/2132 2309/2204/2132 2333/2203/2132 2342/3371/2132
f 2327/2098/2150 2315/4378/2150 2312/3486/2150 2321/2432/2150
f 2339/1949/2120 2318/2176/2120 2360/2175/2120 2383/1950/2120
f 2336/5766/2151 2327/2098/2151 2321/2432/2151 2330/2431/2151
f 2336/5766/2152 2330/2431/2152 2345/2436/2152 2348/3404/2152
f 2342/3371/2133 2333/2203/2133 2351/2208/2133 2371/3372/2133
f 2348/3404/2179 2345/2436/2179 2354/3499/2179 2357/5121/2179
f 2371/3372/2134 2351/2208/2134 2375/2216/2134 2387/3299/2134
f 2357/5121/2180 2354/3499/2180 2366/2444/2180 2369/1997/2180
f 2383/1950/2121 2360/2175/2121 2421/2180/2121 2427/1956/2121
f 2363/3121/212 2403/3120/212 1349/1691/212 1350/1690/212
f 1393/6857/210 1380/6858/210 2402/816/210 2362/3118/210 1389/6839/210 1383/6838/210
f 2369/1997/2155 2366/2444/2155 2378/2443/2155 2381/4383/2155
f 2387/3299/2135 2375/2216/2135 2412/2215/2135 2418/3300/2135
f 2400/5107/2156 2381/4383/2156 2378/2443/2156 2390/4424/2156
f 2409/1893/2157 2400/5107/2157 2390/4424/2157 2406/4423/2157
f 2409/1893/2158 2406/4423/2158 2415/2452/2158 2424/5777/2158
f 2418/3300/2136 2412/2215/2136 2436/2288/2136 2452/4367/2136
f 2424/5777/2159 2415/2452/2159 2430/2451/2159 2433/2064/2159
f 2427/1956/2122 2421/2180/2122 2464/2188/2122 2500/5722/2122
f 2433/2064/2161 2430/2451/2161 2445/2460/2161 2449/2065/2161
f 2452/4367/2137 2436/2288/2137 2455/2292/2137 2470/4359/2137
f 2449/2065/2162 2445/2460/2162 2458/2459/2162 2461/5130/2162
f 2491/3382/2138 2470/4359/2138 2455/2292/2138 2479/2369/2138
f 2461/5130/2163 2458/2459/2163 2467/2468/2163 2473/2070/2163
f 2500/5722/2123 2464/2188/2123 2503/2187/2123 2536/1960/2123
f 2473/2070/2165 2467/2468/2165 2482/2467/2165 2485/2077/2165
f 2517/3332/2139 2491/3382/2139 2479/2369/2139 2509/2368/2139
f 2485/2077/2166 2482/2467/2166 2494/3522/2166 2497/2078/2166
f 1391/6859/1 2609/1689/1 2488/1688/1 3050/4960/1 1381/6855/1 1392/6860/1
f 1355/3119/212 1347/817/212 2487/1693/212 2610/1692/212
f 2497/2078/2167 2494/3522/2167 2506/3521/2167 2512/2035/2167
f 2536/1960/2124 2503/2187/2124 2564/2196/2124 2604/1961/2124
f 2512/2035/2168 2506/3521/2168 2515/3530/2168 2521/2036/2168
f 2517/3332/2140 2509/2368/2140 2527/3650/2140 2539/3333/2140
f 2521/2036/2169 2515/3530/2169 2530/3529/2169 2533/2008/2169
f 1356/6834/3 1360/6833/3 2524/2470/3
f 2576/3388/2141 2539/3333/2141 2527/3650/2141 2558/6291/2141
f 2533/2008/2170 2530/3529/2170 2542/3717/2170 2552/5179/2170
f 2561/2016/2181 2552/5179/2181 2542/3717/2181 2555/3716/2181
f 3004/725/1 3017/737/1 2546/632/1 2824/688/1 2791/674/1 2767/658/1
f 2555/3716/2182 2567/3683/2182 2580/2017/2182 2561/2016/2182
f 2595/3341/2142 2576/3388/2142 2558/6291/2142 2592/2300/2142
f 2564/2196/2126 2619/2195/2126 2640/1974/2126 2604/1961/2126
f 2567/3683/2173 2586/3682/2173 2589/1925/2173 2580/2017/2173
f 1397/6829/4 2582/829/4 1395/6830/4
f 2586/3682/2174 2598/3616/2174 2601/5118/2174 2589/1925/2174
f 2628/3393/2143 2595/3341/2143 2592/2300/2143 2616/2299/2143
f 2598/3616/2175 2607/3615/2175 2613/1933/2175 2601/5118/2175
f 2607/3615/2176 2622/3731/2176 2625/2023/2176 2613/1933/2176
f 1390/6848/1 2609/3733/1 1392/6849/1
f 1392/6860/1 2609/1689/1 1391/6859/1
f 2648/3349/2144 2628/3393/2144 2616/2299/2144 2631/2224/2144
f 2619/2195/2128 2655/2361/2128 2663/3319/2128 2640/1974/2128
f 3077/3500/3 3071/3495/3 3065/3494/3 3059/3489/3 3046/3488/3 3033/3481/3 3013/3480/3 3000/3652/3 2987/3651/3 2981/2218/3 2969/2217/3 2948/6293/3 2927/6292/3 2912/6288/3 2891/6285/3 2873/6282/3 2848/6281/3 2819/6632/3 2801/6280/3 2759/2210/3 2747/2209/3 2726/2205/3 2711/2198/3 2693/2197/3 2672/6820/3 2654/3477/3 2618/2190/3 7582/6270/3 7584/6624/3 7587/2120/3 7590/2119/3 7594/3458/3 7597/4409/3 7599/5201/3 7602/5816/3 7605/4492/3 7608/6626/3 7611/2128/3 7615/2127/3 7618/3460/3 7620/4411/3 7623/5203/3 7626/5818/3 7630/6273/3 7632/6628/3 7635/2136/3 7638/2135/3 7641/3462/3 7644/4413/3 7647/5205/3 7650/5820/3 7654/6275/3 3114/3504/3 3107/4426/3 3101/4425/3 3095/4418/3 3089/4417/3 3083/3501/3
f 2622/3731/2177 2634/3730/2177 2637/1901/2177 2625/2023/2177
f 2658/1980/2145 2648/3349/2145 2631/2224/2145 2652/2223/2145
f 2798/3595/3 2775/3594/3 2762/4470/3 2750/4469/3 2741/4466/3 2735/4465/3 2723/3592/3 2714/3591/3 2705/3588/3 2696/3587/3 2687/3582/3 2678/3581/3 2669/3578/3 2660/3577/3 2651/6330/3 2630/2301/3 7915/5828/3 7917/6305/3 7920/6642/3 7923/2256/3 7926/2255/3 7929/3546/3 7932/4458/3 7935/5215/3 7938/5830/3 7941/6307/3 7944/5205/3 7947/2264/3 7951/2263/3 2808/3504/3
f 2634/3730/2178 2643/3618/2178 2646/1902/2178 2637/1901/2178
f 2667/1981/2146 2658/1980/2146 2652/2223/2146 2661/2424/2146
f 2663/3319/2129 2655/2361/2129 2673/2360/2129 2682/4350/2129
f 2676/1988/2147 2667/1981/2147 2661/2424/2147 2670/2423/2147
f 2685/1989/2148 2676/1988/2148 2670/2423/2148 2679/3487/2148
f 2682/4350/2131 2673/2360/2131 2694/2204/2131 2700/4351/2131
f 2691/2097/2149 2685/1989/2149 2679/3487/2149 2688/3486/2149
f 2703/2098/2150 2691/2097/2150 2688/3486/2150 2697/2432/2150
f 2700/4351/2132 2694/2204/2132 2712/2203/2132 2718/3371/2132
f 2703/2098/2151 2697/2432/2151 2706/2431/2151 2709/3403/2151
f 2721/3404/2152 2709/3403/2152 2706/2431/2152 2715/2436/2152
f 2718/3371/2133 2712/2203/2133 2727/2208/2133 2733/3325/2133
f 2730/1996/2153 2721/3404/2153 2715/2436/2153 2724/3499/2153
f 2739/1997/2154 2730/1996/2154 2724/3499/2154 2736/2444/2154
f 2733/3325/2134 2727/2208/2134 2748/2216/2134 2757/3326/2134
f 2745/4383/2155 2739/1997/2155 2736/2444/2155 2742/2443/2155
f 2745/4383/2156 2742/2443/2156 2751/4424/2156 2754/5107/2156
f 2757/3326/2135 2748/2216/2135 2760/2215/2135 2788/5725/2135
f 2754/5107/2157 2751/4424/2157 2763/4423/2157 2773/1893/2157
f 2760/2215/2136 2802/2288/2136 2811/4358/2136 2788/5725/2136
f 2773/1893/2158 2763/4423/2158 2776/2452/2158 2786/1894/2158
f 3362/4953/211 3356/4783/211 3005/729/211 2766/654/211 3348/1608/211 3338/4956/211 3332/4955/211 3341/4217/211 3329/1681/211 3324/1680/211 3326/1687/211 3344/3111/211 3336/5602/211 3371/3113/211 3351/3112/211 3368/3117/211
f 7252/3122/212 7242/780/212 2854/700/212 2780/670/212 2765/650/212 2793/680/212 7230/772/212 7224/5604/212 7236/4969/212 7220/1695/212 7212/1694/212 7218/1705/212 7215/3126/212 7143/3130/212 7155/3137/212 7148/4222/212 7146/4221/212 7152/4232/212 7158/5611/212 7161/6566/212 7172/1707/212 7164/1706/212 7170/1717/212 7167/3138/212 7209/3145/212 7178/5613/212 7176/5612/212 7187/5623/212 7184/6568/212 7182/6567/212 7205/3147/212 7191/3146/212 7194/3157/212 7203/4236/212 7197/4973/212 7200/4980/212 7227/5627/212 7270/1719/212 7240/1718/212 7250/1729/212 7267/4240/212 7258/5629/212 7256/5628/212 7262/5639/212 7264/4965/212
f 7989/2063/2159 2786/1894/2159 2776/2452/2159 2799/2451/2159 2804/2064/2159
f 7231/776/211 2792/676/211 2823/684/211 7345/812/211
f 2804/2064/2161 2799/2451/2161 2807/2460/2161 2814/2065/2161
f 2811/4358/2160 2802/2288/2160 2820/2292/2160 2835/4359/2160
f 3025/748/3 3018/739/3 7990/2058/3 2805/2057/3 2813/2068/3 2829/2076/3 2838/2075/3 2861/2084/3 2867/2083/3 2879/5174/3 2888/5178/3 2897/5177/3 2903/5181/3 2915/2088/3 2924/2087/3 2933/5800/3 2942/5185/3 2951/5184/3 2960/5804/3 2966/5803/3 2978/5191/3 7993/5190/3 3010/2096/3 3030/2095/3 3043/2104/3 3056/2103/3 3062/5806/3 3068/5812/3 7693/5811/3
f 2814/2065/2162 2807/2460/2162 2817/2459/2162 2830/2069/2162
f 2830/2069/2163 2817/2459/2163 2833/2468/2163 2839/2070/2163
f 2870/3382/2164 2835/4359/2164 2820/2292/2164 2849/2369/2164
f 7330/6183/3 7343/804/3 2822/683/3 1362/6861/3 1351/6862/3 1361/6863/3 1357/6864/3 2843/5641/3 7337/796/3 7333/6575/3 7399/6582/3 7389/6188/3 7386/6187/3 7395/6198/3 7392/4982/3 7380/4981/3 7383/3159/3 7375/3158/3 7378/3169/3 7401/4244/3 7368/4245/3 7321/3171/3 7318/3170/3 7312/6776/3 7315/1737/3 7325/1736/3 7306/5643/3 7303/5642/3 7309/4990/3 7301/4989/3 7327/1739/3 7292/1738/3 7295/1749/3 7297/3181/3 7285/6583/3 7288/6199/3 7282/5650/3 7279/4997/3 7276/4249/3 7274/4248/3 7371/4259/3 7365/5001/3 7356/3183/3 7351/3182/3 7353/3193/3 7359/4263/3 7363/5656/3
f 1362/6843/3 2822/4959/3 1370/6841/3 1375/6840/3
f 2862/2077/2165 2839/2070/2165 2833/2468/2165 2852/2467/2165
f 2842/695/211 2855/704/211 7244/788/211 7338/800/211
f 2883/3332/2139 2870/3382/2139 2849/2369/2139 2874/2368/2139
f 2868/2078/2166 2862/2077/2166 2852/2467/2166 2865/3522/2166
f 2880/5113/2167 2868/2078/2167 2865/3522/2167 2877/3521/2167
f 2906/3333/2140 2883/3332/2140 2874/2368/2140 2892/3650/2140
f 2889/2036/2168 2880/5113/2168 2877/3521/2168 2886/3530/2168
f 2898/2008/2169 2889/2036/2169 2886/3530/2169 2895/3529/2169
f 2919/3340/2141 2906/3333/2141 2892/3650/2141 2913/6291/2141
f 2904/5179/2170 2898/2008/2170 2895/3529/2170 2901/3717/2170
f 2916/1917/2171 2904/5179/2171 2901/3717/2171 2910/3716/2171
f 2910/3716/2172 2922/3683/2172 2925/1918/2172 2916/1917/2172
f 2939/3341/2142 2919/3340/2142 2913/6291/2142 2928/2300/2142
f 2922/3683/2173 2931/3682/2173 2934/1925/2173 2925/1918/2173
f 2955/3348/2143 2939/3341/2143 2928/2300/2143 2949/2299/2143
f 2931/3682/2174 2937/3616/2174 2943/5118/2174 2934/1925/2174
f 2937/3616/2175 2946/3615/2175 2952/2022/2175 2943/5118/2175
f 2946/3615/2176 2958/3731/2176 2961/2023/2176 2952/2022/2176
f 2973/3349/2144 2955/3348/2144 2949/2299/2144 2970/2224/2144
f 2958/3731/2177 2964/3730/2177 2967/1901/2177 2961/2023/2177
f 2964/3730/2178 2976/3618/2178 2979/5150/2178 2967/1901/2178
f 2985/1980/2145 2973/3349/2145 2970/2224/2145 2982/2223/2145
f 2991/5092/2146 2985/1980/2146 2982/2223/2146 2988/2424/2146
f 3011/2089/2147 2991/5092/2147 2988/2424/2147 3001/2423/2147
f 3031/2090/2148 3011/2089/2148 3001/2423/2148 3014/3487/2148
f 3785/4209/211 3801/4208/211 3005/729/211 3573/4751/211 3581/4950/211 3644/4211/211 3594/4210/211 3608/4216/211 3602/6039/211 3807/2817/211 3858/3103/211 3791/5600/211 3797/1669/211 3780/1668/211 3783/1673/211 3804/3105/211 3767/3107/211 3759/3106/211 3761/1675/211 3756/1674/211 3765/1679/211 3773/4952/211 3770/6173/211 3776/6176/211
f 3585/3916/211 3573/4751/211 3005/729/211 3356/4783/211 3642/2832/211 3575/5420/211 3578/1257/211 3564/1256/211 3567/1267/211 3588/2785/211 3549/4753/211 3554/2786/211 3542/1269/211 3540/1268/211 3546/1279/211 3557/3919/211 3551/5423/211 3560/5426/211 3569/3917/211
f 8619/6553/211 3005/729/211 4445/5560/211 4439/5559/211 4511/4919/211 4461/4918/211 4475/4923/211 4469/6542/211 4508/4924/211 4484/3034/211 4478/3033/211 4499/3038/211 4490/5565/211 4487/5436/211 8617/6482/211
f 3044/2097/2149 3031/2090/2149 3014/3487/2149 3034/3486/2149
f 1393/6857/210 1383/6838/210 3023/742/210 1380/6858/210
f 3057/2098/2150 3044/2097/2150 3034/3486/2150 3047/2432/2150
f 3057/2098/2151 3047/2432/2151 3060/2431/2151 3063/5766/2151
f 3063/5766/2152 3060/2431/2152 3066/2436/2152 3069/3404/2152
f 7692/5807/2179 3069/3404/2179 3066/2436/2179 3072/3499/2179 3075/1996/2179
f 3081/3413/2180 3075/1996/2180 3072/3499/2180 3078/2444/2180
f 3087/4383/2155 3081/3413/2155 3078/2444/2155 3084/2443/2155
f 3093/5696/2156 3087/4383/2156 3084/2443/2156 3090/4424/2156
f 3099/1893/2157 3093/5696/2157 3090/4424/2157 3096/4423/2157
f 3105/1894/2158 3099/1893/2158 3096/4423/2158 3102/2452/2158
f 3111/3416/2159 3105/1894/2159 3102/2452/2159 3108/2451/2159
f 3120/2065/2161 3111/3416/2161 3108/2451/2161 3113/2460/2161
f 3129/2069/2162 3120/2065/2162 3113/2460/2162 3126/2459/2162
f 3323/1685/2183 3116/942/2183 3132/851/2183 3327/1276/2183
f 3164/4596/4 3204/4595/4 1364/19/4 1366/18/4 1388/6852/4 3197/833/4 3180/832/4 3206/843/4 3174/6387/4 3212/5265/4 3144/5264/4 3161/845/4 3131/844/4 3117/4597/4 3123/4600/4 3155/3735/4 3138/3734/4 3150/3740/4
f 3330/1468/2184 3122/943/2184 3116/942/2184 3323/1685/2184
f 3342/4220/2185 3156/899/2185 3122/943/2185 3330/1468/2185
f 3141/3423/2163 3129/2069/2163 3126/2459/2163 3135/2468/2163
f 3327/1276/2186 3132/851/2186 3162/850/2186 3345/1333/2186
f 3153/5066/2165 3141/3423/2165 3135/2468/2165 3147/2467/2165
f 3333/1434/2187 3137/984/2187 3156/899/2187 3342/4220/2187
f 3339/1618/2188 3149/985/2188 3137/984/2188 3333/1434/2188
f 3335/1334/2189 3143/892/2189 3213/1145/2189 3372/1288/2189
f 3345/1333/2190 3162/850/2190 3143/892/2190 3335/1334/2190
f 3168/2078/2166 3153/5066/2166 3147/2467/2166 3159/3522/2166
f 3165/1051/184 3149/985/184 3339/1618/184 3347/1264/184
f 3168/2078/2167 3159/3522/2167 3171/3521/2167 3177/5113/2167
f 3203/1219/2191 3165/1051/2191 3347/1264/2191 3366/1613/2191
f 3177/5113/2168 3171/3521/2168 3183/3530/2168 3189/2036/2168
f 3350/2792/2192 3173/1153/2192 3207/840/2192 3369/1418/2192
f 3372/1288/198 3213/1145/198 3173/1153/198 3350/2792/198
f 3363/2903/2193 3179/839/2193 3198/838/2193 3357/1476/2193
f 3369/1418/2194 3207/840/2194 3179/839/2194 3363/2903/2194
f 3189/2036/2169 3183/3530/2169 3195/3529/2169 3201/2008/2169
f 3185/1106/2195 3192/1059/2195 3353/1262/2195 3360/4052/2195
f 4121/2472/4 4119/2471/4 3896/5268/4 3887/2476/4 3879/2475/4 3884/2482/4 3872/5272/4 3864/5271/4 3870/5276/4 3867/5871/4 3875/1226/4 1364/19/4 3204/4595/4 3191/3742/4 3186/3741/4 3318/3746/4 3219/5873/4 3248/4602/4 3237/4601/4 3314/4606/4 3269/4608/4 3261/4607/4 3291/4612/4 3299/2484/4 3279/2483/4 3288/2489/4 3305/5278/4 3273/6680/4 3311/2491/4 3231/2490/4 3246/2496/4 3254/6390/4 3225/6682/4 3320/6473/4 3534/1248/4 3483/5875/4 3497/853/4 3492/852/4 3531/863/4 3506/5280/4 3504/5279/4 3518/2500/4 3521/2499/4 3513/6684/4 3515/871/4 3524/870/4 3510/6391/4 3527/6394/4 3489/6686/4 3494/2504/4 3500/2503/4 3486/6395/4 3536/2506/4 3471/2505/4 3750/1237/4 3699/5877/4 3713/1199/4 4103/3748/4 4098/3747/4 4100/873/4 4091/872/4 4083/5880/4 4089/5883/4 4086/6397/4 4094/2515/4 4131/2514/4 4107/5884/4 4110/5887/4
f 3317/1043/2196 3185/1106/2196 3360/4052/2196 3425/1367/2196
f 3192/1059/2197 3203/1219/2197 3366/1613/2197 3353/1262/2197
f 7695/5721/2170 3201/2008/2170 3195/3529/2170 3210/3717/2170 3216/2009/2170
f 3467/1249/4 3534/1248/4 3320/6473/4 3197/833/4 1388/6852/4 3477/2783/4 3456/5411/4 3461/4749/4 3452/1251/4 3444/1250/4 3449/1255/4 3437/5415/4 3432/5414/4 3435/5419/4 3446/6019/4 3441/6731/4 3479/6021/4 3459/6020/4 3473/6025/4 3464/6730/4
f 3357/1476/2198 3198/838/2198 3321/1100/2198 3429/1477/2198
f 3216/2009/2181 3210/3717/2181 3222/3716/2181 3228/1917/2181
f 3218/1033/2199 3317/1043/2199 3425/1367/2199 3374/1422/2199
f 3249/858/2200 3218/1033/2200 3374/1422/2200 3390/1537/2200
f 3222/3716/2182 3234/3683/2182 3240/1918/2182 3228/1917/2182
f 3377/2909/2201 3224/972/2201 3255/908/2201 3393/1280/2201
f 3429/2879/2202 3321/1024/2202 3224/972/2202 3377/2909/2202
f 3423/1663/160 3230/906/160 3312/968/160 3402/1320/160
f 3386/1281/2203 3245/883/2203 3230/906/2203 3423/1663/2203
f 3234/3683/2173 3243/3682/2173 3252/1925/2173 3240/1918/2173
f 3236/859/2204 3249/858/2204 3390/1537/2204 3384/1536/2204
f 3315/860/2205 3236/859/2205 3384/1536/2205 3380/1580/2205
f 3243/3682/2174 3258/3616/2174 3264/1926/2174 3252/1925/2174
f 3393/1280/2206 3255/908/2206 3245/883/2206 3386/1281/2206
f 3258/3616/2175 3267/3615/2175 3276/1933/2175 3264/1926/2175
f 3260/1013/2207 3270/2540/2207 3419/1444/2207 3398/1443/2207
f 3290/1014/2208 3260/1013/2208 3398/1443/2208 3411/1564/2208
f 3267/3615/2176 3282/3731/2176 3285/1934/2176 3276/1933/2176
f 3270/2540/170 3315/860/170 3380/1580/170 3419/1444/170
f 3272/936/2209 3306/2533/2209 3417/1321/2209 3395/1311/2209
f 3312/968/2210 3272/936/2210 3395/1311/2210 3402/1320/2210
f 3278/919/2211 3300/918/2211 3413/1402/2211 3404/1389/2211
f 3287/864/2212 3278/919/2212 3404/1389/2212 3408/1352/2212
f 3282/3731/2177 3294/3730/2177 3297/1901/2177 3285/1934/2177
f 3306/2533/2213 3287/864/2213 3408/1352/2213 3417/1321/2213
f 3300/918/2214 3290/1014/2214 3411/1564/2214 3413/1402/2214
f 3294/3730/2178 3303/3618/2178 3309/1902/2178 3297/1901/2178
f 8590/6036/211 3827/1303/211 3845/1302/211 3839/4762/211 3837/4761/211 3842/4766/211 3848/2812/211 3831/2811/211 3852/2816/211 3815/4768/211 3812/4767/211 3821/2818/211 3807/2817/211 3602/6039/211 3638/3941/211 3617/1305/211 3612/1304/211 3632/1315/211 3623/4772/211 3621/4771/211 3629/4777/211 3626/2822/211 3615/2821/211 3636/2826/211 3597/4778/211 3599/4781/211 3605/2828/211 3591/2827/211 3642/2832/211 3356/4783/211 3428/3945/211 3378/3944/211 3392/3949/211 3387/6040/211 3422/3950/211 3401/1317/211 3396/1316/211 3416/1323/211 3407/4785/211 3405/4784/211 8587/5597/211
f 8587/5597/211 3405/4784/211 3414/4948/211 8584/5554/211
f 3539/1275/2183 3431/942/2183 3438/876/2183 3545/1276/2183
f 3543/1274/2184 3434/943/2184 3431/942/2184 3539/1275/2184
f 3555/1467/2185 3447/899/2185 3434/943/2185 3543/1274/2185
f 3545/1276/2186 3438/876/2186 3450/850/2186 3558/1333/2186
f 3548/1466/2187 3440/984/2187 3447/899/2187 3555/1467/2187
f 3587/1618/2188 3480/2685/2188 3440/984/2188 3548/1466/2188
f 3552/1334/2189 3443/892/2189 3453/1145/2189 3561/1288/2189
f 3558/1333/2190 3450/850/2190 3443/892/2190 3552/1334/2190
f 3561/1288/198 3453/1145/198 3462/1153/198 3570/2792/198
f 3584/1546/2194 3455/840/2194 3476/839/2194 3572/1547/2194
f 3570/2792/2192 3462/1153/2192 3455/840/2192 3584/1546/2192
f 3458/1051/184 3480/2685/184 3587/1618/184 3566/1264/184
f 3474/1219/2191 3458/1051/2191 3566/1264/2191 3563/1263/2191
f 3468/1106/2195 3465/1059/2195 3579/1262/2195 3576/5422/2195
f 3465/1059/2197 3474/1219/2197 3563/1263/2197 3579/1262/2197
f 3533/1043/2196 3468/1106/2196 3576/5422/2196 3641/1367/2196
f 3582/1476/2198 3470/838/2198 3537/1100/2198 3645/1477/2198
f 3683/1238/4 3750/1237/4 3471/2505/4 3477/2783/4 1388/6852/4 3672/5403/4 3677/4747/4 3668/1240/4 3660/1239/4 3665/1245/4 3653/5406/4 3648/5405/4 3651/5410/4 3662/6011/4 3657/6727/4 3695/6013/4 3675/6012/4 3689/6017/4 3680/6726/4
f 3572/1547/2193 3476/839/2193 3470/838/2193 3582/1476/2193
f 3482/1033/2199 3533/1043/2199 3641/1367/2199 3590/1422/2199
f 3498/858/2200 3482/1033/2200 3590/1422/2200 3606/1537/2200
f 3593/2928/2201 3485/972/2201 3501/884/2201 3609/1280/2201
f 3645/2879/2202 3537/1024/2202 3485/972/2202 3593/2928/2202
f 3639/1663/160 3488/906/160 3528/968/160 3618/1310/160
f 3603/1490/2203 3495/883/2203 3488/906/2203 3639/1663/2203
f 3491/859/2204 3498/858/2204 3606/1537/2204 3600/1536/2204
f 3530/860/2205 3491/859/2205 3600/1536/2205 3596/1535/2205
f 3609/1280/2206 3501/884/2206 3495/883/2206 3603/1490/2206
f 3503/1013/2207 3507/2540/2207 3635/1444/2207 3614/1443/2207
f 3519/1014/2208 3503/1013/2208 3614/1443/2208 3627/1403/2208
f 3507/2540/170 3530/860/170 3596/1535/170 3635/1444/170
f 3509/936/2209 3525/865/2209 3633/1312/2209 3611/1311/2209
f 3528/968/2210 3509/936/2210 3611/1311/2210 3618/1310/2210
f 3512/919/2211 3522/918/2211 3630/1390/2211 3620/4775/2211
f 3516/864/2212 3512/919/2212 3620/4775/2212 3624/1524/2212
f 3525/865/2213 3516/864/2213 3624/1524/2213 3633/1312/2213
f 3522/918/2214 3519/1014/2214 3627/1403/2214 3630/1390/2214
f 3755/1275/2183 3647/942/2183 3654/851/2183 3764/1369/2183
f 3762/1274/2184 3650/943/2184 3647/942/2184 3755/1275/2184
f 3758/1467/2185 3663/899/2185 3650/943/2185 3762/1274/2185
f 3764/1369/2186 3654/851/2186 3666/998/2186 3774/1370/2186
f 3768/1466/2187 3656/984/2187 3663/899/2187 3758/1467/2187
f 3803/1618/2188 3696/985/2188 3656/984/2188 3768/1466/2188
f 3771/1334/2189 3659/892/2189 3669/1243/2189 3777/1288/2189
f 3774/1370/2190 3666/998/2190 3659/892/2190 3771/1334/2190
f 3777/1288/198 3669/1243/198 3678/1153/198 3786/1289/198
f 3786/1289/2192 3678/1153/2192 3671/840/2192 3800/1653/2192
f 4401/2752/4 4349/6404/4 4140/922/4 4146/1191/4 4151/3905/4 4137/6719/4 4187/4743/4 4124/1193/4 4116/1192/4 4127/1197/4 4112/5397/4 4103/3748/4 3713/1199/4 3708/1198/4 3747/1205/4 3722/5400/4 3720/5399/4 3734/2756/4 3737/2755/4 3729/6721/4 3731/1209/4 3740/1208/4 3726/6461/4 3743/6464/4 3705/6723/4 3710/2761/4 3716/2760/4 3702/6465/4 3752/2763/4 3687/2762/4 3692/2767/4 3672/5403/4 1388/6852/4 4319/3907/4 4314/3906/4 4316/1211/4 4307/1210/4 4299/6004/4 4305/6007/4 4302/6467/4 4310/2771/4 4346/2770/4 4326/6469/4 4340/1215/4 4332/1214/4 4335/1221/4
f 3800/1653/2194 3671/840/2194 3693/839/2194 3788/2903/2194
f 3674/4628/184 3696/985/184 3803/1618/184 3782/1264/184
f 3690/1219/2191 3674/4628/2191 3782/1264/2191 3779/1263/2191
f 3684/1233/2195 3681/1059/2195 3798/1262/2195 3792/4052/2195
f 3681/1059/2197 3690/1219/2197 3779/1263/2197 3798/1262/2197
f 3749/1043/2196 3684/1233/2196 3792/4052/2196 3857/1367/2196
f 3795/1476/2198 3686/838/2198 3753/1100/2198 3861/1477/2198
f 3788/2903/2193 3693/839/2193 3686/838/2193 3795/1476/2193
f 3698/1033/2199 3749/1043/2199 3857/1367/2199 3806/1422/2199
f 3714/858/2200 3698/1033/2200 3806/1422/2200 3822/1537/2200
f 3809/4199/2201 3701/972/2201 3717/884/2201 3825/1280/2201
f 3861/2879/2202 3753/1024/2202 3701/972/2202 3809/4199/2202
f 3855/1663/160 3704/2591/160 3744/968/160 3834/1310/160
f 3819/4097/2203 3711/883/2203 3704/2591/2203 3855/1663/2203
f 3707/859/2204 3714/858/2204 3822/1537/2204 3813/1536/2204
f 3746/860/2205 3707/859/2205 3813/1536/2205 3816/1535/2205
f 3825/1280/2206 3717/884/2206 3711/883/2206 3819/4097/2206
f 3719/1013/2207 3723/3817/2207 3851/1444/2207 3830/1443/2207
f 3735/1014/2208 3719/1013/2208 3830/1443/2208 3849/1403/2208
f 3723/3817/170 3746/860/170 3816/1535/170 3851/1444/170
f 3725/936/2209 3741/935/2209 3846/1297/2209 3828/1296/2209
f 3744/968/2210 3725/936/2210 3828/1296/2210 3834/1310/2210
f 3728/919/2211 3738/918/2211 3843/1390/2211 3836/1525/2211
f 3732/864/2212 3728/919/2212 3836/1525/2212 3840/1524/2212
f 3741/935/2213 3732/864/2213 3840/1524/2213 3846/1297/2213
f 3738/918/2214 3735/1014/2214 3849/1403/2214 3843/1390/2214
f 8593/6164/211 3854/3952/211 3833/1324/211 3827/1303/211 8590/6036/211
f 4001/1685/2183 3863/942/2183 3873/851/2183 4004/1509/2183
f 3998/1468/2184 3869/943/2184 3863/942/2184 4001/1685/2184
f 4008/1467/2185 3866/899/2185 3869/943/2185 3998/1468/2185
f 4014/1466/2187 3876/984/2187 3866/899/2187 4008/1467/2187
f 4004/1509/2186 3873/851/2186 3885/2480/2186 4011/4185/2186
f 3950/1035/4 1365/6832/4 1364/19/4 3875/1226/4 3882/1225/4 3894/3911/4 3908/1228/4 3900/1227/4 3903/1232/4 3915/2775/4 3918/6009/4 3935/3912/4 3929/2777/4 3927/2776/4 3959/2781/4 3942/6471/4 3962/2772/4
f 4020/1433/2188 3881/985/2188 3876/984/2188 4014/1466/2188
f 4017/4005/2189 3878/892/2189 3888/1145/2189 4023/1288/2189
f 4011/4185/2190 3885/2480/2190 3878/892/2190 4017/4005/2190
f 3986/6151/184 3989/1264/184 3893/1051/184 3881/985/184 4020/1433/184
f 4023/1288/198 3888/1145/198 3897/1153/198 4034/2792/198
f 4025/1418/2194 3890/840/2194 3912/839/2194 4031/1547/2194
f 4841/2517/4 4791/2516/4 4625/3756/4 4602/3755/4 4604/2520/4 4598/878/4 4595/877/4 4592/5890/4 4586/5284/4 4584/5283/4 4589/4613/4 4580/3761/4 4577/2522/4 4574/886/4 4571/885/4 4568/6399/4 4565/5892/4 4562/5287/4 4559/3763/4 4553/894/4 4548/893/4 3957/3754/4 3945/6688/4 3965/4615/4 3932/902/4 3924/901/4 3938/911/4 3921/6691/4 3968/3766/4 3906/3765/4 3911/3770/4 3891/5894/4 3896/5268/4 4119/2471/4 4185/2526/4 4134/6401/4 4148/2528/4 4143/2527/4 4182/2532/4 4157/5898/4 4155/5897/4 4169/3772/4 4172/913/4 4164/912/4 4167/921/4 4175/2535/4 4161/6693/4 4178/923/4 4140/922/4 4349/6404/4 4367/3773/4 4361/2537/4 4359/2536/4 4377/2543/4 4374/6405/4 4394/4617/4 4388/2545/4 4383/2544/4 4386/2549/4 4391/930/4 4380/929/4 4770/1156/4 4760/5902/4 4755/5901/4 4757/4619/4 4748/938/4 4740/937/4 4746/946/4 4743/2550/4 4752/2553/4 4787/2555/4 4767/2554/4 4782/2559/4 4773/4621/4 4776/4625/4
f 4034/2792/2192 3897/1153/2192 3890/840/2192 4025/1418/2192
f 3909/1219/2191 3893/1051/2191 3989/1264/2191 3974/1604/2191
f 3899/1059/2197 3909/1219/2197 3974/1604/2197 3971/1262/2197
f 3902/1106/2195 3899/1059/2195 3971/1262/2195 3984/1368/2195
f 3914/1043/2196 3902/1106/2196 3984/1368/2196 3977/1367/2196
f 4029/1476/2198 3905/838/2198 3969/1100/2198 4037/1477/2198
f 4031/1547/2193 3912/839/2193 3905/838/2193 4029/1476/2193
f 3917/1033/2199 3914/1043/2199 3977/1367/2199 3981/1422/2199
f 3936/858/2200 3917/1033/2200 3981/1422/2200 3996/1354/2200
f 4040/2880/2201 3920/972/2201 3939/908/2201 4044/1280/2201
f 4037/2879/2202 3969/4722/2202 3920/972/2202 4040/2880/2202
f 4053/1281/2203 3923/907/2203 3933/906/2203 4049/1663/2203
f 4044/1280/2206 3939/908/2206 3923/907/2206 4053/1281/2206
f 3926/860/2205 3930/859/2205 3993/1536/2205 4047/1580/2205
f 3960/2540/170 3926/860/170 4047/1580/170 4077/1444/170
f 3930/859/2204 3936/858/2204 3996/1354/2204 3993/1536/2204
f 4049/1663/160 3933/906/160 3966/968/160 4079/1664/160
f 3941/1013/2207 3960/2540/2207 4077/1444/2207 4055/3964/2207
f 3963/1014/2208 3941/1013/2208 4055/3964/2208 4071/1403/2208
f 3944/936/2209 3956/865/2209 4074/1351/2209 4058/1296/2209
f 3966/968/2210 3944/936/2210 4058/1296/2210 4079/1664/2210
f 3947/1039/2211 3951/918/2211 4064/1390/2211 4061/1389/2211
f 6539/1028/4 6533/3802/4 1365/6832/4 3950/1035/4 3948/1034/4 3954/1042/4 4539/5321/4 4535/2621/4 4526/2620/4 4517/5943/4 4515/5942/4 4521/5947/4 4523/1049/4 4533/1048/4 4530/3828/4 4542/3832/4 4550/2628/4 4557/2627/4 4622/4657/4 4608/5325/4 4617/5328/4 4614/6435/4 4619/5949/4 4611/5948/4 5196/1057/4 5265/1056/4 5267/1065/4 5280/1064/4 5276/3833/4 5273/2629/4 5270/1067/4 5220/1066/4 5232/1072/4 5226/3835/4 5262/3838/4 5238/6437/4 5255/3839/4 5249/1074/4 5244/1073/4 5247/1080/4 5252/2633/4 5240/6697/4 5876/1082/4 5867/1081/4 5865/6704/4 5870/2637/4 5894/2636/4 5885/5955/4 5883/5954/4 5891/1089/4 5904/1088/4 5915/5330/4 5907/5958/4 5913/5961/4 5910/6439/4 5930/3841/4 5921/2639/4 5919/2638/4 5934/2643/4 5925/4658/4 5927/4661/4 5861/5331/4 5855/3843/4 5849/1091/4 5843/1090/4 5837/5962/4 5834/5333/4 5831/4663/4 5829/4662/4 5841/4667/4 5846/2647/4 5853/2646/4 5859/4669/4 5900/5965/4 5888/5335/4 5879/5290/4 5489/2649/4 5487/2648/4 5492/2655/4 5447/3845/4 5441/1096/4 5435/1095/4 5426/4670/4 5420/2657/4 5414/2656/4 5406/6441/4 5408/3848/4 5394/3847/4 5396/2661/4 5391/2660/4 5403/2665/4 5400/5337/4 5411/1105/4 5418/1104/4 5424/3853/4 5430/5341/4 5433/6446/4 5015/5344/4 5048/2667/4 5031/2666/4 5051/2672/4 5039/4673/4 5037/4672/4 5043/4679/4 5612/4683/4 5619/4682/4 5616/5345/4 5625/5348/4 5630/2676/4 5643/2675/4 5657/5967/4 5649/6706/4 5651/1112/4 5718/1111/4 5664/5349/4 5681/1114/4 5675/1113/4 5673/6708/4 5705/5369/4 6117/4689/4 6126/4688/4 6131/1121/4 6141/1120/4 6138/3854/4 6147/3857/4 6153/5969/4 6155/6447/4 6149/5351/4 6143/2678/4 6134/2677/4 6128/5970/4 6122/3859/4 6113/3858/4 6101/5973/4 6099/5972/4 6074/4691/4 6069/4690/4 6086/2581/4 6570/2575/4 6579/3863/4 6576/5353/4 6585/5356/4 6587/1126/4 6590/1125/4 6581/4696/4 6572/4695/4 6552/5357/4 6555/5360/4 6557/1029/4
f 3953/864/2212 3947/1039/2212 4061/1389/2212 4068/1352/2212
f 3951/918/2214 3963/1014/2214 4071/1403/2214 4064/1390/2214
f 4544/5888/4 4539/5321/4 3954/1042/4 3957/3754/4 4548/893/4
f 3956/865/2213 3953/864/2213 4068/1352/2213 4074/1351/2213
f 8605/2791/211 8602/4202/211 3987/6148/211 4019/6172/211 4013/5598/211 4007/3097/211 3999/3096/211 4002/3101/211
f 8599/1343/211 8605/2791/211 4002/3101/211 4005/3921/211 4010/4756/211 4016/6027/211 4022/2797/211 4035/2796/211 4026/3922/211 4032/3925/211 4028/4757/211 4038/4760/211 4041/6476/211 4043/1287/211 4052/1286/211 4050/3926/211 4080/3930/211 4059/6028/211 4241/3934/211 4293/3933/211 4226/6031/211 4232/2799/211 4215/2798/211 4218/2803/211 4239/3936/211 4202/3938/211 4194/3937/211 4196/2805/211 4191/2804/211 4199/2810/211 4208/5428/211 4205/6477/211 4211/1295/211 4221/1294/211
f 8614/6055/211 4275/6048/211 4280/6057/211 4286/3974/211 4266/3973/211 4269/3978/211 4253/5457/211 4247/5456/211 4259/3979/211 4241/3934/211 4059/6028/211 4073/1346/211 4067/1345/211 4062/6483/211 8611/5589/211
f 8611/5589/211 4062/6483/211 4065/6562/211 8608/1599/211
f 4190/1275/2183 4082/942/2183 4092/876/2183 4200/2808/2183
f 4197/1274/2184 4088/943/2184 4082/942/2184 4190/1275/2184
f 4193/1467/2185 4085/899/2185 4088/943/2185 4197/1274/2185
f 4203/1434/2187 4095/984/2187 4085/899/2187 4193/1467/2187
f 4200/2808/2186 4092/876/2186 4101/850/2186 4209/1333/2186
f 4238/1433/2188 4130/985/2188 4095/984/2188 4203/1434/2188
f 4206/4005/2189 4097/892/2189 4104/1145/2189 4212/1288/2189
f 4209/1333/2190 4101/850/2190 4097/892/2190 4206/4005/2190
f 4212/1288/198 4104/1145/198 4113/1153/198 4220/1289/198
f 4217/1264/184 4106/1051/184 4130/985/184 4238/1433/184
f 4109/1058/2191 4106/1051/2191 4217/1264/2191 4214/1263/2191
f 4122/1059/2197 4109/1058/2197 4214/1263/2197 4233/1262/2197
f 4220/1289/2192 4113/1153/2192 4128/840/2192 4235/1418/2192
f 4224/1547/2193 4115/839/2193 4125/838/2193 4230/4073/2193
f 4235/1418/2194 4128/840/2194 4115/839/2194 4224/1547/2194
f 4118/1106/2195 4122/1059/2195 4233/1262/2195 4227/1368/2195
f 4184/1043/2196 4118/1106/2196 4227/1368/2196 4292/1367/2196
f 4230/4073/2198 4125/838/2198 4188/4746/2198 4296/1477/2198
f 4133/1033/2199 4184/1043/2199 4292/1367/2199 4242/1422/2199
f 4149/858/2200 4133/1033/2200 4242/1422/2200 4260/1354/2200
f 4244/2928/2201 4136/972/2201 4152/884/2201 4263/1280/2201
f 4296/3984/2202 4188/4722/2202 4136/972/2202 4244/2928/2202
f 4139/906/160 4179/928/160 4290/1664/160 4251/1663/160
f 4257/1490/2203 4145/883/2203 4139/906/2203 4251/1663/2203
f 4142/859/2204 4149/858/2204 4260/1354/2204 4248/1536/2204
f 4181/860/2205 4142/859/2205 4248/1536/2205 4254/1535/2205
f 4263/1280/2206 4152/884/2206 4145/883/2206 4257/1490/2206
f 4154/1013/2207 4158/2540/2207 4268/1444/2207 4265/3964/2207
f 4170/1014/2208 4154/1013/2208 4265/3964/2208 4287/1564/2208
f 4158/2540/170 4181/860/170 4254/1535/170 4268/1444/170
f 4160/936/2209 4176/2533/2209 4284/1321/2209 4271/5453/2209
f 4179/928/2210 4160/936/2210 4271/5453/2210 4290/1664/2210
f 4163/919/2211 4173/918/2211 4281/1390/2211 4274/1525/2211
f 4166/864/2212 4163/919/2212 4274/1525/2212 4278/1524/2212
f 4176/2533/2213 4166/864/2213 4278/1524/2213 4284/1321/2213
f 4173/918/2214 4170/1014/2214 4287/1564/2214 4281/1390/2214
f 8617/6482/211 4487/5436/211 4496/5435/211 4493/3960/211 4482/3959/211 4503/3966/211 4463/5437/211 4466/5440/211 4472/3968/211 4458/3967/211 4506/3972/211 4442/4789/211 4436/4788/211 4448/2834/211 4431/2833/211 4421/5442/211 4415/5441/211 4424/4792/211 4412/2838/211 4407/2837/211 4410/2842/211 8596/1344/211 8599/1343/211 4221/1294/211 4236/4795/211 4223/5445/211 4229/5448/211 4295/4797/211 4245/4796/211 4262/4801/211 4256/6045/211 4250/6044/211 4289/5450/211 4272/5449/211 4283/5455/211 4277/6049/211 4275/6048/211 8614/6055/211
f 4406/1685/2183 4298/942/2183 4308/851/2183 4409/1369/2183
f 4413/1468/2184 4304/943/2184 4298/942/2184 4406/1685/2184
f 4425/1467/2185 4301/899/2185 4304/943/2185 4413/1468/2185
f 4416/1466/2187 4311/984/2187 4301/899/2187 4425/1467/2187
f 4409/1369/2186 4308/851/2186 4317/998/2186 4428/4185/2186
f 4422/1433/2188 4347/985/2188 4311/984/2188 4416/1466/2188
f 4419/4005/2189 4313/892/2189 4320/1145/2189 4455/1288/2189
f 4428/4185/2190 4317/998/2190 4313/892/2190 4419/4005/2190
f 4455/1288/198 4320/1145/198 4329/1153/198 4433/1289/198
f 4976/4737/4 4964/1161/4 4364/1178/4 4356/1177/4 4370/1184/4 4353/6717/4 4403/3885/4 4338/3884/4 4343/3889/4 4323/6002/4 4328/5395/4 4319/3907/4 1388/6852/4 1384/14/4 1385/13/4 5045/3891/4 5034/3890/4 5054/3896/4 5021/4740/4 5013/4739/4 5027/3898/4 5010/3897/4 5057/3903/4 4998/6459/4 5003/2747/4 4983/2746/4 4988/1186/4 4979/1185/4 4970/6001/4
f 4452/1418/2194 4322/840/2194 4344/839/2194 4446/1547/2194
f 4433/1289/2192 4329/1153/2192 4322/840/2192 4452/1418/2192
f 4430/1264/184 4325/1051/184 4347/985/184 4422/1433/184
f 4341/1219/2191 4325/1051/2191 4430/1264/2191 4449/1263/2191
f 4331/1059/2197 4341/1219/2197 4449/1263/2197 4437/1262/2197
f 4334/1106/2195 4331/1059/2195 4437/1262/2195 4443/2987/2195
f 4400/1043/2196 4334/1106/2196 4443/2987/2196 4505/1367/2196
f 4440/1476/2198 4337/838/2198 4404/1100/2198 4512/1477/2198
f 4446/1547/2193 4344/839/2193 4337/838/2193 4440/1476/2193
f 4350/1033/2199 4400/1043/2199 4505/1367/2199 4457/1422/2199
f 4368/858/2200 4350/1033/2200 4457/1422/2200 4473/1354/2200
f 4460/2880/2201 4352/972/2201 4371/884/2201 4476/1280/2201
f 4512/2879/2202 4404/1024/2202 4352/972/2202 4460/2880/2202
f 4470/1662/2203 4355/883/2203 4365/906/2203 4509/1663/2203
f 4476/1280/2206 4371/884/2206 4355/883/2206 4470/1662/2206
f 4358/860/2205 4362/859/2205 4467/1536/2205 4464/1535/2205
f 4376/2540/170 4358/860/170 4464/1535/170 4502/1444/170
f 4362/859/2204 4368/858/2204 4473/1354/2204 4467/1536/2204
f 4365/906/160 4397/928/160 4485/1664/160 4509/1663/160
f 5481/6714/4 5495/3779/4 5258/4712/4 5229/4711/4 5234/2707/4 5222/2706/4 5216/4718/4 5205/4717/4 5207/3868/4 5202/3867/4 5210/2711/4 5199/2710/4 5214/2715/4 5184/5374/4 5189/3871/4 5177/1171/4 4625/3756/4 4791/2516/4 4809/2717/4 4802/5377/4 4800/5376/4 4817/2719/4 4815/2718/4 4835/2723/4 4829/5381/4 4824/5380/4 4827/5385/4 4832/4724/4 4821/4723/4 4838/4728/4 4805/4730/4 4797/4729/4 4811/3874/4 4794/3873/4 4844/3879/4 4779/5986/4 4784/1149/4 4764/1148/4 4770/1156/4 4380/929/4 4398/1159/4 4364/1178/4 4964/1161/4 4956/1160/4 4962/1165/4 4959/2724/4 4968/2727/4 4974/5387/4 4985/3883/4 5001/3882/4 4992/5388/4 4995/5391/4 5060/2729/4 5007/2728/4 5025/2733/4 5018/5392/4 5015/5344/4 5433/6446/4 5438/2737/4 5445/2736/4 5469/4734/4 5471/1167/4 5459/1166/4 5451/5988/4 5457/5991/4 5454/6457/4 5465/2739/4 5463/2738/4 5498/2743/4 5477/5993/4 5475/5992/4 5483/5997/4
f 4373/1013/2207 4376/2540/2207 4502/1444/2207 4481/3964/2207
f 4395/1014/2208 4373/1013/2208 4481/3964/2208 4494/1403/2208
f 4379/936/2209 4392/935/2209 4500/1297/2209 4479/1296/2209
f 4397/928/2210 4379/936/2210 4479/1296/2210 4485/1664/2210
f 4382/919/2211 4389/918/2211 4497/1390/2211 4488/1389/2211
f 4385/864/2212 4382/919/2212 4488/1389/2212 4491/1352/2212
f 4392/935/2213 4385/864/2213 4491/1352/2213 4500/1297/2213
f 4389/918/2214 4395/1014/2214 4494/1403/2214 4497/1390/2214
f 4514/1059/2197 4518/1219/2197 4730/1613/2197 4727/3063/2197
f 4520/1106/2195 4514/1059/2195 4727/3063/2195 4734/1368/2195
f 4662/4179/2191 4730/1613/2191 4518/1219/2191 4527/1051/2191 4650/1264/2191
f 4524/1043/2196 4520/1106/2196 4734/1368/2196 4737/4888/2196
f 4532/1033/2199 4524/1043/2199 4737/4888/2199 4724/4884/2199
f 4527/1051/184 4536/985/184 4668/1618/184 4650/1264/184
f 4529/858/2200 4532/1033/2200 4724/4884/2200 4677/1354/2200
f 4541/859/2204 4529/858/2204 4677/1354/2204 4692/1353/2204
f 4668/1618/2188 4536/985/2188 4538/5324/2188 4545/984/2188 4640/1466/2188
f 4551/860/2205 4541/859/2205 4692/1353/2205 4686/1580/2205
f 4640/1466/2187 4545/984/2187 4547/900/2187 4554/899/2187 4647/1467/2187
f 4556/2540/170 4551/860/170 4686/1580/170 4716/1444/170
f 4647/1467/2185 4554/899/2185 4560/943/2185 4632/1468/2185
f 4623/1013/2207 4556/2540/2207 4716/1444/2207 4698/3964/2207
f 4632/1468/2184 4560/943/2184 4563/942/2184 4629/1685/2184
f 4629/1685/2183 4563/942/2183 4566/876/2183 4634/1369/2183
f 4634/1369/2186 4566/876/2186 4569/998/2186 4643/1370/2186
f 4643/1370/2190 4569/998/2190 4572/892/2190 4638/1334/2190
f 4638/1334/2189 4572/892/2189 4575/891/2189 4671/1288/2189
f 4671/1288/198 4575/891/198 4578/1153/198 4653/2792/198
f 4653/2792/2192 4578/1153/2192 4581/840/2192 4665/1653/2192
f 4665/1653/2194 4581/840/2194 4590/839/2194 4659/1547/2194
f 4655/4073/2198 4583/838/2198 4587/4746/2198 4674/1477/2198
f 4659/1547/2193 4590/839/2193 4583/838/2193 4655/4073/2193
f 4674/3984/2202 4587/4722/2202 4593/972/2202 4679/2880/2202
f 4679/2880/2201 4593/972/2201 4596/884/2201 4695/3056/2201
f 4695/3056/2206 4596/884/2206 4599/883/2206 4689/1281/2206
f 4689/1281/2203 4599/883/2203 4605/906/2203 4683/1663/2203
f 4601/968/2210 4626/936/2210 4701/1296/2210 4722/1664/2210
f 4683/1663/160 4605/906/160 4601/968/160 4722/1664/160
f 4607/1014/2208 4623/1013/2208 4698/3964/2208 4719/1403/2208
f 4616/918/2214 4607/1014/2214 4719/1403/2214 4709/1390/2214
f 4610/935/2213 4620/864/2213 4707/1524/2213 4712/1297/2213
f 5193/5999/4 5196/1057/4 4611/5948/4 4625/3756/4 5177/1171/4 5172/1170/4 5175/1176/4 5181/2745/4 5187/4736/4
f 4626/936/2209 4610/935/2209 4712/1297/2209 4701/1296/2209
f 4613/1039/2211 4616/918/2211 4709/1390/2211 4703/4775/2211
f 4620/864/2212 4613/1039/2212 4703/4775/2212 4707/1524/2212
f 8632/5590/211 4661/4175/211 4649/4174/211 4667/4181/211 4641/6774/211 4646/5594/211 4631/4941/211 4628/4812/211 8635/3983/211
f 8649/1637/211 4928/6734/211 4937/2853/211 4934/2852/211 4922/6062/211 4943/6065/211 4904/6735/211 4907/1360/211 4914/1359/211 4898/6066/211 4946/1362/211 4883/1361/211 4877/6487/211 4889/5460/211 4871/2859/211 4862/2858/211 4856/6737/211 4865/6489/211 4853/5462/211 4847/5432/211 8626/3955/211 8635/3983/211 4628/4812/211 4635/4811/211 4644/6069/211 4637/6491/211 4670/4814/211 4652/4813/211 4664/4818/211 4658/5465/211 4656/5464/211 4673/3989/211 4680/3988/211 4694/5469/211 4688/6071/211 4682/6070/211 4721/4820/211 4700/4819/211 4713/4824/211 4706/5471/211 4704/5470/211 8647/2851/211
f 4848/1685/2183 4739/942/2183 4749/876/2183 4851/1276/2183
f 4854/1468/2184 4745/943/2184 4739/942/2184 4848/1685/2184
f 4866/1467/2185 4742/899/2185 4745/943/2185 4854/1468/2185
f 4857/1434/2187 4751/984/2187 4742/899/2187 4866/1467/2187
f 4851/1276/2186 4749/876/2186 4758/850/2186 4869/1333/2186
f 4863/1618/2188 4788/985/2188 4751/984/2188 4857/1434/2188
f 4859/1334/2189 4754/892/2189 4761/1145/2189 4895/1288/2189
f 4869/1333/2190 4758/850/2190 4754/892/2190 4859/1334/2190
f 4895/1288/198 4761/1145/198 4769/1153/198 4874/1289/198
f 4893/1653/2194 4763/840/2194 4785/839/2194 4886/2903/2194
f 4874/1289/2192 4769/1153/2192 4763/840/2192 4893/1653/2192
f 4872/1264/184 4766/1051/184 4788/985/184 4863/1618/184
f 4781/1058/2191 4766/1051/2191 4872/1264/2191 4890/1263/2191
f 4772/1059/2197 4781/1058/2197 4890/1263/2197 4878/3063/2197
f 4775/1106/2195 4772/1059/2195 4878/3063/2195 4884/1368/2195
f 4842/1043/2196 4775/1106/2196 4884/1368/2196 4947/1367/2196
f 4881/1476/2198 4778/838/2198 4845/1100/2198 4953/1477/2198
f 4886/2903/2193 4785/839/2193 4778/838/2193 4881/1476/2193
f 4790/1033/2199 4842/1043/2199 4947/1367/2199 4899/1422/2199
f 4808/858/2200 4790/1033/2200 4899/1422/2200 4913/1354/2200
f 4902/2909/2201 4793/972/2201 4812/884/2201 4917/3056/2201
f 4953/2879/2202 4845/1024/2202 4793/972/2202 4902/2909/2202
f 4910/1281/2203 4796/907/2203 4806/906/2203 4949/1663/2203
f 4917/3056/2206 4812/884/2206 4796/907/2206 4910/1281/2206
f 4799/860/2205 4803/859/2205 4908/1353/2205 4905/1535/2205
f 4818/2540/170 4799/860/170 4905/1535/170 4944/1444/170
f 4803/859/2204 4808/858/2204 4913/1354/2204 4908/1353/2204
f 4949/1663/160 4806/906/160 4839/968/160 4926/1664/160
f 4814/1013/2207 4818/2540/2207 4944/1444/2207 4923/3964/2207
f 4836/1014/2208 4814/1013/2208 4923/3964/2208 4935/1564/2208
f 4820/936/2209 4833/935/2209 4941/1351/2209 4920/2939/2209
f 4839/968/2210 4820/936/2210 4920/2939/2210 4926/1664/2210
f 4823/919/2211 4830/918/2211 4938/1402/2211 4929/1389/2211
f 4826/864/2212 4823/919/2212 4929/1389/2212 4932/1352/2212
f 4833/935/2213 4826/864/2213 4932/1352/2213 4941/1351/2213
f 4830/918/2214 4836/1014/2214 4935/1564/2214 4938/1402/2214
f 8626/3955/211 4847/5432/211 4850/5431/211 4868/1328/211 4860/1327/211 4896/1336/211 4875/6042/211 8629/3045/211
f 8623/3046/211 8629/3045/211 4875/6042/211 4892/3048/211 4887/3047/211 4880/6769/211 4952/6547/211 4901/6546/211 4916/3052/211 4911/3051/211 4950/3058/211 4925/5576/211 4919/5575/211 4940/1632/211 4931/1631/211 4928/6734/211 8649/1637/211 8644/1636/211 5127/2868/211 5120/6771/211 5132/6153/211 5114/6152/211 5168/3060/211 5103/3059/211 5108/3066/211 5091/6156/211 5093/4167/211 5081/1645/211 5075/1644/211 5066/6158/211 5069/5580/211 5063/5579/211 5072/5584/211 5084/3068/211 5079/3067/211
f 5064/1685/2183 4955/942/2183 4965/876/2183 5073/1509/2183
f 5070/1468/2184 4961/943/2184 4955/942/2184 5064/1685/2184
f 5067/1467/2185 4958/899/2185 4961/943/2185 5070/1468/2185
f 5076/1466/2187 4967/984/2187 4958/899/2187 5067/1467/2187
f 5073/1509/2186 4965/876/2186 4977/998/2186 5085/1370/2186
f 5082/1618/2188 4973/985/2188 4967/984/2188 5076/1466/2188
f 5085/1370/2190 4977/998/2190 4971/892/2190 5078/1334/2190
f 5078/1334/2189 4971/892/2189 4980/1145/2189 5088/1288/2189
f 4986/1051/184 4973/985/184 5082/1618/184 5094/1264/184
f 5088/1288/198 4980/1145/198 4989/1153/198 5097/1289/198
f 5112/1653/2194 4982/2750/2194 5004/839/2194 5099/1547/2194
f 5097/1289/2192 4989/1153/2192 4982/2750/2192 5112/1653/2192
f 5000/1219/2191 4986/1051/2191 5094/1264/2191 5090/1263/2191
f 4991/1059/2197 5000/1219/2197 5090/1263/2197 5109/3063/2197
f 4994/1106/2195 4991/1059/2195 5109/3063/2195 5102/1368/2195
f 5061/1043/2196 4994/1106/2196 5102/1368/2196 5169/1367/2196
f 5105/1476/2198 4997/838/2198 5058/1100/2198 5166/1477/2198
f 5099/1547/2193 5004/839/2193 4997/838/2193 5105/1476/2193
f 5006/1033/2199 5061/1043/2199 5169/1367/2199 5115/1422/2199
f 5024/858/2200 5006/1033/2200 5115/1422/2200 5133/1354/2200
f 5118/2880/2201 5009/3901/2201 5028/884/2201 5136/4173/2201
f 5166/2879/2202 5058/1024/2202 5009/3901/2202 5118/2880/2202
f 5130/1662/2203 5012/883/2203 5022/906/2203 5123/1663/2203
f 5136/4173/2206 5028/884/2206 5012/883/2206 5130/1662/2206
f 5016/860/2205 5019/859/2205 5121/1353/2205 5126/1535/2205
f 5049/2540/170 5016/860/170 5126/1535/170 5157/1444/170
f 5019/859/2204 5024/858/2204 5133/1354/2204 5121/1353/2204
f 5123/1663/160 5022/906/160 5055/968/160 5163/1664/160
f 5030/1013/2207 5049/2540/2207 5157/1444/2207 5139/3964/2207
f 5052/1014/2208 5030/1013/2208 5139/3964/2208 5160/1403/2208
f 5033/936/2209 5046/935/2209 5154/3024/2209 5142/2939/2209
f 5055/968/2210 5033/936/2210 5142/2939/2210 5163/1664/2210
f 5036/919/2211 5040/918/2211 5148/1402/2211 5145/1389/2211
f 5042/864/2212 5036/919/2212 5145/1389/2212 5150/1352/2212
f 5040/918/2214 5052/1014/2214 5160/1403/2214 5148/1402/2214
f 5621/4707/4 5612/4683/4 5043/4679/4 5045/3891/4 1385/13/4 1386/22/4 5691/5924/4 5711/2696/4 5678/2695/4 5670/6455/4 5684/5983/4 5667/5982/4 5714/2701/4 5655/2700/4 5660/2705/4 5640/5372/4 5645/4709/4 5636/1141/4 5628/1140/4 5633/1147/4
f 5046/935/2213 5042/864/2213 5150/1352/2213 5154/3024/2213
f 8644/1636/211 8641/6531/211 5151/3018/211 5144/6741/211 5147/1409/211 5159/1408/211 5138/6082/211 5156/2869/211 5127/2868/211
f 8638/4935/211 5153/3019/211 5151/3018/211 8641/6531/211
f 5283/1685/2183 5171/942/2183 5178/876/2183 5286/1509/2183
f 5289/1468/2184 5174/943/2184 5171/942/2184 5283/1685/2184
f 5301/1467/2185 5180/899/2185 5174/943/2185 5289/1468/2185
f 5286/1509/2186 5178/876/2186 5190/998/2186 5304/1370/2186
f 5291/1466/2187 5186/984/2187 5180/899/2187 5301/1467/2187
f 5294/1334/2189 5183/892/2189 5213/891/2189 5330/1288/2189
f 5304/1370/2190 5190/998/2190 5183/892/2190 5294/1334/2190
f 5298/1495/2188 5192/985/2188 5186/984/2188 5291/1466/2188
f 5307/1264/184 5264/1051/184 5195/1050/184 5192/985/184 5298/1495/184
f 5309/1289/2192 5198/1153/2192 5211/840/2192 5328/1418/2192
f 5330/1288/198 5213/891/198 5198/1153/198 5309/1289/198
f 5322/1547/2193 5201/839/2193 5208/838/2193 5315/1476/2193
f 5328/1418/2194 5211/840/2194 5201/839/2194 5322/1547/2194
f 5388/2879/2202 5204/4722/2202 5217/972/2202 5336/2928/2202
f 5315/1476/2198 5208/838/2198 5204/1100/2198 5388/1477/2198
f 5336/2928/2201 5217/972/2201 5223/884/2201 5352/1280/2201
f 5219/858/2200 5271/1033/2200 5334/1422/2200 5349/1354/2200
f 5231/859/2204 5219/858/2204 5349/1354/2204 5342/1536/2204
f 5352/1280/2206 5223/884/2206 5235/883/2206 5345/1281/2206
f 5225/860/2205 5231/859/2205 5342/1536/2205 5339/1580/2205
f 5261/2540/170 5225/860/170 5339/1580/170 5379/1444/170
f 5385/1663/160 5228/906/160 5259/968/160 5361/1310/160
f 5345/1281/2203 5235/883/2203 5228/906/2203 5385/1663/2203
f 5237/1013/2207 5261/2540/2207 5379/1444/2207 5357/1443/2207
f 5256/1014/2208 5237/1013/2208 5357/1443/2208 5370/1403/2208
f 5874/3775/4 5876/1082/4 5240/6697/4 5258/4712/4 5495/3779/4 5489/2649/4 5879/5290/4 5897/3776/4
f 5241/936/2209 5253/865/2209 5376/1297/2209 5354/1296/2209
f 5259/968/2210 5241/936/2210 5354/1296/2210 5361/1310/2210
f 5243/919/2211 5250/918/2211 5372/1390/2211 5363/1389/2211
f 5246/864/2212 5243/919/2212 5363/1389/2212 5367/1352/2212
f 5253/865/2213 5246/864/2213 5367/1352/2213 5376/1297/2213
f 5250/918/2214 5256/1014/2214 5370/1403/2214 5372/1390/2214
f 5268/1058/2191 5264/1051/2191 5307/1264/2191 5325/1613/2191
f 5279/1059/2197 5268/1058/2197 5325/1613/2197 5313/1262/2197
f 5271/1033/2199 5274/1043/2199 5382/1367/2199 5334/1422/2199
f 5274/1043/2196 5277/1106/2196 5319/1368/2196 5382/1367/2196
f 5277/1106/2195 5279/1059/2195 5313/1262/2195 5319/1368/2195
f 8655/4803/211 8653/4802/211 5282/6061/211 5285/6060/211 5303/2844/211 5295/2843/211 5331/2848/211 5310/6485/211
f 8659/5567/211 8655/4803/211 5310/6485/211 5327/4146/211 5321/1620/211 5316/1619/211 5387/1624/211 5337/6767/211 5351/4149/211 5346/4148/211 5384/4153/211 5360/6077/211 5606/5572/211 5592/5571/211 5594/4155/211 5586/4154/211 5589/4160/211 5609/4927/211 5573/6544/211 5576/4929/211 5565/4928/211 5567/4162/211 5562/4161/211 5570/4166/211 5582/1626/211 5580/1625/211 5555/1629/211 5549/4932/211 5541/4832/211
f 8671/1387/211 5531/1396/211 5538/1395/211 5546/3994/211 5552/6075/211 5558/2865/211 5603/2864/211 5597/6493/211 5600/6496/211 5606/5572/211 5360/6077/211 5355/6076/211 5375/2866/211 5366/1398/211 5364/1397/211 8668/1388/211
f 5502/1281/2203 5390/883/2203 5397/906/2203 5508/1663/2203
f 5514/1280/2206 5402/884/2206 5390/883/2206 5502/1281/2206
f 5393/3851/2210 5409/936/2210 5520/1311/2210 5505/1310/2210
f 5397/906/160 5393/3851/160 5505/1310/160 5508/1663/160
f 5510/2909/2201 5399/3901/2201 5402/884/2201 5514/1280/2201
f 5523/2879/2202 5412/1024/2202 5399/3901/2202 5510/2909/2202
f 5405/865/2213 5415/864/2213 5526/1352/2213 5516/1312/2213
f 5409/936/2209 5405/865/2209 5516/1312/2209 5520/1311/2209
f 5529/1476/2198 5417/838/2198 5412/1100/2198 5523/1477/2198
f 5415/864/2212 5421/919/2212 5532/1389/2212 5526/1352/2212
f 5535/2903/2193 5423/839/2193 5417/838/2193 5529/1476/2193
f 5421/919/2211 5427/918/2211 5537/1390/2211 5532/1389/2211
f 5544/1653/2194 5429/5339/2194 5423/839/2194 5535/2903/2194
f 5427/918/2214 5436/1014/2214 5547/1564/2214 5537/1390/2214
f 5540/4829/2192 5550/1289/2192 5439/1153/2192 5432/6443/2192 5429/5339/2192 5544/1653/2192
f 5436/1014/2208 5442/1013/2208 5553/1443/2208 5547/1564/2208
f 5439/1153/198 5550/1289/198 5556/1288/198 5444/1145/198
f 5442/1013/2207 5448/2540/2207 5559/1444/2207 5553/1443/2207
f 5579/1334/2189 5468/892/2189 5444/1145/2189 5556/1288/2189
f 5448/2540/170 5493/860/170 5604/1535/170 5559/1444/170
f 5561/1685/2183 5450/942/2183 5460/851/2183 5571/1276/2183
f 5568/1468/2184 5456/943/2184 5450/942/2184 5561/1685/2184
f 5564/1467/2185 5453/899/2185 5456/943/2185 5568/1468/2185
f 5577/1434/2187 5466/984/2187 5453/899/2187 5564/1467/2187
f 5571/1276/2186 5460/851/2186 5472/850/2186 5583/1333/2186
f 5574/1618/2188 5462/2685/2188 5466/984/2188 5577/1434/2188
f 5610/1264/184 5499/1051/184 5462/2685/184 5574/1618/184
f 5583/1333/2190 5472/850/2190 5468/892/2190 5579/1334/2190
f 5474/1059/2197 5478/1058/2197 5588/4158/2197 5585/1262/2197
f 5484/1106/2195 5474/1059/2195 5585/1262/2195 5595/2987/2195
f 5478/1058/2191 5499/1051/2191 5610/1264/2191 5588/4158/2191
f 5480/1043/2196 5484/1106/2196 5595/2987/2196 5591/1367/2196
f 5496/1033/2199 5480/1043/2199 5591/1367/2199 5607/1422/2199
f 5486/859/2204 5490/858/2204 5601/1354/2204 5598/1536/2204
f 5493/860/2205 5486/859/2205 5598/1536/2205 5604/1535/2205
f 5490/858/2200 5496/1033/2200 5607/1422/2200 5601/1354/2200
f 8674/2897/211 5811/2952/211 5807/4007/211 5802/4006/211 5805/4011/211 5816/1439/211 5796/1438/211 5813/1447/211 5783/4013/211 5777/4012/211 5789/1449/211 5772/1448/211 5826/1453/211 5759/5482/211 5765/1455/211 5748/1454/211 5751/1459/211 5738/4827/211 5732/1461/211 5724/1460/211 5726/1471/211 5721/6744/211 8661/6090/211 8659/5567/211 5541/4832/211 5543/2899/211 5534/2898/211 5528/6094/211 5522/2905/211 5511/2904/211 5513/2911/211 5501/6499/211 5507/6502/211 5504/6746/211 5519/4834/211 5517/4833/211 5525/4838/211 5531/1396/211 8671/1387/211
f 5727/1468/2184 5618/943/2184 5613/942/2184 5720/1685/2184
f 5720/1685/2183 5613/942/2183 5622/851/2183 5730/1509/2183
f 5723/1467/2185 5615/899/2185 5618/943/2185 5727/1468/2185
f 5733/1466/2187 5624/984/2187 5615/899/2187 5723/1467/2187
f 5730/1509/2186 5622/851/2186 5634/998/2186 5742/1370/2186
f 5739/1618/2188 5631/985/2188 5624/984/2188 5733/1466/2188
f 5736/1334/2189 5627/892/2189 5637/1145/2189 5745/1288/2189
f 5742/1370/2190 5634/998/2190 5627/892/2190 5736/1334/2190
f 5642/1051/184 5631/985/184 5739/1618/184 5750/1264/184
f 5745/1288/198 5637/1145/198 5646/1153/198 5754/1289/198
f 5768/1418/2194 5639/840/2194 5661/839/2194 5756/1547/2194
f 5754/1289/2192 5646/1153/2192 5639/840/2192 5768/1418/2192
f 5658/1058/2191 5642/1051/2191 5750/1264/2191 5747/1263/2191
f 5648/1059/2197 5658/1058/2197 5747/1263/2197 5766/1262/2197
f 5652/1106/2195 5648/1059/2195 5766/1262/2195 5760/1368/2195
f 5717/1043/2196 5652/1106/2196 5760/1368/2196 5825/1367/2196
f 5763/1476/2198 5654/838/2198 5715/1100/2198 5823/1477/2198
f 5756/1547/2193 5661/839/2193 5654/838/2193 5763/1476/2193
f 5663/1033/2199 5717/1043/2199 5825/1367/2199 5771/1422/2199
f 5682/858/2200 5663/1033/2200 5771/1422/2200 5790/1354/2200
f 5774/2880/2201 5666/972/2201 5685/908/2201 5793/1280/2201
f 5823/2879/2202 5715/1024/2202 5666/972/2202 5774/2880/2202
f 5787/4097/2203 5669/907/2203 5679/906/2203 5781/1663/2203
f 5793/1280/2206 5685/908/2206 5669/907/2206 5787/4097/2206
f 5672/860/2205 5676/859/2205 5778/1536/2205 5784/1535/2205
f 5706/2540/170 5672/860/170 5784/1535/170 5814/1444/170
f 5676/859/2204 5682/858/2204 5790/1354/2204 5778/1536/2204
f 5781/1663/160 5679/906/160 5712/968/160 5820/1310/160
f 6120/2694/4 6117/4689/4 5705/5369/4 5687/5368/4 6111/1132/4
f 6306/2683/4 6372/3866/4 6063/963/4 6057/6711/4 6065/5977/4 6051/5976/4 6053/5361/4 6047/4700/4 6045/4699/4 6105/4704/4 6107/1133/4 6111/1132/4 5687/5368/4 5708/5367/4 5696/6450/4 5694/6449/4 5699/1139/4 5703/1138/4 6267/5921/4 6273/5981/4 6270/6453/4 6278/2689/4 6285/2688/4 6297/4706/4 6311/2690/4 6302/2684/4
f 5688/1013/2207 5706/2540/2207 5814/1444/2207 5795/1443/2207
f 5709/1014/2208 5688/1013/2208 5795/1443/2208 5817/1403/2208
f 5690/936/2209 5702/865/2209 5810/1351/2209 5799/1311/2209
f 6275/992/4 6267/5921/4 5703/1138/4 5691/5924/4 1386/22/4 1365/6832/4 6533/3802/4 6498/3801/4 6521/3806/4 6504/5303/4 6524/5306/4 6512/6420/4 6510/6419/4 6515/1002/4 6518/1001/4 6507/5926/4 6527/4642/4 6500/2606/4 6494/1004/4 6491/1003/4 6486/6423/4 6488/5906/4 6735/2560/4 6737/2609/4 6728/5928/4 6722/5307/4 6719/2610/4 6710/1008/4 6707/1007/4 6702/6427/4 6705/6430/4 6713/3810/4 6717/3809/4 6726/4645/4 6731/1019/4 6741/1018/4 6978/3793/4 6995/3812/4 6989/5931/4 6987/5930/4 7004/3814/4 7002/3813/4 7022/3819/4 7016/5935/4 7011/5934/4 7014/5939/4 7019/5310/4 7008/5309/4 7025/5314/4 6992/5316/4 6984/5315/4 6998/4647/4 6981/4646/4 7028/4651/4 6969/6702/4 6974/3821/4 6954/3820/4 6959/2614/4 6950/2613/4 6942/6431/4 6947/5319/4 6935/2593/4 6327/2588/4 6333/2619/4 6338/1021/4 6324/1020/4 6369/1027/4 6309/4652/4 6314/4655/4 6294/6433/4 6299/5940/4 6290/3825/4 6282/3824/4 6287/993/4
f 5712/968/2210 5690/936/2210 5799/1311/2210 5820/1310/2210
f 5693/919/2211 5697/918/2211 5804/1390/2211 5801/1389/2211
f 5700/864/2212 5693/919/2212 5801/1389/2212 5808/1352/2212
f 5697/918/2214 5709/1014/2214 5817/1403/2214 5804/1390/2214
f 5702/865/2213 5700/864/2213 5808/1352/2213 5810/1351/2213
f 8665/3077/211 8661/6090/211 5721/6744/211 5729/4141/211 5741/4140/211 5735/5555/211 5744/5558/211 5753/4145/211 5769/4144/211 5757/4910/211 5762/4913/211 5822/3026/211 5775/3025/211 5792/3030/211 5786/4915/211 5780/4914/211 5819/3031/211 5798/2953/211 8680/4855/211 8682/3080/211
f 8680/4855/211 5798/2953/211 5811/2952/211 8677/4019/211
f 8677/4019/211 5811/2952/211 8674/2897/211
f 6006/1280/2206 5828/908/2206 5832/883/2206 5999/1281/2206
f 5990/2880/2201 5840/972/2201 5828/908/2201 6006/1280/2201
f 5999/1281/2215 5832/883/2215 5835/906/2215 6039/1663/2215
f 6039/1663/160 5835/906/160 5838/968/160 6014/1310/160
f 5838/968/2210 5844/936/2210 6009/1311/2210 6014/1310/2210
f 6042/2879/2202 5847/4722/2202 5840/972/2202 5990/2880/2202
f 5844/936/2209 5850/865/2209 6030/1312/2209 6009/1311/2209
f 5969/1476/2198 5852/838/2198 5847/1100/2198 6042/1477/2198
f 5850/865/2213 5856/864/2213 6021/1352/2213 6030/1312/2213
f 5976/1547/2193 5858/839/2193 5852/838/2193 5969/1476/2193
f 5856/864/2212 5862/919/2212 6017/1389/2212 6021/1352/2212
f 5982/1418/2194 5901/840/2194 5858/839/2194 5976/1547/2194
f 5862/919/2211 5928/918/2211 6026/1402/2211 6017/1389/2211
f 5942/1468/2184 5864/943/2184 5868/942/2184 5937/1685/2184
f 5955/1467/2185 5871/899/2185 5864/943/2185 5942/1468/2185
f 5937/1685/2183 5868/942/2183 5877/876/2183 5940/1369/2183
f 5946/1466/2187 5895/984/2187 5871/899/2187 5955/1467/2187
f 5958/1370/2190 5873/998/2190 5898/892/2190 5949/4005/2190
f 5940/1369/2186 5877/876/2186 5873/998/2186 5958/1370/2186
f 5985/1288/198 5880/1145/198 5889/1153/198 5963/1289/198
f 5949/4005/2189 5898/892/2189 5880/1145/2189 5985/1288/2189
f 5882/1051/184 5886/985/184 5952/1433/184 5961/1264/184
f 5892/1058/2191 5882/1051/2191 5961/1264/2191 5979/1613/2191
f 5952/1433/2188 5886/985/2188 5895/984/2188 5946/1466/2188
f 5963/1289/2192 5889/1153/2192 5901/840/2192 5982/1418/2192
f 5903/1059/2197 5892/1058/2197 5979/1613/2197 5966/1262/2197
f 5916/1106/2195 5903/1059/2195 5966/1262/2195 5973/2987/2195
f 5906/1043/2196 5916/1106/2196 5973/2987/2196 6035/1367/2196
f 5912/1033/2199 5906/1043/2199 6035/1367/2199 5987/1422/2199
f 5909/858/2200 5912/1033/2200 5987/1422/2200 6003/1354/2200
f 5931/859/2204 5909/858/2204 6003/1354/2204 5996/1536/2204
f 5918/2540/170 5922/860/170 5993/1580/170 6033/1444/170
f 5933/1013/2207 5918/2540/2207 6033/1444/2207 6011/1443/2207
f 5922/860/2216 5931/859/2216 5996/1536/2216 5993/1580/2216
f 5924/1014/2208 5933/1013/2208 6011/1443/2208 6024/1564/2208
f 5928/918/2214 5924/1014/2214 6024/1564/2214 6026/1402/2214
f 8698/3990/211 5936/6740/211 5939/1376/211 5957/1375/211 5948/4825/211 5984/1378/211 5964/1377/211 8701/1416/211
f 8701/1416/211 5964/1377/211 5981/1421/211 5975/3996/211 5970/3995/211 6041/2874/211 5991/2873/211 6005/2882/211 6000/5474/211 6038/2884/211 6015/2883/211 6251/1427/211 6258/1426/211 6242/6084/211 6245/6087/211 6248/6498/211 6263/1429/211 6228/1428/211 6231/1437/211 6218/6088/211 6221/5477/211 6215/5476/211 6224/5481/211 6236/4000/211 6233/3999/211 6239/2890/211 6159/2889/211 8691/1417/211
f 8707/5496/211 6473/4845/211 6452/2936/211 6446/2935/211 6468/2941/211 6458/5498/211 6455/5497/211 6464/5502/211 6461/4056/211 6450/4055/211 6471/4060/211 6432/5503/211 6434/5506/211 6440/4062/211 6426/4061/211 6479/4066/211 6416/6096/211 6168/2914/211 6164/4068/211 6162/4067/211 6179/4075/211 6171/6109/211 6176/6112/211 6173/6511/211 6209/5507/211 6191/4077/211 6186/4076/211 6206/4081/211 6197/6114/211 6195/6113/211 6203/6118/211 6200/2943/211 6183/2942/211 6189/2947/211 6213/4849/211 6254/2949/211 6260/1507/211 6251/1427/211 6015/2883/211 6008/6754/211 6029/4850/211 6020/4083/211 6018/4082/211 6027/4088/211 6023/1559/211 8704/2982/211
f 6158/1289/2192 6044/1153/2192 6048/840/2192 6167/1418/2192
f 6240/1288/198 6104/1145/198 6044/1153/198 6158/1289/198
f 6167/1418/2194 6048/840/2194 6054/839/2194 6165/1547/2194
f 6161/4073/2198 6050/838/2198 6066/4746/2198 6180/1477/2198
f 6165/1547/2193 6054/839/2193 6050/838/2193 6161/4073/2193
f 6170/2880/2201 6056/972/2201 6062/884/2201 6177/1280/2201
f 6180/3984/2202 6066/4722/2202 6056/972/2202 6170/2880/2202
f 6174/1281/2203 6059/883/2203 6096/906/2203 6210/1663/2203
f 6749/5291/4 6743/2561/4 6483/5905/4 6531/5912/4 6537/5914/4 6560/3782/4 6546/3781/4 6548/2569/4 6543/2568/4 6563/951/4 6567/950/4 6570/2575/4 6086/2581/4 6089/2580/4 6081/6698/4 6083/955/4 6092/954/4 6072/5293/4 6078/5296/4 6095/957/4 6060/956/4 6063/963/4 6372/3866/4 6320/6410/4 6318/6409/4 6329/3788/4 6336/3787/4 6345/5298/4 6342/6413/4 6356/4627/4 6359/2583/4 6351/2582/4 6354/2587/4 6362/965/4 6348/964/4 6366/971/4 6327/2588/4 6935/2593/4 6927/2592/4 6933/2597/4 6930/3789/4 6939/3792/4 6945/5916/4 6956/4632/4 6971/4631/4 6963/5917/4 6966/5920/4 7031/3794/4 6978/3793/4 6741/1018/4 6747/4635/4 6755/977/4 6762/976/4 6801/3798/4 6803/983/4 6809/982/4 6798/6415/4 6812/6418/4 6777/6700/4 6782/2601/4 6788/2600/4 6773/4637/4 6765/4636/4 6771/4641/4 6768/5299/4 6779/991/4 6786/990/4 6792/3800/4 6795/5302/4 6806/2603/4 6758/2602/4 6752/6407/4
f 6177/1280/2206 6062/884/2206 6059/883/2206 6174/1281/2206
f 6068/1013/2207 6075/2540/2207 6188/1444/2207 6182/1443/2207
f 6087/1014/2208 6068/1013/2208 6182/1443/2208 6201/1403/2208
f 6071/936/2209 6093/865/2209 6207/1321/2209 6185/1311/2209
f 6077/968/2210 6071/936/2210 6185/1311/2210 6192/1310/2210
f 6075/2540/170 6098/860/170 6212/1535/170 6188/1444/170
f 6210/1663/160 6096/906/160 6077/968/160 6192/1310/160
f 6080/919/2211 6090/918/2211 6204/1390/2211 6194/4775/2211
f 6084/864/2212 6080/919/2212 6194/4775/2212 6198/1524/2212
f 6093/865/2213 6084/864/2213 6198/1524/2213 6207/1321/2213
f 6090/918/2214 6087/1014/2214 6201/1403/2214 6204/1390/2214
f 6098/860/2205 6102/859/2205 6255/1536/2205 6212/1535/2205
f 6102/859/2204 6114/858/2204 6261/1354/2204 6255/1536/2204
f 6234/4005/2189 6108/892/2189 6104/1145/2189 6240/1288/2189
f 6234/4005/2190 6237/4004/2190 6119/2692/2190 6110/1127/2190 6108/892/2190
f 6114/858/2200 6123/1033/2200 6252/1422/2200 6261/1354/2200
f 6237/4004/2186 6225/2808/2186 6125/876/2186 6116/4684/2186 6119/2692/2186
f 6123/1033/2199 6129/1043/2199 6257/1367/2199 6252/1422/2199
f 6216/1275/2183 6132/942/2183 6125/876/2183 6225/2808/2183
f 6129/1043/2196 6135/1106/2196 6243/2987/2196 6257/1367/2196
f 6222/1274/2184 6140/943/2184 6132/942/2184 6216/1275/2184
f 6135/1106/2195 6144/1059/2195 6246/1262/2195 6243/2987/2195
f 6219/1467/2185 6137/899/2185 6140/943/2185 6222/1274/2185
f 6230/1434/2187 6146/984/2187 6137/899/2187 6219/1467/2187
f 6144/1059/2197 6150/1058/2197 6249/1263/2197 6246/1262/2197
f 6227/1433/2188 6152/985/2188 6146/984/2188 6230/1434/2188
f 6150/1058/2191 6156/1051/2191 6264/1264/2191 6249/1263/2191
f 6264/1264/184 6156/1051/184 6152/985/184 6227/1433/184
f 8695/1472/211 8691/1417/211 6159/2889/211 6168/2914/211 6416/6096/211 6410/4021/211 6402/4020/211 6405/4025/211 6392/6098/211 6386/4027/211 6378/4026/211 6380/2916/211 6375/2915/211
f 6381/1468/2184 6272/943/2184 6266/942/2184 6374/1685/2184
f 6374/1685/2183 6266/942/2183 6276/851/2183 6384/1369/2183
f 6377/1467/2185 6269/899/2185 6272/943/2185 6381/1468/2185
f 6387/1466/2187 6279/984/2187 6269/899/2187 6377/1467/2187
f 6384/1369/2186 6276/851/2186 6288/998/2186 6396/1370/2186
f 6393/6100/2188 6284/2685/2188 6279/984/2188 6387/1466/2188
f 6390/4005/2189 6281/892/2189 6291/891/2189 6399/1288/2189
f 6396/1370/2190 6288/998/2190 6281/892/2190 6390/4005/2190
f 6404/1264/184 6296/1051/184 6284/2685/184 6393/6100/184
f 6399/1288/198 6291/891/198 6300/1153/198 6408/1289/198
f 6423/1546/2194 6293/840/2194 6315/839/2194 6420/1547/2194
f 6408/1289/2192 6300/1153/2192 6293/840/2192 6423/1546/2192
f 6312/1219/2191 6296/1051/2191 6404/1264/2191 6401/1263/2191
f 6305/1106/2195 6303/1059/2195 6411/1262/2195 6417/1368/2195
f 6303/1059/2197 6312/1219/2197 6401/1263/2197 6411/1262/2197
f 6371/1043/2196 6305/1106/2196 6417/1368/2196 6480/1367/2196
f 6414/1476/2198 6308/838/2198 6368/1100/2198 6477/1477/2198
f 6420/1547/2193 6315/839/2193 6308/838/2193 6414/1476/2193
f 6317/858/2200 6321/1033/2200 6425/1422/2200 6441/1354/2200
f 6330/859/2204 6317/858/2204 6441/1354/2204 6435/1536/2204
f 6321/1033/2199 6371/1043/2199 6480/1367/2199 6425/1422/2199
f 6429/2880/2201 6323/972/2201 6339/908/2201 6444/1280/2201
f 6477/2879/2202 6368/1024/2202 6323/972/2202 6429/2880/2202
f 6474/1663/160 6326/2591/160 6365/968/160 6453/1310/160
f 6438/1662/2203 6332/883/2203 6326/2591/2203 6474/1663/2203
f 6335/860/2205 6330/859/2205 6435/1536/2205 6431/1535/2205
f 6444/1280/2206 6339/908/2206 6332/883/2206 6438/1662/2206
f 6344/3817/170 6335/860/170 6431/1535/170 6470/1444/170
f 6341/1013/2207 6344/3817/2207 6470/1444/2207 6449/1443/2207
f 6357/1014/2208 6341/1013/2208 6449/1443/2208 6462/1403/2208
f 6347/936/2209 6363/935/2209 6467/1297/2209 6447/2939/2209
f 6365/968/2210 6347/936/2210 6447/2939/2210 6453/1310/2210
f 6350/919/2211 6360/918/2211 6465/1390/2211 6456/4775/2211
f 6353/864/2212 6350/919/2212 6456/4775/2212 6459/1524/2212
f 6363/935/2213 6353/864/2213 6459/1524/2213 6467/1297/2213
f 6360/918/2214 6357/1014/2214 6462/1403/2214 6465/1390/2214
f 6636/1476/2198 6482/838/2198 6489/1100/2198 6695/1477/2198
f 6483/5905/4 6743/2561/4 6735/2560/4 6488/5906/4
f 6630/2903/2193 6530/839/2193 6482/838/2193 6636/1476/2193
f 6647/2909/2201 6485/3901/2201 6492/884/2201 6666/1280/2201
f 6695/2879/2202 6489/1024/2202 6485/3901/2202 6647/2909/2202
f 6666/1280/2206 6492/884/2206 6495/907/2206 6659/1490/2206
f 6659/1490/2203 6495/907/2203 6501/906/2203 6654/1663/2203
f 6497/860/2205 6534/859/2205 6650/1353/2205 6657/1580/2205
f 6522/2540/170 6497/860/170 6657/1580/170 6687/1444/170
f 6654/1663/160 6501/906/160 6528/968/160 6693/1310/160
f 6503/1013/2207 6522/2540/2207 6687/1444/2207 6668/1443/2207
f 6525/1014/2208 6503/1013/2208 6668/1443/2208 6690/1564/2208
f 6506/936/2209 6519/865/2209 6684/1312/2209 6671/1311/2209
f 6528/968/2210 6506/936/2210 6671/1311/2210 6693/1310/2210
f 6509/919/2211 6513/918/2211 6677/1402/2211 6674/1389/2211
f 6516/864/2212 6509/919/2212 6674/1389/2212 6681/1352/2212
f 6513/918/2214 6525/1014/2214 6690/1564/2214 6677/1402/2214
f 6519/865/2213 6516/864/2213 6681/1352/2213 6684/1312/2213
f 6641/1418/2194 6536/840/2194 6530/839/2194 6630/2903/2194
f 6534/859/2204 6540/858/2204 6663/1537/2204 6650/1353/2204
f 6626/2792/2217 6561/1153/2217 6536/840/2217 6641/1418/2217
f 6540/858/2200 6558/1033/2200 6644/1422/2200 6663/1537/2200
f 6615/1333/2190 6542/850/2190 6549/892/2190 6609/1334/2190
f 6603/1276/2186 6564/851/2186 6542/850/2186 6615/1333/2186
f 6618/1288/198 6545/1145/198 6561/1153/198 6626/2792/198
f 6609/1334/2189 6549/892/2189 6545/1145/2189 6618/1288/2189
f 6551/1106/2195 6573/1059/2195 6639/1262/2195 6633/5422/2195
f 6554/1043/2196 6551/1106/2196 6633/5422/2196 6699/1367/2196
f 6558/1033/2199 6554/1043/2199 6699/1367/2199 6644/1422/2199
f 6594/1685/2183 6566/942/2183 6564/851/2183 6603/1276/2183
f 6594/1685/2184 6600/1468/2184 6578/943/2184 6569/2572/2184 6566/942/2184
f 6573/1059/2197 6582/1219/2197 6620/1613/2197 6639/1262/2197
f 6597/4220/2185 6575/899/2185 6578/943/2185 6600/1468/2185
f 6606/1434/2187 6584/984/2187 6575/899/2187 6597/4220/2187
f 6582/1219/2218 6591/1051/2218 6624/1264/2218 6620/1613/2218
f 6612/1618/2188 6588/985/2188 6584/984/2188 6606/1434/2188
f 6591/1051/184 6588/985/184 6612/1618/184 6624/1264/184
f 8710/6121/211 8713/1551/211 6593/4034/211 6602/4033/211 6614/6102/211 6608/6748/211 6617/4038/211 6627/4037/211 6642/6104/211 6629/6503/211 6635/1483/211 6696/1482/211 6648/5484/211 6665/1485/211 6660/1484/211 6875/1494/211 6921/1493/211 6860/4839/211 6866/4842/211 6848/6750/211 6851/1500/211 6872/1499/211 6836/1502/211 6828/1501/211 6830/1506/211 6824/6752/211 6833/4042/211 6842/4041/211 6839/5486/211 6846/5489/211 6854/2923/211 6870/2922/211 6858/4043/211 6863/4046/211 6923/2925/211 6879/2924/211 6893/2930/211 6888/5490/211 6917/2963/211 7085/6506/211 7139/4048/211 7074/4047/211 7079/4054/211 7061/6507/211 7064/4843/211 7052/2932/211 7046/2931/211 7037/6509/211 7040/6106/211 7034/6105/211 7043/1513/211
f 6890/1548/211 6875/1494/211 6660/1484/211 6653/6520/211 6819/5521/211 6911/6137/211 6896/6759/211 6899/4870/211 6884/4108/211 6881/4107/211
f 6818/5518/2214 6815/1390/2214 6701/918/2214 6708/1014/2214 6912/1403/2214
f 6704/919/2211 6701/918/2211 6815/1390/2211 6822/1525/2211
f 6714/864/2212 6704/919/2212 6822/1525/2212 6909/1524/2212
f 6708/1014/2208 6711/1013/2208 6897/1443/2208 6912/1403/2208
f 6711/1013/2207 6720/2540/2207 6900/1444/2207 6897/1443/2207
f 6716/865/2213 6714/864/2213 6909/1524/2213 6905/1312/2213
f 6725/936/2209 6716/865/2209 6905/1312/2209 6914/1311/2209
f 6720/2540/170 6723/860/170 6885/1535/170 6900/1444/170
f 6723/860/2205 6729/859/2205 6882/1536/2205 6885/1535/2205
f 6732/968/2210 6725/936/2210 6914/1311/2210 6903/1310/2210
f 6729/859/2204 6738/858/2204 6891/1354/2204 6882/1536/2204
f 6918/1663/160 6740/906/160 6732/968/160 6903/1310/160
f 6876/1422/2200 6891/1354/2200 6738/858/2200 6734/2567/2200 6744/2566/2200 6750/1033/2200
f 6887/1281/2203 6746/907/2203 6740/906/2203 6918/1663/2203
f 6894/1280/2206 6756/908/2206 6746/907/2206 6887/1281/2206
f 6750/1033/2199 6753/1043/2199 6920/1367/2199 6876/1422/2199
f 6753/1043/2196 6759/1106/2196 6861/4052/2196 6920/1367/2196
f 6878/2928/2201 6761/972/2201 6756/908/2201 6894/1280/2201
f 6759/1106/2195 6807/1059/2195 6867/1262/2195 6861/4052/2195
f 6924/2879/2202 6800/1024/2202 6761/972/2202 6878/2928/2202
f 6825/1275/2183 6764/942/2183 6774/876/2183 6834/1276/2183
f 6831/1274/2184 6770/943/2184 6764/942/2184 6825/1275/2184
f 6827/1467/2185 6767/899/2185 6770/943/2185 6831/1274/2185
f 6837/1466/2187 6780/984/2187 6767/899/2187 6827/1467/2187
f 6834/1276/2186 6774/876/2186 6789/850/2186 6843/1333/2186
f 6845/1288/198 6776/1145/198 6813/1153/198 6855/2792/198
f 6840/1334/2189 6783/892/2189 6776/1145/2189 6845/1288/2189
f 6873/1495/2188 6785/985/2188 6780/984/2188 6837/1466/2188
f 6843/1333/2190 6789/850/2190 6783/892/2190 6840/1334/2190
f 6791/1051/184 6785/985/184 6873/1495/184 6852/1264/184
f 6794/1219/2191 6791/1051/2191 6852/1264/2191 6849/1263/2191
f 6807/1059/2197 6794/1219/2197 6849/1263/2197 6867/1262/2197
f 6869/1418/2194 6797/840/2194 6810/839/2194 6857/1547/2194
f 6855/2792/2192 6813/1153/2192 6797/840/2192 6869/1418/2192
f 6864/1476/2198 6804/838/2198 6800/1100/2198 6924/1477/2198
f 6857/1547/2193 6810/839/2193 6804/838/2193 6864/1476/2193
f 7035/1275/2183 6926/942/2183 6936/851/2183 7044/1509/2183
f 7041/1274/2184 6932/943/2184 6926/942/2184 7035/1275/2184
f 7038/1467/2185 6929/899/2185 6932/943/2185 7041/1274/2185
f 7047/1466/2187 6938/984/2187 6929/899/2187 7038/1467/2187
f 7044/1509/2186 6936/851/2186 6948/2480/2186 7056/1370/2186
f 7053/1618/2188 6944/985/2188 6938/984/2188 7047/1466/2188
f 7049/1334/2189 6941/892/2189 6951/1243/2189 7059/1288/2189
f 7056/1370/2190 6948/2480/2190 6941/892/2190 7049/1334/2190
f 6957/4628/184 6944/985/184 7053/1618/184 7065/1264/184
f 7059/1288/198 6951/1243/198 6960/2617/198 7068/1289/198
f 7082/1418/2194 6953/840/2194 6975/839/2194 7070/2903/2194
f 7068/1289/2192 6960/2617/2192 6953/840/2192 7082/1418/2192
f 6972/1219/2191 6957/4628/2191 7065/1264/2191 7062/1263/2191
f 6962/1059/2197 6972/1219/2197 7062/1263/2197 7080/1262/2197
f 6965/1106/2195 6962/1059/2195 7080/1262/2195 7073/4052/2195
f 7032/1043/2196 6965/1106/2196 7073/4052/2196 7140/1367/2196
f 7076/1476/2198 6968/838/2198 7029/1100/2198 7137/1477/2198
f 7070/2903/2193 6975/839/2193 6968/838/2193 7076/1476/2193
f 6977/1033/2199 7032/1043/2199 7140/1367/2199 7086/1422/2199
f 6996/858/2200 6977/1033/2200 7086/1422/2200 7101/1537/2200
f 7089/2909/2201 6980/972/2201 6999/884/2201 7104/1280/2201
f 7137/2879/2202 7029/1024/2202 6980/972/2202 7089/2909/2202
f 7097/4097/2203 6983/907/2203 6993/2591/2203 7133/1663/2203
f 7104/1280/2206 6999/884/2206 6983/907/2206 7097/4097/2206
f 6986/860/2205 6990/859/2205 7091/1536/2205 7095/1535/2205
f 7005/3817/170 6986/860/170 7095/1535/170 7131/1444/170
f 6990/859/2204 6996/858/2204 7101/1537/2204 7091/1536/2204
f 7133/1663/160 6993/2591/160 7026/968/160 7113/1320/160
f 7001/1013/2207 7005/3817/2207 7131/1444/2207 7110/1443/2207
f 7023/1014/2208 7001/1013/2208 7110/1443/2208 7128/1403/2208
f 7007/936/2209 7020/935/2209 7125/1297/2209 7107/1296/2209
f 7026/968/2210 7007/936/2210 7107/1296/2210 7113/1320/2210
f 7010/919/2211 7017/918/2211 7121/1390/2211 7115/1525/2211
f 7013/864/2212 7010/919/2212 7115/1525/2212 7119/1524/2212
f 7020/935/2213 7013/864/2213 7119/1524/2213 7125/1297/2213
f 7017/918/2214 7023/1014/2214 7128/1403/2214 7121/1390/2214
f 7142/3133/2159 7214/3129/2159 7357/3188/2159 7366/5004/2159
f 7154/3134/2158 7142/3133/2158 7366/5004/2158 7372/4256/2158
f 7145/4228/2156 7149/4227/2156 7273/4255/2156 7277/4254/2156
f 7151/4229/2155 7145/4228/2155 7277/4254/2155 7280/5000/2155
f 7149/4227/2157 7154/3134/2157 7372/4256/2157 7273/4255/2157
f 7157/5608/2154 7151/4229/2154 7280/5000/2154 7283/5652/2154
f 7289/6202/2153 7160/6563/2153 7157/5608/2153 7283/5652/2153
f 7286/6586/2152 7173/1712/2152 7160/6563/2152 7289/6202/2152
f 7298/3178/2151 7163/1713/2151 7173/1712/2151 7286/6586/2151
f 7294/1746/2150 7169/1714/2150 7163/1713/2150 7298/3178/2150
f 7291/1745/2149 7166/3141/2149 7169/1714/2149 7294/1746/2149
f 7328/1744/2148 7208/3142/2148 7166/3141/2148 7291/1745/2148
f 7310/4995/2146 7175/5619/2146 7179/5618/2146 7300/4996/2146
f 7304/5649/2145 7188/5620/2145 7175/5619/2145 7310/4995/2145
f 7300/4996/2147 7179/5618/2147 7208/3142/2147 7328/1744/2147
f 7324/1731/2143 7181/6574/2143 7185/6573/2143 7307/5648/2143
f 7316/1730/2142 7206/3152/2142 7181/6574/2142 7324/1731/2142
f 7307/5648/2144 7185/6573/2144 7188/5620/2144 7304/5649/2144
f 7313/6779/2141 7190/3153/2141 7206/3152/2141 7316/1730/2141
f 7319/3177/2140 7193/3154/2140 7190/3153/2140 7313/6779/2140
f 7322/3176/2139 7202/4233/2139 7193/3154/2139 7319/3177/2139
f 7369/4247/2138 7196/4976/2138 7202/4233/2138 7322/3176/2138
f 7402/4241/2137 7199/4977/2137 7196/4976/2137 7369/4247/2137
f 7199/4977/2136 7402/4241/2136 7377/3166/2136 7226/5624/2136
f 7211/1701/2163 7221/1700/2163 7360/4260/2163 7354/3190/2163
f 7217/1702/2162 7211/1701/2162 7354/3190/2162 7350/3189/2162
f 7214/3129/2161 7217/1702/2161 7350/3189/2161 7357/3188/2161
f 7221/1700/2165 7237/4972/2165 7362/5653/2165 7360/4260/2165
f 7344/808/2167 7331/6186/2167 7223/5607/2167 7229/768/2167
f 7237/4972/2166 7223/5607/2166 7331/6186/2166 7362/5653/2166
f 7374/3165/2135 7271/1724/2135 7226/5624/2135 7377/3166/2135
f 7384/3164/2134 7239/1725/2134 7271/1724/2134 7374/3165/2134
f 7381/4988/2133 7249/1726/2133 7239/1725/2133 7384/3164/2133
f 7253/3125/2123 7334/6578/2123 7336/792/2123 7243/784/2123
f 7393/4987/2132 7268/4237/2132 7249/1726/2132 7381/4988/2132
f 7253/3125/2124 7265/4968/2124 7398/6579/2124 7334/6578/2124
f 7387/6194/2129 7255/5635/2129 7259/5634/2129 7396/6195/2129
f 7390/6193/2128 7261/5636/2128 7255/5635/2128 7387/6194/2128
f 7396/6195/2131 7259/5634/2131 7268/4237/2131 7393/4987/2131
f 7398/6579/2126 7265/4968/2126 7261/5636/2126 7390/6193/2126
f 7653/2258/2219 7404/1844/2219 7408/1843/2219 7657/3547/2219
f 7651/2257/2220 7410/1782/2220 7404/1844/2220 7653/2258/2220
f 7657/3547/2221 7408/1843/2221 7414/1842/2221 7660/2137/2221
f 7648/2339/2222 7432/1783/2222 7410/1782/2222 7651/2257/2222
f 7660/2137/2223 7414/1842/2223 7417/3221/2223 7662/2138/2223
f 7662/2138/2224 7417/3221/2224 7420/1767/2224 7666/2395/2224
f 7666/2395/2225 7420/1767/2225 7429/1766/2225 7669/2346/2225
f 7639/2130/2226 7471/1758/2226 7423/3194/2226 7642/2389/2226
f 7642/2389/2227 7423/3194/2227 7426/3201/2227 7645/2338/2227
f 7645/2338/2228 7426/3201/2228 7432/1783/2228 7648/2339/2228
f 7669/2346/2229 7429/1766/2229 7435/1859/2229 7671/2347/2229
f 7671/2347/2230 7435/1859/2230 7438/1849/2230 7674/2265/2230
f 7674/2265/2231 7438/1849/2231 7447/1848/2231 7678/2266/2231
f 7633/3543/2232 7440/1773/2232 7443/1759/2232 7636/2129/2232
f 7737/1769/212 7732/1768/212 1350/6847/212 1349/6844/212 7444/1752/212 7441/6783/212 7464/6203/212 7458/5014/212 7453/5013/212 7542/5018/212 7479/4269/212 7474/4268/212 7497/1775/212 7491/1774/212 7486/6589/212 7783/1796/212 7803/3205/212 7747/6205/212 7753/6208/212 7758/3207/212 7735/3206/212 7741/3215/212 7768/5020/212 7717/5021/212 7723/5024/212 7728/3217/212 7710/3216/212 7704/6210/212 7699/6209/212 7702/6214/212 7707/1789/212 7726/1788/212 7719/4276/212 7714/4275/212 7764/4266/212
f 7629/2250/2233 7465/1873/2233 7440/1773/2233 7633/3543/2233
f 7636/2129/2234 7443/1759/2234 7471/1758/2234 7639/2130/2234
f 7678/2266/2235 7447/1848/2235 7468/3238/2235 7681/3551/2235
f 7684/2145/2236 7449/3212/2236 7462/1828/2236 7686/2146/2236
f 7681/3551/2237 7468/3238/2237 7449/3212/2237 7684/2145/2237
f 7624/2331/2238 7452/3263/2238 7459/3246/2238 7627/2249/2238
f 7621/2330/2239 7543/3264/2239 7452/3263/2239 7624/2331/2239
f 7455/1827/2240 7546/1826/2240 7552/3636/2240 7690/3465/2240
f 7686/2146/2241 7462/1828/2241 7455/1827/2241 7690/3465/2241
f 7627/2249/2242 7459/3246/2242 7465/1873/2242 7629/2250/2242
f 7614/2122/2243 7473/3247/2243 7480/4274/2243 7617/2383/2243
f 7612/2121/2244 7498/1780/2244 7473/3247/2244 7614/2122/2244
f 7555/2225/2245 7476/1817/2245 7500/1816/2245 7558/2226/2245
f 7482/1790/2246 7476/1817/2246 7555/2225/2246 7548/2311/2246
f 7617/2383/2247 7480/4274/2247 7543/3264/2247 7621/2330/2247
f 7552/2310/2248 7546/3202/2248 7482/1790/2248 7548/2311/2248
f 7606/2242/2249 7485/1868/2249 7492/1781/2249 7609/3539/2249
f 7603/2241/2250 7540/1869/2250 7485/1868/2250 7606/2242/2250
f 7564/2105/2251 7488/3292/2251 7536/1886/2251 7566/2106/2251
f 7561/3531/2252 7495/3228/2252 7488/3292/2252 7564/2105/2252
f 7609/3539/2253 7492/1781/2253 7498/1780/2253 7612/2121/2253
f 7558/2226/2254 7500/1816/2254 7495/3228/2254 7561/3531/2254
f 7503/3278/2255 7540/1869/2255 7603/2241/2255 7600/2323/2255
f 7509/3279/2256 7503/3278/2256 7600/2323/2256 7596/2322/2256
f 7506/4325/2257 7530/3283/2257 7575/2315/2257 7572/2314/2257
f 7512/1885/2258 7506/4325/2258 7572/2314/2258 7569/2370/2258
f 7534/1804/2259 7509/3279/2259 7596/2322/2259 7593/2377/2259
f 7536/1886/2260 7512/1885/2260 7569/2370/2260 7566/2106/2260
f 7515/1805/2261 7534/1804/2261 7593/2377/2261 7591/2114/2261
f 7521/1806/2262 7515/1805/2262 7591/2114/2262 7588/2113/2262
f 7518/3225/2263 7521/1806/2263 7588/2113/2263 7585/3535/2263
f 7524/1877/2264 7518/3225/2264 7585/3535/2264 7581/2234/2264
f 7527/1878/2265 7524/1877/2265 7581/2234/2265 7579/2233/2265
f 7530/3283/2266 7527/1878/2266 7579/2233/2266 7575/2315/2266
f 7953/3547/2221 7698/1843/2221 7705/1842/2221 7956/2137/2221
f 7950/2258/2219 7701/1844/2219 7698/1843/2219 7953/3547/2219
f 7948/2257/2220 7708/1782/2220 7701/1844/2220 7950/2258/2220
f 7956/2137/2223 7705/1842/2223 7711/3221/2223 7960/2138/2223
f 7945/2339/2222 7725/1783/2222 7708/1782/2222 7948/2257/2222
f 7960/2138/2224 7711/3221/2224 7729/1767/2224 7962/2395/2224
f 7939/2389/2227 7713/3194/2227 7720/3201/2227 7942/2338/2227
f 7936/2130/2267 7765/1758/2267 7713/3194/2267 7939/2389/2267
f 7969/2347/2268 7716/1859/2268 7767/1849/2268 7972/2265/2268
f 7966/2346/2229 7722/1766/2229 7716/1859/2229 7969/2347/2229
f 7942/2338/2228 7720/3201/2228 7725/1783/2228 7945/2339/2228
f 7962/2395/2225 7729/1767/2225 7722/1766/2225 7966/2346/2225
f 7930/3543/2232 7731/1773/2232 7738/1759/2232 7933/2129/2232
f 7927/2250/2233 7756/1873/2233 7731/1773/2233 7930/3543/2233
f 7978/3551/2237 7734/3213/2237 7759/3212/2237 7981/2145/2237
f 7974/2266/2235 7740/1848/2235 7734/3213/2235 7978/3551/2235
f 7933/2129/2234 7738/1759/2234 7765/1758/2234 7936/2130/2234
f 7972/2265/2231 7767/1849/2231 7740/1848/2231 7974/2266/2231
f 7921/2331/2238 7743/3263/2238 7750/3246/2238 7924/2249/2238
f 7918/2330/2239 7762/3264/2239 7743/3263/2239 7921/2331/2239
f 7746/1827/2240 7804/1826/2240 7846/3636/2240 7987/3465/2240
f 7983/2146/2241 7752/1828/2241 7746/1827/2241 7987/3465/2241
f 7924/2249/2242 7750/3246/2242 7756/1873/2242 7927/2250/2242
f 7981/2145/2236 7759/3212/2236 7752/1828/2236 7983/2146/2236
f 7914/2383/2247 7770/4274/2247 7762/3264/2247 7918/2330/2247
f 7911/2122/2243 7776/3247/2243 7770/4274/2243 7914/2383/2243
f 7780/1790/2246 7774/1817/2246 7852/2225/2246 7849/2311/2246
f 7852/2225/2245 7774/1817/2245 7797/1816/2245 7854/2226/2245
f 7908/2121/2244 7801/1780/2244 7776/3247/2244 7911/2122/2244
f 7846/2310/2248 7804/3202/2248 7782/1791/2248 7780/1790/2248 7849/2311/2248
f 7906/3539/2253 7785/1781/2253 7801/1780/2253 7908/2121/2253
f 7902/2242/2249 7791/1868/2249 7785/1781/2249 7906/3539/2249
f 7861/2105/2251 7788/3292/2251 7843/1886/2251 7863/2106/2251
f 7857/3531/2252 7794/3228/2252 7788/3292/2252 7861/2105/2252
f 7900/2241/2250 7840/1869/2250 7791/1868/2250 7902/2242/2250
f 7854/2226/2254 7797/1816/2254 7794/3228/2254 7857/3531/2254
f 7806/3278/2269 7840/1869/2269 7900/2241/2269 7897/2323/2269
f 7812/3279/2256 7806/3278/2256 7897/2323/2256 7894/2322/2256
f 7809/4325/2257 7836/3283/2257 7873/2315/2257 7870/2314/2257
f 7815/1885/2258 7809/4325/2258 7870/2314/2258 7867/2370/2258
f 7834/1804/2259 7812/3279/2259 7894/2322/2259 7891/2377/2259
f 7843/1886/2270 7815/1885/2270 7867/2370/2270 7863/2106/2270
f 7818/1805/2261 7834/1804/2261 7891/2377/2261 7887/2114/2261
f 7824/1806/2262 7818/1805/2262 7887/2114/2262 7884/2113/2262
f 7821/3225/2263 7824/1806/2263 7884/2113/2263 7881/3535/2263
f 7828/1877/2264 7821/3225/2264 7881/3535/2264 7879/2234/2264
f 7830/1878/2265 7828/1877/2265 7879/2234/2265 7876/2233/2265
f 7836/3283/2266 7830/1878/2266 7876/2233/2266 7873/2315/2266
f 8248/3547/2221 7995/1843/2221 8002/1842/2221 8251/2137/2221
f 8244/2258/2219 7998/1844/2219 7995/1843/2219 8248/3547/2219
f 8241/2257/2220 8004/1782/2220 7998/1844/2220 8244/2258/2220
f 8251/2137/2223 8002/1842/2223 8008/3221/2223 8254/2138/2223
f 8239/2339/2222 8023/1783/2222 8004/1782/2222 8241/2257/2222
f 8254/2138/2224 8008/3221/2224 8026/1767/2224 8257/6657/2224
f 8233/2389/2227 8010/3194/2227 8017/3201/2227 8236/2338/2227
f 8230/2130/2226 8058/1758/2226 8010/3194/2226 8233/2389/2226
f 8262/2347/2230 8013/1859/2230 8061/1849/2230 8265/2265/2230
f 8260/2346/2229 8020/1766/2229 8013/1859/2229 8262/2347/2229
f 8236/2338/2228 8017/3201/2228 8023/1783/2228 8239/2339/2228
f 8257/6657/2225 8026/1767/2225 8020/1766/2225 8260/2346/2225
f 8224/3543/2232 8028/1773/2232 8035/1759/2232 8227/2129/2232
f 8221/2250/2233 8053/1873/2233 8028/1773/2233 8224/3543/2233
f 8272/5235/2237 8031/3213/2237 8055/3212/2237 8275/2145/2237
f 8268/2266/2235 8037/1848/2235 8031/3213/2235 8272/5235/2235
f 8227/2129/2234 8035/1759/2234 8058/1758/2234 8230/2130/2234
f 8265/2265/2231 8061/1849/2231 8037/1848/2231 8268/2266/2231
f 8214/2331/2238 8040/3263/2238 8047/3246/2238 8218/2249/2238
f 8212/2330/2239 8136/3264/2239 8040/3263/2239 8214/2331/2239
f 8043/1827/2240 8134/1826/2240 8143/3636/2240 8281/3465/2240
f 8278/2146/2241 8049/1828/2241 8043/1827/2241 8281/3465/2241
f 8218/2249/2242 8047/3246/2242 8053/1873/2242 8221/2250/2242
f 8275/2145/2236 8055/3212/2236 8049/1828/2236 8278/2146/2236
f 8209/2383/2247 8064/4274/2247 8136/3264/2247 8212/2330/2247
f 8206/2122/2243 8071/3247/2243 8064/4274/2243 8209/2383/2243
f 8146/2225/2245 8067/1817/2245 8092/1816/2245 8149/2226/2245
f 8073/1790/2246 8067/1817/2246 8146/2225/2246 8139/2311/2246
f 8202/2121/2244 8088/1780/2244 8071/3247/2244 8206/2122/2244
f 8143/2310/2248 8134/3202/2248 8073/1790/2248 8139/2311/2248
f 8200/3539/2253 8076/1781/2253 8088/1780/2253 8202/2121/2253
f 8371/5051/212 8391/4292/212 8089/3252/212 8077/5053/212 8083/5057/212 1347/6845/212 8407/3268/212 8413/3288/212 8410/4328/212 8416/4331/212 8419/5689/212 8422/6244/212 8398/6602/212 8403/1892/212 8431/1891/212 8382/3289/212 8376/6604/212 8373/5058/212 8364/5052/212
f 8196/2242/2249 8082/1868/2249 8076/1781/2249 8200/3539/2249
f 8155/2105/2251 8079/3292/2251 8130/1886/2251 8158/2106/2251
f 8151/3531/2252 8085/3228/2252 8079/3292/2252 8155/2105/2252
f 8193/2241/2250 8128/1869/2250 8082/1868/2250 8196/2242/2250
f 8149/2226/2254 8092/1816/2254 8085/3228/2254 8151/3531/2254
f 8094/3278/2255 8128/1869/2255 8193/2241/2255 8191/2323/2255
f 8100/3279/2256 8094/3278/2256 8191/2323/2256 8188/2322/2256
f 8130/1886/2260 8098/1885/2260 8161/6648/2260 8158/2106/2260
f 8098/1885/2258 8104/4325/2258 8164/2314/2258 8161/6648/2258
f 8122/1804/2259 8100/3279/2259 8188/2322/2259 8185/2377/2259
f 8104/4325/2257 8125/3283/2257 8166/2315/2257 8164/2314/2257
f 8106/1805/2261 8122/1804/2261 8185/2377/2261 8182/2376/2261
f 8116/1806/2262 8106/1805/2262 8182/2376/2262 8179/2113/2262
f 8109/1878/2265 8119/1877/2265 8172/2234/2265 8169/2233/2265
f 8125/3283/2266 8109/1878/2266 8169/2233/2266 8166/2315/2266
f 8112/3225/2263 8116/1806/2263 8179/2113/2263 8175/3535/2263
f 8119/1877/2264 8112/3225/2264 8175/3535/2264 8172/2234/2264
f 8542/3547/2221 8289/1843/2221 8296/1842/2221 8545/2137/2221
f 8538/2258/2219 8292/1844/2219 8289/1843/2219 8542/3547/2219
f 8535/2257/2220 8298/1782/2220 8292/1844/2220 8538/2258/2220
f 8545/2137/2223 8296/1842/2223 8302/3221/2223 8548/2138/2223
f 8533/2339/2222 8317/1783/2222 8298/1782/2222 8535/2257/2222
f 8548/2138/2224 8302/3221/2224 8320/1767/2224 8550/2395/2224
f 8526/2389/2227 8304/3194/2227 8311/3201/2227 8530/2338/2227
f 8524/2130/2267 8356/1758/2267 8304/3194/2267 8526/2389/2267
f 8557/2347/2268 8307/1859/2268 8358/1849/2268 8560/2265/2268
f 8554/2346/2229 8313/1766/2229 8307/1859/2229 8557/2347/2229
f 8530/2338/2228 8311/3201/2228 8317/1783/2228 8533/2339/2228
f 8550/2395/2225 8320/1767/2225 8313/1766/2225 8554/2346/2225
f 8518/3543/2232 8322/1773/2232 8329/1759/2232 8521/2129/2232
f 8515/2250/2233 8347/1873/2233 8322/1773/2233 8518/3543/2233
f 8566/3551/2237 8325/3213/2237 8349/3212/2237 8569/2145/2237
f 8563/2266/2235 8332/1848/2235 8325/3213/2235 8566/3551/2235
f 8521/2129/2234 8329/1759/2234 8356/1758/2234 8524/2130/2234
f 8560/2265/2231 8358/1849/2231 8332/1848/2231 8563/2266/2231
f 8509/2331/2238 8334/3263/2238 8341/3246/2238 8512/2249/2238
f 8505/2330/2239 8352/3264/2239 8334/3263/2239 8509/2331/2239
f 8337/4295/2240 8392/1826/2240 8437/3636/2240 8575/2400/2240
f 8572/2146/2241 8343/1828/2241 8337/4295/2241 8575/2400/2241
f 8512/2249/2242 8341/3246/2242 8347/1873/2242 8515/2250/2242
f 8569/2145/2236 8349/3212/2236 8343/1828/2236 8572/2146/2236
f 8502/2383/2247 8362/4274/2247 8352/3264/2247 8505/2330/2247
f 8500/2122/2243 8367/3247/2243 8362/4274/2243 8502/2383/2243
f 8370/1790/2246 8365/1817/2246 8440/2225/2246 8433/2311/2246
f 8440/2225/2245 8365/1817/2245 8374/1816/2245 8442/2226/2245
f 8497/2121/2244 8389/1780/2244 8367/3247/2244 8500/2122/2244
f 8437/2310/2248 8392/3202/2248 8370/1790/2248 8433/2311/2248
f 8442/2226/2254 8374/1816/2254 8377/3228/2254 8445/3531/2254
f 8445/3531/2252 8377/3228/2252 8383/3292/2252 8449/2105/2252
f 8491/2242/2249 8379/1868/2249 8386/1781/2249 8494/3539/2249
f 8488/2241/2250 8428/1869/2250 8379/1868/2250 8491/2242/2250
f 8449/2105/2251 8383/3292/2251 8430/1886/2251 8452/2106/2251
f 8494/3539/2253 8386/1781/2253 8389/1780/2253 8497/2121/2253
f 8394/3278/2269 8428/1869/2269 8488/2241/2269 8484/2323/2269
f 8400/3279/2256 8394/3278/2256 8484/2323/2256 8481/2322/2256
f 8397/4325/2257 8421/3283/2257 8460/2315/2257 8457/2314/2257
f 8404/1885/2258 8397/4325/2258 8457/2314/2258 8455/2370/2258
f 8425/1804/2259 8400/3279/2259 8481/2322/2259 8478/2377/2259
f 8430/1886/2270 8404/1885/2270 8455/2370/2270 8452/2106/2270
f 8406/3272/2261 8425/1804/2261 8478/2377/2261 8476/2376/2261
f 8412/1806/2262 8406/3272/2262 8476/2376/2262 8473/2113/2262
f 8409/3225/2263 8412/1806/2263 8473/2113/2263 8470/3535/2263
f 8415/1877/2264 8409/3225/2264 8470/3535/2264 8466/2234/2264
f 8418/1878/2265 8415/1877/2265 8466/2234/2265 8463/2233/2265
f 8421/3283/2266 8418/1878/2266 8463/2233/2266 8460/2315/2266
